model,checkpoint,epoch,path,did,mean_metric,split_1_metric,split_2_metric,split_3_metric,split_4_metric,split_5_metric
hybrid_8_layers,epoch_20,20.0,tabpfn/models_diff/callback_hybrid_8_layers_epoch_20.cpkt,11,0.984191644191742,0.9891405701637268,0.9743767380714417,0.9823530316352844,0.9831043481826782,0.9919835329055786
hybrid_8_layers,epoch_20,20.0,tabpfn/models_diff/callback_hybrid_8_layers_epoch_20.cpkt,14,0.9508668899536132,0.9511507749557495,0.952182948589325,0.9453108310699463,0.953161895275116,0.9525279998779297
hybrid_8_layers,epoch_20,20.0,tabpfn/models_diff/callback_hybrid_8_layers_epoch_20.cpkt,15,0.9917456865310669,0.9901953339576721,0.9909173846244812,0.9914911389350891,0.991647481918335,0.9944770932197571
hybrid_8_layers,epoch_20,20.0,tabpfn/models_diff/callback_hybrid_8_layers_epoch_20.cpkt,16,0.988299298286438,0.9816846251487732,0.9916107654571533,0.9890865683555603,0.9939009547233582,0.985213577747345
hybrid_8_layers,epoch_20,20.0,tabpfn/models_diff/callback_hybrid_8_layers_epoch_20.cpkt,18,0.9413106203079223,0.9368863105773926,0.947294294834137,0.9434317946434021,0.9383627772331238,0.9405779242515564
hybrid_8_layers,epoch_20,20.0,tabpfn/models_diff/callback_hybrid_8_layers_epoch_20.cpkt,22,0.964345109462738,0.9539663195610046,0.9702345132827759,0.9625672101974487,0.9741783142089844,0.9607791900634766
hybrid_8_layers,epoch_20,20.0,tabpfn/models_diff/callback_hybrid_8_layers_epoch_20.cpkt,23,0.6936423182487488,0.6882055997848511,0.6947049498558044,0.6707226634025574,0.7071596384048462,0.7074187397956848
hybrid_8_layers,epoch_20,20.0,tabpfn/models_diff/callback_hybrid_8_layers_epoch_20.cpkt,29,0.9252731561660766,0.9396007061004639,0.929826557636261,0.9103479385375977,0.9138275980949402,0.9327629804611206
hybrid_8_layers,epoch_20,20.0,tabpfn/models_diff/callback_hybrid_8_layers_epoch_20.cpkt,31,0.7834570527076721,0.7816507816314697,0.7808660864830017,0.7796162962913513,0.7883138656616211,0.7868382334709167
hybrid_8_layers,epoch_20,20.0,tabpfn/models_diff/callback_hybrid_8_layers_epoch_20.cpkt,37,0.8190043687820434,0.788365364074707,0.8231146931648254,0.8280723690986633,0.8141995668411255,0.841269850730896
hybrid_8_layers,epoch_20,20.0,tabpfn/models_diff/callback_hybrid_8_layers_epoch_20.cpkt,50,0.9192624449729919,0.9107331037521362,0.9263470768928528,0.9244564175605774,0.9138445258140564,0.9209311008453369
hybrid_8_layers,epoch_20,20.0,tabpfn/models_diff/callback_hybrid_8_layers_epoch_20.cpkt,54,0.9236006379127503,0.9276901483535767,0.9290204048156738,0.9231943488121033,0.9242222905158997,0.9138759970664978
hybrid_8_layers,epoch_20,20.0,tabpfn/models_diff/callback_hybrid_8_layers_epoch_20.cpkt,188,0.8969187140464783,0.894015371799469,0.9004002809524536,0.8923640251159668,0.9094273447990417,0.8883865475654602
hybrid_8_layers,epoch_20,20.0,tabpfn/models_diff/callback_hybrid_8_layers_epoch_20.cpkt,458,0.9998931407928466,0.999992847442627,0.999993085861206,0.9997006058692932,0.9999794960021973,0.9997996687889099
hybrid_8_layers,epoch_20,20.0,tabpfn/models_diff/callback_hybrid_8_layers_epoch_20.cpkt,469,0.589888083934784,0.5861802697181702,0.5937111377716064,0.5893534421920776,0.5777971148490906,0.6023984551429749
hybrid_8_layers,epoch_20,20.0,tabpfn/models_diff/callback_hybrid_8_layers_epoch_20.cpkt,1049,0.9075833439826966,0.8863435387611389,0.9233903288841248,0.9129955768585205,0.9003225564956665,0.914864718914032
hybrid_8_layers,epoch_20,20.0,tabpfn/models_diff/callback_hybrid_8_layers_epoch_20.cpkt,1050,0.811759090423584,0.8247411251068115,0.826450765132904,0.800603985786438,0.7847225069999695,0.8222770690917969
hybrid_8_layers,epoch_20,20.0,tabpfn/models_diff/callback_hybrid_8_layers_epoch_20.cpkt,1063,0.8140719056129455,0.8544076085090637,0.7899526357650757,0.7911076545715332,0.8380662202835083,0.7968254089355469
hybrid_8_layers,epoch_20,20.0,tabpfn/models_diff/callback_hybrid_8_layers_epoch_20.cpkt,1068,0.8427966117858887,0.8648123741149902,0.8874658346176147,0.7808300852775574,0.8323578238487244,0.8485169410705566
hybrid_8_layers,epoch_20,20.0,tabpfn/models_diff/callback_hybrid_8_layers_epoch_20.cpkt,1462,1.0,1.0,1.0,1.0,1.0,1.0
hybrid_8_layers,epoch_20,20.0,tabpfn/models_diff/callback_hybrid_8_layers_epoch_20.cpkt,1464,0.7560304880142212,0.7693252563476562,0.7243348956108093,0.7591957449913025,0.7635676860809326,0.7637288570404053
hybrid_8_layers,epoch_20,20.0,tabpfn/models_diff/callback_hybrid_8_layers_epoch_20.cpkt,1480,0.7183040857315064,0.7071362137794495,0.7185472846031189,0.7434486746788025,0.7498065233230591,0.6725817322731018
hybrid_8_layers,epoch_20,20.0,tabpfn/models_diff/callback_hybrid_8_layers_epoch_20.cpkt,1494,0.9229136228561401,0.9167420864105225,0.9369224309921265,0.9079590439796448,0.9289596080780029,0.923984944820404
hybrid_8_layers,epoch_20,20.0,tabpfn/models_diff/callback_hybrid_8_layers_epoch_20.cpkt,1510,0.9959082484245301,0.9989584684371948,0.9963026642799377,0.9889250993728638,0.9978358745574951,0.9975191354751587
hybrid_8_layers,epoch_20,20.0,tabpfn/models_diff/callback_hybrid_8_layers_epoch_20.cpkt,6332,0.7971602082252502,0.811188817024231,0.7720929980278015,0.841320812702179,0.8000441193580627,0.761154294013977
hybrid_8_layers,epoch_20,20.0,tabpfn/models_diff/callback_hybrid_8_layers_epoch_20.cpkt,23381,0.5046543896198272,0.5269360542297363,0.45408162474632263,0.5884353518486023,0.44035089015960693,0.5134680271148682
hybrid_8_layers,epoch_20,20.0,tabpfn/models_diff/callback_hybrid_8_layers_epoch_20.cpkt,40966,0.9991482257843017,0.9991041421890259,0.9989616274833679,0.9998717904090881,0.9988673329353333,0.9989362359046936
hybrid_8_layers,epoch_20,20.0,tabpfn/models_diff/callback_hybrid_8_layers_epoch_20.cpkt,40975,0.9810945391654968,0.9814696907997131,0.9868186116218567,0.9785192608833313,0.9651957750320435,0.9934693574905396
hybrid_8_layers,epoch_20,20.0,tabpfn/models_diff/callback_hybrid_8_layers_epoch_20.cpkt,40982,0.9369684219360351,0.9522115588188171,0.9361757636070251,0.9247129559516907,0.9479627013206482,0.9237791299819946
hybrid_8_layers,epoch_20,20.0,tabpfn/models_diff/callback_hybrid_8_layers_epoch_20.cpkt,40994,0.9231382608413696,0.9291256070137024,0.9224706888198853,0.9181910753250122,0.9034552574157715,0.9424486756324768
hybrid_8_layers,epoch_40,40.0,tabpfn/models_diff/callback_hybrid_8_layers_epoch_40.cpkt,11,0.9925961017608642,0.9985362887382507,0.9871538281440735,0.9918229579925537,0.9906771183013916,0.9947903156280518
hybrid_8_layers,epoch_40,40.0,tabpfn/models_diff/callback_hybrid_8_layers_epoch_40.cpkt,14,0.9616928815841674,0.9611079692840576,0.9623423218727112,0.956638514995575,0.9641945362091064,0.9641810655593872
hybrid_8_layers,epoch_40,40.0,tabpfn/models_diff/callback_hybrid_8_layers_epoch_40.cpkt,15,0.9930141687393188,0.9926370978355408,0.9923614859580994,0.9920634627342224,0.9932183623313904,0.9947904348373413
hybrid_8_layers,epoch_40,40.0,tabpfn/models_diff/callback_hybrid_8_layers_epoch_40.cpkt,16,0.9916300892829895,0.9879496097564697,0.9917869567871094,0.9911110401153564,0.9965819120407104,0.9907209277153015
hybrid_8_layers,epoch_40,40.0,tabpfn/models_diff/callback_hybrid_8_layers_epoch_40.cpkt,18,0.9554996252059936,0.9557737708091736,0.9526616334915161,0.9558964967727661,0.9547488689422607,0.9584173560142517
hybrid_8_layers,epoch_40,40.0,tabpfn/models_diff/callback_hybrid_8_layers_epoch_40.cpkt,22,0.9718704581260681,0.9643316864967346,0.9739421010017395,0.9682736396789551,0.9801290035247803,0.9726758599281311
hybrid_8_layers,epoch_40,40.0,tabpfn/models_diff/callback_hybrid_8_layers_epoch_40.cpkt,23,0.7104788780212402,0.6982227563858032,0.7024471759796143,0.709266722202301,0.7167583107948303,0.7256994247436523
hybrid_8_layers,epoch_40,40.0,tabpfn/models_diff/callback_hybrid_8_layers_epoch_40.cpkt,29,0.9314502000808715,0.9457678198814392,0.9377828240394592,0.9181684255599976,0.9224297404289246,0.9331021904945374
hybrid_8_layers,epoch_40,40.0,tabpfn/models_diff/callback_hybrid_8_layers_epoch_40.cpkt,31,0.7859771013259887,0.7873554229736328,0.782171368598938,0.7810015082359314,0.7843020558357239,0.7950551509857178
hybrid_8_layers,epoch_40,40.0,tabpfn/models_diff/callback_hybrid_8_layers_epoch_40.cpkt,37,0.828856909275055,0.797681450843811,0.8296891450881958,0.8393458127975464,0.8275501132011414,0.8500180244445801
hybrid_8_layers,epoch_40,40.0,tabpfn/models_diff/callback_hybrid_8_layers_epoch_40.cpkt,50,0.8743975996971131,0.8713721632957458,0.8780936598777771,0.8831343054771423,0.8686243891716003,0.8707634806632996
hybrid_8_layers,epoch_40,40.0,tabpfn/models_diff/callback_hybrid_8_layers_epoch_40.cpkt,54,0.9322674632072449,0.9374234080314636,0.9408769607543945,0.9300791025161743,0.9303692579269409,0.922588586807251
hybrid_8_layers,epoch_40,40.0,tabpfn/models_diff/callback_hybrid_8_layers_epoch_40.cpkt,188,0.9032745718955993,0.9001116752624512,0.9052910804748535,0.9032551050186157,0.9133484363555908,0.8943665623664856
hybrid_8_layers,epoch_40,40.0,tabpfn/models_diff/callback_hybrid_8_layers_epoch_40.cpkt,458,0.9999139904975891,1.0,1.0,0.9997763633728027,1.0,0.9997935891151428
hybrid_8_layers,epoch_40,40.0,tabpfn/models_diff/callback_hybrid_8_layers_epoch_40.cpkt,469,0.5787521958351135,0.573794424533844,0.5791735053062439,0.5843842625617981,0.5683618187904358,0.5880469679832458
hybrid_8_layers,epoch_40,40.0,tabpfn/models_diff/callback_hybrid_8_layers_epoch_40.cpkt,1049,0.9217826008796692,0.8988581299781799,0.9335916638374329,0.9278444647789001,0.9202836155891418,0.9283351302146912
hybrid_8_layers,epoch_40,40.0,tabpfn/models_diff/callback_hybrid_8_layers_epoch_40.cpkt,1050,0.8238540649414062,0.8470754027366638,0.8293811678886414,0.8068988919258118,0.7916427850723267,0.8442720770835876
hybrid_8_layers,epoch_40,40.0,tabpfn/models_diff/callback_hybrid_8_layers_epoch_40.cpkt,1063,0.8236309170722962,0.8576303124427795,0.8022748827934265,0.7884417176246643,0.8628048896789551,0.8070027828216553
hybrid_8_layers,epoch_40,40.0,tabpfn/models_diff/callback_hybrid_8_layers_epoch_40.cpkt,1068,0.8500623226165771,0.8630357384681702,0.9030054807662964,0.7813259363174438,0.8390673398971558,0.8638771176338196
hybrid_8_layers,epoch_40,40.0,tabpfn/models_diff/callback_hybrid_8_layers_epoch_40.cpkt,1462,1.0,1.0,1.0,1.0,1.0,1.0
hybrid_8_layers,epoch_40,40.0,tabpfn/models_diff/callback_hybrid_8_layers_epoch_40.cpkt,1464,0.758143961429596,0.7697346210479736,0.7298122048377991,0.7663710117340088,0.760869562625885,0.7639324069023132
hybrid_8_layers,epoch_40,40.0,tabpfn/models_diff/callback_hybrid_8_layers_epoch_40.cpkt,1480,0.7290885090827942,0.7285102009773254,0.7367933392524719,0.7566647529602051,0.7524599432945251,0.6710143089294434
hybrid_8_layers,epoch_40,40.0,tabpfn/models_diff/callback_hybrid_8_layers_epoch_40.cpkt,1494,0.9266628980636596,0.9209903478622437,0.9392793774604797,0.9114918112754822,0.9300291538238525,0.9315237998962402
hybrid_8_layers,epoch_40,40.0,tabpfn/models_diff/callback_hybrid_8_layers_epoch_40.cpkt,1510,0.9962931156158448,0.9989064335823059,0.9957298636436462,0.9914609789848328,0.9971324801445007,0.998235821723938
hybrid_8_layers,epoch_40,40.0,tabpfn/models_diff/callback_hybrid_8_layers_epoch_40.cpkt,6332,0.7814063549041748,0.8013467788696289,0.7476131916046143,0.8018803000450134,0.7857142686843872,0.7704772353172302
hybrid_8_layers,epoch_40,40.0,tabpfn/models_diff/callback_hybrid_8_layers_epoch_40.cpkt,23381,0.5220930814743042,0.5892255902290344,0.4710884392261505,0.6088435649871826,0.3807017505168915,0.560606062412262
hybrid_8_layers,epoch_40,40.0,tabpfn/models_diff/callback_hybrid_8_layers_epoch_40.cpkt,40966,0.9999408602714539,0.9998628497123718,0.99998939037323,1.0,1.0,0.9998520612716675
hybrid_8_layers,epoch_40,40.0,tabpfn/models_diff/callback_hybrid_8_layers_epoch_40.cpkt,40975,0.9792003154754638,0.9773218035697937,0.9851213097572327,0.9764687418937683,0.9663397669792175,0.9907499551773071
hybrid_8_layers,epoch_40,40.0,tabpfn/models_diff/callback_hybrid_8_layers_epoch_40.cpkt,40982,0.9453711032867431,0.956763505935669,0.9496889114379883,0.9320713877677917,0.9542887806892395,0.9340429306030273
hybrid_8_layers,epoch_40,40.0,tabpfn/models_diff/callback_hybrid_8_layers_epoch_40.cpkt,40994,0.9420518994331359,0.939400315284729,0.9435483813285828,0.9371612668037415,0.9315718412399292,0.9585776925086975
hybrid_8_layers,epoch_60,60.0,tabpfn/models_diff/callback_hybrid_8_layers_epoch_60.cpkt,11,0.9926986813545227,0.9969868659973145,0.988397479057312,0.9953951835632324,0.9910697340965271,0.9916441440582275
hybrid_8_layers,epoch_60,60.0,tabpfn/models_diff/callback_hybrid_8_layers_epoch_60.cpkt,14,0.9673864245414734,0.9674395322799683,0.9699310660362244,0.9610674381256104,0.9698805212974548,0.9686135649681091
hybrid_8_layers,epoch_60,60.0,tabpfn/models_diff/callback_hybrid_8_layers_epoch_60.cpkt,15,0.9919638633728027,0.9907963871955872,0.9913734197616577,0.9917582273483276,0.9915708899497986,0.9943203926086426
hybrid_8_layers,epoch_60,60.0,tabpfn/models_diff/callback_hybrid_8_layers_epoch_60.cpkt,16,0.9934098601341248,0.99065101146698,0.9940367937088013,0.9929202795028687,0.9974110722541809,0.992030143737793
hybrid_8_layers,epoch_60,60.0,tabpfn/models_diff/callback_hybrid_8_layers_epoch_60.cpkt,18,0.9598989248275757,0.9604571461677551,0.9581968784332275,0.9615707993507385,0.9564136266708374,0.9628561735153198
hybrid_8_layers,epoch_60,60.0,tabpfn/models_diff/callback_hybrid_8_layers_epoch_60.cpkt,22,0.9789782762527466,0.9758755564689636,0.9810698628425598,0.9771143198013306,0.9812210202217102,0.9796106219291687
hybrid_8_layers,epoch_60,60.0,tabpfn/models_diff/callback_hybrid_8_layers_epoch_60.cpkt,23,0.7020264983177185,0.6934688687324524,0.6989703178405762,0.6999767422676086,0.6995378136634827,0.7181787490844727
hybrid_8_layers,epoch_60,60.0,tabpfn/models_diff/callback_hybrid_8_layers_epoch_60.cpkt,29,0.9294693231582641,0.9431082606315613,0.9316741824150085,0.9155616164207458,0.923222005367279,0.9337805509567261
hybrid_8_layers,epoch_60,60.0,tabpfn/models_diff/callback_hybrid_8_layers_epoch_60.cpkt,31,0.7859526395797729,0.788417637348175,0.7874500751495361,0.7741892337799072,0.7873349189758301,0.7923713326454163
hybrid_8_layers,epoch_60,60.0,tabpfn/models_diff/callback_hybrid_8_layers_epoch_60.cpkt,37,0.8154876589775085,0.7811760306358337,0.8200207948684692,0.821458637714386,0.8210286498069763,0.8337541818618774
hybrid_8_layers,epoch_60,60.0,tabpfn/models_diff/callback_hybrid_8_layers_epoch_60.cpkt,50,0.9386936783790588,0.9352819323539734,0.9399293661117554,0.933471143245697,0.9381937980651855,0.9465921521186829
hybrid_8_layers,epoch_60,60.0,tabpfn/models_diff/callback_hybrid_8_layers_epoch_60.cpkt,54,0.937494432926178,0.938748836517334,0.9455448389053345,0.9387836456298828,0.9367761015892029,0.9276187419891357
hybrid_8_layers,epoch_60,60.0,tabpfn/models_diff/callback_hybrid_8_layers_epoch_60.cpkt,188,0.9030836582183838,0.8997399210929871,0.9079151153564453,0.9033105373382568,0.9103469252586365,0.8941057920455933
hybrid_8_layers,epoch_60,60.0,tabpfn/models_diff/callback_hybrid_8_layers_epoch_60.cpkt,458,0.9999857544898987,1.0,0.9999514818191528,0.9999772906303406,1.0,1.0
hybrid_8_layers,epoch_60,60.0,tabpfn/models_diff/callback_hybrid_8_layers_epoch_60.cpkt,469,0.5877413868904113,0.5892927050590515,0.5955134630203247,0.5860025882720947,0.5731475353240967,0.5947506427764893
hybrid_8_layers,epoch_60,60.0,tabpfn/models_diff/callback_hybrid_8_layers_epoch_60.cpkt,1049,0.9264118075370789,0.8996358513832092,0.9378312230110168,0.9215403199195862,0.9309507608413696,0.9421008825302124
hybrid_8_layers,epoch_60,60.0,tabpfn/models_diff/callback_hybrid_8_layers_epoch_60.cpkt,1050,0.8208638310432435,0.8413833975791931,0.8381338119506836,0.8052400946617126,0.790584921836853,0.8289769291877747
hybrid_8_layers,epoch_60,60.0,tabpfn/models_diff/callback_hybrid_8_layers_epoch_60.cpkt,1063,0.7935839891433716,0.8238862752914429,0.7709952592849731,0.7935156226158142,0.7809233665466309,0.7985994219779968
hybrid_8_layers,epoch_60,60.0,tabpfn/models_diff/callback_hybrid_8_layers_epoch_60.cpkt,1068,0.8638946652412415,0.8696979880332947,0.9119706153869629,0.8083006739616394,0.8496311902999878,0.8798728585243225
hybrid_8_layers,epoch_60,60.0,tabpfn/models_diff/callback_hybrid_8_layers_epoch_60.cpkt,1462,1.0,1.0,1.0,1.0,1.0,1.0
hybrid_8_layers,epoch_60,60.0,tabpfn/models_diff/callback_hybrid_8_layers_epoch_60.cpkt,1464,0.7535306572914123,0.7577505707740784,0.7205790281295776,0.7559629678726196,0.7621415257453918,0.7712191939353943
hybrid_8_layers,epoch_60,60.0,tabpfn/models_diff/callback_hybrid_8_layers_epoch_60.cpkt,1480,0.7230039358139038,0.7170991897583008,0.7248609662055969,0.7461145520210266,0.7568822503089905,0.6700627207756042
hybrid_8_layers,epoch_60,60.0,tabpfn/models_diff/callback_hybrid_8_layers_epoch_60.cpkt,1494,0.9271463632583619,0.9202938675880432,0.9387876391410828,0.9149731397628784,0.9278900027275085,0.9337871670722961
hybrid_8_layers,epoch_60,60.0,tabpfn/models_diff/callback_hybrid_8_layers_epoch_60.cpkt,1510,0.9961455225944519,0.9981773495674133,0.99515700340271,0.9910469651222229,0.9978899359703064,0.9984563589096069
hybrid_8_layers,epoch_60,60.0,tabpfn/models_diff/callback_hybrid_8_layers_epoch_60.cpkt,6332,0.7783925533294678,0.8075628280639648,0.7529987692832947,0.7979820966720581,0.7724867463111877,0.7609323263168335
hybrid_8_layers,epoch_60,60.0,tabpfn/models_diff/callback_hybrid_8_layers_epoch_60.cpkt,23381,0.5038653373718261,0.5808081030845642,0.41496598720550537,0.6071428656578064,0.38947367668151855,0.5269360542297363
hybrid_8_layers,epoch_60,60.0,tabpfn/models_diff/callback_hybrid_8_layers_epoch_60.cpkt,40966,0.9999968647956848,1.0,1.0,1.0,1.0,0.9999843239784241
hybrid_8_layers,epoch_60,60.0,tabpfn/models_diff/callback_hybrid_8_layers_epoch_60.cpkt,40975,0.9794292092323303,0.9793768525123596,0.986484944820404,0.9767828583717346,0.9609443545341492,0.9935570359230042
hybrid_8_layers,epoch_60,60.0,tabpfn/models_diff/callback_hybrid_8_layers_epoch_60.cpkt,40982,0.9493957161903381,0.9612305760383606,0.9534082412719727,0.9353179335594177,0.9592087864875793,0.9378130435943604
hybrid_8_layers,epoch_60,60.0,tabpfn/models_diff/callback_hybrid_8_layers_epoch_60.cpkt,40994,0.9339216947555542,0.9339483976364136,0.9411656856536865,0.923526406288147,0.9252201914787292,0.9457477927207947
hybrid_8_layers,epoch_80,80.0,tabpfn/models_diff/callback_hybrid_8_layers_epoch_80.cpkt,11,0.9950873374938964,0.999095618724823,0.9923810958862305,0.9965845346450806,0.9918767213821411,0.9954987168312073
hybrid_8_layers,epoch_80,80.0,tabpfn/models_diff/callback_hybrid_8_layers_epoch_80.cpkt,14,0.9653633952140808,0.966521143913269,0.9669216871261597,0.9600682258605957,0.968299388885498,0.9650065302848816
hybrid_8_layers,epoch_80,80.0,tabpfn/models_diff/callback_hybrid_8_layers_epoch_80.cpkt,15,0.9933026194572449,0.9933133125305176,0.9930075407028198,0.9925976991653442,0.993352472782135,0.9942420721054077
hybrid_8_layers,epoch_80,80.0,tabpfn/models_diff/callback_hybrid_8_layers_epoch_80.cpkt,16,0.9933058381080627,0.9891937375068665,0.9944390654563904,0.991858184337616,0.9976118803024292,0.9934263229370117
hybrid_8_layers,epoch_80,80.0,tabpfn/models_diff/callback_hybrid_8_layers_epoch_80.cpkt,18,0.9583958983421326,0.9593722820281982,0.9556787610054016,0.959263265132904,0.9551997184753418,0.9624654650688171
hybrid_8_layers,epoch_80,80.0,tabpfn/models_diff/callback_hybrid_8_layers_epoch_80.cpkt,22,0.9789689779281616,0.9744518995285034,0.9810965061187744,0.9770092964172363,0.9826033115386963,0.9796838760375977
hybrid_8_layers,epoch_80,80.0,tabpfn/models_diff/callback_hybrid_8_layers_epoch_80.cpkt,23,0.7021389603614807,0.6940399408340454,0.7001998424530029,0.6974247097969055,0.7000877261161804,0.7189425826072693
hybrid_8_layers,epoch_80,80.0,tabpfn/models_diff/callback_hybrid_8_layers_epoch_80.cpkt,29,0.9341743350028991,0.945652186870575,0.9388009309768677,0.9230420589447021,0.9274099469184875,0.9359665513038635
hybrid_8_layers,epoch_80,80.0,tabpfn/models_diff/callback_hybrid_8_layers_epoch_80.cpkt,31,0.7875589609146119,0.7896175980567932,0.7854921817779541,0.777263343334198,0.788601815700531,0.7968198657035828
hybrid_8_layers,epoch_80,80.0,tabpfn/models_diff/callback_hybrid_8_layers_epoch_80.cpkt,37,0.8364073634147644,0.8102626800537109,0.8439684510231018,0.8412397503852844,0.8332410454750061,0.8533248901367188
hybrid_8_layers,epoch_80,80.0,tabpfn/models_diff/callback_hybrid_8_layers_epoch_80.cpkt,50,0.9322957038879395,0.9331014752388,0.9339464902877808,0.9301599860191345,0.9309930801391602,0.9332774877548218
hybrid_8_layers,epoch_80,80.0,tabpfn/models_diff/callback_hybrid_8_layers_epoch_80.cpkt,54,0.9414225459098816,0.9451736807823181,0.9491270780563354,0.9426625370979309,0.9395399689674377,0.9306094646453857
hybrid_8_layers,epoch_80,80.0,tabpfn/models_diff/callback_hybrid_8_layers_epoch_80.cpkt,188,0.9107596516609192,0.9081331491470337,0.9148335456848145,0.9124209880828857,0.9180125594139099,0.9003980159759521
hybrid_8_layers,epoch_80,80.0,tabpfn/models_diff/callback_hybrid_8_layers_epoch_80.cpkt,458,0.9999790191650391,1.0,0.9999803900718689,0.9999659657478333,1.0,0.9999487400054932
hybrid_8_layers,epoch_80,80.0,tabpfn/models_diff/callback_hybrid_8_layers_epoch_80.cpkt,469,0.5836543679237366,0.5802614092826843,0.5844671130180359,0.5850523710250854,0.5791752934455872,0.58931565284729
hybrid_8_layers,epoch_80,80.0,tabpfn/models_diff/callback_hybrid_8_layers_epoch_80.cpkt,1049,0.9288224220275879,0.9137766361236572,0.9405471682548523,0.9196794629096985,0.9314936995506287,0.9386151432991028
hybrid_8_layers,epoch_80,80.0,tabpfn/models_diff/callback_hybrid_8_layers_epoch_80.cpkt,1050,0.8279532670974732,0.8515747785568237,0.8357817530632019,0.8108970522880554,0.7939789295196533,0.8475338220596313
hybrid_8_layers,epoch_80,80.0,tabpfn/models_diff/callback_hybrid_8_layers_epoch_80.cpkt,1063,0.8082661151885986,0.8309952616691589,0.7890995144844055,0.7916236519813538,0.8257839679718018,0.8038281798362732
hybrid_8_layers,epoch_80,80.0,tabpfn/models_diff/callback_hybrid_8_layers_epoch_80.cpkt,1068,0.8624770641326904,0.8817455172538757,0.9081284403800964,0.7942678928375244,0.8556269407272339,0.8726165294647217
hybrid_8_layers,epoch_80,80.0,tabpfn/models_diff/callback_hybrid_8_layers_epoch_80.cpkt,1462,1.0,1.0,1.0,1.0,1.0,1.0
hybrid_8_layers,epoch_80,80.0,tabpfn/models_diff/callback_hybrid_8_layers_epoch_80.cpkt,1464,0.7568190693855286,0.7651941180229187,0.7289515137672424,0.7606938481330872,0.7656490802764893,0.7636067867279053
hybrid_8_layers,epoch_80,80.0,tabpfn/models_diff/callback_hybrid_8_layers_epoch_80.cpkt,1480,0.7291627645492553,0.7245713472366333,0.73656165599823,0.7554736137390137,0.759480357170105,0.6697268486022949
hybrid_8_layers,epoch_80,80.0,tabpfn/models_diff/callback_hybrid_8_layers_epoch_80.cpkt,1494,0.9302051782608032,0.9249251484870911,0.9426536560058594,0.9143900871276855,0.9337899088859558,0.9352670907974243
hybrid_8_layers,epoch_80,80.0,tabpfn/models_diff/callback_hybrid_8_layers_epoch_80.cpkt,1510,0.9963716030120849,0.9986981153488159,0.9960423111915588,0.9910469651222229,0.9978899359703064,0.9981806874275208
hybrid_8_layers,epoch_80,80.0,tabpfn/models_diff/callback_hybrid_8_layers_epoch_80.cpkt,6332,0.7846308588981629,0.7997928261756897,0.7632802724838257,0.80738365650177,0.777336835861206,0.7753607034683228
hybrid_8_layers,epoch_80,80.0,tabpfn/models_diff/callback_hybrid_8_layers_epoch_80.cpkt,23381,0.5184797167778015,0.5791245698928833,0.442176878452301,0.6105442047119141,0.44035089015960693,0.5202020406723022
hybrid_8_layers,epoch_80,80.0,tabpfn/models_diff/callback_hybrid_8_layers_epoch_80.cpkt,40966,1.0,1.0,1.0,1.0,1.0,1.0
hybrid_8_layers,epoch_80,80.0,tabpfn/models_diff/callback_hybrid_8_layers_epoch_80.cpkt,40975,0.9834883213043213,0.9846482872962952,0.9928415417671204,0.981416642665863,0.9633800983428955,0.9951550364494324
hybrid_8_layers,epoch_80,80.0,tabpfn/models_diff/callback_hybrid_8_layers_epoch_80.cpkt,40982,0.9503205418586731,0.96258944272995,0.9537075161933899,0.9395406246185303,0.9600392580032349,0.9357258677482605
hybrid_8_layers,epoch_80,80.0,tabpfn/models_diff/callback_hybrid_8_layers_epoch_80.cpkt,40994,0.9390692234039306,0.9267141819000244,0.9466642141342163,0.9386856555938721,0.9303861856460571,0.9528958797454834
hybrid_8_layers,epoch_100,100.0,tabpfn/models_diff/callback_hybrid_8_layers_epoch_100.cpkt,11,0.9931681036949158,0.9972823262214661,0.9913429021835327,0.994784414768219,0.9878987669944763,0.9945321083068848
hybrid_8_layers,epoch_100,100.0,tabpfn/models_diff/callback_hybrid_8_layers_epoch_100.cpkt,14,0.969953715801239,0.9717430472373962,0.9706331491470337,0.9647117257118225,0.9722268581390381,0.9704537987709045
hybrid_8_layers,epoch_100,100.0,tabpfn/models_diff/callback_hybrid_8_layers_epoch_100.cpkt,15,0.9930145502090454,0.9928249716758728,0.9918674230575562,0.9923306107521057,0.993141770362854,0.9949079751968384
hybrid_8_layers,epoch_100,100.0,tabpfn/models_diff/callback_hybrid_8_layers_epoch_100.cpkt,16,0.9951122045516968,0.9933015704154968,0.9951549172401428,0.9935181736946106,0.9980142116546631,0.9955721497535706
hybrid_8_layers,epoch_100,100.0,tabpfn/models_diff/callback_hybrid_8_layers_epoch_100.cpkt,18,0.9622504711151123,0.9642580151557922,0.9604873061180115,0.9635862112045288,0.958859384059906,0.964061439037323
hybrid_8_layers,epoch_100,100.0,tabpfn/models_diff/callback_hybrid_8_layers_epoch_100.cpkt,22,0.9793988704681397,0.9768052697181702,0.9813140034675598,0.9778405427932739,0.9821544885635376,0.9788800477981567
hybrid_8_layers,epoch_100,100.0,tabpfn/models_diff/callback_hybrid_8_layers_epoch_100.cpkt,23,0.7039620399475097,0.6926579475402832,0.6973578929901123,0.7005801200866699,0.7086135149002075,0.7206007242202759
hybrid_8_layers,epoch_100,100.0,tabpfn/models_diff/callback_hybrid_8_layers_epoch_100.cpkt,29,0.9312146067619324,0.943493664264679,0.932239830493927,0.9189240336418152,0.9263535141944885,0.9350619912147522
hybrid_8_layers,epoch_100,100.0,tabpfn/models_diff/callback_hybrid_8_layers_epoch_100.cpkt,31,0.7879898190498352,0.7908175587654114,0.7845516204833984,0.7780413031578064,0.7880643606185913,0.7984742522239685
hybrid_8_layers,epoch_100,100.0,tabpfn/models_diff/callback_hybrid_8_layers_epoch_100.cpkt,37,0.8320614576339722,0.810292661190033,0.8367395401000977,0.8388347625732422,0.8314568996429443,0.8429834246635437
hybrid_8_layers,epoch_100,100.0,tabpfn/models_diff/callback_hybrid_8_layers_epoch_100.cpkt,50,0.9523696422576904,0.9512969851493835,0.9524154663085938,0.9526106119155884,0.9534953236579895,0.952029824256897
hybrid_8_layers,epoch_100,100.0,tabpfn/models_diff/callback_hybrid_8_layers_epoch_100.cpkt,54,0.9421459913253785,0.9467827677726746,0.9480154514312744,0.9415799975395203,0.9424631595611572,0.9318885803222656
hybrid_8_layers,epoch_100,100.0,tabpfn/models_diff/callback_hybrid_8_layers_epoch_100.cpkt,188,0.9093515038490295,0.9081624150276184,0.9153720140457153,0.9136070013046265,0.91451495885849,0.8951011300086975
hybrid_8_layers,epoch_100,100.0,tabpfn/models_diff/callback_hybrid_8_layers_epoch_100.cpkt,458,0.9999831914901733,1.0,1.0,0.9999772906303406,1.0,0.9999386668205261
hybrid_8_layers,epoch_100,100.0,tabpfn/models_diff/callback_hybrid_8_layers_epoch_100.cpkt,469,0.5813777923583985,0.5797913670539856,0.593949019908905,0.5723428726196289,0.5742688775062561,0.5865368247032166
hybrid_8_layers,epoch_100,100.0,tabpfn/models_diff/callback_hybrid_8_layers_epoch_100.cpkt,1049,0.9289239048957825,0.9087213277816772,0.9428988099098206,0.9199452996253967,0.9309827089309692,0.9420713782310486
hybrid_8_layers,epoch_100,100.0,tabpfn/models_diff/callback_hybrid_8_layers_epoch_100.cpkt,1050,0.8260845303535461,0.8477259278297424,0.8373626470565796,0.8115350008010864,0.7956979870796204,0.8381010890007019
hybrid_8_layers,epoch_100,100.0,tabpfn/models_diff/callback_hybrid_8_layers_epoch_100.cpkt,1063,0.8049686431884766,0.8271089792251587,0.7895734310150146,0.7866787314414978,0.812891960144043,0.8085901141166687
hybrid_8_layers,epoch_100,100.0,tabpfn/models_diff/callback_hybrid_8_layers_epoch_100.cpkt,1068,0.8620064616203308,0.8860204219818115,0.9067623019218445,0.7915902137756348,0.8522483706474304,0.8734109997749329
hybrid_8_layers,epoch_100,100.0,tabpfn/models_diff/callback_hybrid_8_layers_epoch_100.cpkt,1462,1.0,1.0,1.0,1.0,1.0,1.0
hybrid_8_layers,epoch_100,100.0,tabpfn/models_diff/callback_hybrid_8_layers_epoch_100.cpkt,1464,0.748600161075592,0.7573783993721008,0.7167057991027832,0.7481569051742554,0.7596361637115479,0.761123538017273
hybrid_8_layers,epoch_100,100.0,tabpfn/models_diff/callback_hybrid_8_layers_epoch_100.cpkt,1480,0.727753221988678,0.7264249324798584,0.7310009002685547,0.7526375651359558,0.7595356702804565,0.6691670417785645
hybrid_8_layers,epoch_100,100.0,tabpfn/models_diff/callback_hybrid_8_layers_epoch_100.cpkt,1494,0.9291866064071655,0.9244376420974731,0.9421958327293396,0.9127094149589539,0.933203399181366,0.9333867430686951
hybrid_8_layers,epoch_100,100.0,tabpfn/models_diff/callback_hybrid_8_layers_epoch_100.cpkt,1510,0.9962654113769531,0.9985939860343933,0.9959381222724915,0.990891695022583,0.9979981780052185,0.9979050755500793
hybrid_8_layers,epoch_100,100.0,tabpfn/models_diff/callback_hybrid_8_layers_epoch_100.cpkt,6332,0.7802331805229187,0.810411810874939,0.7488372325897217,0.8103646039962769,0.7857142686843872,0.7458379864692688
hybrid_8_layers,epoch_100,100.0,tabpfn/models_diff/callback_hybrid_8_layers_epoch_100.cpkt,23381,0.5147240340709687,0.5723905563354492,0.426870733499527,0.6071428656578064,0.4385964870452881,0.5286195278167725
hybrid_8_layers,epoch_100,100.0,tabpfn/models_diff/callback_hybrid_8_layers_epoch_100.cpkt,40966,1.0,1.0,1.0,1.0,1.0,1.0
hybrid_8_layers,epoch_100,100.0,tabpfn/models_diff/callback_hybrid_8_layers_epoch_100.cpkt,40975,0.9838511347770691,0.9843121767044067,0.9938628673553467,0.9805238842964172,0.9667634963989258,0.993793249130249
hybrid_8_layers,epoch_100,100.0,tabpfn/models_diff/callback_hybrid_8_layers_epoch_100.cpkt,40982,0.9512519240379333,0.9641602039337158,0.9542480111122131,0.9400011897087097,0.9613097906112671,0.936540424823761
hybrid_8_layers,epoch_100,100.0,tabpfn/models_diff/callback_hybrid_8_layers_epoch_100.cpkt,40994,0.9391897439956665,0.9310128092765808,0.9451979398727417,0.930470883846283,0.9367377758026123,0.9525293111801147
hybrid_8_layers,epoch_120,120.0,tabpfn/models_diff/callback_hybrid_8_layers_epoch_120.cpkt,11,0.9940457344055176,0.9989704489707947,0.991573691368103,0.9956390857696533,0.9901423454284668,0.9939031004905701
hybrid_8_layers,epoch_120,120.0,tabpfn/models_diff/callback_hybrid_8_layers_epoch_120.cpkt,14,0.9717315435409546,0.9725322723388672,0.9720615148544312,0.9680936336517334,0.9733765125274658,0.9725937843322754
hybrid_8_layers,epoch_120,120.0,tabpfn/models_diff/callback_hybrid_8_layers_epoch_120.cpkt,15,0.9928447246551514,0.9930127859115601,0.9915634393692017,0.9918727278709412,0.9931800961494446,0.9945945739746094
hybrid_8_layers,epoch_120,120.0,tabpfn/models_diff/callback_hybrid_8_layers_epoch_120.cpkt,16,0.9954720735549927,0.9935247898101807,0.9957615733146667,0.9935689568519592,0.9985593557357788,0.9959456920623779
hybrid_8_layers,epoch_120,120.0,tabpfn/models_diff/callback_hybrid_8_layers_epoch_120.cpkt,18,0.963561224937439,0.9652295708656311,0.9615416526794434,0.9642412066459656,0.9606435298919678,0.966150164604187
hybrid_8_layers,epoch_120,120.0,tabpfn/models_diff/callback_hybrid_8_layers_epoch_120.cpkt,22,0.9807620763778686,0.9785712957382202,0.9821084141731262,0.9785547256469727,0.9835957884788513,0.9809801578521729
hybrid_8_layers,epoch_120,120.0,tabpfn/models_diff/callback_hybrid_8_layers_epoch_120.cpkt,23,0.7031034827232361,0.6902952790260315,0.6992591619491577,0.6975738406181335,0.7075042724609375,0.7208848595619202
hybrid_8_layers,epoch_120,120.0,tabpfn/models_diff/callback_hybrid_8_layers_epoch_120.cpkt,29,0.9288549661636353,0.9385599493980408,0.9299019575119019,0.9185839891433716,0.923448383808136,0.9337805509567261
hybrid_8_layers,epoch_120,120.0,tabpfn/models_diff/callback_hybrid_8_layers_epoch_120.cpkt,31,0.7884127259254455,0.7901290655136108,0.7855305671691895,0.7793316841125488,0.7911164164543152,0.7959558963775635
hybrid_8_layers,epoch_120,120.0,tabpfn/models_diff/callback_hybrid_8_layers_epoch_120.cpkt,37,0.8338823318481445,0.8155648112297058,0.8413506150245667,0.8362494111061096,0.8315799236297607,0.8446668982505798
hybrid_8_layers,epoch_120,120.0,tabpfn/models_diff/callback_hybrid_8_layers_epoch_120.cpkt,50,0.9561101198196411,0.956296980381012,0.9583426117897034,0.9524574875831604,0.9528390169143677,0.9606145024299622
hybrid_8_layers,epoch_120,120.0,tabpfn/models_diff/callback_hybrid_8_layers_epoch_120.cpkt,54,0.9461012601852417,0.9541047811508179,0.9500919580459595,0.9455622434616089,0.9457991719245911,0.9349481463432312
hybrid_8_layers,epoch_120,120.0,tabpfn/models_diff/callback_hybrid_8_layers_epoch_120.cpkt,188,0.9110186696052551,0.9095242023468018,0.9188398122787476,0.9162256121635437,0.9148687124252319,0.8956350088119507
hybrid_8_layers,epoch_120,120.0,tabpfn/models_diff/callback_hybrid_8_layers_epoch_120.cpkt,458,0.9999928593635559,1.0,1.0,0.9999772906303406,1.0,0.999987006187439
hybrid_8_layers,epoch_120,120.0,tabpfn/models_diff/callback_hybrid_8_layers_epoch_120.cpkt,469,0.5832213282585144,0.5823452472686768,0.5853110551834106,0.5821885466575623,0.5774234533309937,0.5888383388519287
hybrid_8_layers,epoch_120,120.0,tabpfn/models_diff/callback_hybrid_8_layers_epoch_120.cpkt,1049,0.9276844024658203,0.9087213277816772,0.9384936690330505,0.9184642434120178,0.9315575957298279,0.9411851763725281
hybrid_8_layers,epoch_120,120.0,tabpfn/models_diff/callback_hybrid_8_layers_epoch_120.cpkt,1050,0.8266043305397034,0.8528215885162354,0.8358203172683716,0.808685302734375,0.7916427850723267,0.8440516591072083
hybrid_8_layers,epoch_120,120.0,tabpfn/models_diff/callback_hybrid_8_layers_epoch_120.cpkt,1063,0.7960242867469788,0.8041706085205078,0.7921326756477356,0.7885276675224304,0.794076681137085,0.801213800907135
hybrid_8_layers,epoch_120,120.0,tabpfn/models_diff/callback_hybrid_8_layers_epoch_120.cpkt,1068,0.8721202492713929,0.8909615874290466,0.9212773442268372,0.8032925128936768,0.8651439547538757,0.8799258470535278
hybrid_8_layers,epoch_120,120.0,tabpfn/models_diff/callback_hybrid_8_layers_epoch_120.cpkt,1462,1.0,1.0,1.0,1.0,1.0,1.0
hybrid_8_layers,epoch_120,120.0,tabpfn/models_diff/callback_hybrid_8_layers_epoch_120.cpkt,1464,0.7496155858039856,0.7595370411872864,0.7195618152618408,0.7507983446121216,0.7584412693977356,0.7597394585609436
hybrid_8_layers,epoch_120,120.0,tabpfn/models_diff/callback_hybrid_8_layers_epoch_120.cpkt,1480,0.729082441329956,0.7238762974739075,0.7311747074127197,0.7591037750244141,0.7611387372016907,0.6701186895370483
hybrid_8_layers,epoch_120,120.0,tabpfn/models_diff/callback_hybrid_8_layers_epoch_120.cpkt,1494,0.9311686396598816,0.9252385497093201,0.9440101981163025,0.9171854257583618,0.933375895023346,0.9360331296920776
hybrid_8_layers,epoch_120,120.0,tabpfn/models_diff/callback_hybrid_8_layers_epoch_120.cpkt,1510,0.9961888790130615,0.998437762260437,0.9957818984985352,0.9901671409606934,0.9983769059181213,0.9981806874275208
hybrid_8_layers,epoch_120,120.0,tabpfn/models_diff/callback_hybrid_8_layers_epoch_120.cpkt,6332,0.7913648962974549,0.811965823173523,0.7593635320663452,0.8096767067909241,0.8044532537460327,0.7713651657104492
hybrid_8_layers,epoch_120,120.0,tabpfn/models_diff/callback_hybrid_8_layers_epoch_120.cpkt,23381,0.5165531754493713,0.5690235495567322,0.4030612111091614,0.6258503198623657,0.4578947424888611,0.5269360542297363
hybrid_8_layers,epoch_120,120.0,tabpfn/models_diff/callback_hybrid_8_layers_epoch_120.cpkt,40966,1.0,1.0,1.0,1.0,1.0,1.0
hybrid_8_layers,epoch_120,120.0,tabpfn/models_diff/callback_hybrid_8_layers_epoch_120.cpkt,40975,0.9821512341499329,0.9828245639801025,0.9949995279312134,0.9770545363426208,0.962537944316864,0.9933395981788635
hybrid_8_layers,epoch_120,120.0,tabpfn/models_diff/callback_hybrid_8_layers_epoch_120.cpkt,40982,0.9516015768051147,0.962777853012085,0.9550215601921082,0.9410319924354553,0.9605218172073364,0.9386546611785889
hybrid_8_layers,epoch_120,120.0,tabpfn/models_diff/callback_hybrid_8_layers_epoch_120.cpkt,40994,0.9460951924324036,0.9451667070388794,0.946480929851532,0.9383468627929688,0.9419037699699402,0.9585776925086975
hybrid_8_layers,epoch_140,140.0,tabpfn/models_diff/callback_hybrid_8_layers_epoch_140.cpkt,11,0.9938789129257202,0.9991655349731445,0.9917752146720886,0.9948241114616394,0.9905226230621338,0.9931070804595947
hybrid_8_layers,epoch_140,140.0,tabpfn/models_diff/callback_hybrid_8_layers_epoch_140.cpkt,14,0.9711926221847534,0.9707673192024231,0.9713392853736877,0.9681806564331055,0.9735941886901855,0.9720816612243652
hybrid_8_layers,epoch_140,140.0,tabpfn/models_diff/callback_hybrid_8_layers_epoch_140.cpkt,15,0.9926860570907593,0.9927873611450195,0.991335391998291,0.9914911389350891,0.9930651187896729,0.9947512745857239
hybrid_8_layers,epoch_140,140.0,tabpfn/models_diff/callback_hybrid_8_layers_epoch_140.cpkt,16,0.995948851108551,0.9941454529762268,0.9963934421539307,0.9946882128715515,0.9985526204109192,0.995964527130127
hybrid_8_layers,epoch_140,140.0,tabpfn/models_diff/callback_hybrid_8_layers_epoch_140.cpkt,18,0.9640658736228943,0.965567409992218,0.9620599746704102,0.9664261937141418,0.9611075520515442,0.9651682376861572
hybrid_8_layers,epoch_140,140.0,tabpfn/models_diff/callback_hybrid_8_layers_epoch_140.cpkt,22,0.9804739713668823,0.9779387712478638,0.9819104671478271,0.9785126447677612,0.9833683967590332,0.9806395769119263
hybrid_8_layers,epoch_140,140.0,tabpfn/models_diff/callback_hybrid_8_layers_epoch_140.cpkt,23,0.7050798535346985,0.6919870972633362,0.7013545036315918,0.6994370222091675,0.7119712233543396,0.7206494212150574
hybrid_8_layers,epoch_140,140.0,tabpfn/models_diff/callback_hybrid_8_layers_epoch_140.cpkt,29,0.9290982246398926,0.9389454126358032,0.9283559322357178,0.9193773865699768,0.9239011406898499,0.9349112510681152
hybrid_8_layers,epoch_140,140.0,tabpfn/models_diff/callback_hybrid_8_layers_epoch_140.cpkt,31,0.7892096400260925,0.7908568978309631,0.7889089584350586,0.7797870635986328,0.7900798320770264,0.7964154481887817
hybrid_8_layers,epoch_140,140.0,tabpfn/models_diff/callback_hybrid_8_layers_epoch_140.cpkt,37,0.8298762679100037,0.8125093579292297,0.8352521061897278,0.8336640000343323,0.8292112946510315,0.838744580745697
hybrid_8_layers,epoch_140,140.0,tabpfn/models_diff/callback_hybrid_8_layers_epoch_140.cpkt,50,0.9648593306541443,0.9643985033035278,0.9686362147331238,0.9633287191390991,0.9624024629592896,0.9655307531356812
hybrid_8_layers,epoch_140,140.0,tabpfn/models_diff/callback_hybrid_8_layers_epoch_140.cpkt,54,0.9469022989273072,0.9531713128089905,0.9499536156654358,0.9480062127113342,0.9454752802848816,0.9379050731658936
hybrid_8_layers,epoch_140,140.0,tabpfn/models_diff/callback_hybrid_8_layers_epoch_140.cpkt,188,0.9107940196990967,0.9101126194000244,0.9188680052757263,0.9157674312591553,0.9140894412994385,0.8951326012611389
hybrid_8_layers,epoch_140,140.0,tabpfn/models_diff/callback_hybrid_8_layers_epoch_140.cpkt,458,0.9999969720840454,1.0,1.0,0.999984860420227,1.0,1.0
hybrid_8_layers,epoch_140,140.0,tabpfn/models_diff/callback_hybrid_8_layers_epoch_140.cpkt,469,0.5828521013259887,0.5799203515052795,0.5860399603843689,0.5820174813270569,0.5719060897827148,0.5943766236305237
hybrid_8_layers,epoch_140,140.0,tabpfn/models_diff/callback_hybrid_8_layers_epoch_140.cpkt,1049,0.9290960788726806,0.9060699343681335,0.9391891956329346,0.9241227507591248,0.9337612986564636,0.9423372149467468
hybrid_8_layers,epoch_140,140.0,tabpfn/models_diff/callback_hybrid_8_layers_epoch_140.cpkt,1050,0.823211133480072,0.8427386283874512,0.8387892842292786,0.8056654334068298,0.7921717166900635,0.8366906046867371
hybrid_8_layers,epoch_140,140.0,tabpfn/models_diff/callback_hybrid_8_layers_epoch_140.cpkt,1063,0.7696104645729065,0.7724170684814453,0.7545971274375916,0.7814757227897644,0.7614111304283142,0.778151273727417
hybrid_8_layers,epoch_140,140.0,tabpfn/models_diff/callback_hybrid_8_layers_epoch_140.cpkt,1068,0.876349925994873,0.8986786603927612,0.9235826730728149,0.8077552318572998,0.8680466413497925,0.8836864233016968
hybrid_8_layers,epoch_140,140.0,tabpfn/models_diff/callback_hybrid_8_layers_epoch_140.cpkt,1462,1.0,1.0,1.0,1.0,1.0,1.0
hybrid_8_layers,epoch_140,140.0,tabpfn/models_diff/callback_hybrid_8_layers_epoch_140.cpkt,1464,0.7528133988380432,0.7624027729034424,0.7258998155593872,0.758525550365448,0.7607153654098511,0.7565234899520874
hybrid_8_layers,epoch_140,140.0,tabpfn/models_diff/callback_hybrid_8_layers_epoch_140.cpkt,1480,0.7254978775978088,0.7191265225410461,0.7300162315368652,0.7551900148391724,0.7554450035095215,0.667711615562439
hybrid_8_layers,epoch_140,140.0,tabpfn/models_diff/callback_hybrid_8_layers_epoch_140.cpkt,1494,0.9306532382965088,0.9251514673233032,0.9447392821311951,0.9148016571998596,0.9314437508583069,0.9371300339698792
hybrid_8_layers,epoch_140,140.0,tabpfn/models_diff/callback_hybrid_8_layers_epoch_140.cpkt,1510,0.9962896585464478,0.9986981153488159,0.9958339929580688,0.9905811548233032,0.9984850883483887,0.9978499412536621
hybrid_8_layers,epoch_140,140.0,tabpfn/models_diff/callback_hybrid_8_layers_epoch_140.cpkt,6332,0.787900173664093,0.8029007911682129,0.7586291432380676,0.8094473481178284,0.8000441193580627,0.7684794664382935
hybrid_8_layers,epoch_140,140.0,tabpfn/models_diff/callback_hybrid_8_layers_epoch_140.cpkt,23381,0.5117418706417084,0.560606062412262,0.4183673560619354,0.5833333134651184,0.4526315927505493,0.5437710285186768
hybrid_8_layers,epoch_140,140.0,tabpfn/models_diff/callback_hybrid_8_layers_epoch_140.cpkt,40966,1.0,1.0,1.0,1.0,1.0,1.0
hybrid_8_layers,epoch_140,140.0,tabpfn/models_diff/callback_hybrid_8_layers_epoch_140.cpkt,40975,0.9845075488090516,0.9860633015632629,0.9946807026863098,0.9762431383132935,0.9715179204940796,0.9940326809883118
hybrid_8_layers,epoch_140,140.0,tabpfn/models_diff/callback_hybrid_8_layers_epoch_140.cpkt,40982,0.9510857701301575,0.964042603969574,0.9540228843688965,0.9384198784828186,0.9601009488105774,0.9388425350189209
hybrid_8_layers,epoch_140,140.0,tabpfn/models_diff/callback_hybrid_8_layers_epoch_140.cpkt,40994,0.9437652826309204,0.9381421804428101,0.9462976455688477,0.9396172165870667,0.940040647983551,0.9547287225723267
hybrid_8_layers,epoch_160,160.0,tabpfn/models_diff/callback_hybrid_8_layers_epoch_160.cpkt,11,0.9942091941833496,0.9991023540496826,0.9929433465003967,0.9956778883934021,0.988892138004303,0.9944302439689636
hybrid_8_layers,epoch_160,160.0,tabpfn/models_diff/callback_hybrid_8_layers_epoch_160.cpkt,14,0.9727216720581054,0.9731089472770691,0.9723482728004456,0.9692712426185608,0.974918007850647,0.9739618897438049
hybrid_8_layers,epoch_160,160.0,tabpfn/models_diff/callback_hybrid_8_layers_epoch_160.cpkt,15,0.9929845809936524,0.9928249716758728,0.9918294548988342,0.9919871687889099,0.9932950139045715,0.9949862957000732
hybrid_8_layers,epoch_160,160.0,tabpfn/models_diff/callback_hybrid_8_layers_epoch_160.cpkt,16,0.9962281942367553,0.9945926070213318,0.9963343739509583,0.9952588081359863,0.9985592365264893,0.9963959455490112
hybrid_8_layers,epoch_160,160.0,tabpfn/models_diff/callback_hybrid_8_layers_epoch_160.cpkt,18,0.9641658902168274,0.9658865332603455,0.962459146976471,0.9656447172164917,0.9612728357315063,0.9655662178993225
hybrid_8_layers,epoch_160,160.0,tabpfn/models_diff/callback_hybrid_8_layers_epoch_160.cpkt,22,0.9807057023048401,0.9785163998603821,0.9822033643722534,0.9787326455116272,0.9830040335655212,0.9810720682144165
hybrid_8_layers,epoch_160,160.0,tabpfn/models_diff/callback_hybrid_8_layers_epoch_160.cpkt,23,0.7050565600395202,0.6944077014923096,0.7010142803192139,0.6979074478149414,0.7117998003959656,0.7201535701751709
hybrid_8_layers,epoch_160,160.0,tabpfn/models_diff/callback_hybrid_8_layers_epoch_160.cpkt,29,0.93102548122406,0.941450834274292,0.9312217235565186,0.9208886027336121,0.9263157844543457,0.935250461101532
hybrid_8_layers,epoch_160,160.0,tabpfn/models_diff/callback_hybrid_8_layers_epoch_160.cpkt,31,0.7896108865737915,0.792430579662323,0.7914811372756958,0.7793127298355103,0.7893888354301453,0.7954411506652832
hybrid_8_layers,epoch_160,160.0,tabpfn/models_diff/callback_hybrid_8_layers_epoch_160.cpkt,37,0.8309878468513489,0.8128388524055481,0.835757851600647,0.8354978561401367,0.8306570649147034,0.8401876091957092
hybrid_8_layers,epoch_160,160.0,tabpfn/models_diff/callback_hybrid_8_layers_epoch_160.cpkt,50,0.969475793838501,0.9690789580345154,0.9736900925636292,0.9655297994613647,0.9666779041290283,0.9724022150039673
hybrid_8_layers,epoch_160,160.0,tabpfn/models_diff/callback_hybrid_8_layers_epoch_160.cpkt,54,0.9488590717315674,0.9557095170021057,0.9510222673416138,0.9497138261795044,0.9479976892471313,0.9398520588874817
hybrid_8_layers,epoch_160,160.0,tabpfn/models_diff/callback_hybrid_8_layers_epoch_160.cpkt,188,0.9106997132301331,0.9098823070526123,0.9190192222595215,0.9163167476654053,0.9141722321510315,0.8941080570220947
hybrid_8_layers,epoch_160,160.0,tabpfn/models_diff/callback_hybrid_8_layers_epoch_160.cpkt,458,0.9999969720840454,1.0,1.0,0.999984860420227,1.0,1.0
hybrid_8_layers,epoch_160,160.0,tabpfn/models_diff/callback_hybrid_8_layers_epoch_160.cpkt,469,0.58911052942276,0.5870334506034851,0.5933367609977722,0.5916517376899719,0.5784685611724854,0.5950621366500854
hybrid_8_layers,epoch_160,160.0,tabpfn/models_diff/callback_hybrid_8_layers_epoch_160.cpkt,1049,0.9297625184059143,0.9092515707015991,0.941739559173584,0.9226036667823792,0.9322602152824402,0.9429575800895691
hybrid_8_layers,epoch_160,160.0,tabpfn/models_diff/callback_hybrid_8_layers_epoch_160.cpkt,1050,0.8275835514068604,0.8521710634231567,0.8368228077888489,0.8146399855613708,0.791069746017456,0.8432141542434692
hybrid_8_layers,epoch_160,160.0,tabpfn/models_diff/callback_hybrid_8_layers_epoch_160.cpkt,1063,0.7989569783210755,0.8232227563858032,0.7900474071502686,0.7839697003364563,0.805574893951416,0.7919701337814331
hybrid_8_layers,epoch_160,160.0,tabpfn/models_diff/callback_hybrid_8_layers_epoch_160.cpkt,1068,0.8748730778694153,0.8974572420120239,0.9241803288459778,0.8044329881668091,0.8684749007225037,0.879819929599762
hybrid_8_layers,epoch_160,160.0,tabpfn/models_diff/callback_hybrid_8_layers_epoch_160.cpkt,1462,1.0,1.0,1.0,1.0,1.0,1.0
hybrid_8_layers,epoch_160,160.0,tabpfn/models_diff/callback_hybrid_8_layers_epoch_160.cpkt,1464,0.7519735813140869,0.7613234519958496,0.7293426990509033,0.7565149068832397,0.7591350674629211,0.7535517811775208
hybrid_8_layers,epoch_160,160.0,tabpfn/models_diff/callback_hybrid_8_layers_epoch_160.cpkt,1480,0.7316335678100586,0.7277571558952332,0.7336075305938721,0.7630742788314819,0.7604753971099854,0.6732534766197205
hybrid_8_layers,epoch_160,160.0,tabpfn/models_diff/callback_hybrid_8_layers_epoch_160.cpkt,1494,0.9310099601745605,0.9255344867706299,0.9450275301933289,0.9164308905601501,0.9327375888824463,0.9353193044662476
hybrid_8_layers,epoch_160,160.0,tabpfn/models_diff/callback_hybrid_8_layers_epoch_160.cpkt,1510,0.9964356422424316,0.9988022446632385,0.9958860874176025,0.9910987019538879,0.9984309673309326,0.9979602098464966
hybrid_8_layers,epoch_160,160.0,tabpfn/models_diff/callback_hybrid_8_layers_epoch_160.cpkt,6332,0.7929988145828247,0.8062677979469299,0.7623010873794556,0.8186196088790894,0.8059964776039124,0.7718091011047363
hybrid_8_layers,epoch_160,160.0,tabpfn/models_diff/callback_hybrid_8_layers_epoch_160.cpkt,23381,0.503165853023529,0.567340075969696,0.41326531767845154,0.5731292366981506,0.4368421137332916,0.5252525210380554
hybrid_8_layers,epoch_160,160.0,tabpfn/models_diff/callback_hybrid_8_layers_epoch_160.cpkt,40966,1.0,1.0,1.0,1.0,1.0,1.0
hybrid_8_layers,epoch_160,160.0,tabpfn/models_diff/callback_hybrid_8_layers_epoch_160.cpkt,40975,0.9846044778823853,0.9858366250991821,0.9940394759178162,0.9803939461708069,0.9683754444122314,0.9943768978118896
hybrid_8_layers,epoch_160,160.0,tabpfn/models_diff/callback_hybrid_8_layers_epoch_160.cpkt,40982,0.9516789197921753,0.964164674282074,0.9543442130088806,0.9401671886444092,0.960792064666748,0.9389264583587646
hybrid_8_layers,epoch_160,160.0,tabpfn/models_diff/callback_hybrid_8_layers_epoch_160.cpkt,40994,0.9450790882110596,0.9438037276268005,0.9435483813285828,0.9423272609710693,0.9419037699699402,0.953812301158905
hybrid_8_layers,epoch_180,180.0,tabpfn/models_diff/callback_hybrid_8_layers_epoch_180.cpkt,11,0.9941397666931152,0.9994248747825623,0.9919658303260803,0.9963445067405701,0.9887537360191345,0.994209885597229
hybrid_8_layers,epoch_180,180.0,tabpfn/models_diff/callback_hybrid_8_layers_epoch_180.cpkt,14,0.9725949168205261,0.9729148745536804,0.9724642038345337,0.9679616689682007,0.975509762763977,0.9741240739822388
hybrid_8_layers,epoch_180,180.0,tabpfn/models_diff/callback_hybrid_8_layers_epoch_180.cpkt,15,0.9929765820503235,0.9931254982948303,0.991525411605835,0.9919490218162537,0.9932183623313904,0.9950646162033081
hybrid_8_layers,epoch_180,180.0,tabpfn/models_diff/callback_hybrid_8_layers_epoch_180.cpkt,16,0.9960895538330078,0.9943116903305054,0.996293306350708,0.995024561882019,0.9984962344169617,0.996321976184845
hybrid_8_layers,epoch_180,180.0,tabpfn/models_diff/callback_hybrid_8_layers_epoch_180.cpkt,18,0.963771665096283,0.9658768773078918,0.962013840675354,0.9647319912910461,0.9608309268951416,0.9654046893119812
hybrid_8_layers,epoch_180,180.0,tabpfn/models_diff/callback_hybrid_8_layers_epoch_180.cpkt,22,0.9807559967041015,0.9786835312843323,0.982179582118988,0.9790445566177368,0.9828895926475525,0.9809827208518982
hybrid_8_layers,epoch_180,180.0,tabpfn/models_diff/callback_hybrid_8_layers_epoch_180.cpkt,23,0.70589519739151,0.6957110166549683,0.7019855380058289,0.6995624899864197,0.711445689201355,0.7207712531089783
hybrid_8_layers,epoch_180,180.0,tabpfn/models_diff/callback_hybrid_8_layers_epoch_180.cpkt,29,0.9302956938743592,0.9402173757553101,0.9307315349578857,0.919868528842926,0.9257121086120605,0.9349489212036133
hybrid_8_layers,epoch_180,180.0,tabpfn/models_diff/callback_hybrid_8_layers_epoch_180.cpkt,31,0.7897360324859619,0.7930797338485718,0.7905213236808777,0.7787054777145386,0.7898111343383789,0.7965624928474426
hybrid_8_layers,epoch_180,180.0,tabpfn/models_diff/callback_hybrid_8_layers_epoch_180.cpkt,37,0.8274012565612793,0.8101428747177124,0.8323962688446045,0.8311387896537781,0.8293035626411438,0.8340247869491577
hybrid_8_layers,epoch_180,180.0,tabpfn/models_diff/callback_hybrid_8_layers_epoch_180.cpkt,50,0.9705877900123596,0.9697932600975037,0.9759754538536072,0.9678456783294678,0.9670154452323914,0.9723091125488281
hybrid_8_layers,epoch_180,180.0,tabpfn/models_diff/callback_hybrid_8_layers_epoch_180.cpkt,54,0.949373722076416,0.9560441970825195,0.9515802264213562,0.9504542350769043,0.94844651222229,0.94034343957901
hybrid_8_layers,epoch_180,180.0,tabpfn/models_diff/callback_hybrid_8_layers_epoch_180.cpkt,188,0.9114911913871765,0.9105284214019775,0.9192559123039246,0.9171484112739563,0.9156779050827026,0.8948453068733215
hybrid_8_layers,epoch_180,180.0,tabpfn/models_diff/callback_hybrid_8_layers_epoch_180.cpkt,458,0.9999969720840454,1.0,1.0,0.999984860420227,1.0,1.0
hybrid_8_layers,epoch_180,180.0,tabpfn/models_diff/callback_hybrid_8_layers_epoch_180.cpkt,469,0.5882070660591125,0.5864334106445312,0.5956425666809082,0.5878612995147705,0.5763435959815979,0.5947544574737549
hybrid_8_layers,epoch_180,180.0,tabpfn/models_diff/callback_hybrid_8_layers_epoch_180.cpkt,1049,0.9290125608444214,0.9088980555534363,0.9411433339118958,0.9228695034980774,0.9303759336471558,0.9417759776115417
hybrid_8_layers,epoch_180,180.0,tabpfn/models_diff/callback_hybrid_8_layers_epoch_180.cpkt,1050,0.8269855737686157,0.8503279685974121,0.8379024267196655,0.8116201162338257,0.7925684452056885,0.8425089120864868
hybrid_8_layers,epoch_180,180.0,tabpfn/models_diff/callback_hybrid_8_layers_epoch_180.cpkt,1063,0.7966722130775452,0.820284366607666,0.7896682620048523,0.7851737141609192,0.8013066053390503,0.786928117275238
hybrid_8_layers,epoch_180,180.0,tabpfn/models_diff/callback_hybrid_8_layers_epoch_180.cpkt,1068,0.875744104385376,0.8985121250152588,0.923241138458252,0.8079040050506592,0.8682369589805603,0.8808262944221497
hybrid_8_layers,epoch_180,180.0,tabpfn/models_diff/callback_hybrid_8_layers_epoch_180.cpkt,1462,1.0,1.0,1.0,1.0,1.0,1.0
hybrid_8_layers,epoch_180,180.0,tabpfn/models_diff/callback_hybrid_8_layers_epoch_180.cpkt,1464,0.7429436683654785,0.7440916895866394,0.7191314697265625,0.7451606392860413,0.7468393445014954,0.759495198726654
hybrid_8_layers,epoch_180,180.0,tabpfn/models_diff/callback_hybrid_8_layers_epoch_180.cpkt,1480,0.729017436504364,0.7244555354118347,0.7318118810653687,0.761089026927948,0.7567164301872253,0.6710143089294434
hybrid_8_layers,epoch_180,180.0,tabpfn/models_diff/callback_hybrid_8_layers_epoch_180.cpkt,1494,0.9307319641113281,0.9260568022727966,0.9450953602790833,0.9162079095840454,0.9325996041297913,0.9337001442909241
hybrid_8_layers,epoch_180,180.0,tabpfn/models_diff/callback_hybrid_8_layers_epoch_180.cpkt,1510,0.9962260127067566,0.9987502098083496,0.9958339929580688,0.9903741478919983,0.9983769059181213,0.9977948069572449
hybrid_8_layers,epoch_180,180.0,tabpfn/models_diff/callback_hybrid_8_layers_epoch_180.cpkt,6332,0.7916344046592713,0.8044548034667969,0.761566698551178,0.8167851567268372,0.8057760000228882,0.769589364528656
hybrid_8_layers,epoch_180,180.0,tabpfn/models_diff/callback_hybrid_8_layers_epoch_180.cpkt,23381,0.5080123722553254,0.5622895359992981,0.40646257996559143,0.6105442047119141,0.4456140398979187,0.5151515007019043
hybrid_8_layers,epoch_180,180.0,tabpfn/models_diff/callback_hybrid_8_layers_epoch_180.cpkt,40966,1.0,1.0,1.0,1.0,1.0,1.0
hybrid_8_layers,epoch_180,180.0,tabpfn/models_diff/callback_hybrid_8_layers_epoch_180.cpkt,40975,0.9846286535263061,0.9865270853042603,0.9935523867607117,0.9810170531272888,0.9673862457275391,0.994660496711731
hybrid_8_layers,epoch_180,180.0,tabpfn/models_diff/callback_hybrid_8_layers_epoch_180.cpkt,40982,0.950737738609314,0.9642823934555054,0.9537933468818665,0.9375839233398438,0.9601869583129883,0.937842071056366
hybrid_8_layers,epoch_180,180.0,tabpfn/models_diff/callback_hybrid_8_layers_epoch_180.cpkt,40994,0.9437903165817261,0.9417068362236023,0.9437316656112671,0.9408875107765198,0.9393631219863892,0.953262448310852
hybrid_8_layers,epoch_200,200.0,tabpfn/models_diff/callback_hybrid_8_layers_epoch_200.cpkt,11,0.9942990899085998,0.9993098974227905,0.9926596283912659,0.9962307810783386,0.9892569780349731,0.9940381646156311
hybrid_8_layers,epoch_200,200.0,tabpfn/models_diff/callback_hybrid_8_layers_epoch_200.cpkt,14,0.9725027084350586,0.9729669094085693,0.9723188877105713,0.9679796695709229,0.9751428365707397,0.9741052389144897
hybrid_8_layers,epoch_200,200.0,tabpfn/models_diff/callback_hybrid_8_layers_epoch_200.cpkt,15,0.9931215286254883,0.993087887763977,0.9918674230575562,0.9920253157615662,0.9936015605926514,0.9950254559516907
hybrid_8_layers,epoch_200,200.0,tabpfn/models_diff/callback_hybrid_8_layers_epoch_200.cpkt,16,0.9960234880447387,0.9943613409996033,0.9961678981781006,0.9949135780334473,0.9983769059181213,0.9962977170944214
hybrid_8_layers,epoch_200,200.0,tabpfn/models_diff/callback_hybrid_8_layers_epoch_200.cpkt,18,0.9637098550796509,0.965911865234375,0.961776077747345,0.9649181365966797,0.9606669545173645,0.9652762413024902
hybrid_8_layers,epoch_200,200.0,tabpfn/models_diff/callback_hybrid_8_layers_epoch_200.cpkt,22,0.9807558298110962,0.9785817265510559,0.9822232723236084,0.9789596796035767,0.9829148054122925,0.9810996651649475
hybrid_8_layers,epoch_200,200.0,tabpfn/models_diff/callback_hybrid_8_layers_epoch_200.cpkt,23,0.7056983947753906,0.6954519152641296,0.7020114660263062,0.6997268795967102,0.7113727927207947,0.7199289202690125
hybrid_8_layers,epoch_200,200.0,tabpfn/models_diff/callback_hybrid_8_layers_epoch_200.cpkt,29,0.9304480075836181,0.9405257701873779,0.9307692050933838,0.9202840924263,0.9256366491317749,0.9350243210792542
hybrid_8_layers,epoch_200,200.0,tabpfn/models_diff/callback_hybrid_8_layers_epoch_200.cpkt,31,0.7892918944358825,0.7922534942626953,0.7905789017677307,0.7788193225860596,0.7884290814399719,0.7963786721229553
hybrid_8_layers,epoch_200,200.0,tabpfn/models_diff/callback_hybrid_8_layers_epoch_200.cpkt,37,0.8281865119934082,0.8109517097473145,0.8336457014083862,0.8317700624465942,0.8294880986213684,0.8350769877433777
hybrid_8_layers,epoch_200,200.0,tabpfn/models_diff/callback_hybrid_8_layers_epoch_200.cpkt,50,0.970254409313202,0.9690789580345154,0.9755481481552124,0.9678456783294678,0.9664528965950012,0.9723463654518127
hybrid_8_layers,epoch_200,200.0,tabpfn/models_diff/callback_hybrid_8_layers_epoch_200.cpkt,54,0.9494154214859009,0.9561764597892761,0.9517263770103455,0.9502933621406555,0.9486177563667297,0.9402631521224976
hybrid_8_layers,epoch_200,200.0,tabpfn/models_diff/callback_hybrid_8_layers_epoch_200.cpkt,188,0.911457109451294,0.9106759428977966,0.9190394282341003,0.9175295829772949,0.9154658317565918,0.894574761390686
hybrid_8_layers,epoch_200,200.0,tabpfn/models_diff/callback_hybrid_8_layers_epoch_200.cpkt,458,0.9999969720840454,1.0,1.0,0.999984860420227,1.0,1.0
hybrid_8_layers,epoch_200,200.0,tabpfn/models_diff/callback_hybrid_8_layers_epoch_200.cpkt,469,0.5877482533454895,0.5852188467979431,0.5948212146759033,0.5881410837173462,0.5750206112861633,0.5955395102500916
hybrid_8_layers,epoch_200,200.0,tabpfn/models_diff/callback_hybrid_8_layers_epoch_200.cpkt,1049,0.9296761393547058,0.9100293517112732,0.9418389201164246,0.9231733083724976,0.9312382340431213,0.9421008825302124
hybrid_8_layers,epoch_200,200.0,tabpfn/models_diff/callback_hybrid_8_layers_epoch_200.cpkt,1050,0.8273314356803894,0.8503279685974121,0.8372855186462402,0.8125558495521545,0.7924802899360657,0.8440075516700745
hybrid_8_layers,epoch_200,200.0,tabpfn/models_diff/callback_hybrid_8_layers_epoch_200.cpkt,1063,0.7965834259986877,0.8174407482147217,0.7895734310150146,0.7857757210731506,0.8009582161903381,0.7891690135002136
hybrid_8_layers,epoch_200,200.0,tabpfn/models_diff/callback_hybrid_8_layers_epoch_200.cpkt,1068,0.8752937197685242,0.8977903723716736,0.9227288365364075,0.8066643476486206,0.8686176538467407,0.8806673884391785
hybrid_8_layers,epoch_200,200.0,tabpfn/models_diff/callback_hybrid_8_layers_epoch_200.cpkt,1462,1.0,1.0,1.0,1.0,1.0,1.0
hybrid_8_layers,epoch_200,200.0,tabpfn/models_diff/callback_hybrid_8_layers_epoch_200.cpkt,1464,0.7451918005943299,0.74922776222229,0.7223004698753357,0.7487483024597168,0.7483040690422058,0.7573783993721008
hybrid_8_layers,epoch_200,200.0,tabpfn/models_diff/callback_hybrid_8_layers_epoch_200.cpkt,1480,0.7292548179626465,0.7249189019203186,0.7314643263816833,0.7616562843322754,0.7567164301872253,0.6715181469917297
hybrid_8_layers,epoch_200,200.0,tabpfn/models_diff/callback_hybrid_8_layers_epoch_200.cpkt,1494,0.9309940695762634,0.9260568022727966,0.945400595664978,0.9163107872009277,0.9329100847244263,0.9342920780181885
hybrid_8_layers,epoch_200,200.0,tabpfn/models_diff/callback_hybrid_8_layers_epoch_200.cpkt,1510,0.9962894439697265,0.9988022446632385,0.9959381222724915,0.9904259443283081,0.9984309673309326,0.9978499412536621
hybrid_8_layers,epoch_200,200.0,tabpfn/models_diff/callback_hybrid_8_layers_epoch_200.cpkt,6332,0.7922531962394714,0.8044548034667969,0.761566698551178,0.8167851567268372,0.8077601194381714,0.7706992030143738
hybrid_8_layers,epoch_200,200.0,tabpfn/models_diff/callback_hybrid_8_layers_epoch_200.cpkt,23381,0.5076473355293274,0.560606062412262,0.40816327929496765,0.6088435649871826,0.4421052634716034,0.5185185074806213
hybrid_8_layers,epoch_200,200.0,tabpfn/models_diff/callback_hybrid_8_layers_epoch_200.cpkt,40966,1.0,1.0,1.0,1.0,1.0,1.0
hybrid_8_layers,epoch_200,200.0,tabpfn/models_diff/callback_hybrid_8_layers_epoch_200.cpkt,40975,0.9845752716064453,0.9857921004295349,0.9934856295585632,0.9803665280342102,0.9686719179153442,0.994560182094574
hybrid_8_layers,epoch_200,200.0,tabpfn/models_diff/callback_hybrid_8_layers_epoch_200.cpkt,40982,0.9508860945701599,0.9640443325042725,0.9541487097740173,0.9374843239784241,0.9603618383407593,0.9383912682533264
hybrid_8_layers,epoch_200,200.0,tabpfn/models_diff/callback_hybrid_8_layers_epoch_200.cpkt,40994,0.943306851387024,0.9406583905220032,0.9440982341766357,0.9402100443840027,0.938854992389679,0.9527125954627991
hybrid_8_layers,final,,tabpfn/models_diff/hybrid_8_layers_8l.cpkt,11,0.9942990899085998,0.9993098974227905,0.9926596283912659,0.9962307810783386,0.9892569780349731,0.9940381646156311
hybrid_8_layers,final,,tabpfn/models_diff/hybrid_8_layers_8l.cpkt,14,0.9725027084350586,0.9729669094085693,0.9723188877105713,0.9679796695709229,0.9751428365707397,0.9741052389144897
hybrid_8_layers,final,,tabpfn/models_diff/hybrid_8_layers_8l.cpkt,15,0.9931215286254883,0.993087887763977,0.9918674230575562,0.9920253157615662,0.9936015605926514,0.9950254559516907
hybrid_8_layers,final,,tabpfn/models_diff/hybrid_8_layers_8l.cpkt,16,0.9960234880447387,0.9943613409996033,0.9961678981781006,0.9949135780334473,0.9983769059181213,0.9962977170944214
hybrid_8_layers,final,,tabpfn/models_diff/hybrid_8_layers_8l.cpkt,18,0.9637098550796509,0.965911865234375,0.961776077747345,0.9649181365966797,0.9606669545173645,0.9652762413024902
hybrid_8_layers,final,,tabpfn/models_diff/hybrid_8_layers_8l.cpkt,22,0.9807558298110962,0.9785817265510559,0.9822232723236084,0.9789596796035767,0.9829148054122925,0.9810996651649475
hybrid_8_layers,final,,tabpfn/models_diff/hybrid_8_layers_8l.cpkt,23,0.7056983947753906,0.6954519152641296,0.7020114660263062,0.6997268795967102,0.7113727927207947,0.7199289202690125
hybrid_8_layers,final,,tabpfn/models_diff/hybrid_8_layers_8l.cpkt,29,0.9304480075836181,0.9405257701873779,0.9307692050933838,0.9202840924263,0.9256366491317749,0.9350243210792542
hybrid_8_layers,final,,tabpfn/models_diff/hybrid_8_layers_8l.cpkt,31,0.7892918944358825,0.7922534942626953,0.7905789017677307,0.7788193225860596,0.7884290814399719,0.7963786721229553
hybrid_8_layers,final,,tabpfn/models_diff/hybrid_8_layers_8l.cpkt,37,0.8281865119934082,0.8109517097473145,0.8336457014083862,0.8317700624465942,0.8294880986213684,0.8350769877433777
hybrid_8_layers,final,,tabpfn/models_diff/hybrid_8_layers_8l.cpkt,50,0.970254409313202,0.9690789580345154,0.9755481481552124,0.9678456783294678,0.9664528965950012,0.9723463654518127
hybrid_8_layers,final,,tabpfn/models_diff/hybrid_8_layers_8l.cpkt,54,0.9494154214859009,0.9561764597892761,0.9517263770103455,0.9502933621406555,0.9486177563667297,0.9402631521224976
hybrid_8_layers,final,,tabpfn/models_diff/hybrid_8_layers_8l.cpkt,188,0.911457109451294,0.9106759428977966,0.9190394282341003,0.9175295829772949,0.9154658317565918,0.894574761390686
hybrid_8_layers,final,,tabpfn/models_diff/hybrid_8_layers_8l.cpkt,458,0.9999969720840454,1.0,1.0,0.999984860420227,1.0,1.0
hybrid_8_layers,final,,tabpfn/models_diff/hybrid_8_layers_8l.cpkt,469,0.5877482533454895,0.5852188467979431,0.5948212146759033,0.5881410837173462,0.5750206112861633,0.5955395102500916
hybrid_8_layers,final,,tabpfn/models_diff/hybrid_8_layers_8l.cpkt,1049,0.9296761393547058,0.9100293517112732,0.9418389201164246,0.9231733083724976,0.9312382340431213,0.9421008825302124
hybrid_8_layers,final,,tabpfn/models_diff/hybrid_8_layers_8l.cpkt,1050,0.8273314356803894,0.8503279685974121,0.8372855186462402,0.8125558495521545,0.7924802899360657,0.8440075516700745
hybrid_8_layers,final,,tabpfn/models_diff/hybrid_8_layers_8l.cpkt,1063,0.7965834259986877,0.8174407482147217,0.7895734310150146,0.7857757210731506,0.8009582161903381,0.7891690135002136
hybrid_8_layers,final,,tabpfn/models_diff/hybrid_8_layers_8l.cpkt,1068,0.8752937197685242,0.8977903723716736,0.9227288365364075,0.8066643476486206,0.8686176538467407,0.8806673884391785
hybrid_8_layers,final,,tabpfn/models_diff/hybrid_8_layers_8l.cpkt,1462,1.0,1.0,1.0,1.0,1.0,1.0
hybrid_8_layers,final,,tabpfn/models_diff/hybrid_8_layers_8l.cpkt,1464,0.7451918005943299,0.74922776222229,0.7223004698753357,0.7487483024597168,0.7483040690422058,0.7573783993721008
hybrid_8_layers,final,,tabpfn/models_diff/hybrid_8_layers_8l.cpkt,1480,0.7292548179626465,0.7249189019203186,0.7314643263816833,0.7616562843322754,0.7567164301872253,0.6715181469917297
hybrid_8_layers,final,,tabpfn/models_diff/hybrid_8_layers_8l.cpkt,1494,0.9309940695762634,0.9260568022727966,0.945400595664978,0.9163107872009277,0.9329100847244263,0.9342920780181885
hybrid_8_layers,final,,tabpfn/models_diff/hybrid_8_layers_8l.cpkt,1510,0.9962894439697265,0.9988022446632385,0.9959381222724915,0.9904259443283081,0.9984309673309326,0.9978499412536621
hybrid_8_layers,final,,tabpfn/models_diff/hybrid_8_layers_8l.cpkt,6332,0.7922531962394714,0.8044548034667969,0.761566698551178,0.8167851567268372,0.8077601194381714,0.7706992030143738
hybrid_8_layers,final,,tabpfn/models_diff/hybrid_8_layers_8l.cpkt,23381,0.5076473355293274,0.560606062412262,0.40816327929496765,0.6088435649871826,0.4421052634716034,0.5185185074806213
hybrid_8_layers,final,,tabpfn/models_diff/hybrid_8_layers_8l.cpkt,40966,1.0,1.0,1.0,1.0,1.0,1.0
hybrid_8_layers,final,,tabpfn/models_diff/hybrid_8_layers_8l.cpkt,40975,0.9845752716064453,0.9857921004295349,0.9934856295585632,0.9803665280342102,0.9686719179153442,0.994560182094574
hybrid_8_layers,final,,tabpfn/models_diff/hybrid_8_layers_8l.cpkt,40982,0.9508860945701599,0.9640443325042725,0.9541487097740173,0.9374843239784241,0.9603618383407593,0.9383912682533264
hybrid_8_layers,final,,tabpfn/models_diff/hybrid_8_layers_8l.cpkt,40994,0.943306851387024,0.9406583905220032,0.9440982341766357,0.9402100443840027,0.938854992389679,0.9527125954627991
hybrid_12_layers,epoch_20,20.0,tabpfn/models_diff/callback_hybrid_6hydra_6transformer_epoch_20.cpkt,11,0.9528203248977661,0.9572445750236511,0.9368851780891418,0.9550575613975525,0.9536788463592529,0.9612354636192322
hybrid_12_layers,epoch_20,20.0,tabpfn/models_diff/callback_hybrid_6hydra_6transformer_epoch_20.cpkt,14,0.8656780004501343,0.8706734776496887,0.8584535717964172,0.8605029582977295,0.8650657534599304,0.8736942410469055
hybrid_12_layers,epoch_20,20.0,tabpfn/models_diff/callback_hybrid_6hydra_6transformer_epoch_20.cpkt,15,0.9880492329597473,0.9879038333892822,0.9858630299568176,0.9876373410224915,0.988007664680481,0.9908342957496643
hybrid_12_layers,epoch_20,20.0,tabpfn/models_diff/callback_hybrid_6hydra_6transformer_epoch_20.cpkt,16,0.9415826082229615,0.9331591725349426,0.9472935795783997,0.9450756311416626,0.9498469829559326,0.9325376749038696
hybrid_12_layers,epoch_20,20.0,tabpfn/models_diff/callback_hybrid_6hydra_6transformer_epoch_20.cpkt,18,0.91119943857193,0.9132997989654541,0.9119272828102112,0.9107533097267151,0.9082286357879639,0.9117881655693054
hybrid_12_layers,epoch_20,20.0,tabpfn/models_diff/callback_hybrid_6hydra_6transformer_epoch_20.cpkt,22,0.9035544514656066,0.8915952444076538,0.9104059338569641,0.9011741280555725,0.9156417846679688,0.8989551663398743
hybrid_12_layers,epoch_20,20.0,tabpfn/models_diff/callback_hybrid_6hydra_6transformer_epoch_20.cpkt,23,0.6968307614326477,0.6942594051361084,0.6973133683204651,0.6875495314598083,0.7087926268577576,0.6962388753890991
hybrid_12_layers,epoch_20,20.0,tabpfn/models_diff/callback_hybrid_6hydra_6transformer_epoch_20.cpkt,29,0.9317177891731262,0.9430311322212219,0.9445324540138245,0.9186217784881592,0.9222788214683533,0.9301247596740723
hybrid_12_layers,epoch_20,20.0,tabpfn/models_diff/callback_hybrid_6hydra_6transformer_epoch_20.cpkt,31,0.7857648134231567,0.7803131341934204,0.782747209072113,0.7876051068305969,0.7846475839614868,0.7935110330581665
hybrid_12_layers,epoch_20,20.0,tabpfn/models_diff/callback_hybrid_6hydra_6transformer_epoch_20.cpkt,37,0.8311731934547424,0.8106521368026733,0.8260598182678223,0.8336640000343323,0.8321951627731323,0.853294849395752
hybrid_12_layers,epoch_20,20.0,tabpfn/models_diff/callback_hybrid_6hydra_6transformer_epoch_20.cpkt,50,0.8983375668525696,0.8853383660316467,0.9034745693206787,0.9071351885795593,0.8876950144767761,0.908044695854187
hybrid_12_layers,epoch_20,20.0,tabpfn/models_diff/callback_hybrid_6hydra_6transformer_epoch_20.cpkt,54,0.9006290674209595,0.9024367332458496,0.9024534821510315,0.8926138281822205,0.9065172672271729,0.899124026298523
hybrid_12_layers,epoch_20,20.0,tabpfn/models_diff/callback_hybrid_6hydra_6transformer_epoch_20.cpkt,188,0.8741661190986634,0.8668018579483032,0.8778079748153687,0.8682764172554016,0.8817792534828186,0.8761650919914246
hybrid_12_layers,epoch_20,20.0,tabpfn/models_diff/callback_hybrid_6hydra_6transformer_epoch_20.cpkt,458,0.9991211771965027,0.998942494392395,0.999625027179718,0.998204231262207,0.9996505975723267,0.9991835355758667
hybrid_12_layers,epoch_20,20.0,tabpfn/models_diff/callback_hybrid_6hydra_6transformer_epoch_20.cpkt,469,0.574160921573639,0.5608295798301697,0.582240641117096,0.5663966536521912,0.5771920680999756,0.5841456651687622
hybrid_12_layers,epoch_20,20.0,tabpfn/models_diff/callback_hybrid_6hydra_6transformer_epoch_20.cpkt,1049,0.8920527696609497,0.8793438673019409,0.9129570722579956,0.8978049755096436,0.8722493648529053,0.8979085683822632
hybrid_12_layers,epoch_20,20.0,tabpfn/models_diff/callback_hybrid_6hydra_6transformer_epoch_20.cpkt,1050,0.8135064601898193,0.8408413529396057,0.8051667809486389,0.8093233108520508,0.7986512184143066,0.8135496377944946
hybrid_12_layers,epoch_20,20.0,tabpfn/models_diff/callback_hybrid_6hydra_6transformer_epoch_20.cpkt,1063,0.7847192525863648,0.8351658582687378,0.7676777243614197,0.7872377038002014,0.7260453104972839,0.8074696660041809
hybrid_12_layers,epoch_20,20.0,tabpfn/models_diff/callback_hybrid_6hydra_6transformer_epoch_20.cpkt,1068,0.8007725596427917,0.8202864527702332,0.8492998480796814,0.7123518586158752,0.8019034266471863,0.8200212121009827
hybrid_12_layers,epoch_20,20.0,tabpfn/models_diff/callback_hybrid_6hydra_6transformer_epoch_20.cpkt,1462,0.9999506592750549,1.0,1.0,0.9999693036079407,1.0,0.999783992767334
hybrid_12_layers,epoch_20,20.0,tabpfn/models_diff/callback_hybrid_6hydra_6transformer_epoch_20.cpkt,1464,0.7605622053146363,0.7752428650856018,0.730086088180542,0.761403501033783,0.7485353350639343,0.7875432372093201
hybrid_12_layers,epoch_20,20.0,tabpfn/models_diff/callback_hybrid_6hydra_6transformer_epoch_20.cpkt,1480,0.7127027988433838,0.7112488150596619,0.7238183617591858,0.7316505908966064,0.7417357563972473,0.6550604701042175
hybrid_12_layers,epoch_20,20.0,tabpfn/models_diff/callback_hybrid_6hydra_6transformer_epoch_20.cpkt,1494,0.9163594245910645,0.9117104411125183,0.9317846298217773,0.9005504846572876,0.9188331365585327,0.9189184308052063
hybrid_12_layers,epoch_20,20.0,tabpfn/models_diff/callback_hybrid_6hydra_6transformer_epoch_20.cpkt,1510,0.9954733967781066,0.998021125793457,0.9948445558547974,0.9881488084793091,0.9975653290748596,0.9987871646881104
hybrid_12_layers,epoch_20,20.0,tabpfn/models_diff/callback_hybrid_6hydra_6transformer_epoch_20.cpkt,6332,0.7915827393531799,0.8166278004646301,0.7684210538864136,0.8241229057312012,0.803791880607605,0.7449500560760498
hybrid_12_layers,epoch_20,20.0,tabpfn/models_diff/callback_hybrid_6hydra_6transformer_epoch_20.cpkt,23381,0.5084560215473175,0.5168350338935852,0.47448980808258057,0.5884353518486023,0.44736841320991516,0.5151515007019043
hybrid_12_layers,epoch_20,20.0,tabpfn/models_diff/callback_hybrid_6hydra_6transformer_epoch_20.cpkt,40966,0.9660654783248901,0.9645620584487915,0.959416925907135,0.9763727188110352,0.9658933281898499,0.9640823602676392
hybrid_12_layers,epoch_20,20.0,tabpfn/models_diff/callback_hybrid_6hydra_6transformer_epoch_20.cpkt,40975,0.8940787553787232,0.8966530561447144,0.9107956290245056,0.8883058428764343,0.8676050901412964,0.907034158706665
hybrid_12_layers,epoch_20,20.0,tabpfn/models_diff/callback_hybrid_6hydra_6transformer_epoch_20.cpkt,40982,0.8668321251869202,0.8854271173477173,0.8523261547088623,0.8627147674560547,0.8804596662521362,0.8532329201698303
hybrid_12_layers,epoch_20,20.0,tabpfn/models_diff/callback_hybrid_6hydra_6transformer_epoch_20.cpkt,40994,0.9070359468460083,0.9117215275764465,0.892961859703064,0.901761531829834,0.8938007950782776,0.9349340200424194
hybrid_12_layers,epoch_40,40.0,tabpfn/models_diff/callback_hybrid_6hydra_6transformer_epoch_40.cpkt,11,0.9759128808975219,0.977916955947876,0.9647299647331238,0.9727761745452881,0.9756587147712708,0.9884825944900513
hybrid_12_layers,epoch_40,40.0,tabpfn/models_diff/callback_hybrid_6hydra_6transformer_epoch_40.cpkt,14,0.9243366599082947,0.9197038412094116,0.9304985404014587,0.922693133354187,0.9241509437561035,0.9246368408203125
hybrid_12_layers,epoch_40,40.0,tabpfn/models_diff/callback_hybrid_6hydra_6transformer_epoch_40.cpkt,15,0.9921232461929321,0.9912847280502319,0.9917914271354675,0.9912621974945068,0.9918007850646973,0.9944770932197571
hybrid_12_layers,epoch_40,40.0,tabpfn/models_diff/callback_hybrid_6hydra_6transformer_epoch_40.cpkt,16,0.9777552366256714,0.9715307950973511,0.9793917536735535,0.9783120155334473,0.9835613369941711,0.975980281829834
hybrid_12_layers,epoch_40,40.0,tabpfn/models_diff/callback_hybrid_6hydra_6transformer_epoch_40.cpkt,18,0.9355561375617981,0.9381560683250427,0.9322571158409119,0.938510000705719,0.9303510785102844,0.9385064244270325
hybrid_12_layers,epoch_40,40.0,tabpfn/models_diff/callback_hybrid_6hydra_6transformer_epoch_40.cpkt,22,0.9460305452346802,0.9388605356216431,0.9515727758407593,0.9411730170249939,0.9588937759399414,0.9396526217460632
hybrid_12_layers,epoch_40,40.0,tabpfn/models_diff/callback_hybrid_6hydra_6transformer_epoch_40.cpkt,23,0.6963683843612671,0.698570191860199,0.7064582109451294,0.6666429042816162,0.712128758430481,0.6980418562889099
hybrid_12_layers,epoch_40,40.0,tabpfn/models_diff/callback_hybrid_6hydra_6transformer_epoch_40.cpkt,29,0.9293787598609924,0.9450740218162537,0.9371795058250427,0.9134081602096558,0.9193359613418579,0.9318961501121521
hybrid_12_layers,epoch_40,40.0,tabpfn/models_diff/callback_hybrid_6hydra_6transformer_epoch_40.cpkt,31,0.7885515689849854,0.78548663854599,0.7850314974784851,0.788876473903656,0.7946867346763611,0.7886765003204346
hybrid_12_layers,epoch_40,40.0,tabpfn/models_diff/callback_hybrid_6hydra_6transformer_epoch_40.cpkt,37,0.8283262491226197,0.8022945523262024,0.8221032023429871,0.8361291289329529,0.8257352113723755,0.8553691506385803
hybrid_12_layers,epoch_40,40.0,tabpfn/models_diff/callback_hybrid_6hydra_6transformer_epoch_40.cpkt,50,0.9161988019943237,0.9076879620552063,0.920568585395813,0.9242076277732849,0.9060531258583069,0.9224767088890076
hybrid_12_layers,epoch_40,40.0,tabpfn/models_diff/callback_hybrid_6hydra_6transformer_epoch_40.cpkt,54,0.9163539171218872,0.9187020659446716,0.9179478883743286,0.9158599972724915,0.9189031720161438,0.9103564620018005
hybrid_12_layers,epoch_40,40.0,tabpfn/models_diff/callback_hybrid_6hydra_6transformer_epoch_40.cpkt,188,0.892891240119934,0.8930103778839111,0.8960636258125305,0.8848804235458374,0.907069206237793,0.8834325671195984
hybrid_12_layers,epoch_40,40.0,tabpfn/models_diff/callback_hybrid_6hydra_6transformer_epoch_40.cpkt,458,0.9999521017074585,1.0,1.0,0.9998634457588196,1.0,0.9998970627784729
hybrid_12_layers,epoch_40,40.0,tabpfn/models_diff/callback_hybrid_6hydra_6transformer_epoch_40.cpkt,469,0.584962010383606,0.5880820751190186,0.594418466091156,0.5736455321311951,0.5725218653678894,0.5961421132087708
hybrid_12_layers,epoch_40,40.0,tabpfn/models_diff/callback_hybrid_6hydra_6transformer_epoch_40.cpkt,1049,0.9012656927108764,0.879662036895752,0.9209061861038208,0.9066914916038513,0.8902302980422974,0.9088384509086609
hybrid_12_layers,epoch_40,40.0,tabpfn/models_diff/callback_hybrid_6hydra_6transformer_epoch_40.cpkt,1050,0.8169841527938843,0.8497316837310791,0.8144977688789368,0.8091956973075867,0.7834442853927612,0.8280513286590576
hybrid_12_layers,epoch_40,40.0,tabpfn/models_diff/callback_hybrid_6hydra_6transformer_epoch_40.cpkt,1063,0.8224410057067871,0.8589573502540588,0.815260648727417,0.7908496856689453,0.8339720964431763,0.8131652474403381
hybrid_12_layers,epoch_40,40.0,tabpfn/models_diff/callback_hybrid_6hydra_6transformer_epoch_40.cpkt,1068,0.8387350916862488,0.8468243479728699,0.8742315769195557,0.7773094773292542,0.8461574912071228,0.8491525650024414
hybrid_12_layers,epoch_40,40.0,tabpfn/models_diff/callback_hybrid_6hydra_6transformer_epoch_40.cpkt,1462,1.0,1.0,1.0,1.0,1.0,1.0
hybrid_12_layers,epoch_40,40.0,tabpfn/models_diff/callback_hybrid_6hydra_6transformer_epoch_40.cpkt,1464,0.7552729487419129,0.7669433355331421,0.731455385684967,0.7517445087432861,0.7587881684303284,0.7674333453178406
hybrid_12_layers,epoch_40,40.0,tabpfn/models_diff/callback_hybrid_6hydra_6transformer_epoch_40.cpkt,1480,0.7256595969200135,0.7240500450134277,0.7393419742584229,0.746681809425354,0.7470978498458862,0.6711263060569763
hybrid_12_layers,epoch_40,40.0,tabpfn/models_diff/callback_hybrid_6hydra_6transformer_epoch_40.cpkt,1494,0.9215061783790588,0.9169858694076538,0.9379737377166748,0.9068100452423096,0.9244052767753601,0.9213559627532959
hybrid_12_layers,epoch_40,40.0,tabpfn/models_diff/callback_hybrid_6hydra_6transformer_epoch_40.cpkt,1510,0.995513129234314,0.9987502098083496,0.9959381222724915,0.9867515563964844,0.9978899359703064,0.998235821723938
hybrid_12_layers,epoch_40,40.0,tabpfn/models_diff/callback_hybrid_6hydra_6transformer_epoch_40.cpkt,6332,0.7931954622268677,0.8044548034667969,0.7799265384674072,0.8257280588150024,0.8004850149154663,0.7553828954696655
hybrid_12_layers,epoch_40,40.0,tabpfn/models_diff/callback_hybrid_6hydra_6transformer_epoch_40.cpkt,23381,0.5202259242534637,0.5319865345954895,0.4812925159931183,0.5884353518486023,0.44385963678359985,0.5555555820465088
hybrid_12_layers,epoch_40,40.0,tabpfn/models_diff/callback_hybrid_6hydra_6transformer_epoch_40.cpkt,40966,0.9944382309913635,0.9971864819526672,0.9922581911087036,0.9972859025001526,0.993288516998291,0.9921720623970032
hybrid_12_layers,epoch_40,40.0,tabpfn/models_diff/callback_hybrid_6hydra_6transformer_epoch_40.cpkt,40975,0.9534314155578614,0.9500315189361572,0.9680615663528442,0.946347713470459,0.9338790774345398,0.9688372015953064
hybrid_12_layers,epoch_40,40.0,tabpfn/models_diff/callback_hybrid_6hydra_6transformer_epoch_40.cpkt,40982,0.9169510483741761,0.9386719465255737,0.925626277923584,0.9066330790519714,0.9193321466445923,0.8944917917251587
hybrid_12_layers,epoch_40,40.0,tabpfn/models_diff/callback_hybrid_6hydra_6transformer_epoch_40.cpkt,40994,0.9261770367622375,0.9282868504524231,0.921187698841095,0.9203929305076599,0.9158197641372681,0.9451979398727417
hybrid_12_layers,epoch_60,60.0,tabpfn/models_diff/callback_hybrid_6hydra_6transformer_epoch_60.cpkt,11,0.9812783002853394,0.9823058247566223,0.9727029204368591,0.982272744178772,0.9787415862083435,0.9903684258460999
hybrid_12_layers,epoch_60,60.0,tabpfn/models_diff/callback_hybrid_6hydra_6transformer_epoch_60.cpkt,14,0.9472437381744385,0.9455868601799011,0.9470470547676086,0.9434245228767395,0.9489306211471558,0.9512296319007874
hybrid_12_layers,epoch_60,60.0,tabpfn/models_diff/callback_hybrid_6hydra_6transformer_epoch_60.cpkt,15,0.9921361446380615,0.9905334115028381,0.9900813102722168,0.9929792284965515,0.9924138188362122,0.994672954082489
hybrid_12_layers,epoch_60,60.0,tabpfn/models_diff/callback_hybrid_6hydra_6transformer_epoch_60.cpkt,16,0.9858731508255005,0.9814200401306152,0.9885955452919006,0.9844653010368347,0.9911335706710815,0.9837512969970703
hybrid_12_layers,epoch_60,60.0,tabpfn/models_diff/callback_hybrid_6hydra_6transformer_epoch_60.cpkt,18,0.9519957780838013,0.9515092968940735,0.9469291567802429,0.955621600151062,0.9512988924980164,0.9546199440956116
hybrid_12_layers,epoch_60,60.0,tabpfn/models_diff/callback_hybrid_6hydra_6transformer_epoch_60.cpkt,22,0.9592960834503174,0.9514438509941101,0.9656834006309509,0.9544849991798401,0.9703814387321472,0.9544867277145386
hybrid_12_layers,epoch_60,60.0,tabpfn/models_diff/callback_hybrid_6hydra_6transformer_epoch_60.cpkt,23,0.7031523704528808,0.6971122026443481,0.7044910192489624,0.6843307018280029,0.7168892621994019,0.712938666343689
hybrid_12_layers,epoch_60,60.0,tabpfn/models_diff/callback_hybrid_6hydra_6transformer_epoch_60.cpkt,29,0.9313840866088867,0.9482731819152832,0.9401206374168396,0.9148437976837158,0.9202037453651428,0.9334790706634521
hybrid_12_layers,epoch_60,60.0,tabpfn/models_diff/callback_hybrid_6hydra_6transformer_epoch_60.cpkt,31,0.7853837490081788,0.7860571146011353,0.7825936675071716,0.7807168960571289,0.7911356091499329,0.7864154577255249
hybrid_12_layers,epoch_60,60.0,tabpfn/models_diff/callback_hybrid_6hydra_6transformer_epoch_60.cpkt,37,0.8258492946624756,0.8003175258636475,0.8198423385620117,0.8343554735183716,0.827057957649231,0.8476731777191162
hybrid_12_layers,epoch_60,60.0,tabpfn/models_diff/callback_hybrid_6hydra_6transformer_epoch_60.cpkt,50,0.9346090435981751,0.9265977740287781,0.9430137276649475,0.9380837678909302,0.9255175590515137,0.9398323893547058
hybrid_12_layers,epoch_60,60.0,tabpfn/models_diff/callback_hybrid_6hydra_6transformer_epoch_60.cpkt,54,0.9230634212493897,0.9268384575843811,0.9304064512252808,0.9213272929191589,0.9239193797111511,0.9128255248069763
hybrid_12_layers,epoch_60,60.0,tabpfn/models_diff/callback_hybrid_6hydra_6transformer_epoch_60.cpkt,188,0.8944705128669739,0.8926103711128235,0.8984447717666626,0.8879350423812866,0.9117444753646851,0.8816179037094116
hybrid_12_layers,epoch_60,60.0,tabpfn/models_diff/callback_hybrid_6hydra_6transformer_epoch_60.cpkt,458,0.999980878829956,1.0,1.0,0.9999622106552124,1.0,0.9999421834945679
hybrid_12_layers,epoch_60,60.0,tabpfn/models_diff/callback_hybrid_6hydra_6transformer_epoch_60.cpkt,469,0.5837475895881653,0.5846472382545471,0.5908035039901733,0.5785093903541565,0.573872983455658,0.5909048318862915
hybrid_12_layers,epoch_60,60.0,tabpfn/models_diff/callback_hybrid_6hydra_6transformer_epoch_60.cpkt,1049,0.9101888418197632,0.8860607147216797,0.9261393547058105,0.9159577488899231,0.9016000628471375,0.9211863279342651
hybrid_12_layers,epoch_60,60.0,tabpfn/models_diff/callback_hybrid_6hydra_6transformer_epoch_60.cpkt,1050,0.8205678224563598,0.8452323079109192,0.8242915272712708,0.8074943423271179,0.7874994277954102,0.8383215069770813
hybrid_12_layers,epoch_60,60.0,tabpfn/models_diff/callback_hybrid_6hydra_6transformer_epoch_60.cpkt,1063,0.8241366863250732,0.8618009686470032,0.8081516623497009,0.7902476787567139,0.8483449220657349,0.8121381998062134
hybrid_12_layers,epoch_60,60.0,tabpfn/models_diff/callback_hybrid_6hydra_6transformer_epoch_60.cpkt,1068,0.8395510315895081,0.8509327173233032,0.8926742076873779,0.7814747095108032,0.8275993466377258,0.8450741767883301
hybrid_12_layers,epoch_60,60.0,tabpfn/models_diff/callback_hybrid_6hydra_6transformer_epoch_60.cpkt,1462,1.0,1.0,1.0,1.0,1.0,1.0
hybrid_12_layers,epoch_60,60.0,tabpfn/models_diff/callback_hybrid_6hydra_6transformer_epoch_60.cpkt,1464,0.7569503426551819,0.7703301310539246,0.7334898114204407,0.7562389373779297,0.7606382966041565,0.764054536819458
hybrid_12_layers,epoch_60,60.0,tabpfn/models_diff/callback_hybrid_6hydra_6transformer_epoch_60.cpkt,1480,0.728180730342865,0.7233549356460571,0.7331441044807434,0.7548496723175049,0.7541183233261108,0.6754366159439087
hybrid_12_layers,epoch_60,60.0,tabpfn/models_diff/callback_hybrid_6hydra_6transformer_epoch_60.cpkt,1494,0.9232448816299439,0.9191274046897888,0.938160240650177,0.9083020091056824,0.9264408946037292,0.9241938591003418
hybrid_12_layers,epoch_60,60.0,tabpfn/models_diff/callback_hybrid_6hydra_6transformer_epoch_60.cpkt,1510,0.9954976201057434,0.9992709755897522,0.9953132271766663,0.9862340092658997,0.9982686638832092,0.9984012246131897
hybrid_12_layers,epoch_60,60.0,tabpfn/models_diff/callback_hybrid_6hydra_6transformer_epoch_60.cpkt,6332,0.7854811906814575,0.8005697727203369,0.7679314613342285,0.8213712573051453,0.787477970123291,0.7500554919242859
hybrid_12_layers,epoch_60,60.0,tabpfn/models_diff/callback_hybrid_6hydra_6transformer_epoch_60.cpkt,23381,0.5228838682174682,0.5488215684890747,0.47959184646606445,0.5935373902320862,0.4385964870452881,0.5538720488548279
hybrid_12_layers,epoch_60,60.0,tabpfn/models_diff/callback_hybrid_6hydra_6transformer_epoch_60.cpkt,40966,0.9985656142234802,0.9992164969444275,0.9979767799377441,0.9997498989105225,0.9985218644142151,0.9973630309104919
hybrid_12_layers,epoch_60,60.0,tabpfn/models_diff/callback_hybrid_6hydra_6transformer_epoch_60.cpkt,40975,0.980044674873352,0.979279100894928,0.9826861619949341,0.974199652671814,0.9688326120376587,0.9952258467674255
hybrid_12_layers,epoch_60,60.0,tabpfn/models_diff/callback_hybrid_6hydra_6transformer_epoch_60.cpkt,40982,0.9357110738754273,0.9529269933700562,0.9412454962730408,0.9243254661560059,0.9427237510681152,0.9173336625099182
hybrid_12_layers,epoch_60,60.0,tabpfn/models_diff/callback_hybrid_6hydra_6transformer_epoch_60.cpkt,40994,0.9307029128074646,0.9268190264701843,0.9239369630813599,0.9302167892456055,0.9205623269081116,0.9519794583320618
hybrid_12_layers,epoch_80,80.0,tabpfn/models_diff/callback_hybrid_6hydra_6transformer_epoch_80.cpkt,11,0.9860591053962707,0.9899288415908813,0.9797534942626953,0.9863276481628418,0.9819028377532959,0.9923827052116394
hybrid_12_layers,epoch_80,80.0,tabpfn/models_diff/callback_hybrid_6hydra_6transformer_epoch_80.cpkt,14,0.9550962686538697,0.9567157626152039,0.9561241865158081,0.9497770071029663,0.9565532803535461,0.9563111066818237
hybrid_12_layers,epoch_80,80.0,tabpfn/models_diff/callback_hybrid_6hydra_6transformer_epoch_80.cpkt,15,0.9921134829521179,0.9903455972671509,0.9898533225059509,0.9933226704597473,0.9924904108047485,0.9945554137229919
hybrid_12_layers,epoch_80,80.0,tabpfn/models_diff/callback_hybrid_6hydra_6transformer_epoch_80.cpkt,16,0.9860160231590271,0.9815507531166077,0.9888793230056763,0.9836574792861938,0.9902296662330627,0.985762894153595
hybrid_12_layers,epoch_80,80.0,tabpfn/models_diff/callback_hybrid_6hydra_6transformer_epoch_80.cpkt,18,0.9535816669464111,0.953929603099823,0.9509637951850891,0.9565731883049011,0.9514984488487244,0.9549432992935181
hybrid_12_layers,epoch_80,80.0,tabpfn/models_diff/callback_hybrid_6hydra_6transformer_epoch_80.cpkt,22,0.963503897190094,0.9551073908805847,0.9691187143325806,0.9568584561347961,0.9747140407562256,0.961720883846283
hybrid_12_layers,epoch_80,80.0,tabpfn/models_diff/callback_hybrid_6hydra_6transformer_epoch_80.cpkt,23,0.7056584596633911,0.6977563500404358,0.7018522024154663,0.6940422058105469,0.7185009717941284,0.7161405682563782
hybrid_12_layers,epoch_80,80.0,tabpfn/models_diff/callback_hybrid_6hydra_6transformer_epoch_80.cpkt,29,0.931236743927002,0.9473096132278442,0.9383106827735901,0.9149571061134338,0.9215242266654968,0.9340820908546448
hybrid_12_layers,epoch_80,80.0,tabpfn/models_diff/callback_hybrid_6hydra_6transformer_epoch_80.cpkt,31,0.7858848214149475,0.7866275906562805,0.7846859693527222,0.779141902923584,0.7885826230049133,0.7903860211372375
hybrid_12_layers,epoch_80,80.0,tabpfn/models_diff/callback_hybrid_6hydra_6transformer_epoch_80.cpkt,37,0.8282886028289795,0.8003475069999695,0.8280826807022095,0.8357082605361938,0.8265349864959717,0.850769579410553
hybrid_12_layers,epoch_80,80.0,tabpfn/models_diff/callback_hybrid_6hydra_6transformer_epoch_80.cpkt,50,0.9455274343490601,0.9399436116218567,0.9537532329559326,0.9474812150001526,0.9377812743186951,0.9486778378486633
hybrid_12_layers,epoch_80,80.0,tabpfn/models_diff/callback_hybrid_6hydra_6transformer_epoch_80.cpkt,54,0.9245515942573548,0.9249299168586731,0.933241069316864,0.9246938228607178,0.9253324270248413,0.9145607352256775
hybrid_12_layers,epoch_80,80.0,tabpfn/models_diff/callback_hybrid_6hydra_6transformer_epoch_80.cpkt,188,0.8972144007682801,0.8951679468154907,0.90352463722229,0.8931437134742737,0.911837637424469,0.8823980689048767
hybrid_12_layers,epoch_80,80.0,tabpfn/models_diff/callback_hybrid_6hydra_6transformer_epoch_80.cpkt,458,0.9999845027923584,1.0,1.0,0.9999546408653259,1.0,0.9999678730964661
hybrid_12_layers,epoch_80,80.0,tabpfn/models_diff/callback_hybrid_6hydra_6transformer_epoch_80.cpkt,469,0.580872917175293,0.5794588327407837,0.586798369884491,0.5826958417892456,0.5722885131835938,0.5831230282783508
hybrid_12_layers,epoch_80,80.0,tabpfn/models_diff/callback_hybrid_6hydra_6transformer_epoch_80.cpkt,1049,0.9153995752334595,0.8887828588485718,0.9265368580818176,0.9208187460899353,0.9117562770843506,0.9291031360626221
hybrid_12_layers,epoch_80,80.0,tabpfn/models_diff/callback_hybrid_6hydra_6transformer_epoch_80.cpkt,1050,0.8227565884590149,0.848810076713562,0.8291112184524536,0.8041342496871948,0.7892184853553772,0.8425089120864868
hybrid_12_layers,epoch_80,80.0,tabpfn/models_diff/callback_hybrid_6hydra_6transformer_epoch_80.cpkt,1063,0.8215314984321594,0.8575355410575867,0.8004739284515381,0.7871516942977905,0.8567073345184326,0.8057889938354492
hybrid_12_layers,epoch_80,80.0,tabpfn/models_diff/callback_hybrid_6hydra_6transformer_epoch_80.cpkt,1068,0.8335452079772949,0.8434377312660217,0.8875512480735779,0.7687311172485352,0.8253152370452881,0.8426907062530518
hybrid_12_layers,epoch_80,80.0,tabpfn/models_diff/callback_hybrid_6hydra_6transformer_epoch_80.cpkt,1462,1.0,1.0,1.0,1.0,1.0,1.0
hybrid_12_layers,epoch_80,80.0,tabpfn/models_diff/callback_hybrid_6hydra_6transformer_epoch_80.cpkt,1464,0.7576938152313233,0.7679109573364258,0.736267626285553,0.7606149911880493,0.7599059343338013,0.7637695670127869
hybrid_12_layers,epoch_80,80.0,tabpfn/models_diff/callback_hybrid_6hydra_6transformer_epoch_80.cpkt,1480,0.7269232869148254,0.7189527153968811,0.732159435749054,0.7551900148391724,0.7504146099090576,0.6778996586799622
hybrid_12_layers,epoch_80,80.0,tabpfn/models_diff/callback_hybrid_6hydra_6transformer_epoch_80.cpkt,1494,0.9231152534484863,0.9207987785339355,0.9373632669448853,0.908473551273346,0.9251298308372498,0.9238108396530151
hybrid_12_layers,epoch_80,80.0,tabpfn/models_diff/callback_hybrid_6hydra_6transformer_epoch_80.cpkt,1510,0.9957324743270874,0.9993751049041748,0.9959902167320251,0.9870620369911194,0.9979440569877625,0.9982909560203552
hybrid_12_layers,epoch_80,80.0,tabpfn/models_diff/callback_hybrid_6hydra_6transformer_epoch_80.cpkt,6332,0.7864381313323975,0.7995337843894958,0.768176257610321,0.822059154510498,0.7868165969848633,0.7556048631668091
hybrid_12_layers,epoch_80,80.0,tabpfn/models_diff/callback_hybrid_6hydra_6transformer_epoch_80.cpkt,23381,0.5265858471393585,0.5454545617103577,0.4863945543766022,0.6139456033706665,0.43157893419265747,0.5555555820465088
hybrid_12_layers,epoch_80,80.0,tabpfn/models_diff/callback_hybrid_6hydra_6transformer_epoch_80.cpkt,40966,0.9993290781974793,0.9998080134391785,0.9991796612739563,0.9997511506080627,0.9993858933448792,0.9985206723213196
hybrid_12_layers,epoch_80,80.0,tabpfn/models_diff/callback_hybrid_6hydra_6transformer_epoch_80.cpkt,40975,0.9840566158294678,0.9846140742301941,0.9836351275444031,0.9808464050292969,0.9754806160926819,0.9957068562507629
hybrid_12_layers,epoch_80,80.0,tabpfn/models_diff/callback_hybrid_6hydra_6transformer_epoch_80.cpkt,40982,0.9394875526428222,0.95538729429245,0.9446341395378113,0.9247334003448486,0.9505259394645691,0.9221569895744324
hybrid_12_layers,epoch_80,80.0,tabpfn/models_diff/callback_hybrid_6hydra_6transformer_epoch_80.cpkt,40994,0.9391714215278626,0.9357307553291321,0.9376832842826843,0.9354674816131592,0.9300474524497986,0.9569281339645386
hybrid_12_layers,epoch_100,100.0,tabpfn/models_diff/callback_hybrid_6hydra_6transformer_epoch_100.cpkt,11,0.9895794153213501,0.9934200644493103,0.9831196665763855,0.9904637932777405,0.986569344997406,0.9943242073059082
hybrid_12_layers,epoch_100,100.0,tabpfn/models_diff/callback_hybrid_6hydra_6transformer_epoch_100.cpkt,14,0.9527102947235108,0.9539088010787964,0.9531044363975525,0.9487345218658447,0.9535945057868958,0.9542092084884644
hybrid_12_layers,epoch_100,100.0,tabpfn/models_diff/callback_hybrid_6hydra_6transformer_epoch_100.cpkt,15,0.9912980556488037,0.9893689155578613,0.9893402457237244,0.9923496842384338,0.9919923543930054,0.9934390783309937
hybrid_12_layers,epoch_100,100.0,tabpfn/models_diff/callback_hybrid_6hydra_6transformer_epoch_100.cpkt,16,0.987031877040863,0.9828558564186096,0.9895502924919128,0.9842200875282288,0.9920489192008972,0.9864842295646667
hybrid_12_layers,epoch_100,100.0,tabpfn/models_diff/callback_hybrid_6hydra_6transformer_epoch_100.cpkt,18,0.95435471534729,0.954837441444397,0.952648937702179,0.9573922753334045,0.9507072567939758,0.9561876654624939
hybrid_12_layers,epoch_100,100.0,tabpfn/models_diff/callback_hybrid_6hydra_6transformer_epoch_100.cpkt,22,0.9636641860008239,0.9565079808235168,0.9694289565086365,0.9571325778961182,0.973807156085968,0.9614442586898804
hybrid_12_layers,epoch_100,100.0,tabpfn/models_diff/callback_hybrid_6hydra_6transformer_epoch_100.cpkt,23,0.7059590220451355,0.6961861252784729,0.7015343904495239,0.6974908113479614,0.7180343270301819,0.7165494561195374
hybrid_12_layers,epoch_100,100.0,tabpfn/models_diff/callback_hybrid_6hydra_6transformer_epoch_100.cpkt,29,0.930134904384613,0.9462303519248962,0.9334087371826172,0.9157882928848267,0.9204489588737488,0.9347981810569763
hybrid_12_layers,epoch_100,100.0,tabpfn/models_diff/callback_hybrid_6hydra_6transformer_epoch_100.cpkt,31,0.7856881380081177,0.7868046164512634,0.7858569025993347,0.7774530649185181,0.7864327430725098,0.7918933629989624
hybrid_12_layers,epoch_100,100.0,tabpfn/models_diff/callback_hybrid_6hydra_6transformer_epoch_100.cpkt,37,0.8274198770523071,0.7998682260513306,0.8281124234199524,0.8330627679824829,0.8271502256393433,0.8489057421684265
hybrid_12_layers,epoch_100,100.0,tabpfn/models_diff/callback_hybrid_6hydra_6transformer_epoch_100.cpkt,50,0.9453670144081116,0.9421616792678833,0.9503158926963806,0.9453567862510681,0.9390751719474792,0.9499255418777466
hybrid_12_layers,epoch_100,100.0,tabpfn/models_diff/callback_hybrid_6hydra_6transformer_epoch_100.cpkt,54,0.9264219760894775,0.9267066121101379,0.9332107901573181,0.9298644661903381,0.9261688590049744,0.9161591529846191
hybrid_12_layers,epoch_100,100.0,tabpfn/models_diff/callback_hybrid_6hydra_6transformer_epoch_100.cpkt,188,0.8998901128768921,0.8984285593032837,0.9047813415527344,0.8978269100189209,0.9127382636070251,0.8856754899024963
hybrid_12_layers,epoch_100,100.0,tabpfn/models_diff/callback_hybrid_6hydra_6transformer_epoch_100.cpkt,458,0.9999832034111023,1.0,1.0,0.9999546408653259,1.0,0.9999613761901855
hybrid_12_layers,epoch_100,100.0,tabpfn/models_diff/callback_hybrid_6hydra_6transformer_epoch_100.cpkt,469,0.585381031036377,0.5842100381851196,0.5943607687950134,0.5823234915733337,0.5759976506233215,0.5900132060050964
hybrid_12_layers,epoch_100,100.0,tabpfn/models_diff/callback_hybrid_6hydra_6transformer_epoch_100.cpkt,1049,0.9193782329559326,0.8905150890350342,0.9288884401321411,0.9263253808021545,0.9187505841255188,0.9324116706848145
hybrid_12_layers,epoch_100,100.0,tabpfn/models_diff/callback_hybrid_6hydra_6transformer_epoch_100.cpkt,1050,0.8220580101013184,0.8469128012657166,0.8311548233032227,0.8023903965950012,0.7920835614204407,0.8377484679222107
hybrid_12_layers,epoch_100,100.0,tabpfn/models_diff/callback_hybrid_6hydra_6transformer_epoch_100.cpkt,1063,0.8194382429122925,0.8578199148178101,0.7966824769973755,0.7863777279853821,0.8518292903900146,0.8044818043708801
hybrid_12_layers,epoch_100,100.0,tabpfn/models_diff/callback_hybrid_6hydra_6transformer_epoch_100.cpkt,1068,0.8359707474708558,0.8484898805618286,0.8884904384613037,0.7723508477210999,0.8278848528862,0.8426377177238464
hybrid_12_layers,epoch_100,100.0,tabpfn/models_diff/callback_hybrid_6hydra_6transformer_epoch_100.cpkt,1462,1.0,1.0,1.0,1.0,1.0,1.0
hybrid_12_layers,epoch_100,100.0,tabpfn/models_diff/callback_hybrid_6hydra_6transformer_epoch_100.cpkt,1464,0.7581707954406738,0.7680598497390747,0.7341549396514893,0.7597870826721191,0.7634134888648987,0.7654386162757874
hybrid_12_layers,epoch_100,100.0,tabpfn/models_diff/callback_hybrid_6hydra_6transformer_epoch_100.cpkt,1480,0.7262351036071777,0.7208063006401062,0.7306534051895142,0.7521837949752808,0.7503040432929993,0.6772279739379883
hybrid_12_layers,epoch_100,100.0,tabpfn/models_diff/callback_hybrid_6hydra_6transformer_epoch_100.cpkt,1494,0.9227777719497681,0.9193885326385498,0.9374480843544006,0.9074788689613342,0.9263718724250793,0.9232015013694763
hybrid_12_layers,epoch_100,100.0,tabpfn/models_diff/callback_hybrid_6hydra_6transformer_epoch_100.cpkt,1510,0.9955527663230896,0.9992188811302185,0.9957298636436462,0.9869067668914795,0.997727632522583,0.9981806874275208
hybrid_12_layers,epoch_100,100.0,tabpfn/models_diff/callback_hybrid_6hydra_6transformer_epoch_100.cpkt,6332,0.7882676243782043,0.7992748022079468,0.7630354762077332,0.8206833004951477,0.7954144477844238,0.7629300951957703
hybrid_12_layers,epoch_100,100.0,tabpfn/models_diff/callback_hybrid_6hydra_6transformer_epoch_100.cpkt,23381,0.5279012858867645,0.5538720488548279,0.47448980808258057,0.6173469424247742,0.429824560880661,0.563973069190979
hybrid_12_layers,epoch_100,100.0,tabpfn/models_diff/callback_hybrid_6hydra_6transformer_epoch_100.cpkt,40966,0.9995906114578247,0.9998888373374939,0.9993613362312317,0.9998520016670227,0.9997889995574951,0.9990618824958801
hybrid_12_layers,epoch_100,100.0,tabpfn/models_diff/callback_hybrid_6hydra_6transformer_epoch_100.cpkt,40975,0.9841223955154419,0.984671950340271,0.9809288382530212,0.9822344183921814,0.9772878289222717,0.9954889416694641
hybrid_12_layers,epoch_100,100.0,tabpfn/models_diff/callback_hybrid_6hydra_6transformer_epoch_100.cpkt,40982,0.9425549626350402,0.9566677808761597,0.945666491985321,0.9304247498512268,0.9538372755050659,0.926178514957428
hybrid_12_layers,epoch_100,100.0,tabpfn/models_diff/callback_hybrid_6hydra_6transformer_epoch_100.cpkt,40994,0.9411207437515259,0.9398196935653687,0.9378665685653687,0.9367377758026123,0.932418704032898,0.9587609767913818
hybrid_12_layers,epoch_120,120.0,tabpfn/models_diff/callback_hybrid_6hydra_6transformer_epoch_120.cpkt,11,0.9908502340316773,0.9947563409805298,0.9861440062522888,0.99093097448349,0.9876816272735596,0.9947382211685181
hybrid_12_layers,epoch_120,120.0,tabpfn/models_diff/callback_hybrid_6hydra_6transformer_epoch_120.cpkt,14,0.9545416235923767,0.9565504789352417,0.9543108344078064,0.949832558631897,0.9556714296340942,0.9563428163528442
hybrid_12_layers,epoch_120,120.0,tabpfn/models_diff/callback_hybrid_6hydra_6transformer_epoch_120.cpkt,15,0.9914926886558533,0.9896318316459656,0.9898912906646729,0.9922542572021484,0.9919923543930054,0.9936937093734741
hybrid_12_layers,epoch_120,120.0,tabpfn/models_diff/callback_hybrid_6hydra_6transformer_epoch_120.cpkt,16,0.9878129243850708,0.9840806722640991,0.9899898171424866,0.9850414991378784,0.9923253655433655,0.9876272678375244
hybrid_12_layers,epoch_120,120.0,tabpfn/models_diff/callback_hybrid_6hydra_6transformer_epoch_120.cpkt,18,0.9555506825447082,0.9571389555931091,0.9544139504432678,0.9580202102661133,0.950746476650238,0.957433819770813
hybrid_12_layers,epoch_120,120.0,tabpfn/models_diff/callback_hybrid_6hydra_6transformer_epoch_120.cpkt,22,0.9661127328872681,0.9586719274520874,0.971007764339447,0.9605638384819031,0.9764354228973389,0.963884711265564
hybrid_12_layers,epoch_120,120.0,tabpfn/models_diff/callback_hybrid_6hydra_6transformer_epoch_120.cpkt,23,0.7096033930778504,0.6971753835678101,0.7070289254188538,0.7029856443405151,0.7202160954475403,0.7206109166145325
hybrid_12_layers,epoch_120,120.0,tabpfn/models_diff/callback_hybrid_6hydra_6transformer_epoch_120.cpkt,29,0.9276288032531739,0.9433395266532898,0.9287707209587097,0.9136348366737366,0.9178645610809326,0.9345343708992004
hybrid_12_layers,epoch_120,120.0,tabpfn/models_diff/callback_hybrid_6hydra_6transformer_epoch_120.cpkt,31,0.7850540280342102,0.7866472601890564,0.7851850390434265,0.7753847241401672,0.7869318127632141,0.7911213040351868
hybrid_12_layers,epoch_120,120.0,tabpfn/models_diff/callback_hybrid_6hydra_6transformer_epoch_120.cpkt,37,0.8247853875160217,0.7944762110710144,0.825851559638977,0.8308081030845642,0.8250277042388916,0.8477633595466614
hybrid_12_layers,epoch_120,120.0,tabpfn/models_diff/callback_hybrid_6hydra_6transformer_epoch_120.cpkt,50,0.947244918346405,0.942800760269165,0.9526941776275635,0.9447442889213562,0.9446632266044617,0.9513221383094788
hybrid_12_layers,epoch_120,120.0,tabpfn/models_diff/callback_hybrid_6hydra_6transformer_epoch_120.cpkt,54,0.92684965133667,0.9268578886985779,0.9323265552520752,0.9324151873588562,0.9269487261772156,0.9156998991966248
hybrid_12_layers,epoch_120,120.0,tabpfn/models_diff/callback_hybrid_6hydra_6transformer_epoch_120.cpkt,188,0.9025763273239136,0.9014931917190552,0.9067239165306091,0.9000480771064758,0.9146666526794434,0.8899497985839844
hybrid_12_layers,epoch_120,120.0,tabpfn/models_diff/callback_hybrid_6hydra_6transformer_epoch_120.cpkt,458,0.999983835220337,1.0,0.999954879283905,0.9999772906303406,1.0,0.999987006187439
hybrid_12_layers,epoch_120,120.0,tabpfn/models_diff/callback_hybrid_6hydra_6transformer_epoch_120.cpkt,469,0.5851600646972657,0.5854833722114563,0.5936832427978516,0.5841297507286072,0.5738524198532104,0.5886515378952026
hybrid_12_layers,epoch_120,120.0,tabpfn/models_diff/callback_hybrid_6hydra_6transformer_epoch_120.cpkt,1049,0.9198268771171569,0.8894191384315491,0.9292528033256531,0.9271228909492493,0.9194213151931763,0.9339182376861572
hybrid_12_layers,epoch_120,120.0,tabpfn/models_diff/callback_hybrid_6hydra_6transformer_epoch_120.cpkt,1050,0.8226354479789734,0.8480511903762817,0.8287642002105713,0.8012844920158386,0.7946401238441467,0.8404372334480286
hybrid_12_layers,epoch_120,120.0,tabpfn/models_diff/callback_hybrid_6hydra_6transformer_epoch_120.cpkt,1063,0.821988296508789,0.856303334236145,0.8010426759719849,0.7871516942977905,0.8637630939483643,0.8016806840896606
hybrid_12_layers,epoch_120,120.0,tabpfn/models_diff/callback_hybrid_6hydra_6transformer_epoch_120.cpkt,1068,0.8384472489356994,0.8512102961540222,0.8873804807662964,0.7738880515098572,0.8352129459381104,0.8445444703102112
hybrid_12_layers,epoch_120,120.0,tabpfn/models_diff/callback_hybrid_6hydra_6transformer_epoch_120.cpkt,1462,1.0,1.0,1.0,1.0,1.0,1.0
hybrid_12_layers,epoch_120,120.0,tabpfn/models_diff/callback_hybrid_6hydra_6transformer_epoch_120.cpkt,1464,0.7572012305259704,0.7625144124031067,0.7347418069839478,0.7556869983673096,0.765995979309082,0.7670669555664062
hybrid_12_layers,epoch_120,120.0,tabpfn/models_diff/callback_hybrid_6hydra_6transformer_epoch_120.cpkt,1480,0.7256734013557434,0.7212696671485901,0.7270041704177856,0.751559853553772,0.7508015632629395,0.6777317523956299
hybrid_12_layers,epoch_120,120.0,tabpfn/models_diff/callback_hybrid_6hydra_6transformer_epoch_120.cpkt,1494,0.9230359435081482,0.9195974469184875,0.9378041625022888,0.9078561663627625,0.9263374209403992,0.923584520816803
hybrid_12_layers,epoch_120,120.0,tabpfn/models_diff/callback_hybrid_6hydra_6transformer_epoch_120.cpkt,1510,0.9957389831542969,0.9991667866706848,0.9960943460464478,0.9875795841217041,0.997673511505127,0.9981806874275208
hybrid_12_layers,epoch_120,120.0,tabpfn/models_diff/callback_hybrid_6hydra_6transformer_epoch_120.cpkt,6332,0.7890024423599243,0.8013467788696289,0.7636474967002869,0.8211419582366943,0.798831582069397,0.7600443959236145
hybrid_12_layers,epoch_120,120.0,tabpfn/models_diff/callback_hybrid_6hydra_6transformer_epoch_120.cpkt,23381,0.5320013880729675,0.5656565427780151,0.4761904776096344,0.6241496801376343,0.4350877106189728,0.558922529220581
hybrid_12_layers,epoch_120,120.0,tabpfn/models_diff/callback_hybrid_6hydra_6transformer_epoch_120.cpkt,40966,0.9997498273849488,0.9999725818634033,0.9995919466018677,0.9998385906219482,0.9999654293060303,0.9993805885314941
hybrid_12_layers,epoch_120,120.0,tabpfn/models_diff/callback_hybrid_6hydra_6transformer_epoch_120.cpkt,40975,0.9853703737258911,0.9875236749649048,0.9840514659881592,0.9807241559028625,0.9796217083930969,0.9949308633804321
hybrid_12_layers,epoch_120,120.0,tabpfn/models_diff/callback_hybrid_6hydra_6transformer_epoch_120.cpkt,40982,0.9429847121238708,0.9580276012420654,0.9450514316558838,0.9290784001350403,0.9542335867881775,0.9285325407981873
hybrid_12_layers,epoch_120,120.0,tabpfn/models_diff/callback_hybrid_6hydra_6transformer_epoch_120.cpkt,40994,0.942060124874115,0.940868079662323,0.9364919066429138,0.9389396905899048,0.9337736964225769,0.9602272510528564
hybrid_12_layers,epoch_140,140.0,tabpfn/models_diff/callback_hybrid_6hydra_6transformer_epoch_140.cpkt,11,0.9918732523918152,0.9956855773925781,0.9863820672035217,0.9922910928726196,0.9893702268600464,0.9956372976303101
hybrid_12_layers,epoch_140,140.0,tabpfn/models_diff/callback_hybrid_6hydra_6transformer_epoch_140.cpkt,14,0.955064594745636,0.9561269283294678,0.9553229212760925,0.9513180255889893,0.9559277892112732,0.9566273093223572
hybrid_12_layers,epoch_140,140.0,tabpfn/models_diff/callback_hybrid_6hydra_6transformer_epoch_140.cpkt,15,0.9917141914367675,0.9901577830314636,0.9901193380355835,0.9922161102294922,0.9919923543930054,0.9940853714942932
hybrid_12_layers,epoch_140,140.0,tabpfn/models_diff/callback_hybrid_6hydra_6transformer_epoch_140.cpkt,16,0.9887104392051697,0.9850218892097473,0.990829348564148,0.9869025349617004,0.9929942488670349,0.9878041744232178
hybrid_12_layers,epoch_140,140.0,tabpfn/models_diff/callback_hybrid_6hydra_6transformer_epoch_140.cpkt,18,0.955951201915741,0.9575392007827759,0.9545838832855225,0.9594096541404724,0.9501532316207886,0.9580700397491455
hybrid_12_layers,epoch_140,140.0,tabpfn/models_diff/callback_hybrid_6hydra_6transformer_epoch_140.cpkt,22,0.9678360223770142,0.960867166519165,0.9727534651756287,0.962787926197052,0.9775413274765015,0.9652302265167236
hybrid_12_layers,epoch_140,140.0,tabpfn/models_diff/callback_hybrid_6hydra_6transformer_epoch_140.cpkt,23,0.7084848880767822,0.6959269046783447,0.7059831023216248,0.7040690779685974,0.7153958082199097,0.7210495471954346
hybrid_12_layers,epoch_140,140.0,tabpfn/models_diff/callback_hybrid_6hydra_6transformer_epoch_140.cpkt,29,0.9259653210639953,0.9407570362091064,0.9264329075813293,0.9120102524757385,0.9168458580970764,0.9337805509567261
hybrid_12_layers,epoch_140,140.0,tabpfn/models_diff/callback_hybrid_6hydra_6transformer_epoch_140.cpkt,31,0.7820737481117248,0.7852899432182312,0.781710684299469,0.7711911201477051,0.784474790096283,0.787702202796936
hybrid_12_layers,epoch_140,140.0,tabpfn/models_diff/callback_hybrid_6hydra_6transformer_epoch_140.cpkt,37,0.819141972064972,0.7882454991340637,0.8199613094329834,0.8265992999076843,0.8191829919815063,0.8417207598686218
hybrid_12_layers,epoch_140,140.0,tabpfn/models_diff/callback_hybrid_6hydra_6transformer_epoch_140.cpkt,50,0.9491193056106567,0.9451127648353577,0.9526941776275635,0.9445337653160095,0.9484885931015015,0.9547672271728516
hybrid_12_layers,epoch_140,140.0,tabpfn/models_diff/callback_hybrid_6hydra_6transformer_epoch_140.cpkt,54,0.9275395154953003,0.9277357459068298,0.9341978430747986,0.9328640699386597,0.9276127219200134,0.9152871966362
hybrid_12_layers,epoch_140,140.0,tabpfn/models_diff/callback_hybrid_6hydra_6transformer_epoch_140.cpkt,188,0.9034530401229859,0.902633011341095,0.9073145389556885,0.9002658128738403,0.9154268503189087,0.8916249871253967
hybrid_12_layers,epoch_140,140.0,tabpfn/models_diff/callback_hybrid_6hydra_6transformer_epoch_140.cpkt,458,0.999983835220337,1.0,0.999954879283905,0.9999772906303406,1.0,0.999987006187439
hybrid_12_layers,epoch_140,140.0,tabpfn/models_diff/callback_hybrid_6hydra_6transformer_epoch_140.cpkt,469,0.5876702785491943,0.587431788444519,0.5950177907943726,0.5857442021369934,0.5772399306297302,0.5929176807403564
hybrid_12_layers,epoch_140,140.0,tabpfn/models_diff/callback_hybrid_6hydra_6transformer_epoch_140.cpkt,1049,0.9200448632240296,0.8848941326141357,0.9293521642684937,0.9292116165161133,0.9217846989631653,0.9349817037582397
hybrid_12_layers,epoch_140,140.0,tabpfn/models_diff/callback_hybrid_6hydra_6transformer_epoch_140.cpkt,1050,0.8205188512802124,0.8447443842887878,0.828262984752655,0.799710750579834,0.7946401238441467,0.8352360129356384
hybrid_12_layers,epoch_140,140.0,tabpfn/models_diff/callback_hybrid_6hydra_6transformer_epoch_140.cpkt,1063,0.8226249575614929,0.8569668531417847,0.8013269901275635,0.7879257202148438,0.8668118715286255,0.8000933527946472
hybrid_12_layers,epoch_140,140.0,tabpfn/models_diff/callback_hybrid_6hydra_6transformer_epoch_140.cpkt,1068,0.8384759664535523,0.8509882092475891,0.8882343173027039,0.7750285267829895,0.8336902260780334,0.8444385528564453
hybrid_12_layers,epoch_140,140.0,tabpfn/models_diff/callback_hybrid_6hydra_6transformer_epoch_140.cpkt,1462,1.0,1.0,1.0,1.0,1.0,1.0
hybrid_12_layers,epoch_140,140.0,tabpfn/models_diff/callback_hybrid_6hydra_6transformer_epoch_140.cpkt,1464,0.7579739689826965,0.7640775442123413,0.7367762327194214,0.7563965916633606,0.7659189105033875,0.7667005658149719
hybrid_12_layers,epoch_140,140.0,tabpfn/models_diff/callback_hybrid_6hydra_6transformer_epoch_140.cpkt,1480,0.7207724571228027,0.7138554453849792,0.7205746173858643,0.7518434524536133,0.7442233562469482,0.6733654141426086
hybrid_12_layers,epoch_140,140.0,tabpfn/models_diff/callback_hybrid_6hydra_6transformer_epoch_140.cpkt,1494,0.9232181906700134,0.919440746307373,0.938329815864563,0.9087650775909424,0.9264408946037292,0.9231144189834595
hybrid_12_layers,epoch_140,140.0,tabpfn/models_diff/callback_hybrid_6hydra_6transformer_epoch_140.cpkt,1510,0.9959688305854797,0.9992188811302185,0.996458888053894,0.9881488084793091,0.9977817535400391,0.998235821723938
hybrid_12_layers,epoch_140,140.0,tabpfn/models_diff/callback_hybrid_6hydra_6transformer_epoch_140.cpkt,6332,0.7887022614479064,0.8003107905387878,0.762056291103363,0.8213712573051453,0.7975088357925415,0.7622641324996948
hybrid_12_layers,epoch_140,140.0,tabpfn/models_diff/callback_hybrid_6hydra_6transformer_epoch_140.cpkt,23381,0.5259163081645966,0.5471380352973938,0.4659864008426666,0.6292517185211182,0.4333333373069763,0.5538720488548279
hybrid_12_layers,epoch_140,140.0,tabpfn/models_diff/callback_hybrid_6hydra_6transformer_epoch_140.cpkt,40966,0.9997743010520935,0.999958872795105,0.9995586276054382,0.9999545812606812,0.9999772310256958,0.9994221925735474
hybrid_12_layers,epoch_140,140.0,tabpfn/models_diff/callback_hybrid_6hydra_6transformer_epoch_140.cpkt,40975,0.9843790411949158,0.9865705966949463,0.9820840358734131,0.9794753193855286,0.9793930649757385,0.9943721890449524
hybrid_12_layers,epoch_140,140.0,tabpfn/models_diff/callback_hybrid_6hydra_6transformer_epoch_140.cpkt,40982,0.9432376623153687,0.9581893086433411,0.9461132287979126,0.9292453527450562,0.9534411430358887,0.9291992783546448
hybrid_12_layers,epoch_140,140.0,tabpfn/models_diff/callback_hybrid_6hydra_6transformer_epoch_140.cpkt,40994,0.9434017539024353,0.9438037276268005,0.9396994113922119,0.9398712515830994,0.9337736964225769,0.9598606824874878
hybrid_12_layers,epoch_160,160.0,tabpfn/models_diff/callback_hybrid_6hydra_6transformer_epoch_160.cpkt,11,0.991917634010315,0.9957509636878967,0.9860852360725403,0.9925469160079956,0.9894167184829712,0.9957883358001709
hybrid_12_layers,epoch_160,160.0,tabpfn/models_diff/callback_hybrid_6hydra_6transformer_epoch_160.cpkt,14,0.956297767162323,0.9574572443962097,0.9565561413764954,0.9522989988327026,0.9575080275535583,0.9576684236526489
hybrid_12_layers,epoch_160,160.0,tabpfn/models_diff/callback_hybrid_6hydra_6transformer_epoch_160.cpkt,15,0.9918300986289978,0.9902328848838806,0.9903093576431274,0.9921779632568359,0.9919923543930054,0.9944379329681396
hybrid_12_layers,epoch_160,160.0,tabpfn/models_diff/callback_hybrid_6hydra_6transformer_epoch_160.cpkt,16,0.9885877847671509,0.9845367670059204,0.990623950958252,0.9868943691253662,0.9929571151733398,0.987926721572876
hybrid_12_layers,epoch_160,160.0,tabpfn/models_diff/callback_hybrid_6hydra_6transformer_epoch_160.cpkt,18,0.9556654453277588,0.9575149416923523,0.9544443488121033,0.9591467976570129,0.9494844079017639,0.9577367305755615
hybrid_12_layers,epoch_160,160.0,tabpfn/models_diff/callback_hybrid_6hydra_6transformer_epoch_160.cpkt,22,0.9675488352775574,0.9610461592674255,0.9726506471633911,0.9626358151435852,0.9766151309013367,0.9647964239120483
hybrid_12_layers,epoch_160,160.0,tabpfn/models_diff/callback_hybrid_6hydra_6transformer_epoch_160.cpkt,23,0.7080767631530762,0.6956102848052979,0.7038166522979736,0.7047795653343201,0.7151616811752319,0.7210156321525574
hybrid_12_layers,epoch_160,160.0,tabpfn/models_diff/callback_hybrid_6hydra_6transformer_epoch_160.cpkt,29,0.9266868352890014,0.9418362379074097,0.927413284778595,0.9129547476768494,0.9172608852386475,0.9339690208435059
hybrid_12_layers,epoch_160,160.0,tabpfn/models_diff/callback_hybrid_6hydra_6transformer_epoch_160.cpkt,31,0.783757746219635,0.7870800495147705,0.7827280163764954,0.7735061645507812,0.7842060923576355,0.7912684082984924
hybrid_12_layers,epoch_160,160.0,tabpfn/models_diff/callback_hybrid_6hydra_6transformer_epoch_160.cpkt,37,0.819499135017395,0.7873768210411072,0.8212405443191528,0.8271104097366333,0.8201673626899719,0.8416005373001099
hybrid_12_layers,epoch_160,160.0,tabpfn/models_diff/callback_hybrid_6hydra_6transformer_epoch_160.cpkt,50,0.9500636339187623,0.9453195333480835,0.9539948105812073,0.9445528984069824,0.9500449895858765,0.9564059376716614
hybrid_12_layers,epoch_160,160.0,tabpfn/models_diff/callback_hybrid_6hydra_6transformer_epoch_160.cpkt,54,0.9281472802162171,0.929023265838623,0.9340684413909912,0.93360435962677,0.9285288453102112,0.9155114889144897
hybrid_12_layers,epoch_160,160.0,tabpfn/models_diff/callback_hybrid_6hydra_6transformer_epoch_160.cpkt,188,0.9033616065979004,0.9033524394035339,0.9079887270927429,0.900413453578949,0.9147505760192871,0.890302836894989
hybrid_12_layers,epoch_160,160.0,tabpfn/models_diff/callback_hybrid_6hydra_6transformer_epoch_160.cpkt,458,0.9999748229980469,1.0,0.9999098181724548,0.9999772906303406,1.0,0.999987006187439
hybrid_12_layers,epoch_160,160.0,tabpfn/models_diff/callback_hybrid_6hydra_6transformer_epoch_160.cpkt,469,0.5864559531211853,0.5853709578514099,0.5956203937530518,0.5860997438430786,0.5745320320129395,0.5906566381454468
hybrid_12_layers,epoch_160,160.0,tabpfn/models_diff/callback_hybrid_6hydra_6transformer_epoch_160.cpkt,1049,0.9218828916549683,0.8855304718017578,0.9303457736968994,0.9318320155143738,0.9246271252632141,0.9370790719985962
hybrid_12_layers,epoch_160,160.0,tabpfn/models_diff/callback_hybrid_6hydra_6transformer_epoch_160.cpkt,1050,0.8189441919326782,0.8430097103118896,0.8274532556533813,0.7971587777137756,0.7947723269462585,0.8323268890380859
hybrid_12_layers,epoch_160,160.0,tabpfn/models_diff/callback_hybrid_6hydra_6transformer_epoch_160.cpkt,1063,0.8201474070549011,0.8557345867156982,0.7978199124336243,0.7880976796150208,0.8574041724205017,0.8016806840896606
hybrid_12_layers,epoch_160,160.0,tabpfn/models_diff/callback_hybrid_6hydra_6transformer_epoch_160.cpkt,1068,0.8382740020751953,0.852598249912262,0.8919057250022888,0.7747805714607239,0.8276469111442566,0.8444385528564453
hybrid_12_layers,epoch_160,160.0,tabpfn/models_diff/callback_hybrid_6hydra_6transformer_epoch_160.cpkt,1462,1.0,1.0,1.0,1.0,1.0,1.0
hybrid_12_layers,epoch_160,160.0,tabpfn/models_diff/callback_hybrid_6hydra_6transformer_epoch_160.cpkt,1464,0.7592073917388916,0.7660872936248779,0.737167477607727,0.7591168880462646,0.7654178142547607,0.7682474851608276
hybrid_12_layers,epoch_160,160.0,tabpfn/models_diff/callback_hybrid_6hydra_6transformer_epoch_160.cpkt,1480,0.7208569765090942,0.7148401141166687,0.7192423343658447,0.7487804889678955,0.7465450763702393,0.674876868724823
hybrid_12_layers,epoch_160,160.0,tabpfn/models_diff/callback_hybrid_6hydra_6transformer_epoch_160.cpkt,1494,0.9229855537414551,0.9197367429733276,0.9380754828453064,0.9080448150634766,0.9261304140090942,0.9229403138160706
hybrid_12_layers,epoch_160,160.0,tabpfn/models_diff/callback_hybrid_6hydra_6transformer_epoch_160.cpkt,1510,0.9961649894714355,0.9992709755897522,0.9969275593757629,0.9887180924415588,0.997727632522583,0.9981806874275208
hybrid_12_layers,epoch_160,160.0,tabpfn/models_diff/callback_hybrid_6hydra_6transformer_epoch_160.cpkt,6332,0.7884355664253235,0.8018648028373718,0.7645043134689331,0.8204540014266968,0.7944223880767822,0.7609323263168335
hybrid_12_layers,epoch_160,160.0,tabpfn/models_diff/callback_hybrid_6hydra_6transformer_epoch_160.cpkt,23381,0.5262353956699372,0.5505050420761108,0.4642857015132904,0.6292517185211182,0.43157893419265747,0.5555555820465088
hybrid_12_layers,epoch_160,160.0,tabpfn/models_diff/callback_hybrid_6hydra_6transformer_epoch_160.cpkt,40966,0.9997480750083924,0.9999725818634033,0.9995485544204712,0.9999303221702576,0.999976396560669,0.9993125200271606
hybrid_12_layers,epoch_160,160.0,tabpfn/models_diff/callback_hybrid_6hydra_6transformer_epoch_160.cpkt,40975,0.9854175567626953,0.9863153696060181,0.9857301712036133,0.9805399775505066,0.9793724417686462,0.9951298236846924
hybrid_12_layers,epoch_160,160.0,tabpfn/models_diff/callback_hybrid_6hydra_6transformer_epoch_160.cpkt,40982,0.9438880920410156,0.9589883685112,0.9458616971969604,0.9305031299591064,0.9545878767967224,0.9294993877410889
hybrid_12_layers,epoch_160,160.0,tabpfn/models_diff/callback_hybrid_6hydra_6transformer_epoch_160.cpkt,40994,0.9437684059143067,0.9461103081703186,0.9392412304878235,0.9380081295967102,0.9347052574157715,0.9607771039009094
hybrid_12_layers,epoch_180,180.0,tabpfn/models_diff/callback_hybrid_6hydra_6transformer_epoch_180.cpkt,11,0.9922383904457093,0.996482789516449,0.9869994521141052,0.992261528968811,0.9895644783973694,0.9958837032318115
hybrid_12_layers,epoch_180,180.0,tabpfn/models_diff/callback_hybrid_6hydra_6transformer_epoch_180.cpkt,14,0.9556435227394104,0.9564545154571533,0.9558547735214233,0.9519246220588684,0.9569041728973389,0.9570795297622681
hybrid_12_layers,epoch_180,180.0,tabpfn/models_diff/callback_hybrid_6hydra_6transformer_epoch_180.cpkt,15,0.9917449474334716,0.9902328848838806,0.9901193380355835,0.9921398162841797,0.9920689463615417,0.9941637516021729
hybrid_12_layers,epoch_180,180.0,tabpfn/models_diff/callback_hybrid_6hydra_6transformer_epoch_180.cpkt,16,0.9882591366767883,0.9842914342880249,0.9904717803001404,0.9861155152320862,0.992667019367218,0.9877499341964722
hybrid_12_layers,epoch_180,180.0,tabpfn/models_diff/callback_hybrid_6hydra_6transformer_epoch_180.cpkt,18,0.9559229373931885,0.9575256109237671,0.9545954465866089,0.9593732953071594,0.9500142931938171,0.9581060409545898
hybrid_12_layers,epoch_180,180.0,tabpfn/models_diff/callback_hybrid_6hydra_6transformer_epoch_180.cpkt,22,0.967647397518158,0.9609063863754272,0.9730175137519836,0.9623091220855713,0.976966917514801,0.9650370478630066
hybrid_12_layers,epoch_180,180.0,tabpfn/models_diff/callback_hybrid_6hydra_6transformer_epoch_180.cpkt,23,0.7082035541534424,0.6959245800971985,0.7047395706176758,0.7044836282730103,0.7150288224220276,0.7208411693572998
hybrid_12_layers,epoch_180,180.0,tabpfn/models_diff/callback_hybrid_6hydra_6transformer_epoch_180.cpkt,29,0.9263452649116516,0.9413737058639526,0.9271870255470276,0.9124258756637573,0.9170345067977905,0.93370521068573
hybrid_12_layers,epoch_180,180.0,tabpfn/models_diff/callback_hybrid_6hydra_6transformer_epoch_180.cpkt,31,0.7828461766242981,0.7858997583389282,0.782574474811554,0.7721399068832397,0.7837454080581665,0.789871335029602
hybrid_12_layers,epoch_180,180.0,tabpfn/models_diff/callback_hybrid_6hydra_6transformer_epoch_180.cpkt,37,0.8171351194381714,0.7848605513572693,0.8194258809089661,0.8246151804924011,0.8173680305480957,0.8394059538841248
hybrid_12_layers,epoch_180,180.0,tabpfn/models_diff/callback_hybrid_6hydra_6transformer_epoch_180.cpkt,50,0.9506832599639893,0.9459774494171143,0.9548309445381165,0.9451462030410767,0.95079505443573,0.9566666483879089
hybrid_12_layers,epoch_180,180.0,tabpfn/models_diff/callback_hybrid_6hydra_6transformer_epoch_180.cpkt,54,0.9281620502471923,0.9287243485450745,0.9341103434562683,0.9337300658226013,0.9285039901733398,0.915741503238678
hybrid_12_layers,epoch_180,180.0,tabpfn/models_diff/callback_hybrid_6hydra_6transformer_epoch_180.cpkt,188,0.9028968930244445,0.902368426322937,0.907799482345581,0.8997646570205688,0.9143622517585754,0.8901896476745605
hybrid_12_layers,epoch_180,180.0,tabpfn/models_diff/callback_hybrid_6hydra_6transformer_epoch_180.cpkt,458,0.9999748229980469,1.0,0.9999098181724548,0.9999772906303406,1.0,0.999987006187439
hybrid_12_layers,epoch_180,180.0,tabpfn/models_diff/callback_hybrid_6hydra_6transformer_epoch_180.cpkt,469,0.5872539162635804,0.5859312415122986,0.5962061882019043,0.5860035419464111,0.5758719444274902,0.5922566652297974
hybrid_12_layers,epoch_180,180.0,tabpfn/models_diff/callback_hybrid_6hydra_6transformer_epoch_180.cpkt,1049,0.9216640591621399,0.886803150177002,0.9303789138793945,0.930426836013794,0.9247548580169678,0.9359565377235413
hybrid_12_layers,epoch_180,180.0,tabpfn/models_diff/callback_hybrid_6hydra_6transformer_epoch_180.cpkt,1050,0.8190226435661316,0.844093918800354,0.8271448016166687,0.79800945520401,0.7941993474960327,0.8316656947135925
hybrid_12_layers,epoch_180,180.0,tabpfn/models_diff/callback_hybrid_6hydra_6transformer_epoch_180.cpkt,1063,0.8207200169563293,0.8570616245269775,0.79800945520401,0.7879257202148438,0.8583623766899109,0.8022409081459045
hybrid_12_layers,epoch_180,180.0,tabpfn/models_diff/callback_hybrid_6hydra_6transformer_epoch_180.cpkt,1068,0.8396599531173706,0.8513213396072388,0.8942110538482666,0.7784499526023865,0.8294551372528076,0.8448622822761536
hybrid_12_layers,epoch_180,180.0,tabpfn/models_diff/callback_hybrid_6hydra_6transformer_epoch_180.cpkt,1462,1.0,1.0,1.0,1.0,1.0,1.0
hybrid_12_layers,epoch_180,180.0,tabpfn/models_diff/callback_hybrid_6hydra_6transformer_epoch_180.cpkt,1464,0.7583417654037475,0.7637798190116882,0.7386150360107422,0.7571851015090942,0.7659574747085571,0.766171395778656
hybrid_12_layers,epoch_180,180.0,tabpfn/models_diff/callback_hybrid_6hydra_6transformer_epoch_180.cpkt,1480,0.7205387353897095,0.7143767476081848,0.7202849984169006,0.7489506602287292,0.745715856552124,0.6733654141426086
hybrid_12_layers,epoch_180,180.0,tabpfn/models_diff/callback_hybrid_6hydra_6transformer_epoch_180.cpkt,1494,0.923123812675476,0.919754147529602,0.9382280707359314,0.9081819653511047,0.9260096549987793,0.9234452247619629
hybrid_12_layers,epoch_180,180.0,tabpfn/models_diff/callback_hybrid_6hydra_6transformer_epoch_180.cpkt,1510,0.9961865782737732,0.9992709755897522,0.9968754649162292,0.9887698888778687,0.9978358745574951,0.9981806874275208
hybrid_12_layers,epoch_180,180.0,tabpfn/models_diff/callback_hybrid_6hydra_6transformer_epoch_180.cpkt,6332,0.7886998176574707,0.8016058206558228,0.7659730911254883,0.8206833004951477,0.7954144477844238,0.759822428226471
hybrid_12_layers,epoch_180,180.0,tabpfn/models_diff/callback_hybrid_6hydra_6transformer_epoch_180.cpkt,23381,0.5235383570194244,0.5488215684890747,0.46088436245918274,0.6309523582458496,0.43157893419265747,0.5454545617103577
hybrid_12_layers,epoch_180,180.0,tabpfn/models_diff/callback_hybrid_6hydra_6transformer_epoch_180.cpkt,40966,0.9997618794441223,0.999958872795105,0.999545156955719,0.9999402761459351,0.9999881982803345,0.9993768930435181
hybrid_12_layers,epoch_180,180.0,tabpfn/models_diff/callback_hybrid_6hydra_6transformer_epoch_180.cpkt,40975,0.9849953651428223,0.9859302043914795,0.9843012690544128,0.9794608354568481,0.9796707034111023,0.9956138134002686
hybrid_12_layers,epoch_180,180.0,tabpfn/models_diff/callback_hybrid_6hydra_6transformer_epoch_180.cpkt,40982,0.9438157081604004,0.9587499499320984,0.9464781284332275,0.9302319288253784,0.9543127417564392,0.9293057918548584
hybrid_12_layers,epoch_180,180.0,tabpfn/models_diff/callback_hybrid_6hydra_6transformer_epoch_180.cpkt,40994,0.9432240843772888,0.94443279504776,0.9394245147705078,0.938854992389679,0.9331808686256409,0.9602272510528564
hybrid_12_layers,epoch_200,200.0,tabpfn/models_diff/callback_hybrid_6hydra_6transformer_epoch_200.cpkt,11,0.9922978997230529,0.996436595916748,0.9872914552688599,0.9923077821731567,0.9894017577171326,0.9960519075393677
hybrid_12_layers,epoch_200,200.0,tabpfn/models_diff/callback_hybrid_6hydra_6transformer_epoch_200.cpkt,14,0.9556372880935669,0.9564974904060364,0.9560494422912598,0.9518842101097107,0.9569169282913208,0.9568383693695068
hybrid_12_layers,epoch_200,200.0,tabpfn/models_diff/callback_hybrid_6hydra_6transformer_epoch_200.cpkt,15,0.9917259573936462,0.9901953339576721,0.9901573061943054,0.9921398162841797,0.9919540286064148,0.9941833019256592
hybrid_12_layers,epoch_200,200.0,tabpfn/models_diff/callback_hybrid_6hydra_6transformer_epoch_200.cpkt,16,0.9883887887001037,0.9844842553138733,0.9905720353126526,0.9863845705986023,0.9927482604980469,0.9877548217773438
hybrid_12_layers,epoch_200,200.0,tabpfn/models_diff/callback_hybrid_6hydra_6transformer_epoch_200.cpkt,18,0.9559673309326172,0.9576447606086731,0.9547392129898071,0.9593269228935242,0.9500480890274048,0.9580776691436768
hybrid_12_layers,epoch_200,200.0,tabpfn/models_diff/callback_hybrid_6hydra_6transformer_epoch_200.cpkt,22,0.9676033139228821,0.960986852645874,0.9728364944458008,0.9623060822486877,0.9767959713935852,0.9650911688804626
hybrid_12_layers,epoch_200,200.0,tabpfn/models_diff/callback_hybrid_6hydra_6transformer_epoch_200.cpkt,23,0.708585524559021,0.6961621642112732,0.7050742506980896,0.7051605582237244,0.7156129479408264,0.7209177017211914
hybrid_12_layers,epoch_200,200.0,tabpfn/models_diff/callback_hybrid_6hydra_6transformer_epoch_200.cpkt,29,0.9262691378593445,0.9412195682525635,0.9271492958068848,0.9123880863189697,0.9168458580970764,0.933742880821228
hybrid_12_layers,epoch_200,200.0,tabpfn/models_diff/callback_hybrid_6hydra_6transformer_epoch_200.cpkt,31,0.782732117176056,0.7860374450683594,0.7822097539901733,0.7718742489814758,0.7836494445800781,0.7898896932601929
hybrid_12_layers,epoch_200,200.0,tabpfn/models_diff/callback_hybrid_6hydra_6transformer_epoch_200.cpkt,37,0.8168656587600708,0.7846209406852722,0.8189201354980469,0.8243746757507324,0.8173372745513916,0.8390752673149109
hybrid_12_layers,epoch_200,200.0,tabpfn/models_diff/callback_hybrid_6hydra_6transformer_epoch_200.cpkt,50,0.9505160808563232,0.945827066898346,0.954440712928772,0.944907009601593,0.9507575631141663,0.956648051738739
hybrid_12_layers,epoch_200,200.0,tabpfn/models_diff/callback_hybrid_6hydra_6transformer_epoch_200.cpkt,54,0.928108298778534,0.9287301301956177,0.9339404702186584,0.9337698817253113,0.9283259510993958,0.9157750606536865
hybrid_12_layers,epoch_200,200.0,tabpfn/models_diff/callback_hybrid_6hydra_6transformer_epoch_200.cpkt,188,0.9031816363334656,0.9024364352226257,0.9079734683036804,0.9001820087432861,0.9147533178329468,0.8905629515647888
hybrid_12_layers,epoch_200,200.0,tabpfn/models_diff/callback_hybrid_6hydra_6transformer_epoch_200.cpkt,458,0.9999748229980469,1.0,0.9999098181724548,0.9999772906303406,1.0,0.999987006187439
hybrid_12_layers,epoch_200,200.0,tabpfn/models_diff/callback_hybrid_6hydra_6transformer_epoch_200.cpkt,469,0.5869657516479492,0.5853620171546936,0.5960840582847595,0.5855089426040649,0.5756615400314331,0.5922122001647949
hybrid_12_layers,epoch_200,200.0,tabpfn/models_diff/callback_hybrid_6hydra_6transformer_epoch_200.cpkt,1049,0.9217220902442932,0.8870505690574646,0.93044513463974,0.9304648041725159,0.9247229695320129,0.9359269738197327
hybrid_12_layers,epoch_200,200.0,tabpfn/models_diff/callback_hybrid_6hydra_6transformer_epoch_200.cpkt,1050,0.8195069909095765,0.8450154662132263,0.8276845812797546,0.7982646226882935,0.7949486374855042,0.8316216468811035
hybrid_12_layers,epoch_200,200.0,tabpfn/models_diff/callback_hybrid_6hydra_6transformer_epoch_200.cpkt,1063,0.8212258100509644,0.8576303124427795,0.800000011920929,0.7878397107124329,0.8588849902153015,0.8017740249633789
hybrid_12_layers,epoch_200,200.0,tabpfn/models_diff/callback_hybrid_6hydra_6transformer_epoch_200.cpkt,1068,0.8394174933433532,0.8525427579879761,0.8922472596168518,0.7768632173538208,0.8298833966255188,0.8455508351325989
hybrid_12_layers,epoch_200,200.0,tabpfn/models_diff/callback_hybrid_6hydra_6transformer_epoch_200.cpkt,1462,1.0,1.0,1.0,1.0,1.0,1.0
hybrid_12_layers,epoch_200,200.0,tabpfn/models_diff/callback_hybrid_6hydra_6transformer_epoch_200.cpkt,1464,0.7586669206619263,0.7645614147186279,0.7384194135665894,0.7584860920906067,0.765533447265625,0.7663342356681824
hybrid_12_layers,epoch_200,200.0,tabpfn/models_diff/callback_hybrid_6hydra_6transformer_epoch_200.cpkt,1480,0.7200353264808654,0.7137975096702576,0.7191844582557678,0.7483834624290466,0.7449419498443604,0.673869252204895
hybrid_12_layers,epoch_200,200.0,tabpfn/models_diff/callback_hybrid_6hydra_6transformer_epoch_200.cpkt,1494,0.9230960369110107,0.9197367429733276,0.9382110834121704,0.9082677364349365,0.9258716106414795,0.9233930110931396
hybrid_12_layers,epoch_200,200.0,tabpfn/models_diff/callback_hybrid_6hydra_6transformer_epoch_200.cpkt,1510,0.9961647391319275,0.9992709755897522,0.9968754649162292,0.9887698888778687,0.9977817535400391,0.9981256127357483
hybrid_12_layers,epoch_200,200.0,tabpfn/models_diff/callback_hybrid_6hydra_6transformer_epoch_200.cpkt,6332,0.7880804777145386,0.8018648028373718,0.7659730911254883,0.8195368051528931,0.7938712239265442,0.7591564655303955
hybrid_12_layers,epoch_200,200.0,tabpfn/models_diff/callback_hybrid_6hydra_6transformer_epoch_200.cpkt,23381,0.5248954653739929,0.5488215684890747,0.4693877696990967,0.6275510191917419,0.43157893419265747,0.5471380352973938
hybrid_12_layers,epoch_200,200.0,tabpfn/models_diff/callback_hybrid_6hydra_6transformer_epoch_200.cpkt,40966,0.999764621257782,0.9999725818634033,0.999545156955719,0.9999402761459351,0.9999881982803345,0.9993768930435181
hybrid_12_layers,epoch_200,200.0,tabpfn/models_diff/callback_hybrid_6hydra_6transformer_epoch_200.cpkt,40975,0.9852082014083863,0.9859910607337952,0.984486997127533,0.9800964593887329,0.9795520305633545,0.9959144592285156
hybrid_12_layers,epoch_200,200.0,tabpfn/models_diff/callback_hybrid_6hydra_6transformer_epoch_200.cpkt,40982,0.9438578486442566,0.9587525725364685,0.9463000297546387,0.9302546381950378,0.9545485973358154,0.9294334053993225
hybrid_12_layers,epoch_200,200.0,tabpfn/models_diff/callback_hybrid_6hydra_6transformer_epoch_200.cpkt,40994,0.9431098103523254,0.9445376396179199,0.9383248090744019,0.9391937851905823,0.9332655668258667,0.9602272510528564
hybrid_12_layers,final,,tabpfn/models_diff/hybrid_6hydra_6transformer_12l.cpkt,11,0.9922978997230529,0.996436595916748,0.9872914552688599,0.9923077821731567,0.9894017577171326,0.9960519075393677
hybrid_12_layers,final,,tabpfn/models_diff/hybrid_6hydra_6transformer_12l.cpkt,14,0.9556372880935669,0.9564974904060364,0.9560494422912598,0.9518842101097107,0.9569169282913208,0.9568383693695068
hybrid_12_layers,final,,tabpfn/models_diff/hybrid_6hydra_6transformer_12l.cpkt,15,0.9917259573936462,0.9901953339576721,0.9901573061943054,0.9921398162841797,0.9919540286064148,0.9941833019256592
hybrid_12_layers,final,,tabpfn/models_diff/hybrid_6hydra_6transformer_12l.cpkt,16,0.9883887887001037,0.9844842553138733,0.9905720353126526,0.9863845705986023,0.9927482604980469,0.9877548217773438
hybrid_12_layers,final,,tabpfn/models_diff/hybrid_6hydra_6transformer_12l.cpkt,18,0.9559673309326172,0.9576447606086731,0.9547392129898071,0.9593269228935242,0.9500480890274048,0.9580776691436768
hybrid_12_layers,final,,tabpfn/models_diff/hybrid_6hydra_6transformer_12l.cpkt,22,0.9676033139228821,0.960986852645874,0.9728364944458008,0.9623060822486877,0.9767959713935852,0.9650911688804626
hybrid_12_layers,final,,tabpfn/models_diff/hybrid_6hydra_6transformer_12l.cpkt,23,0.708585524559021,0.6961621642112732,0.7050742506980896,0.7051605582237244,0.7156129479408264,0.7209177017211914
hybrid_12_layers,final,,tabpfn/models_diff/hybrid_6hydra_6transformer_12l.cpkt,29,0.9262691378593445,0.9412195682525635,0.9271492958068848,0.9123880863189697,0.9168458580970764,0.933742880821228
hybrid_12_layers,final,,tabpfn/models_diff/hybrid_6hydra_6transformer_12l.cpkt,31,0.782732117176056,0.7860374450683594,0.7822097539901733,0.7718742489814758,0.7836494445800781,0.7898896932601929
hybrid_12_layers,final,,tabpfn/models_diff/hybrid_6hydra_6transformer_12l.cpkt,37,0.8168656587600708,0.7846209406852722,0.8189201354980469,0.8243746757507324,0.8173372745513916,0.8390752673149109
hybrid_12_layers,final,,tabpfn/models_diff/hybrid_6hydra_6transformer_12l.cpkt,50,0.9505160808563232,0.945827066898346,0.954440712928772,0.944907009601593,0.9507575631141663,0.956648051738739
hybrid_12_layers,final,,tabpfn/models_diff/hybrid_6hydra_6transformer_12l.cpkt,54,0.928108298778534,0.9287301301956177,0.9339404702186584,0.9337698817253113,0.9283259510993958,0.9157750606536865
hybrid_12_layers,final,,tabpfn/models_diff/hybrid_6hydra_6transformer_12l.cpkt,188,0.9031816363334656,0.9024364352226257,0.9079734683036804,0.9001820087432861,0.9147533178329468,0.8905629515647888
hybrid_12_layers,final,,tabpfn/models_diff/hybrid_6hydra_6transformer_12l.cpkt,458,0.9999748229980469,1.0,0.9999098181724548,0.9999772906303406,1.0,0.999987006187439
hybrid_12_layers,final,,tabpfn/models_diff/hybrid_6hydra_6transformer_12l.cpkt,469,0.5869657516479492,0.5853620171546936,0.5960840582847595,0.5855089426040649,0.5756615400314331,0.5922122001647949
hybrid_12_layers,final,,tabpfn/models_diff/hybrid_6hydra_6transformer_12l.cpkt,1049,0.9217220902442932,0.8870505690574646,0.93044513463974,0.9304648041725159,0.9247229695320129,0.9359269738197327
hybrid_12_layers,final,,tabpfn/models_diff/hybrid_6hydra_6transformer_12l.cpkt,1050,0.8195069909095765,0.8450154662132263,0.8276845812797546,0.7982646226882935,0.7949486374855042,0.8316216468811035
hybrid_12_layers,final,,tabpfn/models_diff/hybrid_6hydra_6transformer_12l.cpkt,1063,0.8212258100509644,0.8576303124427795,0.800000011920929,0.7878397107124329,0.8588849902153015,0.8017740249633789
hybrid_12_layers,final,,tabpfn/models_diff/hybrid_6hydra_6transformer_12l.cpkt,1068,0.8394174933433532,0.8525427579879761,0.8922472596168518,0.7768632173538208,0.8298833966255188,0.8455508351325989
hybrid_12_layers,final,,tabpfn/models_diff/hybrid_6hydra_6transformer_12l.cpkt,1462,1.0,1.0,1.0,1.0,1.0,1.0
hybrid_12_layers,final,,tabpfn/models_diff/hybrid_6hydra_6transformer_12l.cpkt,1464,0.7586669206619263,0.7645614147186279,0.7384194135665894,0.7584860920906067,0.765533447265625,0.7663342356681824
hybrid_12_layers,final,,tabpfn/models_diff/hybrid_6hydra_6transformer_12l.cpkt,1480,0.7200353264808654,0.7137975096702576,0.7191844582557678,0.7483834624290466,0.7449419498443604,0.673869252204895
hybrid_12_layers,final,,tabpfn/models_diff/hybrid_6hydra_6transformer_12l.cpkt,1494,0.9230960369110107,0.9197367429733276,0.9382110834121704,0.9082677364349365,0.9258716106414795,0.9233930110931396
hybrid_12_layers,final,,tabpfn/models_diff/hybrid_6hydra_6transformer_12l.cpkt,1510,0.9961647391319275,0.9992709755897522,0.9968754649162292,0.9887698888778687,0.9977817535400391,0.9981256127357483
hybrid_12_layers,final,,tabpfn/models_diff/hybrid_6hydra_6transformer_12l.cpkt,6332,0.7880804777145386,0.8018648028373718,0.7659730911254883,0.8195368051528931,0.7938712239265442,0.7591564655303955
hybrid_12_layers,final,,tabpfn/models_diff/hybrid_6hydra_6transformer_12l.cpkt,23381,0.5248954653739929,0.5488215684890747,0.4693877696990967,0.6275510191917419,0.43157893419265747,0.5471380352973938
hybrid_12_layers,final,,tabpfn/models_diff/hybrid_6hydra_6transformer_12l.cpkt,40966,0.999764621257782,0.9999725818634033,0.999545156955719,0.9999402761459351,0.9999881982803345,0.9993768930435181
hybrid_12_layers,final,,tabpfn/models_diff/hybrid_6hydra_6transformer_12l.cpkt,40975,0.9852082014083863,0.9859910607337952,0.984486997127533,0.9800964593887329,0.9795520305633545,0.9959144592285156
hybrid_12_layers,final,,tabpfn/models_diff/hybrid_6hydra_6transformer_12l.cpkt,40982,0.9438578486442566,0.9587525725364685,0.9463000297546387,0.9302546381950378,0.9545485973358154,0.9294334053993225
hybrid_12_layers,final,,tabpfn/models_diff/hybrid_6hydra_6transformer_12l.cpkt,40994,0.9431098103523254,0.9445376396179199,0.9383248090744019,0.9391937851905823,0.9332655668258667,0.9602272510528564
