model,checkpoint,epoch,path,did,mean_metric,mean_inference_time_seconds,split_1_metric,split_1_inference_time_seconds,split_2_metric,split_2_inference_time_seconds,split_3_metric,split_3_inference_time_seconds,split_4_metric,split_4_inference_time_seconds,split_5_metric,split_5_inference_time_seconds
hydra_tabpfn_hybrid_12l_512e_lr1e4,epoch_20,20.0,tabpfn/models_diff/callback_hydra_tabpfn_hybrid_12_layers_512e_lr0p0001_epoch_20.cpkt,11,0.9842897176742553,1.1509629249572755,0.9867262244224548,5.692444801330566,0.9793257117271423,0.015778779983520508,0.9830489158630371,0.01610422134399414,0.9820581078529358,0.01605987548828125,0.9902896285057068,0.014426946640014648
hydra_tabpfn_hybrid_12l_512e_lr1e4,epoch_20,20.0,tabpfn/models_diff/callback_hydra_tabpfn_hybrid_12_layers_512e_lr0p0001_epoch_20.cpkt,14,0.9490359663963318,0.014654397964477539,0.9485109448432922,0.014744043350219727,0.953356146812439,0.014737844467163086,0.9443848133087158,0.014802932739257812,0.9514203667640686,0.01436614990234375,0.9475075602531433,0.01462101936340332
hydra_tabpfn_hybrid_12l_512e_lr1e4,epoch_20,20.0,tabpfn/models_diff/callback_hydra_tabpfn_hybrid_12_layers_512e_lr0p0001_epoch_20.cpkt,15,0.9926877856254578,0.01772198677062988,0.9906085729598999,0.03192615509033203,0.991677463054657,0.01430368423461914,0.9922542572021484,0.014164447784423828,0.9937164783477783,0.014108419418334961,0.9951821565628052,0.014107227325439453
hydra_tabpfn_hybrid_12l_512e_lr1e4,epoch_20,20.0,tabpfn/models_diff/callback_hydra_tabpfn_hybrid_12_layers_512e_lr0p0001_epoch_20.cpkt,16,0.9862053632736206,0.014749097824096679,0.9798729419708252,0.01438593864440918,0.9903425574302673,0.015105962753295898,0.9850481152534485,0.014962434768676758,0.9928188323974609,0.014760971069335938,0.9829443693161011,0.014530181884765625
hydra_tabpfn_hybrid_12l_512e_lr1e4,epoch_20,20.0,tabpfn/models_diff/callback_hydra_tabpfn_hybrid_12_layers_512e_lr0p0001_epoch_20.cpkt,18,0.9514561176300049,0.014573812484741211,0.9553545713424683,0.014585733413696289,0.9499993920326233,0.014475345611572266,0.9497689008712769,0.014765262603759766,0.9463372826576233,0.014499664306640625,0.9558204412460327,0.01454305648803711
hydra_tabpfn_hybrid_12l_512e_lr1e4,epoch_20,20.0,tabpfn/models_diff/callback_hydra_tabpfn_hybrid_12_layers_512e_lr0p0001_epoch_20.cpkt,22,0.9644367575645447,0.014866256713867187,0.9541068077087402,0.014432907104492188,0.9714513421058655,0.014729022979736328,0.9609234929084778,0.015205621719360352,0.9728337526321411,0.015109777450561523,0.9628683924674988,0.014853954315185547
hydra_tabpfn_hybrid_12l_512e_lr1e4,epoch_20,20.0,tabpfn/models_diff/callback_hydra_tabpfn_hybrid_12_layers_512e_lr0p0001_epoch_20.cpkt,23,0.7035681724548339,0.014937162399291992,0.6964620351791382,0.01668691635131836,0.7013389468193054,0.014731407165527344,0.6961649060249329,0.014486312866210938,0.709804117679596,0.014431476593017578,0.7140708565711975,0.014349699020385742
hydra_tabpfn_hybrid_12l_512e_lr1e4,epoch_20,20.0,tabpfn/models_diff/callback_hydra_tabpfn_hybrid_12_layers_512e_lr0p0001_epoch_20.cpkt,29,0.9300650119781494,0.01425175666809082,0.9449198246002197,0.01463627815246582,0.9380467534065247,0.014225959777832031,0.9154482483863831,0.014080047607421875,0.919109582901001,0.014098882675170898,0.9328006505966187,0.014217615127563477
hydra_tabpfn_hybrid_12l_512e_lr1e4,epoch_20,20.0,tabpfn/models_diff/callback_hydra_tabpfn_hybrid_12_layers_512e_lr0p0001_epoch_20.cpkt,31,0.7843839883804321,0.015177488327026367,0.7861948013305664,0.014766216278076172,0.7801558375358582,0.015265703201293945,0.7793886065483093,0.016289949417114258,0.7882946729660034,0.014935493469238281,0.7878860235214233,0.01463007926940918
hydra_tabpfn_hybrid_12l_512e_lr1e4,epoch_20,20.0,tabpfn/models_diff/callback_hydra_tabpfn_hybrid_12_layers_512e_lr0p0001_epoch_20.cpkt,37,0.8284531354904174,0.014145708084106446,0.7995985746383667,0.014611482620239258,0.8256433010101318,0.014092206954956055,0.836730420589447,0.014045476913452148,0.8257659673690796,0.01398015022277832,0.8545274138450623,0.013999223709106445
hydra_tabpfn_hybrid_12l_512e_lr1e4,epoch_20,20.0,tabpfn/models_diff/callback_hydra_tabpfn_hybrid_12_layers_512e_lr0p0001_epoch_20.cpkt,50,0.9102046608924865,0.01500082015991211,0.9063345789909363,0.014529705047607422,0.9141954779624939,0.014698505401611328,0.9147718548774719,0.014790058135986328,0.8984960913658142,0.015144586563110352,0.9172253012657166,0.015841245651245117
hydra_tabpfn_hybrid_12l_512e_lr1e4,epoch_20,20.0,tabpfn/models_diff/callback_hydra_tabpfn_hybrid_12_layers_512e_lr0p0001_epoch_20.cpkt,54,0.9279645681381226,0.01603531837463379,0.9328452944755554,0.02295541763305664,0.934932291507721,0.014372587203979492,0.9262015223503113,0.014262914657592773,0.929154634475708,0.014347553253173828,0.9166890978813171,0.014238119125366211
hydra_tabpfn_hybrid_12l_512e_lr1e4,epoch_20,20.0,tabpfn/models_diff/callback_hydra_tabpfn_hybrid_12_layers_512e_lr0p0001_epoch_20.cpkt,188,0.9020535826683045,0.015211915969848633,0.9025348424911499,0.014617681503295898,0.9051405191421509,0.014287948608398438,0.9003238677978516,0.014383077621459961,0.9122729301452637,0.01747727394104004,0.8899957537651062,0.015293598175048828
hydra_tabpfn_hybrid_12l_512e_lr1e4,epoch_20,20.0,tabpfn/models_diff/callback_hydra_tabpfn_hybrid_12_layers_512e_lr0p0001_epoch_20.cpkt,458,0.9998840451240539,0.014808845520019532,0.9999892115592957,0.015746593475341797,0.9999220371246338,0.014458179473876953,0.9997135996818542,0.014830589294433594,0.9999465942382812,0.014528751373291016,0.9998487830162048,0.014480113983154297
hydra_tabpfn_hybrid_12l_512e_lr1e4,epoch_20,20.0,tabpfn/models_diff/callback_hydra_tabpfn_hybrid_12_layers_512e_lr0p0001_epoch_20.cpkt,469,0.58484365940094,0.014477062225341796,0.5806753635406494,0.01471400260925293,0.5886693596839905,0.014461994171142578,0.5758384466171265,0.014313220977783203,0.5819309949874878,0.014320611953735352,0.5971041321754456,0.014575481414794922
hydra_tabpfn_hybrid_12l_512e_lr1e4,epoch_20,20.0,tabpfn/models_diff/callback_hydra_tabpfn_hybrid_12_layers_512e_lr0p0001_epoch_20.cpkt,1049,0.9097166776657104,0.014681148529052734,0.8935199975967407,0.01470804214477539,0.9226285219192505,0.014768123626708984,0.9131854772567749,0.014956474304199219,0.8989492654800415,0.014475822448730469,0.9203001260757446,0.01449728012084961
hydra_tabpfn_hybrid_12l_512e_lr1e4,epoch_20,20.0,tabpfn/models_diff/callback_hydra_tabpfn_hybrid_12_layers_512e_lr0p0001_epoch_20.cpkt,1050,0.8155347466468811,0.014612817764282226,0.8437144160270691,0.014591217041015625,0.826335072517395,0.014492273330688477,0.7963931560516357,0.015113115310668945,0.7819015383720398,0.014473438262939453,0.8293295502662659,0.014394044876098633
hydra_tabpfn_hybrid_12l_512e_lr1e4,epoch_20,20.0,tabpfn/models_diff/callback_hydra_tabpfn_hybrid_12_layers_512e_lr0p0001_epoch_20.cpkt,1063,0.8173042893409729,0.014483976364135741,0.8632227778434753,0.014771699905395508,0.7907109260559082,0.014468669891357422,0.7914516925811768,0.014382362365722656,0.8356271982192993,0.014434814453125,0.8055088520050049,0.014362335205078125
hydra_tabpfn_hybrid_12l_512e_lr1e4,epoch_20,20.0,tabpfn/models_diff/callback_hydra_tabpfn_hybrid_12_layers_512e_lr0p0001_epoch_20.cpkt,1068,0.8460871934890747,0.014388370513916015,0.8606484532356262,0.014379739761352539,0.8843066692352295,0.014371871948242188,0.7868795394897461,0.014390230178833008,0.8479657173156738,0.014400720596313477,0.8506355881690979,0.014399290084838867
hydra_tabpfn_hybrid_12l_512e_lr1e4,epoch_20,20.0,tabpfn/models_diff/callback_hydra_tabpfn_hybrid_12_layers_512e_lr0p0001_epoch_20.cpkt,1462,1.0,0.014304828643798829,1.0,0.014347314834594727,1.0,0.014299869537353516,1.0,0.014291048049926758,1.0,0.014291524887084961,1.0,0.01429438591003418
hydra_tabpfn_hybrid_12l_512e_lr1e4,epoch_20,20.0,tabpfn/models_diff/callback_hydra_tabpfn_hybrid_12_layers_512e_lr0p0001_epoch_20.cpkt,1464,0.7548346638679504,0.014156198501586914,0.7614723443984985,0.01430368423461914,0.7329812049865723,0.014297008514404297,0.7464616894721985,0.014073371887207031,0.7617946267127991,0.014060735702514648,0.7714634537696838,0.014046192169189453
hydra_tabpfn_hybrid_12l_512e_lr1e4,epoch_20,20.0,tabpfn/models_diff/callback_hydra_tabpfn_hybrid_12_layers_512e_lr0p0001_epoch_20.cpkt,1480,0.7254884958267211,0.014376640319824219,0.7173308730125427,0.014522790908813477,0.7307112812995911,0.014463424682617188,0.7477027773857117,0.014277458190917969,0.7573245167732239,0.014318704605102539,0.6743730306625366,0.014300823211669922
hydra_tabpfn_hybrid_12l_512e_lr1e4,epoch_20,20.0,tabpfn/models_diff/callback_hydra_tabpfn_hybrid_12_layers_512e_lr0p0001_epoch_20.cpkt,1494,0.9219769597053528,0.014666223526000976,0.9182916879653931,0.014433622360229492,0.9364476203918457,0.015414953231811523,0.9042547941207886,0.014493227005004883,0.927010178565979,0.014533042907714844,0.9238805174827576,0.01445627212524414
hydra_tabpfn_hybrid_12l_512e_lr1e4,epoch_20,20.0,tabpfn/models_diff/callback_hydra_tabpfn_hybrid_12_layers_512e_lr0p0001_epoch_20.cpkt,1510,0.9961793541908264,0.015236663818359374,0.9991667866706848,0.014760732650756836,0.9968234300613403,0.014292716979980469,0.9894943833351135,0.014379024505615234,0.997727632522583,0.015565872192382812,0.9976845383644104,0.017184972763061523
hydra_tabpfn_hybrid_12l_512e_lr1e4,epoch_20,20.0,tabpfn/models_diff/callback_hydra_tabpfn_hybrid_12_layers_512e_lr0p0001_epoch_20.cpkt,6332,0.7884505271911622,0.0149658203125,0.8026418089866638,0.01642918586730957,0.7716034054756165,0.01618027687072754,0.8238936066627502,0.014095783233642578,0.7989417910575867,0.014055967330932617,0.7451720237731934,0.014067888259887695
hydra_tabpfn_hybrid_12l_512e_lr1e4,epoch_20,20.0,tabpfn/models_diff/callback_hydra_tabpfn_hybrid_12_layers_512e_lr0p0001_epoch_20.cpkt,23381,0.5247322082519531,0.014972829818725586,0.5757575631141663,0.018932104110717773,0.4710884392261505,0.014361858367919922,0.6292517185211182,0.013787984848022461,0.410526305437088,0.013796567916870117,0.5370370149612427,0.013985633850097656
hydra_tabpfn_hybrid_12l_512e_lr1e4,epoch_20,20.0,tabpfn/models_diff/callback_hydra_tabpfn_hybrid_12_layers_512e_lr0p0001_epoch_20.cpkt,40966,0.9988858580589295,0.014451169967651367,0.9993512034416199,0.014606475830078125,0.999527096748352,0.014348745346069336,0.9991841316223145,0.014313459396362305,0.998496949672699,0.014477014541625977,0.9978699088096619,0.014510154724121094
hydra_tabpfn_hybrid_12l_512e_lr1e4,epoch_20,20.0,tabpfn/models_diff/callback_hydra_tabpfn_hybrid_12_layers_512e_lr0p0001_epoch_20.cpkt,40975,0.976536500453949,0.016644811630249022,0.9722022414207458,0.02516317367553711,0.9854039549827576,0.014785528182983398,0.9761331081390381,0.014361381530761719,0.9606032967567444,0.014356374740600586,0.988339900970459,0.014557600021362305
hydra_tabpfn_hybrid_12l_512e_lr1e4,epoch_20,20.0,tabpfn/models_diff/callback_hydra_tabpfn_hybrid_12_layers_512e_lr0p0001_epoch_20.cpkt,40982,0.9355055928230286,0.014582681655883788,0.9504142999649048,0.01457834243774414,0.9414035081863403,0.014441728591918945,0.9244887232780457,0.01481485366821289,0.9442821145057678,0.014602184295654297,0.9169393181800842,0.014476299285888672
hydra_tabpfn_hybrid_12l_512e_lr1e4,epoch_20,20.0,tabpfn/models_diff/callback_hydra_tabpfn_hybrid_12_layers_512e_lr0p0001_epoch_20.cpkt,40994,0.9312597513198853,0.014505147933959961,0.927238404750824,0.014733076095581055,0.9224706888198853,0.01462101936340332,0.9375,0.014520645141601562,0.9224254488945007,0.014348268508911133,0.9466642141342163,0.014302730560302734
hydra_tabpfn_hybrid_12l_512e_lr1e4,epoch_40,40.0,tabpfn/models_diff/callback_hydra_tabpfn_hybrid_12_layers_512e_lr0p0001_epoch_40.cpkt,11,0.9953340888023376,0.015804052352905273,0.9995511770248413,0.019579648971557617,0.9944177865982056,0.015793800354003906,0.9944625496864319,0.014360189437866211,0.9903403520584106,0.01495051383972168,0.9978985786437988,0.014336109161376953
hydra_tabpfn_hybrid_12l_512e_lr1e4,epoch_40,40.0,tabpfn/models_diff/callback_hydra_tabpfn_hybrid_12_layers_512e_lr0p0001_epoch_40.cpkt,14,0.9629716873168945,0.014874839782714843,0.9611330032348633,0.0168912410736084,0.9650991559028625,0.014426231384277344,0.9606919288635254,0.014383077621459961,0.9660512804985046,0.014362096786499023,0.9618830680847168,0.014311552047729492
hydra_tabpfn_hybrid_12l_512e_lr1e4,epoch_40,40.0,tabpfn/models_diff/callback_hydra_tabpfn_hybrid_12_layers_512e_lr0p0001_epoch_40.cpkt,15,0.9926042079925537,0.014162158966064453,0.991885781288147,0.014249563217163086,0.9928554892539978,0.014149188995361328,0.9919490218162537,0.014164209365844727,0.9911877512931824,0.014122486114501953,0.9951429963111877,0.014125347137451172
hydra_tabpfn_hybrid_12l_512e_lr1e4,epoch_40,40.0,tabpfn/models_diff/callback_hydra_tabpfn_hybrid_12_layers_512e_lr0p0001_epoch_40.cpkt,16,0.9931202292442322,0.014605569839477538,0.9913094639778137,0.014521598815917969,0.9953150749206543,0.014395713806152344,0.9915218353271484,0.014927864074707031,0.9963040947914124,0.014700889587402344,0.9911506772041321,0.014481782913208008
hydra_tabpfn_hybrid_12l_512e_lr1e4,epoch_40,40.0,tabpfn/models_diff/callback_hydra_tabpfn_hybrid_12_layers_512e_lr0p0001_epoch_40.cpkt,18,0.9595070600509643,0.014511632919311523,0.9600229859352112,0.01460886001586914,0.9603787064552307,0.014550209045410156,0.9576900601387024,0.014512300491333008,0.9584081768989563,0.01456451416015625,0.9610353708267212,0.014322280883789062
hydra_tabpfn_hybrid_12l_512e_lr1e4,epoch_40,40.0,tabpfn/models_diff/callback_hydra_tabpfn_hybrid_12_layers_512e_lr0p0001_epoch_40.cpkt,22,0.9768503785133362,0.014583778381347657,0.9720144867897034,0.014345407485961914,0.9797227382659912,0.014548301696777344,0.9754902720451355,0.014795541763305664,0.9793419241905212,0.01470184326171875,0.9776824712753296,0.01452779769897461
hydra_tabpfn_hybrid_12l_512e_lr1e4,epoch_40,40.0,tabpfn/models_diff/callback_hydra_tabpfn_hybrid_12_layers_512e_lr0p0001_epoch_40.cpkt,23,0.7121680855751038,0.015273046493530274,0.7054021954536438,0.014344930648803711,0.7114483714103699,0.014588117599487305,0.7107313275337219,0.01433706283569336,0.7131519913673401,0.015956640243530273,0.7201065421104431,0.01713848114013672
hydra_tabpfn_hybrid_12l_512e_lr1e4,epoch_40,40.0,tabpfn/models_diff/callback_hydra_tabpfn_hybrid_12_layers_512e_lr0p0001_epoch_40.cpkt,29,0.9301483750343322,0.014229345321655273,0.9411810040473938,0.014171361923217773,0.9351432919502258,0.014362096786499023,0.9196796417236328,0.014162063598632812,0.9200528264045715,0.014133214950561523,0.9346851110458374,0.014317989349365234
hydra_tabpfn_hybrid_12l_512e_lr1e4,epoch_40,40.0,tabpfn/models_diff/callback_hydra_tabpfn_hybrid_12_layers_512e_lr0p0001_epoch_40.cpkt,31,0.7838378190994263,0.014522075653076172,0.7878078818321228,0.01450800895690918,0.7769694328308105,0.014855146408081055,0.7784398198127747,0.014379024505615234,0.7824977040290833,0.014373540878295898,0.7934742569923401,0.014494657516479492
hydra_tabpfn_hybrid_12l_512e_lr1e4,epoch_40,40.0,tabpfn/models_diff/callback_hydra_tabpfn_hybrid_12_layers_512e_lr0p0001_epoch_40.cpkt,37,0.8216735124588013,0.014155292510986328,0.7941766977310181,0.013982057571411133,0.8305518627166748,0.014093160629272461,0.8219396471977234,0.014314651489257812,0.8211209774017334,0.014127492904663086,0.8405783772468567,0.014259099960327148
hydra_tabpfn_hybrid_12l_512e_lr1e4,epoch_40,40.0,tabpfn/models_diff/callback_hydra_tabpfn_hybrid_12_layers_512e_lr0p0001_epoch_40.cpkt,50,0.9066462755203247,0.014475250244140625,0.9083458781242371,0.014590740203857422,0.9062802195549011,0.01430368423461914,0.9044939279556274,0.014358282089233398,0.9053217768669128,0.014236211776733398,0.9087895750999451,0.014887332916259766
hydra_tabpfn_hybrid_12l_512e_lr1e4,epoch_40,40.0,tabpfn/models_diff/callback_hydra_tabpfn_hybrid_12_layers_512e_lr0p0001_epoch_40.cpkt,54,0.9354664802551269,0.014486312866210938,0.9347698092460632,0.014759540557861328,0.9437227845191956,0.014498710632324219,0.9393088817596436,0.014270782470703125,0.9339538812637329,0.01439809799194336,0.9255770444869995,0.014504432678222656
hydra_tabpfn_hybrid_12l_512e_lr1e4,epoch_40,40.0,tabpfn/models_diff/callback_hydra_tabpfn_hybrid_12_layers_512e_lr0p0001_epoch_40.cpkt,188,0.9091238260269165,0.014461421966552734,0.9093810319900513,0.014707326889038086,0.9123062491416931,0.014523983001708984,0.9126160144805908,0.014325618743896484,0.9168602228164673,0.014322996139526367,0.89445561170578,0.01442718505859375
hydra_tabpfn_hybrid_12l_512e_lr1e4,epoch_40,40.0,tabpfn/models_diff/callback_hydra_tabpfn_hybrid_12_layers_512e_lr0p0001_epoch_40.cpkt,458,0.9999455213546753,0.014458417892456055,1.0,0.014643669128417969,0.999949038028717,0.014595746994018555,0.9999037384986877,0.014469623565673828,1.0,0.014282703399658203,0.9998748302459717,0.014300346374511719
hydra_tabpfn_hybrid_12l_512e_lr1e4,epoch_40,40.0,tabpfn/models_diff/callback_hydra_tabpfn_hybrid_12_layers_512e_lr0p0001_epoch_40.cpkt,469,0.5793275475502014,0.015200996398925781,0.5716120004653931,0.014811277389526367,0.6002321243286133,0.015336036682128906,0.5783817768096924,0.01556849479675293,0.5672326683998108,0.015373468399047852,0.5791791677474976,0.014915704727172852
hydra_tabpfn_hybrid_12l_512e_lr1e4,epoch_40,40.0,tabpfn/models_diff/callback_hydra_tabpfn_hybrid_12_layers_512e_lr0p0001_epoch_40.cpkt,1049,0.9246882677078248,0.01549687385559082,0.9010853171348572,0.01582622528076172,0.9350821375846863,0.017629384994506836,0.9284900426864624,0.015177726745605469,0.9211139678955078,0.014455556869506836,0.9376698732376099,0.014395475387573242
hydra_tabpfn_hybrid_12l_512e_lr1e4,epoch_40,40.0,tabpfn/models_diff/callback_hydra_tabpfn_hybrid_12_layers_512e_lr0p0001_epoch_40.cpkt,1050,0.8191624760627747,0.01446671485900879,0.8430638909339905,0.01440572738647461,0.8343551158905029,0.014453887939453125,0.7984347939491272,0.014566183090209961,0.7871027588844299,0.014367103576660156,0.8328558206558228,0.014540672302246094
hydra_tabpfn_hybrid_12l_512e_lr1e4,epoch_40,40.0,tabpfn/models_diff/callback_hydra_tabpfn_hybrid_12_layers_512e_lr0p0001_epoch_40.cpkt,1063,0.8186991453170777,0.014440202713012695,0.8720378875732422,0.01461172103881836,0.7762085199356079,0.014377593994140625,0.7903336882591248,0.014354944229125977,0.8400697112083435,0.014384031295776367,0.8148459196090698,0.014472723007202148
hydra_tabpfn_hybrid_12l_512e_lr1e4,epoch_40,40.0,tabpfn/models_diff/callback_hydra_tabpfn_hybrid_12_layers_512e_lr0p0001_epoch_40.cpkt,1068,0.8459677577018738,0.01460113525390625,0.859926700592041,0.014328718185424805,0.8893442749977112,0.014316797256469727,0.7935736775398254,0.014349937438964844,0.8283606767654419,0.01550602912902832,0.8586334586143494,0.014504194259643555
hydra_tabpfn_hybrid_12l_512e_lr1e4,epoch_40,40.0,tabpfn/models_diff/callback_hydra_tabpfn_hybrid_12_layers_512e_lr0p0001_epoch_40.cpkt,1462,1.0,0.014249563217163086,1.0,0.014309406280517578,1.0,0.014297008514404297,1.0,0.01423788070678711,1.0,0.01418757438659668,1.0,0.014215946197509766
hydra_tabpfn_hybrid_12l_512e_lr1e4,epoch_40,40.0,tabpfn/models_diff/callback_hydra_tabpfn_hybrid_12_layers_512e_lr0p0001_epoch_40.cpkt,1464,0.7514665842056274,0.014135408401489257,0.766198992729187,0.01419520378112793,0.720539927482605,0.014043569564819336,0.7544648051261902,0.014257192611694336,0.7565525770187378,0.01411581039428711,0.7595766186714172,0.014065265655517578
hydra_tabpfn_hybrid_12l_512e_lr1e4,epoch_40,40.0,tabpfn/models_diff/callback_hydra_tabpfn_hybrid_12_layers_512e_lr0p0001_epoch_40.cpkt,1480,0.7251672267913818,0.014330291748046875,0.7249768376350403,0.014388322830200195,0.729205310344696,0.014337539672851562,0.7501417994499207,0.01432037353515625,0.7526810169219971,0.014315366744995117,0.6688311696052551,0.01428985595703125
hydra_tabpfn_hybrid_12l_512e_lr1e4,epoch_40,40.0,tabpfn/models_diff/callback_hydra_tabpfn_hybrid_12_layers_512e_lr0p0001_epoch_40.cpkt,1494,0.9262576699256897,0.014433813095092774,0.9204505681991577,0.014466524124145508,0.937990665435791,0.01434779167175293,0.9127951860427856,0.014549732208251953,0.9285455346107483,0.014356851577758789,0.9315063953399658,0.014448165893554688
hydra_tabpfn_hybrid_12l_512e_lr1e4,epoch_40,40.0,tabpfn/models_diff/callback_hydra_tabpfn_hybrid_12_layers_512e_lr0p0001_epoch_40.cpkt,1510,0.995655632019043,0.014419078826904297,0.9986460208892822,0.014460563659667969,0.9960943460464478,0.014374494552612305,0.9886146187782288,0.01440572738647461,0.9973489046096802,0.014593839645385742,0.9975742697715759,0.01426076889038086
hydra_tabpfn_hybrid_12l_512e_lr1e4,epoch_40,40.0,tabpfn/models_diff/callback_hydra_tabpfn_hybrid_12_layers_512e_lr0p0001_epoch_40.cpkt,6332,0.7797237277030945,0.014081668853759766,0.7891737818717957,0.01414179801940918,0.7488372325897217,0.014099597930908203,0.8046319484710693,0.014064550399780273,0.7848324775695801,0.014075994491577148,0.7711431980133057,0.014026403427124023
hydra_tabpfn_hybrid_12l_512e_lr1e4,epoch_40,40.0,tabpfn/models_diff/callback_hydra_tabpfn_hybrid_12_layers_512e_lr0p0001_epoch_40.cpkt,23381,0.520693427324295,0.013963413238525391,0.6228955984115601,0.014529943466186523,0.43707484006881714,0.01396799087524414,0.6377550959587097,0.013684511184692383,0.3754386007785797,0.01392054557800293,0.5303030014038086,0.013714075088500977
hydra_tabpfn_hybrid_12l_512e_lr1e4,epoch_40,40.0,tabpfn/models_diff/callback_hydra_tabpfn_hybrid_12_layers_512e_lr0p0001_epoch_40.cpkt,40966,0.9999498724937439,0.014383792877197266,1.0,0.014349699020385742,1.0,0.014508724212646484,1.0,0.014301538467407227,1.0,0.014469623565673828,0.9997493624687195,0.014289379119873047
hydra_tabpfn_hybrid_12l_512e_lr1e4,epoch_40,40.0,tabpfn/models_diff/callback_hydra_tabpfn_hybrid_12_layers_512e_lr0p0001_epoch_40.cpkt,40975,0.9737660169601441,0.014450979232788087,0.9733452796936035,0.014413833618164062,0.9862123727798462,0.014259815216064453,0.9655991792678833,0.014934301376342773,0.9570558667182922,0.014338970184326172,0.986617386341095,0.014307975769042969
hydra_tabpfn_hybrid_12l_512e_lr1e4,epoch_40,40.0,tabpfn/models_diff/callback_hydra_tabpfn_hybrid_12_layers_512e_lr0p0001_epoch_40.cpkt,40982,0.9472071170806885,0.014619970321655273,0.9603614211082458,0.014653921127319336,0.9512596130371094,0.01462554931640625,0.9304397702217102,0.014310359954833984,0.957243800163269,0.014966487884521484,0.9367309808731079,0.014543533325195312
hydra_tabpfn_hybrid_12l_512e_lr1e4,epoch_40,40.0,tabpfn/models_diff/callback_hydra_tabpfn_hybrid_12_layers_512e_lr0p0001_epoch_40.cpkt,40994,0.9360780835151672,0.014340639114379883,0.9377228021621704,0.01438760757446289,0.9371334314346313,0.01440286636352539,0.9322493076324463,0.014302492141723633,0.9293699264526367,0.014306068420410156,0.9439149498939514,0.014304161071777344
hydra_tabpfn_hybrid_12l_512e_lr1e4,epoch_60,60.0,tabpfn/models_diff/callback_hydra_tabpfn_hybrid_12_layers_512e_lr0p0001_epoch_60.cpkt,11,0.9948212742805481,0.01680765151977539,0.9991474747657776,0.027957439422607422,0.9913623929023743,0.014263629913330078,0.9957292079925537,0.01396632194519043,0.9919131398200989,0.013925552368164062,0.995954155921936,0.013925313949584961
hydra_tabpfn_hybrid_12l_512e_lr1e4,epoch_60,60.0,tabpfn/models_diff/callback_hydra_tabpfn_hybrid_12_layers_512e_lr0p0001_epoch_60.cpkt,14,0.970392644405365,0.014577150344848633,0.9723727107048035,0.01607489585876465,0.9715197682380676,0.014179229736328125,0.9637311697006226,0.014411211013793945,0.9742650985717773,0.014124870300292969,0.970074474811554,0.014095544815063477
hydra_tabpfn_hybrid_12l_512e_lr1e4,epoch_60,60.0,tabpfn/models_diff/callback_hydra_tabpfn_hybrid_12_layers_512e_lr0p0001_epoch_60.cpkt,15,0.9920489668846131,0.013823461532592774,0.9917731285095215,0.013868331909179688,0.9931595325469971,0.01370549201965332,0.9901556968688965,0.013782262802124023,0.9911494255065918,0.013663768768310547,0.9940070509910583,0.014097452163696289
hydra_tabpfn_hybrid_12l_512e_lr1e4,epoch_60,60.0,tabpfn/models_diff/callback_hydra_tabpfn_hybrid_12_layers_512e_lr0p0001_epoch_60.cpkt,16,0.9944981932640076,0.014555597305297851,0.9921624064445496,0.014495372772216797,0.9947972893714905,0.014627695083618164,0.9939163327217102,0.014592170715332031,0.9974470138549805,0.014565706253051758,0.9941679239273071,0.014497041702270508
hydra_tabpfn_hybrid_12l_512e_lr1e4,epoch_60,60.0,tabpfn/models_diff/callback_hydra_tabpfn_hybrid_12_layers_512e_lr0p0001_epoch_60.cpkt,18,0.961595869064331,0.014354515075683593,0.9650735855102539,0.014362096786499023,0.9586253762245178,0.014406442642211914,0.9622308611869812,0.014417886734008789,0.9584423899650574,0.01428365707397461,0.963607132434845,0.014302492141723633
hydra_tabpfn_hybrid_12l_512e_lr1e4,epoch_60,60.0,tabpfn/models_diff/callback_hydra_tabpfn_hybrid_12_layers_512e_lr0p0001_epoch_60.cpkt,22,0.9799464225769043,0.014637899398803712,0.9771728515625,0.01459646224975586,0.9829580783843994,0.014389276504516602,0.9776602983474731,0.014538049697875977,0.9836061596870422,0.014472246170043945,0.9783347249031067,0.015193462371826172
hydra_tabpfn_hybrid_12l_512e_lr1e4,epoch_60,60.0,tabpfn/models_diff/callback_hydra_tabpfn_hybrid_12_layers_512e_lr0p0001_epoch_60.cpkt,23,0.7016595363616943,0.014492130279541016,0.6941872239112854,0.014588117599487305,0.6960251927375793,0.014556646347045898,0.6973539590835571,0.014594316482543945,0.7026320099830627,0.014347553253173828,0.7180992960929871,0.014374017715454102
hydra_tabpfn_hybrid_12l_512e_lr1e4,epoch_60,60.0,tabpfn/models_diff/callback_hydra_tabpfn_hybrid_12_layers_512e_lr0p0001_epoch_60.cpkt,29,0.9271210551261901,0.014134359359741212,0.9391381144523621,0.014132261276245117,0.9243966937065125,0.014085054397583008,0.9141637682914734,0.0141448974609375,0.92276930809021,0.014139413833618164,0.9351373910903931,0.014170169830322266
hydra_tabpfn_hybrid_12l_512e_lr1e4,epoch_60,60.0,tabpfn/models_diff/callback_hydra_tabpfn_hybrid_12_layers_512e_lr0p0001_epoch_60.cpkt,31,0.784376323223114,0.014372014999389648,0.7859784364700317,0.014387369155883789,0.782747209072113,0.014335155487060547,0.7750052213668823,0.014342546463012695,0.7870661616325378,0.014429569244384766,0.7910845875740051,0.014365434646606445
hydra_tabpfn_hybrid_12l_512e_lr1e4,epoch_60,60.0,tabpfn/models_diff/callback_hydra_tabpfn_hybrid_12_layers_512e_lr0p0001_epoch_60.cpkt,37,0.8189350962638855,0.014183521270751953,0.7902824878692627,0.014099359512329102,0.8256730437278748,0.014113664627075195,0.8195346593856812,0.014079093933105469,0.8269041180610657,0.014299869537353516,0.8322811722755432,0.014325618743896484
hydra_tabpfn_hybrid_12l_512e_lr1e4,epoch_60,60.0,tabpfn/models_diff/callback_hydra_tabpfn_hybrid_12_layers_512e_lr0p0001_epoch_60.cpkt,50,0.9456889986991882,0.014607810974121093,0.9398120045661926,0.014596939086914062,0.9502043724060059,0.014638423919677734,0.9397488832473755,0.014603853225708008,0.9411378502845764,0.014559030532836914,0.9575418829917908,0.01464080810546875
hydra_tabpfn_hybrid_12l_512e_lr1e4,epoch_60,60.0,tabpfn/models_diff/callback_hydra_tabpfn_hybrid_12_layers_512e_lr0p0001_epoch_60.cpkt,54,0.942704176902771,0.01446833610534668,0.9491167664527893,0.014392852783203125,0.9480772614479065,0.01444554328918457,0.9449754357337952,0.014672994613647461,0.939803957939148,0.014472484588623047,0.9315474629402161,0.014357805252075195
hydra_tabpfn_hybrid_12l_512e_lr1e4,epoch_60,60.0,tabpfn/models_diff/callback_hydra_tabpfn_hybrid_12_layers_512e_lr0p0001_epoch_60.cpkt,188,0.9075124025344848,0.014562511444091797,0.9053640365600586,0.014526844024658203,0.912692666053772,0.014415979385375977,0.9121454358100891,0.014490604400634766,0.9149914383888245,0.014585733413696289,0.8923684358596802,0.01479339599609375
hydra_tabpfn_hybrid_12l_512e_lr1e4,epoch_60,60.0,tabpfn/models_diff/callback_hydra_tabpfn_hybrid_12_layers_512e_lr0p0001_epoch_60.cpkt,458,0.9999899744987488,0.014586925506591797,1.0,0.014554738998413086,0.999993085861206,0.014486312866210938,0.9999697804450989,0.014620304107666016,1.0,0.014358758926391602,0.999987006187439,0.014914512634277344
hydra_tabpfn_hybrid_12l_512e_lr1e4,epoch_60,60.0,tabpfn/models_diff/callback_hydra_tabpfn_hybrid_12_layers_512e_lr0p0001_epoch_60.cpkt,469,0.5835909843444824,0.01459965705871582,0.584791362285614,0.014498233795166016,0.5957840085029602,0.014632701873779297,0.581556499004364,0.014613628387451172,0.5733000636100769,0.014406919479370117,0.582522988319397,0.0148468017578125
hydra_tabpfn_hybrid_12l_512e_lr1e4,epoch_60,60.0,tabpfn/models_diff/callback_hydra_tabpfn_hybrid_12_layers_512e_lr0p0001_epoch_60.cpkt,1049,0.9308533668518066,0.014720296859741211,0.9044437408447266,0.014562368392944336,0.9420376420021057,0.015669584274291992,0.9262874126434326,0.014559268951416016,0.9332822561264038,0.014430046081542969,0.9482157826423645,0.014380216598510742
hydra_tabpfn_hybrid_12l_512e_lr1e4,epoch_60,60.0,tabpfn/models_diff/callback_hydra_tabpfn_hybrid_12_layers_512e_lr0p0001_epoch_60.cpkt,1050,0.8222869396209717,0.014471435546875,0.8402450084686279,0.014400243759155273,0.8376711010932922,0.014676094055175781,0.8031134605407715,0.014501571655273438,0.7945519685745239,0.014363288879394531,0.8358531594276428,0.014415979385375977
hydra_tabpfn_hybrid_12l_512e_lr1e4,epoch_60,60.0,tabpfn/models_diff/callback_hydra_tabpfn_hybrid_12_layers_512e_lr0p0001_epoch_60.cpkt,1063,0.8133676886558533,0.014483451843261719,0.8496682643890381,0.014569759368896484,0.7742180228233337,0.014443159103393555,0.7923116683959961,0.014432430267333984,0.837195098400116,0.014589309692382812,0.8134453892707825,0.014382600784301758
hydra_tabpfn_hybrid_12l_512e_lr1e4,epoch_60,60.0,tabpfn/models_diff/callback_hydra_tabpfn_hybrid_12_layers_512e_lr0p0001_epoch_60.cpkt,1068,0.8584512352943421,0.014647388458251953,0.8786919713020325,0.014791488647460938,0.9046277403831482,0.014485836029052734,0.7969951033592224,0.01475667953491211,0.8461574912071228,0.014618873596191406,0.8657838702201843,0.014584064483642578
hydra_tabpfn_hybrid_12l_512e_lr1e4,epoch_60,60.0,tabpfn/models_diff/callback_hydra_tabpfn_hybrid_12_layers_512e_lr0p0001_epoch_60.cpkt,1462,1.0,0.013911294937133788,1.0,0.013971805572509766,1.0,0.013976335525512695,1.0,0.013843774795532227,1.0,0.013854026794433594,1.0,0.013910531997680664
hydra_tabpfn_hybrid_12l_512e_lr1e4,epoch_60,60.0,tabpfn/models_diff/callback_hydra_tabpfn_hybrid_12_layers_512e_lr0p0001_epoch_60.cpkt,1464,0.7543089985847473,0.013732576370239257,0.7581599354743958,0.013676643371582031,0.7258998155593872,0.013603687286376953,0.7545042634010315,0.013660907745361328,0.7631051540374756,0.013866662979125977,0.7698758244514465,0.01385498046875
hydra_tabpfn_hybrid_12l_512e_lr1e4,epoch_60,60.0,tabpfn/models_diff/callback_hydra_tabpfn_hybrid_12_layers_512e_lr0p0001_epoch_60.cpkt,1480,0.7142367362976074,0.013924932479858399,0.712870717048645,0.01390385627746582,0.7186051607131958,0.013900518417358398,0.7374361753463745,0.013882160186767578,0.7425649762153625,0.014079570770263672,0.6597066521644592,0.013858556747436523
hydra_tabpfn_hybrid_12l_512e_lr1e4,epoch_60,60.0,tabpfn/models_diff/callback_hydra_tabpfn_hybrid_12_layers_512e_lr0p0001_epoch_60.cpkt,1494,0.9273610949516297,0.014101934432983399,0.9212514758110046,0.014119386672973633,0.9390249848365784,0.014133214950561523,0.914047122001648,0.014310836791992188,0.9293563365936279,0.014022111892700195,0.9331255555152893,0.013924121856689453
hydra_tabpfn_hybrid_12l_512e_lr1e4,epoch_60,60.0,tabpfn/models_diff/callback_hydra_tabpfn_hybrid_12_layers_512e_lr0p0001_epoch_60.cpkt,1510,0.9959600090980529,0.01402873992919922,0.998229444026947,0.014208555221557617,0.996250569820404,0.01403188705444336,0.9900119304656982,0.013942480087280273,0.9974030256271362,0.013887166976928711,0.9979050755500793,0.014073610305786133
hydra_tabpfn_hybrid_12l_512e_lr1e4,epoch_60,60.0,tabpfn/models_diff/callback_hydra_tabpfn_hybrid_12_layers_512e_lr0p0001_epoch_60.cpkt,6332,0.7788104295730591,0.01379408836364746,0.7953897714614868,0.0137481689453125,0.7515299916267395,0.013770580291748047,0.7995872497558594,0.013735532760620117,0.7841711044311523,0.013840913772583008,0.7633740305900574,0.013875246047973633
hydra_tabpfn_hybrid_12l_512e_lr1e4,epoch_60,60.0,tabpfn/models_diff/callback_hydra_tabpfn_hybrid_12_layers_512e_lr0p0001_epoch_60.cpkt,23381,0.5143313884735108,0.01483297348022461,0.624579131603241,0.019085407257080078,0.3792516887187958,0.013857126235961914,0.6428571343421936,0.01371455192565918,0.39298245310783386,0.013715744018554688,0.5319865345954895,0.013792037963867188
hydra_tabpfn_hybrid_12l_512e_lr1e4,epoch_60,60.0,tabpfn/models_diff/callback_hydra_tabpfn_hybrid_12_layers_512e_lr0p0001_epoch_60.cpkt,40966,1.0,0.014133214950561523,1.0,0.01408529281616211,1.0,0.014202356338500977,1.0,0.01406407356262207,1.0,0.014065027236938477,1.0,0.014249324798583984
hydra_tabpfn_hybrid_12l_512e_lr1e4,epoch_60,60.0,tabpfn/models_diff/callback_hydra_tabpfn_hybrid_12_layers_512e_lr0p0001_epoch_60.cpkt,40975,0.9833916306495667,0.014127349853515625,0.9860700964927673,0.013982057571411133,0.9945453405380249,0.014017581939697266,0.9758361577987671,0.01387476921081543,0.9695912003517151,0.014610052108764648,0.9909153580665588,0.014152288436889648
hydra_tabpfn_hybrid_12l_512e_lr1e4,epoch_60,60.0,tabpfn/models_diff/callback_hydra_tabpfn_hybrid_12_layers_512e_lr0p0001_epoch_60.cpkt,40982,0.9507704854011536,0.014044094085693359,0.9624247550964355,0.01408243179321289,0.9528462886810303,0.014232158660888672,0.9357905387878418,0.01409912109375,0.9602746367454529,0.01387166976928711,0.9425162076950073,0.013935089111328125
hydra_tabpfn_hybrid_12l_512e_lr1e4,epoch_60,60.0,tabpfn/models_diff/callback_hydra_tabpfn_hybrid_12_layers_512e_lr0p0001_epoch_60.cpkt,40994,0.9436812043190003,0.013934803009033204,0.9450618624687195,0.014062166213989258,0.944831371307373,0.013837575912475586,0.9354674816131592,0.013931989669799805,0.9364837408065796,0.013943672180175781,0.9565615653991699,0.013898611068725586
hydra_tabpfn_hybrid_12l_512e_lr1e4,epoch_80,80.0,tabpfn/models_diff/callback_hydra_tabpfn_hybrid_12_layers_512e_lr0p0001_epoch_80.cpkt,11,0.99504554271698,0.015145635604858399,0.999896228313446,0.019274234771728516,0.9934676289558411,0.014503240585327148,0.9942216873168945,0.01408696174621582,0.9914327263832092,0.01393890380859375,0.996209442615509,0.013924837112426758
hydra_tabpfn_hybrid_12l_512e_lr1e4,epoch_80,80.0,tabpfn/models_diff/callback_hydra_tabpfn_hybrid_12_layers_512e_lr0p0001_epoch_80.cpkt,14,0.9716092109680176,0.014731693267822265,0.9731190800666809,0.016120433807373047,0.9736075401306152,0.014298677444458008,0.9669713377952576,0.014368295669555664,0.9734942317008972,0.014379024505615234,0.970853865146637,0.014492034912109375
hydra_tabpfn_hybrid_12l_512e_lr1e4,epoch_80,80.0,tabpfn/models_diff/callback_hydra_tabpfn_hybrid_12_layers_512e_lr0p0001_epoch_80.cpkt,15,0.9934008121490479,0.013823270797729492,0.9930503368377686,0.014011859893798828,0.9930075407028198,0.013924360275268555,0.9930173754692078,0.013746023178100586,0.9932950139045715,0.013713598251342773,0.9946337938308716,0.013720512390136719
hydra_tabpfn_hybrid_12l_512e_lr1e4,epoch_80,80.0,tabpfn/models_diff/callback_hydra_tabpfn_hybrid_12_layers_512e_lr0p0001_epoch_80.cpkt,16,0.9950201988220215,0.014222669601440429,0.9927565455436707,0.01412343978881836,0.9956872463226318,0.014427423477172852,0.9940247535705566,0.014136075973510742,0.9976793527603149,0.01424264907836914,0.9949530959129333,0.014183759689331055
hydra_tabpfn_hybrid_12l_512e_lr1e4,epoch_80,80.0,tabpfn/models_diff/callback_hydra_tabpfn_hybrid_12_layers_512e_lr0p0001_epoch_80.cpkt,18,0.9628915429115296,0.013967180252075195,0.9644595384597778,0.014185428619384766,0.9606316685676575,0.014040470123291016,0.9645656943321228,0.01387476921081543,0.9586440324783325,0.013878345489501953,0.9661567807197571,0.013856887817382812
hydra_tabpfn_hybrid_12l_512e_lr1e4,epoch_80,80.0,tabpfn/models_diff/callback_hydra_tabpfn_hybrid_12_layers_512e_lr0p0001_epoch_80.cpkt,22,0.9806232213973999,0.014101743698120117,0.9781838059425354,0.014526128768920898,0.9837047457695007,0.013933897018432617,0.9772494435310364,0.013905525207519531,0.983303964138031,0.013950586318969727,0.980674147605896,0.014192581176757812
hydra_tabpfn_hybrid_12l_512e_lr1e4,epoch_80,80.0,tabpfn/models_diff/callback_hydra_tabpfn_hybrid_12_layers_512e_lr0p0001_epoch_80.cpkt,23,0.704636549949646,0.013893556594848634,0.6990638971328735,0.013952493667602539,0.7001016139984131,0.01386260986328125,0.6979960203170776,0.01393747329711914,0.7044586539268494,0.013849735260009766,0.7215625643730164,0.013865470886230469
hydra_tabpfn_hybrid_12l_512e_lr1e4,epoch_80,80.0,tabpfn/models_diff/callback_hydra_tabpfn_hybrid_12_layers_512e_lr0p0001_epoch_80.cpkt,29,0.9311318039894104,0.013727474212646484,0.9418362379074097,0.013662099838256836,0.933861255645752,0.013762235641479492,0.91813063621521,0.013674497604370117,0.9270703792572021,0.013764381408691406,0.9347605109214783,0.01377415657043457
hydra_tabpfn_hybrid_12l_512e_lr1e4,epoch_80,80.0,tabpfn/models_diff/callback_hydra_tabpfn_hybrid_12_layers_512e_lr0p0001_epoch_80.cpkt,31,0.7859509944915771,0.013995742797851563,0.789047122001648,0.01412820816040039,0.7857608795166016,0.013922929763793945,0.7736769318580627,0.014020919799804688,0.7869318127632141,0.01393437385559082,0.7943382263183594,0.013972282409667969
hydra_tabpfn_hybrid_12l_512e_lr1e4,epoch_80,80.0,tabpfn/models_diff/callback_hydra_tabpfn_hybrid_12_layers_512e_lr0p0001_epoch_80.cpkt,37,0.8326843857765198,0.013688230514526367,0.8082257509231567,0.013657093048095703,0.8416778445243835,0.013596296310424805,0.8341149687767029,0.013640165328979492,0.8355481624603271,0.013618707656860352,0.8438552021980286,0.013928890228271484
hydra_tabpfn_hybrid_12l_512e_lr1e4,epoch_80,80.0,tabpfn/models_diff/callback_hydra_tabpfn_hybrid_12_layers_512e_lr0p0001_epoch_80.cpkt,50,0.9458319544792175,0.013903093338012696,0.9404886960983276,0.013918638229370117,0.9478446841239929,0.013931751251220703,0.9479788541793823,0.013892173767089844,0.9433130621910095,0.013890504837036133,0.9495344758033752,0.01388239860534668
hydra_tabpfn_hybrid_12l_512e_lr1e4,epoch_80,80.0,tabpfn/models_diff/callback_hydra_tabpfn_hybrid_12_layers_512e_lr0p0001_epoch_80.cpkt,54,0.9460214853286744,0.013928508758544922,0.9516324400901794,0.013894796371459961,0.9487889409065247,0.013883590698242188,0.9503228664398193,0.013951778411865234,0.9422147870063782,0.014018535614013672,0.93714839220047,0.013893842697143555
hydra_tabpfn_hybrid_12l_512e_lr1e4,epoch_80,80.0,tabpfn/models_diff/callback_hydra_tabpfn_hybrid_12_layers_512e_lr0p0001_epoch_80.cpkt,188,0.9107702851295472,0.014167165756225586,0.9105822443962097,0.01427006721496582,0.9180285930633545,0.01394343376159668,0.9156354665756226,0.014234066009521484,0.9180044531822205,0.014095306396484375,0.8916006684303284,0.01429295539855957
hydra_tabpfn_hybrid_12l_512e_lr1e4,epoch_80,80.0,tabpfn/models_diff/callback_hydra_tabpfn_hybrid_12_layers_512e_lr0p0001_epoch_80.cpkt,458,0.9999773621559143,0.014215230941772461,1.0,0.014336585998535156,1.0,0.014076471328735352,0.9999319314956665,0.014038801193237305,1.0,0.01425027847290039,0.999954879283905,0.014374017715454102
hydra_tabpfn_hybrid_12l_512e_lr1e4,epoch_80,80.0,tabpfn/models_diff/callback_hydra_tabpfn_hybrid_12_layers_512e_lr0p0001_epoch_80.cpkt,469,0.5823281645774842,0.014025259017944335,0.5760877728462219,0.014229536056518555,0.5905368328094482,0.013939142227172852,0.5812274813652039,0.014148712158203125,0.5718812942504883,0.013885736465454102,0.5919074416160583,0.013923168182373047
hydra_tabpfn_hybrid_12l_512e_lr1e4,epoch_80,80.0,tabpfn/models_diff/callback_hydra_tabpfn_hybrid_12_layers_512e_lr0p0001_epoch_80.cpkt,1049,0.9288209557533265,0.014003849029541016,0.9080849885940552,0.014058589935302734,0.9435943365097046,0.014089822769165039,0.9244645237922668,0.013947486877441406,0.9272779822349548,0.013971567153930664,0.9406829476356506,0.013951778411865234
hydra_tabpfn_hybrid_12l_512e_lr1e4,epoch_80,80.0,tabpfn/models_diff/callback_hydra_tabpfn_hybrid_12_layers_512e_lr0p0001_epoch_80.cpkt,1050,0.8272175192832947,0.014157819747924804,0.8533636927604675,0.013965606689453125,0.8338924050331116,0.014293909072875977,0.806260883808136,0.014102458953857422,0.795477569103241,0.014083623886108398,0.8470930457115173,0.014343500137329102
hydra_tabpfn_hybrid_12l_512e_lr1e4,epoch_80,80.0,tabpfn/models_diff/callback_hydra_tabpfn_hybrid_12_layers_512e_lr0p0001_epoch_80.cpkt,1063,0.8082427740097046,0.014231443405151367,0.8476777076721191,0.014113664627075195,0.7848341464996338,0.014252901077270508,0.7886136770248413,0.014163732528686523,0.8257839679718018,0.014225959777832031,0.794304370880127,0.014400959014892578
hydra_tabpfn_hybrid_12l_512e_lr1e4,epoch_80,80.0,tabpfn/models_diff/callback_hydra_tabpfn_hybrid_12_layers_512e_lr0p0001_epoch_80.cpkt,1068,0.8584777593612671,0.014044713973999024,0.882966935634613,0.01397562026977539,0.9047130942344666,0.013937234878540039,0.7863340973854065,0.01418614387512207,0.8473471403121948,0.013993263244628906,0.8710275292396545,0.014131307601928711
hydra_tabpfn_hybrid_12l_512e_lr1e4,epoch_80,80.0,tabpfn/models_diff/callback_hydra_tabpfn_hybrid_12_layers_512e_lr0p0001_epoch_80.cpkt,1462,1.0,0.014131307601928711,1.0,0.013889789581298828,1.0,0.014060735702514648,1.0,0.014191865921020508,1.0,0.014075517654418945,1.0,0.014438629150390625
hydra_tabpfn_hybrid_12l_512e_lr1e4,epoch_80,80.0,tabpfn/models_diff/callback_hydra_tabpfn_hybrid_12_layers_512e_lr0p0001_epoch_80.cpkt,1464,0.7573715567588806,0.013904285430908204,0.7664222717285156,0.01383352279663086,0.7303599119186401,0.013863325119018555,0.7586043477058411,0.013761281967163086,0.7617175579071045,0.013930320739746094,0.7697536945343018,0.014132976531982422
hydra_tabpfn_hybrid_12l_512e_lr1e4,epoch_80,80.0,tabpfn/models_diff/callback_hydra_tabpfn_hybrid_12_layers_512e_lr0p0001_epoch_80.cpkt,1480,0.7307310581207276,0.014107513427734374,0.7311747074127197,0.014131307601928711,0.7402687668800354,0.014266490936279297,0.7512762546539307,0.01394796371459961,0.7600331902503967,0.014103889465332031,0.6709023714065552,0.014087915420532227
hydra_tabpfn_hybrid_12l_512e_lr1e4,epoch_80,80.0,tabpfn/models_diff/callback_hydra_tabpfn_hybrid_12_layers_512e_lr0p0001_epoch_80.cpkt,1494,0.9308450102806092,0.014310264587402343,0.9265094995498657,0.014056921005249023,0.9441967010498047,0.01524806022644043,0.9141499996185303,0.014154672622680664,0.9358428120613098,0.01396942138671875,0.9335260391235352,0.014122247695922852
hydra_tabpfn_hybrid_12l_512e_lr1e4,epoch_80,80.0,tabpfn/models_diff/callback_hydra_tabpfn_hybrid_12_layers_512e_lr0p0001_epoch_80.cpkt,1510,0.99628586769104,0.013913917541503906,0.9985418915748596,0.013998031616210938,0.9967713356018066,0.013892650604248047,0.9903741478919983,0.013941764831542969,0.9977817535400391,0.013868093490600586,0.9979602098464966,0.013869047164916992
hydra_tabpfn_hybrid_12l_512e_lr1e4,epoch_80,80.0,tabpfn/models_diff/callback_hydra_tabpfn_hybrid_12_layers_512e_lr0p0001_epoch_80.cpkt,6332,0.7824199676513672,0.013660621643066407,0.808080792427063,0.01365971565246582,0.7549571394920349,0.01366734504699707,0.7968356013298035,0.013669729232788086,0.7813051342964172,0.013614416122436523,0.7709211707115173,0.013691902160644531
hydra_tabpfn_hybrid_12l_512e_lr1e4,epoch_80,80.0,tabpfn/models_diff/callback_hydra_tabpfn_hybrid_12_layers_512e_lr0p0001_epoch_80.cpkt,23381,0.5248399436473846,0.013878822326660156,0.6178451180458069,0.01427149772644043,0.4574829936027527,0.013769388198852539,0.6207482814788818,0.013660907745361328,0.3877193033695221,0.013869524002075195,0.5404040217399597,0.013822793960571289
hydra_tabpfn_hybrid_12l_512e_lr1e4,epoch_80,80.0,tabpfn/models_diff/callback_hydra_tabpfn_hybrid_12_layers_512e_lr0p0001_epoch_80.cpkt,40966,0.9999930381774902,0.014454364776611328,1.0,0.014274835586547852,1.0,0.014449357986450195,1.0,0.01459360122680664,1.0,0.014558792114257812,0.9999651908874512,0.01439523696899414
hydra_tabpfn_hybrid_12l_512e_lr1e4,epoch_80,80.0,tabpfn/models_diff/callback_hydra_tabpfn_hybrid_12_layers_512e_lr0p0001_epoch_80.cpkt,40975,0.9826948523521424,0.014467287063598632,0.9831637740135193,0.014498472213745117,0.9940550327301025,0.014370918273925781,0.979003369808197,0.014503955841064453,0.9670945405960083,0.014581680297851562,0.9901575446128845,0.01438140869140625
hydra_tabpfn_hybrid_12l_512e_lr1e4,epoch_80,80.0,tabpfn/models_diff/callback_hydra_tabpfn_hybrid_12_layers_512e_lr0p0001_epoch_80.cpkt,40982,0.9522384405136108,0.014485549926757813,0.9642941951751709,0.014562368392944336,0.9541056156158447,0.01448822021484375,0.9395723938941956,0.01445627212524414,0.9611569046974182,0.01430821418762207,0.9420630931854248,0.014612674713134766
hydra_tabpfn_hybrid_12l_512e_lr1e4,epoch_80,80.0,tabpfn/models_diff/callback_hydra_tabpfn_hybrid_12_layers_512e_lr0p0001_epoch_80.cpkt,40994,0.9402716279029846,0.014371299743652343,0.9337387084960938,0.014485359191894531,0.9433650970458984,0.014419794082641602,0.9382622241973877,0.01432037353515625,0.9330962300300598,0.014301061630249023,0.9528958797454834,0.014329910278320312
hydra_tabpfn_hybrid_12l_512e_lr1e4,epoch_100,100.0,tabpfn/models_diff/callback_hydra_tabpfn_hybrid_12_layers_512e_lr0p0001_epoch_100.cpkt,11,0.996134340763092,0.016238641738891602,0.9995049834251404,0.022875547409057617,0.9952443242073059,0.015028953552246094,0.9962958693504333,0.014366626739501953,0.9930024743080139,0.014306068420410156,0.9966240525245667,0.014616012573242188
hydra_tabpfn_hybrid_12l_512e_lr1e4,epoch_100,100.0,tabpfn/models_diff/callback_hydra_tabpfn_hybrid_12_layers_512e_lr0p0001_epoch_100.cpkt,14,0.9739065289497375,0.014946746826171874,0.9761609435081482,0.016741275787353516,0.973652720451355,0.014512777328491211,0.968942403793335,0.014438867568969727,0.9764532446861267,0.014594554901123047,0.9743233323097229,0.014446258544921875
hydra_tabpfn_hybrid_12l_512e_lr1e4,epoch_100,100.0,tabpfn/models_diff/callback_hydra_tabpfn_hybrid_12_layers_512e_lr0p0001_epoch_100.cpkt,15,0.9936229228973389,0.014307498931884766,0.9931630492210388,0.014383077621459961,0.9930835366249084,0.014357805252075195,0.9932844638824463,0.014506816864013672,0.9937931299209595,0.01416468620300293,0.9947904348373413,0.01412510871887207
hydra_tabpfn_hybrid_12l_512e_lr1e4,epoch_100,100.0,tabpfn/models_diff/callback_hydra_tabpfn_hybrid_12_layers_512e_lr0p0001_epoch_100.cpkt,16,0.9964344382286072,0.014475440979003907,0.9944937229156494,0.014368772506713867,0.9970017671585083,0.014473676681518555,0.9956997036933899,0.014539718627929688,0.9984593987464905,0.014375448226928711,0.9965175986289978,0.014619588851928711
hydra_tabpfn_hybrid_12l_512e_lr1e4,epoch_100,100.0,tabpfn/models_diff/callback_hydra_tabpfn_hybrid_12_layers_512e_lr0p0001_epoch_100.cpkt,18,0.9628825068473816,0.014519977569580077,0.9665875434875488,0.014418840408325195,0.9607475399971008,0.01453256607055664,0.9626508951187134,0.014359712600708008,0.9604748487472534,0.01441645622253418,0.9639517068862915,0.014872312545776367
hydra_tabpfn_hybrid_12l_512e_lr1e4,epoch_100,100.0,tabpfn/models_diff/callback_hydra_tabpfn_hybrid_12_layers_512e_lr0p0001_epoch_100.cpkt,22,0.9813219666481018,0.014487743377685547,0.9790347814559937,0.014586687088012695,0.9845331907272339,0.014420270919799805,0.977891206741333,0.0144500732421875,0.9836483597755432,0.014356136322021484,0.9815022945404053,0.01462554931640625
hydra_tabpfn_hybrid_12l_512e_lr1e4,epoch_100,100.0,tabpfn/models_diff/callback_hydra_tabpfn_hybrid_12_layers_512e_lr0p0001_epoch_100.cpkt,23,0.7052245736122131,0.014375114440917968,0.6994476914405823,0.01436614990234375,0.6973538398742676,0.014343976974487305,0.699514627456665,0.014505863189697266,0.7088442444801331,0.014392375946044922,0.7209624648094177,0.014267206192016602
hydra_tabpfn_hybrid_12l_512e_lr1e4,epoch_100,100.0,tabpfn/models_diff/callback_hydra_tabpfn_hybrid_12_layers_512e_lr0p0001_epoch_100.cpkt,29,0.9290812492370606,0.014259576797485352,0.9406028389930725,0.01422739028930664,0.9297134280204773,0.014454126358032227,0.9140504002571106,0.014353752136230469,0.9272212982177734,0.014160394668579102,0.9338182806968689,0.01410222053527832
hydra_tabpfn_hybrid_12l_512e_lr1e4,epoch_100,100.0,tabpfn/models_diff/callback_hydra_tabpfn_hybrid_12_layers_512e_lr0p0001_epoch_100.cpkt,31,0.7853663086891174,0.014542388916015624,0.7883192896842957,0.014308452606201172,0.7841101288795471,0.015185117721557617,0.7778515815734863,0.014469385147094727,0.7835726141929626,0.014394998550415039,0.7929779291152954,0.01435399055480957
hydra_tabpfn_hybrid_12l_512e_lr1e4,epoch_100,100.0,tabpfn/models_diff/callback_hydra_tabpfn_hybrid_12_layers_512e_lr0p0001_epoch_100.cpkt,37,0.8245875716209412,0.014142656326293945,0.8006770014762878,0.014203310012817383,0.8326044678688049,0.014349222183227539,0.8243746757507324,0.014086246490478516,0.8305955529212952,0.014060020446777344,0.8346861600875854,0.014014482498168945
hydra_tabpfn_hybrid_12l_512e_lr1e4,epoch_100,100.0,tabpfn/models_diff/callback_hydra_tabpfn_hybrid_12_layers_512e_lr0p0001_epoch_100.cpkt,50,0.9590919017791748,0.014354753494262695,0.9575939774513245,0.014383316040039062,0.9653288722038269,0.014290571212768555,0.9563045501708984,0.014287710189819336,0.9560831189155579,0.01431727409362793,0.9601489901542664,0.014494895935058594
hydra_tabpfn_hybrid_12l_512e_lr1e4,epoch_100,100.0,tabpfn/models_diff/callback_hydra_tabpfn_hybrid_12_layers_512e_lr0p0001_epoch_100.cpkt,54,0.9494854092597962,0.014328718185424805,0.9555912017822266,0.014312028884887695,0.9514006972312927,0.014316797256469727,0.950993537902832,0.014392852783203125,0.946418285369873,0.014329671859741211,0.9430233240127563,0.014292240142822266
hydra_tabpfn_hybrid_12l_512e_lr1e4,epoch_100,100.0,tabpfn/models_diff/callback_hydra_tabpfn_hybrid_12_layers_512e_lr0p0001_epoch_100.cpkt,188,0.91062912940979,0.014583015441894531,0.9129694700241089,0.014940023422241211,0.9173098802566528,0.014540672302246094,0.9162847995758057,0.014362335205078125,0.9149351716041565,0.014663934707641602,0.8916463255882263,0.014408111572265625
hydra_tabpfn_hybrid_12l_512e_lr1e4,epoch_100,100.0,tabpfn/models_diff/callback_hydra_tabpfn_hybrid_12_layers_512e_lr0p0001_epoch_100.cpkt,458,0.9999956727027893,0.0144866943359375,1.0,0.014696598052978516,1.0,0.014293909072875977,0.999984860420227,0.014484643936157227,1.0,0.014420509338378906,0.9999935030937195,0.014537811279296875
hydra_tabpfn_hybrid_12l_512e_lr1e4,epoch_100,100.0,tabpfn/models_diff/callback_hydra_tabpfn_hybrid_12_layers_512e_lr0p0001_epoch_100.cpkt,469,0.5802567601203918,0.014396476745605468,0.5719283223152161,0.01447916030883789,0.5914844274520874,0.014428853988647461,0.5777778029441833,0.014348983764648438,0.5688628554344177,0.014248132705688477,0.5912303924560547,0.014477252960205078
hydra_tabpfn_hybrid_12l_512e_lr1e4,epoch_100,100.0,tabpfn/models_diff/callback_hydra_tabpfn_hybrid_12_layers_512e_lr0p0001_epoch_100.cpkt,1049,0.9322574257850647,0.014433193206787109,0.9122211337089539,0.01453709602355957,0.9442236423492432,0.014420032501220703,0.9296293258666992,0.014409065246582031,0.9321963787078857,0.014417886734008789,0.9430166482925415,0.014381885528564453
hydra_tabpfn_hybrid_12l_512e_lr1e4,epoch_100,100.0,tabpfn/models_diff/callback_hydra_tabpfn_hybrid_12_layers_512e_lr0p0001_epoch_100.cpkt,1050,0.8275564074516296,0.015152263641357421,0.8517374396324158,0.014600515365600586,0.8436090350151062,0.014757633209228516,0.8063884973526001,0.014435529708862305,0.7956538796424866,0.017362117767333984,0.8403931856155396,0.014605522155761719
hydra_tabpfn_hybrid_12l_512e_lr1e4,epoch_100,100.0,tabpfn/models_diff/callback_hydra_tabpfn_hybrid_12_layers_512e_lr0p0001_epoch_100.cpkt,1063,0.7973959565162658,0.01481003761291504,0.8420853018760681,0.014868736267089844,0.7735545039176941,0.014530658721923828,0.7899037003517151,0.014431238174438477,0.7893728017807007,0.014846563339233398,0.7920634746551514,0.015372991561889648
hydra_tabpfn_hybrid_12l_512e_lr1e4,epoch_100,100.0,tabpfn/models_diff/callback_hydra_tabpfn_hybrid_12_layers_512e_lr0p0001_epoch_100.cpkt,1068,0.8584671735763549,0.014411449432373047,0.8840773105621338,0.014537572860717773,0.907616138458252,0.014289140701293945,0.7904993295669556,0.014409303665161133,0.8447299599647522,0.014441490173339844,0.8654131293296814,0.014379739761352539
hydra_tabpfn_hybrid_12l_512e_lr1e4,epoch_100,100.0,tabpfn/models_diff/callback_hydra_tabpfn_hybrid_12_layers_512e_lr0p0001_epoch_100.cpkt,1462,1.0,0.014224576950073241,1.0,0.014275074005126953,1.0,0.01423954963684082,1.0,0.014166593551635742,1.0,0.014187097549438477,1.0,0.014254570007324219
hydra_tabpfn_hybrid_12l_512e_lr1e4,epoch_100,100.0,tabpfn/models_diff/callback_hydra_tabpfn_hybrid_12_layers_512e_lr0p0001_epoch_100.cpkt,1464,0.7525583267211914,0.014086675643920899,0.7606163024902344,0.014081478118896484,0.7266432046890259,0.014102458953857422,0.7490242719650269,0.014108896255493164,0.7602143287658691,0.014101743698120117,0.7662935256958008,0.014038801193237305
hydra_tabpfn_hybrid_12l_512e_lr1e4,epoch_100,100.0,tabpfn/models_diff/callback_hydra_tabpfn_hybrid_12_layers_512e_lr0p0001_epoch_100.cpkt,1480,0.7236344337463378,0.01543426513671875,0.720227062702179,0.0174558162689209,0.729205310344696,0.016317129135131836,0.7429949045181274,0.014594316482543945,0.7543947100639343,0.014410972595214844,0.6713501811027527,0.014393091201782227
hydra_tabpfn_hybrid_12l_512e_lr1e4,epoch_100,100.0,tabpfn/models_diff/callback_hydra_tabpfn_hybrid_12_layers_512e_lr0p0001_epoch_100.cpkt,1494,0.9297441124916077,0.014712285995483399,0.9253081679344177,0.014387845993041992,0.9432979822158813,0.014389753341674805,0.9128637909889221,0.014595985412597656,0.9352045059204102,0.015218734741210938,0.932046115398407,0.014969110488891602
hydra_tabpfn_hybrid_12l_512e_lr1e4,epoch_100,100.0,tabpfn/models_diff/callback_hydra_tabpfn_hybrid_12_layers_512e_lr0p0001_epoch_100.cpkt,1510,0.9961480736732483,0.015047264099121094,0.9985939860343933,0.01453399658203125,0.9957298636436462,0.015166759490966797,0.990839958190918,0.015327692031860352,0.9977817535400391,0.015140056610107422,0.9977948069572449,0.015067815780639648
hydra_tabpfn_hybrid_12l_512e_lr1e4,epoch_100,100.0,tabpfn/models_diff/callback_hydra_tabpfn_hybrid_12_layers_512e_lr0p0001_epoch_100.cpkt,6332,0.7763420224189759,0.014667272567749023,0.8023828268051147,0.016740798950195312,0.7427172660827637,0.014226436614990234,0.7968356013298035,0.014139890670776367,0.7843915224075317,0.014152050018310547,0.7553828954696655,0.014077186584472656
hydra_tabpfn_hybrid_12l_512e_lr1e4,epoch_100,100.0,tabpfn/models_diff/callback_hydra_tabpfn_hybrid_12_layers_512e_lr0p0001_epoch_100.cpkt,23381,0.5178178191184998,0.013915443420410156,0.6144781112670898,0.01438283920288086,0.43707484006881714,0.013826847076416016,0.6020408272743225,0.013768196105957031,0.4035087823867798,0.013850688934326172,0.5319865345954895,0.013748645782470703
hydra_tabpfn_hybrid_12l_512e_lr1e4,epoch_100,100.0,tabpfn/models_diff/callback_hydra_tabpfn_hybrid_12_layers_512e_lr0p0001_epoch_100.cpkt,40966,1.0,0.0144256591796875,1.0,0.014405488967895508,1.0,0.014346122741699219,1.0,0.014533519744873047,1.0,0.01448512077331543,1.0,0.014358043670654297
hydra_tabpfn_hybrid_12l_512e_lr1e4,epoch_100,100.0,tabpfn/models_diff/callback_hydra_tabpfn_hybrid_12_layers_512e_lr0p0001_epoch_100.cpkt,40975,0.9877744555473328,0.014317464828491212,0.9875139594078064,0.014365196228027344,0.9963534474372864,0.014297008514404297,0.9845435619354248,0.01437997817993164,0.9746971130371094,0.01428985595703125,0.9957641959190369,0.014255285263061523
hydra_tabpfn_hybrid_12l_512e_lr1e4,epoch_100,100.0,tabpfn/models_diff/callback_hydra_tabpfn_hybrid_12_layers_512e_lr0p0001_epoch_100.cpkt,40982,0.9518911957740783,0.014347028732299805,0.9651661515235901,0.014356851577758789,0.9533646106719971,0.014378547668457031,0.9380876421928406,0.014340639114379883,0.9607508182525635,0.014377593994140625,0.9420867562294006,0.014281511306762695
hydra_tabpfn_hybrid_12l_512e_lr1e4,epoch_100,100.0,tabpfn/models_diff/callback_hydra_tabpfn_hybrid_12_layers_512e_lr0p0001_epoch_100.cpkt,40994,0.9456007599830627,0.014366912841796874,0.9448521733283997,0.014382123947143555,0.9466642141342163,0.01438140869140625,0.939447820186615,0.014435529708862305,0.9402947425842285,0.014343023300170898,0.9567448496818542,0.014292478561401367
hydra_tabpfn_hybrid_12l_512e_lr1e4,epoch_120,120.0,tabpfn/models_diff/callback_hydra_tabpfn_hybrid_12_layers_512e_lr0p0001_epoch_120.cpkt,11,0.9955458760261535,0.015326929092407227,0.9996256232261658,0.01897883415222168,0.9919880628585815,0.014646530151367188,0.9971299171447754,0.01437067985534668,0.9929368495941162,0.014345645904541016,0.9960489273071289,0.01429295539855957
hydra_tabpfn_hybrid_12l_512e_lr1e4,epoch_120,120.0,tabpfn/models_diff/callback_hydra_tabpfn_hybrid_12_layers_512e_lr0p0001_epoch_120.cpkt,14,0.9733177661895752,0.015484952926635742,0.9757001996040344,0.019517183303833008,0.9723613858222961,0.014456510543823242,0.9690411686897278,0.014577865600585938,0.9763534069061279,0.014449834823608398,0.9731326699256897,0.014423370361328125
hydra_tabpfn_hybrid_12l_512e_lr1e4,epoch_120,120.0,tabpfn/models_diff/callback_hydra_tabpfn_hybrid_12_layers_512e_lr0p0001_epoch_120.cpkt,15,0.9925774097442627,0.014371967315673828,0.9928249716758728,0.014432430267333984,0.9918674230575562,0.014426231384277344,0.9913003444671631,0.014424324035644531,0.9922605156898499,0.01415562629699707,0.9946337938308716,0.014421224594116211
hydra_tabpfn_hybrid_12l_512e_lr1e4,epoch_120,120.0,tabpfn/models_diff/callback_hydra_tabpfn_hybrid_12_layers_512e_lr0p0001_epoch_120.cpkt,16,0.9965025544166565,0.014555549621582032,0.9950211048126221,0.014490604400634766,0.9968869686126709,0.014478683471679688,0.9952608346939087,0.014421224594116211,0.998871922492981,0.014689445495605469,0.9964719414710999,0.014697790145874023
hydra_tabpfn_hybrid_12l_512e_lr1e4,epoch_120,120.0,tabpfn/models_diff/callback_hydra_tabpfn_hybrid_12_layers_512e_lr0p0001_epoch_120.cpkt,18,0.963539469242096,0.014610195159912109,0.967815101146698,0.014593362808227539,0.9610957503318787,0.01446390151977539,0.9642699956893921,0.014514923095703125,0.960372269153595,0.014652729034423828,0.964144229888916,0.014826059341430664
hydra_tabpfn_hybrid_12l_512e_lr1e4,epoch_120,120.0,tabpfn/models_diff/callback_hydra_tabpfn_hybrid_12_layers_512e_lr0p0001_epoch_120.cpkt,22,0.9812732219696045,0.015239858627319336,0.9797565937042236,0.014653444290161133,0.9837887287139893,0.017915725708007812,0.9786214828491211,0.014406681060791016,0.9829296469688416,0.014665365219116211,0.9812696576118469,0.014558076858520508
hydra_tabpfn_hybrid_12l_512e_lr1e4,epoch_120,120.0,tabpfn/models_diff/callback_hydra_tabpfn_hybrid_12_layers_512e_lr0p0001_epoch_120.cpkt,23,0.7074156165122986,0.014687442779541015,0.6982008814811707,0.015022754669189453,0.7040488719940186,0.014685869216918945,0.6974502801895142,0.014720678329467773,0.7130308747291565,0.014486074447631836,0.7243471741676331,0.01452183723449707
hydra_tabpfn_hybrid_12l_512e_lr1e4,epoch_120,120.0,tabpfn/models_diff/callback_hydra_tabpfn_hybrid_12_layers_512e_lr0p0001_epoch_120.cpkt,29,0.9294578790664673,0.014503574371337891,0.9422217011451721,0.014619112014770508,0.9285445213317871,0.014522790908813477,0.914617121219635,0.014392375946044922,0.926881730556488,0.014488458633422852,0.9350243210792542,0.014495134353637695
hydra_tabpfn_hybrid_12l_512e_lr1e4,epoch_120,120.0,tabpfn/models_diff/callback_hydra_tabpfn_hybrid_12_layers_512e_lr0p0001_epoch_120.cpkt,31,0.7854202628135681,0.014658784866333008,0.7875127792358398,0.015470266342163086,0.7841485142707825,0.014560461044311523,0.7773012518882751,0.014468908309936523,0.7837454080581665,0.014405488967895508,0.7943933606147766,0.014388799667358398
hydra_tabpfn_hybrid_12l_512e_lr1e4,epoch_120,120.0,tabpfn/models_diff/callback_hydra_tabpfn_hybrid_12_layers_512e_lr0p0001_epoch_120.cpkt,37,0.8254082798957825,0.014104747772216797,0.7981308102607727,0.014086008071899414,0.835757851600647,0.014168024063110352,0.8288540244102478,0.014073371887207031,0.8309954404830933,0.014109134674072266,0.8333032727241516,0.014087200164794922
hydra_tabpfn_hybrid_12l_512e_lr1e4,epoch_120,120.0,tabpfn/models_diff/callback_hydra_tabpfn_hybrid_12_layers_512e_lr0p0001_epoch_120.cpkt,50,0.9653717517852783,0.014351797103881837,0.9650375843048096,0.014318704605102539,0.9662021398544312,0.014302730560302734,0.961185097694397,0.014338254928588867,0.9626462459564209,0.014374971389770508,0.971787691116333,0.014424324035644531
hydra_tabpfn_hybrid_12l_512e_lr1e4,epoch_120,120.0,tabpfn/models_diff/callback_hydra_tabpfn_hybrid_12_layers_512e_lr0p0001_epoch_120.cpkt,54,0.9510899066925049,0.014551925659179687,0.9571033120155334,0.014346122741699219,0.9521372318267822,0.01427602767944336,0.9541417360305786,0.014535903930664062,0.9498615860939026,0.014566183090209961,0.9422056674957275,0.015035390853881836
hydra_tabpfn_hybrid_12l_512e_lr1e4,epoch_120,120.0,tabpfn/models_diff/callback_hydra_tabpfn_hybrid_12_layers_512e_lr0p0001_epoch_120.cpkt,188,0.9119918584823609,0.014576053619384766,0.9123063683509827,0.014920473098754883,0.9193688631057739,0.014447212219238281,0.9162431359291077,0.014482736587524414,0.9161249995231628,0.014542341232299805,0.8959159255027771,0.014487504959106445
hydra_tabpfn_hybrid_12l_512e_lr1e4,epoch_120,120.0,tabpfn/models_diff/callback_hydra_tabpfn_hybrid_12_layers_512e_lr0p0001_epoch_120.cpkt,458,0.9999814033508301,0.014588880538940429,1.0,0.014811277389526367,1.0,0.0146942138671875,0.999939501285553,0.014573335647583008,1.0,0.014422893524169922,0.9999675154685974,0.014442682266235352
hydra_tabpfn_hybrid_12l_512e_lr1e4,epoch_120,120.0,tabpfn/models_diff/callback_hydra_tabpfn_hybrid_12_layers_512e_lr0p0001_epoch_120.cpkt,469,0.5806959867477417,0.014331722259521484,0.577167809009552,0.014401674270629883,0.5961045026779175,0.0143280029296875,0.5805535316467285,0.014311552047729492,0.5640358328819275,0.014365434646606445,0.585618257522583,0.014251947402954102
hydra_tabpfn_hybrid_12l_512e_lr1e4,epoch_120,120.0,tabpfn/models_diff/callback_hydra_tabpfn_hybrid_12_layers_512e_lr0p0001_epoch_120.cpkt,1049,0.9292841792106629,0.01452779769897461,0.9089688062667847,0.014587640762329102,0.9417726397514343,0.014461278915405273,0.9267811179161072,0.014430761337280273,0.9287470579147339,0.014688491821289062,0.9401512742042542,0.014470815658569336
hydra_tabpfn_hybrid_12l_512e_lr1e4,epoch_120,120.0,tabpfn/models_diff/callback_hydra_tabpfn_hybrid_12_layers_512e_lr0p0001_epoch_120.cpkt,1050,0.8265623927116394,0.014446687698364259,0.8517916202545166,0.014531373977661133,0.8424908518791199,0.014450550079345703,0.803496241569519,0.014364004135131836,0.7936703562736511,0.014460325241088867,0.8413628935813904,0.01442718505859375
hydra_tabpfn_hybrid_12l_512e_lr1e4,epoch_120,120.0,tabpfn/models_diff/callback_hydra_tabpfn_hybrid_12_layers_512e_lr0p0001_epoch_120.cpkt,1063,0.8052145481109619,0.014484310150146484,0.8534597158432007,0.01455235481262207,0.793933629989624,0.014632463455200195,0.7868937253952026,0.014451742172241211,0.794773519039154,0.014420509338378906,0.7970121502876282,0.014364480972290039
hydra_tabpfn_hybrid_12l_512e_lr1e4,epoch_120,120.0,tabpfn/models_diff/callback_hydra_tabpfn_hybrid_12_layers_512e_lr0p0001_epoch_120.cpkt,1068,0.8683199286460876,0.014357662200927735,0.8986786603927612,0.014362335205078125,0.9198257923126221,0.01433420181274414,0.7931769490242004,0.014286518096923828,0.8520580530166626,0.014428377151489258,0.8778601884841919,0.01437687873840332
hydra_tabpfn_hybrid_12l_512e_lr1e4,epoch_120,120.0,tabpfn/models_diff/callback_hydra_tabpfn_hybrid_12_layers_512e_lr0p0001_epoch_120.cpkt,1462,1.0,0.014279413223266601,1.0,0.014271259307861328,1.0,0.014272212982177734,1.0,0.014289140701293945,1.0,0.014254331588745117,1.0,0.014310121536254883
hydra_tabpfn_hybrid_12l_512e_lr1e4,epoch_120,120.0,tabpfn/models_diff/callback_hydra_tabpfn_hybrid_12_layers_512e_lr0p0001_epoch_120.cpkt,1464,0.7515275001525878,0.01412496566772461,0.7567456960678101,0.014123678207397461,0.7284820079803467,0.014122724533081055,0.7507194876670837,0.014150142669677734,0.7582870721817017,0.014097452163696289,0.7634032368659973,0.014130830764770508
hydra_tabpfn_hybrid_12l_512e_lr1e4,epoch_120,120.0,tabpfn/models_diff/callback_hydra_tabpfn_hybrid_12_layers_512e_lr0p0001_epoch_120.cpkt,1480,0.7268313646316529,0.01440725326538086,0.7281047105789185,0.01444554328918457,0.7279888987541199,0.014290094375610352,0.7524673938751221,0.014358282089233398,0.7529021501541138,0.014339447021484375,0.67269366979599,0.014602899551391602
hydra_tabpfn_hybrid_12l_512e_lr1e4,epoch_120,120.0,tabpfn/models_diff/callback_hydra_tabpfn_hybrid_12_layers_512e_lr0p0001_epoch_120.cpkt,1494,0.9295426607131958,0.014545059204101563,0.9247336387634277,0.01481771469116211,0.9448410272598267,0.014670610427856445,0.915093183517456,0.0144195556640625,0.9305467009544373,0.014396190643310547,0.9324987530708313,0.014421224594116211
hydra_tabpfn_hybrid_12l_512e_lr1e4,epoch_120,120.0,tabpfn/models_diff/callback_hydra_tabpfn_hybrid_12_layers_512e_lr0p0001_epoch_120.cpkt,1510,0.9964168071746826,0.014411306381225586,0.9987502098083496,0.014422416687011719,0.9966151118278503,0.014447689056396484,0.9903224110603333,0.01440572738647461,0.9981604814529419,0.014359235763549805,0.998235821723938,0.014421463012695312
hydra_tabpfn_hybrid_12l_512e_lr1e4,epoch_120,120.0,tabpfn/models_diff/callback_hydra_tabpfn_hybrid_12_layers_512e_lr0p0001_epoch_120.cpkt,6332,0.777751338481903,0.014157676696777343,0.8010877966880798,0.014160633087158203,0.7449204325675964,0.014155149459838867,0.7950011491775513,0.014149188995361328,0.7870370149612427,0.014115095138549805,0.7607102990150452,0.014208316802978516
hydra_tabpfn_hybrid_12l_512e_lr1e4,epoch_120,120.0,tabpfn/models_diff/callback_hydra_tabpfn_hybrid_12_layers_512e_lr0p0001_epoch_120.cpkt,23381,0.5166771173477173,0.014039564132690429,0.6212121248245239,0.014628887176513672,0.4404761791229248,0.013889551162719727,0.5901360511779785,0.01384878158569336,0.38947367668151855,0.013930082321166992,0.5420875549316406,0.013900518417358398
hydra_tabpfn_hybrid_12l_512e_lr1e4,epoch_120,120.0,tabpfn/models_diff/callback_hydra_tabpfn_hybrid_12_layers_512e_lr0p0001_epoch_120.cpkt,40966,1.0,0.014429426193237305,1.0,0.014414787292480469,1.0,0.014406204223632812,1.0,0.014406681060791016,1.0,0.014383077621459961,1.0,0.014536380767822266
hydra_tabpfn_hybrid_12l_512e_lr1e4,epoch_120,120.0,tabpfn/models_diff/callback_hydra_tabpfn_hybrid_12_layers_512e_lr0p0001_epoch_120.cpkt,40975,0.9859467506408691,0.014484119415283204,0.9885193705558777,0.014426231384277344,0.9965112805366516,0.01448512077331543,0.977855920791626,0.014543771743774414,0.970862627029419,0.014484405517578125,0.9959845542907715,0.014481067657470703
hydra_tabpfn_hybrid_12l_512e_lr1e4,epoch_120,120.0,tabpfn/models_diff/callback_hydra_tabpfn_hybrid_12_layers_512e_lr0p0001_epoch_120.cpkt,40982,0.9510968685150146,0.01456003189086914,0.9653366804122925,0.014603853225708008,0.9530795812606812,0.014592409133911133,0.936559796333313,0.014536857604980469,0.9590194225311279,0.014601945877075195,0.9414888620376587,0.014465093612670898
hydra_tabpfn_hybrid_12l_512e_lr1e4,epoch_120,120.0,tabpfn/models_diff/callback_hydra_tabpfn_hybrid_12_layers_512e_lr0p0001_epoch_120.cpkt,40994,0.9463616609573364,0.014390897750854493,0.9449570178985596,0.014448165893554688,0.946480929851532,0.014390230178833008,0.9440209865570068,0.014407157897949219,0.9408875107765198,0.014368772506713867,0.955461859703064,0.01434016227722168
hydra_tabpfn_hybrid_12l_512e_lr1e4,epoch_140,140.0,tabpfn/models_diff/callback_hydra_tabpfn_hybrid_12_layers_512e_lr0p0001_epoch_140.cpkt,11,0.9961368322372437,0.015062856674194335,0.9992625117301941,0.017667293548583984,0.9939848780632019,0.01459813117980957,0.9971410036087036,0.014364004135131836,0.993219256401062,0.014330387115478516,0.9970765113830566,0.014354467391967773
hydra_tabpfn_hybrid_12l_512e_lr1e4,epoch_140,140.0,tabpfn/models_diff/callback_hydra_tabpfn_hybrid_12_layers_512e_lr0p0001_epoch_140.cpkt,14,0.9738916873931884,0.014803504943847657,0.9767556190490723,0.016466140747070312,0.9744881391525269,0.014509916305541992,0.9692079424858093,0.014360666275024414,0.9754995703697205,0.014260292053222656,0.9735071659088135,0.014420509338378906
hydra_tabpfn_hybrid_12l_512e_lr1e4,epoch_140,140.0,tabpfn/models_diff/callback_hydra_tabpfn_hybrid_12_layers_512e_lr0p0001_epoch_140.cpkt,15,0.9934192538261414,0.014162731170654298,0.9930127859115601,0.014302968978881836,0.9924755096435547,0.014172792434692383,0.992559552192688,0.014107704162597656,0.9940229654312134,0.01407933235168457,0.9950254559516907,0.014150857925415039
hydra_tabpfn_hybrid_12l_512e_lr1e4,epoch_140,140.0,tabpfn/models_diff/callback_hydra_tabpfn_hybrid_12_layers_512e_lr0p0001_epoch_140.cpkt,16,0.9967053532600403,0.014447736740112304,0.9953482151031494,0.014417648315429688,0.9974257349967957,0.014429807662963867,0.9955453276634216,0.014485359191894531,0.998632550239563,0.014368534088134766,0.9965749382972717,0.014537334442138672
hydra_tabpfn_hybrid_12l_512e_lr1e4,epoch_140,140.0,tabpfn/models_diff/callback_hydra_tabpfn_hybrid_12_layers_512e_lr0p0001_epoch_140.cpkt,18,0.9626406550407409,0.014650964736938476,0.9657362103462219,0.014786481857299805,0.9611337780952454,0.014606714248657227,0.9631505608558655,0.014974355697631836,0.9605240821838379,0.014440774917602539,0.9626586437225342,0.014446496963500977
hydra_tabpfn_hybrid_12l_512e_lr1e4,epoch_140,140.0,tabpfn/models_diff/callback_hydra_tabpfn_hybrid_12_layers_512e_lr0p0001_epoch_140.cpkt,22,0.9815902352333069,0.014418935775756836,0.9800617694854736,0.014443397521972656,0.9838446378707886,0.01448512077331543,0.9796316623687744,0.014323234558105469,0.9828487634658813,0.014423847198486328,0.9815643429756165,0.014419078826904297
hydra_tabpfn_hybrid_12l_512e_lr1e4,epoch_140,140.0,tabpfn/models_diff/callback_hydra_tabpfn_hybrid_12_layers_512e_lr0p0001_epoch_140.cpkt,23,0.7058488726615906,0.014432716369628906,0.693361759185791,0.014529705047607422,0.7030586004257202,0.014475584030151367,0.7016171216964722,0.014421224594116211,0.7080626487731934,0.014391422271728516,0.7231442332267761,0.014345645904541016
hydra_tabpfn_hybrid_12l_512e_lr1e4,epoch_140,140.0,tabpfn/models_diff/callback_hydra_tabpfn_hybrid_12_layers_512e_lr0p0001_epoch_140.cpkt,29,0.9290301680564881,0.0142578125,0.9409111738204956,0.014270544052124023,0.9271492958068848,0.014174938201904297,0.915334939956665,0.014252901077270508,0.9269949197769165,0.014126062393188477,0.9347605109214783,0.014464616775512695
hydra_tabpfn_hybrid_12l_512e_lr1e4,epoch_140,140.0,tabpfn/models_diff/callback_hydra_tabpfn_hybrid_12_layers_512e_lr0p0001_epoch_140.cpkt,31,0.7865529894828797,0.014760112762451172,0.7893618941307068,0.014789342880249023,0.7851274609565735,0.014737844467163086,0.7786675095558167,0.014776229858398438,0.7841485142707825,0.014833211898803711,0.7954595685005188,0.014663934707641602
hydra_tabpfn_hybrid_12l_512e_lr1e4,epoch_140,140.0,tabpfn/models_diff/callback_hydra_tabpfn_hybrid_12_layers_512e_lr0p0001_epoch_140.cpkt,37,0.8194258570671081,0.014319849014282227,0.7902525067329407,0.014385700225830078,0.8307303190231323,0.014360427856445312,0.8242244124412537,0.014116287231445312,0.8261043429374695,0.014516592025756836,0.8258177042007446,0.014220237731933594
hydra_tabpfn_hybrid_12l_512e_lr1e4,epoch_140,140.0,tabpfn/models_diff/callback_hydra_tabpfn_hybrid_12_layers_512e_lr0p0001_epoch_140.cpkt,50,0.9706485152244568,0.014453601837158204,0.9689661860466003,0.014782428741455078,0.9755109548568726,0.014435768127441406,0.9665058851242065,0.01433110237121582,0.9659653306007385,0.014337778091430664,0.976294219493866,0.014380931854248047
hydra_tabpfn_hybrid_12l_512e_lr1e4,epoch_140,140.0,tabpfn/models_diff/callback_hydra_tabpfn_hybrid_12_layers_512e_lr0p0001_epoch_140.cpkt,54,0.9535142064094544,0.014496898651123047,0.9588037729263306,0.014717578887939453,0.9539095759391785,0.01438450813293457,0.955693781375885,0.014413595199584961,0.9520604014396667,0.014396905899047852,0.9471035003662109,0.014571905136108398
hydra_tabpfn_hybrid_12l_512e_lr1e4,epoch_140,140.0,tabpfn/models_diff/callback_hydra_tabpfn_hybrid_12_layers_512e_lr0p0001_epoch_140.cpkt,188,0.9102897882461548,0.014483356475830078,0.9108718633651733,0.01441049575805664,0.9169276356697083,0.014598608016967773,0.9162980318069458,0.014552116394042969,0.9142274856567383,0.014515161514282227,0.8931239247322083,0.014340400695800781
hydra_tabpfn_hybrid_12l_512e_lr1e4,epoch_140,140.0,tabpfn/models_diff/callback_hydra_tabpfn_hybrid_12_layers_512e_lr0p0001_epoch_140.cpkt,458,0.999990725517273,0.014512968063354493,1.0,0.014680624008178711,0.999993085861206,0.01461648941040039,0.9999735355377197,0.014399528503417969,1.0,0.01437687873840332,0.999987006187439,0.01449131965637207
hydra_tabpfn_hybrid_12l_512e_lr1e4,epoch_140,140.0,tabpfn/models_diff/callback_hydra_tabpfn_hybrid_12_layers_512e_lr0p0001_epoch_140.cpkt,469,0.5819847583770752,0.01454463005065918,0.575680673122406,0.014470338821411133,0.6005282998085022,0.014733552932739258,0.5714477300643921,0.014626741409301758,0.5682705640792847,0.014344215393066406,0.593996524810791,0.014548301696777344
hydra_tabpfn_hybrid_12l_512e_lr1e4,epoch_140,140.0,tabpfn/models_diff/callback_hydra_tabpfn_hybrid_12_layers_512e_lr0p0001_epoch_140.cpkt,1049,0.9308608531951904,0.014497184753417968,0.9127867817878723,0.014615058898925781,0.9402821660041809,0.014582633972167969,0.9301230311393738,0.01443791389465332,0.9295135736465454,0.014441728591918945,0.9415987133979797,0.014408588409423828
hydra_tabpfn_hybrid_12l_512e_lr1e4,epoch_140,140.0,tabpfn/models_diff/callback_hydra_tabpfn_hybrid_12_layers_512e_lr0p0001_epoch_140.cpkt,1050,0.8281189322471618,0.014503002166748047,0.8571041226387024,0.014588594436645508,0.8399074673652649,0.014516115188598633,0.8039215803146362,0.01444864273071289,0.79631507396698,0.014456987380981445,0.8433464169502258,0.014504671096801758
hydra_tabpfn_hybrid_12l_512e_lr1e4,epoch_140,140.0,tabpfn/models_diff/callback_hydra_tabpfn_hybrid_12_layers_512e_lr0p0001_epoch_140.cpkt,1063,0.7932658791542053,0.014390039443969726,0.8229383826255798,0.014424800872802734,0.7880568504333496,0.014388322830200195,0.7880116701126099,0.014410257339477539,0.7804877758026123,0.014352798461914062,0.786834716796875,0.014374017715454102
hydra_tabpfn_hybrid_12l_512e_lr1e4,epoch_140,140.0,tabpfn/models_diff/callback_hydra_tabpfn_hybrid_12_layers_512e_lr0p0001_epoch_140.cpkt,1068,0.8713194489479065,0.014453887939453125,0.8961803317070007,0.014410257339477539,0.9226434230804443,0.014409542083740234,0.8002181649208069,0.014317750930786133,0.8613371253013611,0.014666318893432617,0.8762181997299194,0.014465570449829102
hydra_tabpfn_hybrid_12l_512e_lr1e4,epoch_140,140.0,tabpfn/models_diff/callback_hydra_tabpfn_hybrid_12_layers_512e_lr0p0001_epoch_140.cpkt,1462,1.0,0.014316272735595704,1.0,0.01431584358215332,1.0,0.014372110366821289,1.0,0.01424407958984375,1.0,0.01439523696899414,1.0,0.014254093170166016
hydra_tabpfn_hybrid_12l_512e_lr1e4,epoch_140,140.0,tabpfn/models_diff/callback_hydra_tabpfn_hybrid_12_layers_512e_lr0p0001_epoch_140.cpkt,1464,0.7387736797332763,0.014107275009155273,0.7310655117034912,0.014155149459838867,0.7153756022453308,0.014062881469726562,0.7322688698768616,0.014086484909057617,0.7491905689239502,0.014132261276245117,0.765967845916748,0.014099597930908203
hydra_tabpfn_hybrid_12l_512e_lr1e4,epoch_140,140.0,tabpfn/models_diff/callback_hydra_tabpfn_hybrid_12_layers_512e_lr0p0001_epoch_140.cpkt,1480,0.7229724168777466,0.014309215545654296,0.7274096608161926,0.014356136322021484,0.73134845495224,0.014226436614990234,0.7475893497467041,0.014259815216064453,0.7446655631065369,0.01438283920288086,0.6638490557670593,0.014320850372314453
hydra_tabpfn_hybrid_12l_512e_lr1e4,epoch_140,140.0,tabpfn/models_diff/callback_hydra_tabpfn_hybrid_12_layers_512e_lr0p0001_epoch_140.cpkt,1494,0.9305134892463685,0.014420747756958008,0.9256215691566467,0.014470338821411133,0.9448580145835876,0.014412403106689453,0.9148530960083008,0.014501094818115234,0.9331516027450562,0.01435232162475586,0.9340831637382507,0.01436758041381836
hydra_tabpfn_hybrid_12l_512e_lr1e4,epoch_140,140.0,tabpfn/models_diff/callback_hydra_tabpfn_hybrid_12_layers_512e_lr0p0001_epoch_140.cpkt,1510,0.9961838841438293,0.014363527297973633,0.9985939860343933,0.014396429061889648,0.9960943460464478,0.014437437057495117,0.9902706742286682,0.014315128326416016,0.9978899359703064,0.014383316040039062,0.998070478439331,0.01428532600402832
hydra_tabpfn_hybrid_12l_512e_lr1e4,epoch_140,140.0,tabpfn/models_diff/callback_hydra_tabpfn_hybrid_12_layers_512e_lr0p0001_epoch_140.cpkt,6332,0.7689350962638855,0.01410064697265625,0.7948718070983887,0.014099597930908203,0.7383108735084534,0.014072179794311523,0.7855996489524841,0.014103174209594727,0.7694003582000732,0.014099836349487305,0.7564927935600281,0.014128446578979492
hydra_tabpfn_hybrid_12l_512e_lr1e4,epoch_140,140.0,tabpfn/models_diff/callback_hydra_tabpfn_hybrid_12_layers_512e_lr0p0001_epoch_140.cpkt,23381,0.5094200789928436,0.013911914825439454,0.6144781112670898,0.014349222183227539,0.40816327929496765,0.01384592056274414,0.5986394286155701,0.013753890991210938,0.4140350818634033,0.013772010803222656,0.5117844939231873,0.013838529586791992
hydra_tabpfn_hybrid_12l_512e_lr1e4,epoch_140,140.0,tabpfn/models_diff/callback_hydra_tabpfn_hybrid_12_layers_512e_lr0p0001_epoch_140.cpkt,40966,1.0,0.014417505264282227,1.0,0.014438152313232422,1.0,0.014386177062988281,1.0,0.014403581619262695,1.0,0.014307022094726562,1.0,0.014552593231201172
hydra_tabpfn_hybrid_12l_512e_lr1e4,epoch_140,140.0,tabpfn/models_diff/callback_hydra_tabpfn_hybrid_12_layers_512e_lr0p0001_epoch_140.cpkt,40975,0.9840272903442383,0.014475059509277344,0.984116792678833,0.01447916030883789,0.9925087094306946,0.01445913314819336,0.9791748523712158,0.014527559280395508,0.9699945449829102,0.014562368392944336,0.9943415522575378,0.014347076416015625
hydra_tabpfn_hybrid_12l_512e_lr1e4,epoch_140,140.0,tabpfn/models_diff/callback_hydra_tabpfn_hybrid_12_layers_512e_lr0p0001_epoch_140.cpkt,40982,0.9519565463066101,0.01469264030456543,0.9655463695526123,0.014551162719726562,0.9544581770896912,0.014809608459472656,0.9368370771408081,0.014430999755859375,0.9613613486289978,0.01484823226928711,0.9415797591209412,0.014823198318481445
hydra_tabpfn_hybrid_12l_512e_lr1e4,epoch_140,140.0,tabpfn/models_diff/callback_hydra_tabpfn_hybrid_12_layers_512e_lr0p0001_epoch_140.cpkt,40994,0.9411856293678283,0.01443653106689453,0.9386664032936096,0.01464700698852539,0.9435483813285828,0.014305591583251953,0.9330962300300598,0.014312744140625,0.9336889982223511,0.014369726181030273,0.9569281339645386,0.014547586441040039
hydra_tabpfn_hybrid_12l_512e_lr1e4,epoch_160,160.0,tabpfn/models_diff/callback_hydra_tabpfn_hybrid_12_layers_512e_lr0p0001_epoch_160.cpkt,11,0.9958683013916015,0.01736307144165039,0.9995681047439575,0.028218984603881836,0.9937818050384521,0.01505422592163086,0.9968866109848022,0.01458740234375,0.9931348562240601,0.014539480209350586,0.9959701299667358,0.014415264129638672
hydra_tabpfn_hybrid_12l_512e_lr1e4,epoch_160,160.0,tabpfn/models_diff/callback_hydra_tabpfn_hybrid_12_layers_512e_lr0p0001_epoch_160.cpkt,14,0.9747251629829407,0.01613907814025879,0.9772418737411499,0.02211284637451172,0.9744879007339478,0.014776468276977539,0.9695543646812439,0.01477670669555664,0.9771966338157654,0.014559507369995117,0.9751450419425964,0.01446986198425293
hydra_tabpfn_hybrid_12l_512e_lr1e4,epoch_160,160.0,tabpfn/models_diff/callback_hydra_tabpfn_hybrid_12_layers_512e_lr0p0001_epoch_160.cpkt,15,0.9930846810340881,0.014179039001464843,0.9930127859115601,0.014318704605102539,0.9917154312133789,0.014198541641235352,0.9917582273483276,0.014151334762573242,0.9937548041343689,0.014098882675170898,0.9951821565628052,0.014127731323242188
hydra_tabpfn_hybrid_12l_512e_lr1e4,epoch_160,160.0,tabpfn/models_diff/callback_hydra_tabpfn_hybrid_12_layers_512e_lr0p0001_epoch_160.cpkt,16,0.9970702767372132,0.014533185958862304,0.9959410429000854,0.014464139938354492,0.9974991083145142,0.014678239822387695,0.9960410594940186,0.014442682266235352,0.9987716674804688,0.014580249786376953,0.9970985054969788,0.014500617980957031
hydra_tabpfn_hybrid_12l_512e_lr1e4,epoch_160,160.0,tabpfn/models_diff/callback_hydra_tabpfn_hybrid_12_layers_512e_lr0p0001_epoch_160.cpkt,18,0.9643686413764954,0.014400720596313477,0.9670973420143127,0.014363527297973633,0.9620736837387085,0.014539957046508789,0.9656007289886475,0.01429605484008789,0.961368203163147,0.014384746551513672,0.9657032489776611,0.014419317245483398
hydra_tabpfn_hybrid_12l_512e_lr1e4,epoch_160,160.0,tabpfn/models_diff/callback_hydra_tabpfn_hybrid_12_layers_512e_lr0p0001_epoch_160.cpkt,22,0.9820319533348083,0.014596796035766602,0.9811506271362305,0.014454126358032227,0.9837332367897034,0.014364242553710938,0.9795656204223633,0.014431476593017578,0.9835658669471741,0.015108346939086914,0.9821444153785706,0.014625787734985352
hydra_tabpfn_hybrid_12l_512e_lr1e4,epoch_160,160.0,tabpfn/models_diff/callback_hydra_tabpfn_hybrid_12_layers_512e_lr0p0001_epoch_160.cpkt,23,0.7057228803634643,0.014400339126586914,0.6945552229881287,0.014386892318725586,0.7019606232643127,0.014482975006103516,0.7015248537063599,0.014426469802856445,0.7080796360969543,0.014353036880493164,0.7224940657615662,0.01435232162475586
hydra_tabpfn_hybrid_12l_512e_lr1e4,epoch_160,160.0,tabpfn/models_diff/callback_hydra_tabpfn_hybrid_12_layers_512e_lr0p0001_epoch_160.cpkt,29,0.9308575391769409,0.01414937973022461,0.9412966370582581,0.014168977737426758,0.9314102530479431,0.01414799690246582,0.9174883961677551,0.014134883880615234,0.9272590279579163,0.014146566390991211,0.936833381652832,0.014148473739624023
hydra_tabpfn_hybrid_12l_512e_lr1e4,epoch_160,160.0,tabpfn/models_diff/callback_hydra_tabpfn_hybrid_12_layers_512e_lr0p0001_epoch_160.cpkt,31,0.7868469715118408,0.014536476135253907,0.7888110876083374,0.01432657241821289,0.7869701981544495,0.014661788940429688,0.780109703540802,0.01456451416015625,0.7855497598648071,0.014633893966674805,0.7927941083908081,0.014495611190795898
hydra_tabpfn_hybrid_12l_512e_lr1e4,epoch_160,160.0,tabpfn/models_diff/callback_hydra_tabpfn_hybrid_12_layers_512e_lr0p0001_epoch_160.cpkt,37,0.8199385523796081,0.014157485961914063,0.7881556749343872,0.014077425003051758,0.8329912424087524,0.014276504516601562,0.8229617476463318,0.01421976089477539,0.8298265337944031,0.014108657836914062,0.8257575631141663,0.014105081558227539
hydra_tabpfn_hybrid_12l_512e_lr1e4,epoch_160,160.0,tabpfn/models_diff/callback_hydra_tabpfn_hybrid_12_layers_512e_lr0p0001_epoch_160.cpkt,50,0.9705051302909851,0.014373445510864257,0.9677443504333496,0.014378786087036133,0.9745447635650635,0.014367341995239258,0.9645153880119324,0.014386653900146484,0.9683468341827393,0.014391899108886719,0.9773743152618408,0.014342546463012695
hydra_tabpfn_hybrid_12l_512e_lr1e4,epoch_160,160.0,tabpfn/models_diff/callback_hydra_tabpfn_hybrid_12_layers_512e_lr0p0001_epoch_160.cpkt,54,0.9541897058486939,0.014383506774902344,0.958251416683197,0.014415502548217773,0.9556401968002319,0.014403343200683594,0.9570462703704834,0.014400720596313477,0.9538211822509766,0.014320611953735352,0.9461894631385803,0.014377355575561523
hydra_tabpfn_hybrid_12l_512e_lr1e4,epoch_160,160.0,tabpfn/models_diff/callback_hydra_tabpfn_hybrid_12_layers_512e_lr0p0001_epoch_160.cpkt,188,0.9123743414878845,0.014419031143188477,0.9136781692504883,0.014423847198486328,0.9198513031005859,0.014389753341674805,0.9172277450561523,0.014403343200683594,0.9149594902992249,0.01445627212524414,0.8961549997329712,0.014421939849853516
hydra_tabpfn_hybrid_12l_512e_lr1e4,epoch_160,160.0,tabpfn/models_diff/callback_hydra_tabpfn_hybrid_12_layers_512e_lr0p0001_epoch_160.cpkt,458,0.9999892473220825,0.014485931396484375,1.0,0.014660358428955078,1.0,0.014391422271728516,0.999984860420227,0.014386415481567383,1.0,0.014537572860717773,0.9999613761901855,0.014453887939453125
hydra_tabpfn_hybrid_12l_512e_lr1e4,epoch_160,160.0,tabpfn/models_diff/callback_hydra_tabpfn_hybrid_12_layers_512e_lr0p0001_epoch_160.cpkt,469,0.5831321597099304,0.01437530517578125,0.5771520733833313,0.014496326446533203,0.5990082025527954,0.014365673065185547,0.579354465007782,0.01431584358215332,0.566291332244873,0.014357328414916992,0.5938547253608704,0.014341354370117188
hydra_tabpfn_hybrid_12l_512e_lr1e4,epoch_160,160.0,tabpfn/models_diff/callback_hydra_tabpfn_hybrid_12_layers_512e_lr0p0001_epoch_160.cpkt,1049,0.9298996329307556,0.01446833610534668,0.9097111821174622,0.014520883560180664,0.9421038627624512,0.014452934265136719,0.9312623143196106,0.014465808868408203,0.9268308281898499,0.014397144317626953,0.9395899772644043,0.01450490951538086
hydra_tabpfn_hybrid_12l_512e_lr1e4,epoch_160,160.0,tabpfn/models_diff/callback_hydra_tabpfn_hybrid_12_layers_512e_lr0p0001_epoch_160.cpkt,1050,0.8275367140769958,0.014456510543823242,0.8576462268829346,0.014451265335083008,0.8381338119506836,0.014481782913208008,0.8064735531806946,0.01450204849243164,0.7949486374855042,0.014391660690307617,0.8404813408851624,0.014455795288085938
hydra_tabpfn_hybrid_12l_512e_lr1e4,epoch_160,160.0,tabpfn/models_diff/callback_hydra_tabpfn_hybrid_12_layers_512e_lr0p0001_epoch_160.cpkt,1063,0.8141044616699219,0.014432716369628906,0.8489099740982056,0.014462471008300781,0.7987677454948425,0.014388322830200195,0.7926556468009949,0.01439666748046875,0.8307491540908813,0.014414548873901367,0.7994397878646851,0.014501571655273438
hydra_tabpfn_hybrid_12l_512e_lr1e4,epoch_160,160.0,tabpfn/models_diff/callback_hydra_tabpfn_hybrid_12_layers_512e_lr0p0001_epoch_160.cpkt,1068,0.8717713475227356,0.014576387405395509,0.8999555706977844,0.014552831649780273,0.915727436542511,0.014476299285888672,0.8021520376205444,0.014465808868408203,0.863002598285675,0.014714717864990234,0.8780190944671631,0.014672279357910156
hydra_tabpfn_hybrid_12l_512e_lr1e4,epoch_160,160.0,tabpfn/models_diff/callback_hydra_tabpfn_hybrid_12_layers_512e_lr0p0001_epoch_160.cpkt,1462,1.0,0.014653587341308593,1.0,0.014714241027832031,1.0,0.01444697380065918,1.0,0.014619827270507812,1.0,0.014777898788452148,1.0,0.014708995819091797
hydra_tabpfn_hybrid_12l_512e_lr1e4,epoch_160,160.0,tabpfn/models_diff/callback_hydra_tabpfn_hybrid_12_layers_512e_lr0p0001_epoch_160.cpkt,1464,0.7286123394966125,0.014323902130126954,0.7141687273979187,0.014201641082763672,0.7039123773574829,0.014362096786499023,0.7259609699249268,0.014229297637939453,0.7357385158538818,0.014099836349487305,0.7632811069488525,0.014726638793945312
hydra_tabpfn_hybrid_12l_512e_lr1e4,epoch_160,160.0,tabpfn/models_diff/callback_hydra_tabpfn_hybrid_12_layers_512e_lr0p0001_epoch_160.cpkt,1480,0.7292937397956848,0.014387750625610351,0.7312326431274414,0.014398336410522461,0.7374305129051208,0.01434326171875,0.7567782402038574,0.014353513717651367,0.7511885166168213,0.014287471771240234,0.6698387861251831,0.014556169509887695
hydra_tabpfn_hybrid_12l_512e_lr1e4,epoch_160,160.0,tabpfn/models_diff/callback_hydra_tabpfn_hybrid_12_layers_512e_lr0p0001_epoch_160.cpkt,1494,0.9300048112869262,0.014536285400390625,0.9248206615447998,0.014468193054199219,0.9453327655792236,0.014427661895751953,0.9152647256851196,0.014442205429077148,0.9331343770027161,0.014555931091308594,0.9314715266227722,0.014787435531616211
hydra_tabpfn_hybrid_12l_512e_lr1e4,epoch_160,160.0,tabpfn/models_diff/callback_hydra_tabpfn_hybrid_12_layers_512e_lr0p0001_epoch_160.cpkt,1510,0.9964128255844116,0.0145172119140625,0.9988022446632385,0.014620065689086914,0.996458888053894,0.014411449432373047,0.9907364249229431,0.014545917510986328,0.9981063604354858,0.014574289321899414,0.9979602098464966,0.014434337615966797
hydra_tabpfn_hybrid_12l_512e_lr1e4,epoch_160,160.0,tabpfn/models_diff/callback_hydra_tabpfn_hybrid_12_layers_512e_lr0p0001_epoch_160.cpkt,6332,0.7735846400260925,0.014245414733886718,0.7966848015785217,0.014169692993164062,0.7419828772544861,0.014422893524169922,0.7945425510406494,0.014308929443359375,0.7779982089996338,0.014198780059814453,0.7567147612571716,0.014126777648925781
hydra_tabpfn_hybrid_12l_512e_lr1e4,epoch_160,160.0,tabpfn/models_diff/callback_hydra_tabpfn_hybrid_12_layers_512e_lr0p0001_epoch_160.cpkt,23381,0.5205741345882415,0.013942718505859375,0.6127946376800537,0.014378070831298828,0.44387754797935486,0.01385951042175293,0.6122449040412903,0.013830184936523438,0.4070175290107727,0.013784408569335938,0.5269360542297363,0.013861417770385742
hydra_tabpfn_hybrid_12l_512e_lr1e4,epoch_160,160.0,tabpfn/models_diff/callback_hydra_tabpfn_hybrid_12_layers_512e_lr0p0001_epoch_160.cpkt,40966,1.0,0.014446020126342773,1.0,0.01437234878540039,1.0,0.014389991760253906,1.0,0.01453256607055664,1.0,0.014372110366821289,1.0,0.01456308364868164
hydra_tabpfn_hybrid_12l_512e_lr1e4,epoch_160,160.0,tabpfn/models_diff/callback_hydra_tabpfn_hybrid_12_layers_512e_lr0p0001_epoch_160.cpkt,40975,0.9853350758552551,0.014543819427490234,0.9855775833129883,0.01444101333618164,0.9928950071334839,0.014463186264038086,0.98228919506073,0.014689922332763672,0.9702198505401611,0.014383077621459961,0.9956937432289124,0.014741897583007812
hydra_tabpfn_hybrid_12l_512e_lr1e4,epoch_160,160.0,tabpfn/models_diff/callback_hydra_tabpfn_hybrid_12_layers_512e_lr0p0001_epoch_160.cpkt,40982,0.9523310780525207,0.014674520492553711,0.9652990698814392,0.01471400260925293,0.9543296098709106,0.01465296745300293,0.9385008811950684,0.014725446701049805,0.9621016979217529,0.014600753784179688,0.9414241313934326,0.014679431915283203
hydra_tabpfn_hybrid_12l_512e_lr1e4,epoch_160,160.0,tabpfn/models_diff/callback_hydra_tabpfn_hybrid_12_layers_512e_lr0p0001_epoch_160.cpkt,40994,0.9406948924064636,0.014416790008544922,0.9367792010307312,0.014662981033325195,0.938599705696106,0.014425039291381836,0.9412263035774231,0.0143890380859375,0.9358062148094177,0.014316320419311523,0.9510630369186401,0.014290571212768555
hydra_tabpfn_hybrid_12l_512e_lr1e4,epoch_180,180.0,tabpfn/models_diff/callback_hydra_tabpfn_hybrid_12_layers_512e_lr0p0001_epoch_180.cpkt,11,0.9958301901817321,0.01602902412414551,0.999453067779541,0.022343158721923828,0.9939818382263184,0.014795303344726562,0.9969245195388794,0.014403343200683594,0.9924103617668152,0.014309406280517578,0.9963811635971069,0.014293909072875977
hydra_tabpfn_hybrid_12l_512e_lr1e4,epoch_180,180.0,tabpfn/models_diff/callback_hydra_tabpfn_hybrid_12_layers_512e_lr0p0001_epoch_180.cpkt,14,0.9743985176086426,0.014678382873535156,0.9765031933784485,0.016135215759277344,0.9746226668357849,0.014328718185424805,0.9690693020820618,0.014362096786499023,0.9770277142524719,0.014292716979980469,0.9747697114944458,0.01427316665649414
hydra_tabpfn_hybrid_12l_512e_lr1e4,epoch_180,180.0,tabpfn/models_diff/callback_hydra_tabpfn_hybrid_12_layers_512e_lr0p0001_epoch_180.cpkt,15,0.9932966113090516,0.014162921905517578,0.9933133125305176,0.01425480842590332,0.9921334385871887,0.01425623893737793,0.9918345808982849,0.01407313346862793,0.9941762685775757,0.014113187789916992,0.9950254559516907,0.014117240905761719
hydra_tabpfn_hybrid_12l_512e_lr1e4,epoch_180,180.0,tabpfn/models_diff/callback_hydra_tabpfn_hybrid_12_layers_512e_lr0p0001_epoch_180.cpkt,16,0.9970004916191101,0.014618110656738282,0.9958247542381287,0.014408111572265625,0.9973973035812378,0.014476776123046875,0.9960913062095642,0.014333724975585938,0.9987799525260925,0.014347314834594727,0.9969091415405273,0.015524625778198242
hydra_tabpfn_hybrid_12l_512e_lr1e4,epoch_180,180.0,tabpfn/models_diff/callback_hydra_tabpfn_hybrid_12_layers_512e_lr0p0001_epoch_180.cpkt,18,0.9640614628791809,0.014453697204589843,0.9667736887931824,0.014274358749389648,0.9620514512062073,0.014399290084838867,0.9650689363479614,0.014371871948242188,0.9609989523887634,0.014763593673706055,0.96541428565979,0.014459371566772461
hydra_tabpfn_hybrid_12l_512e_lr1e4,epoch_180,180.0,tabpfn/models_diff/callback_hydra_tabpfn_hybrid_12_layers_512e_lr0p0001_epoch_180.cpkt,22,0.9820395588874817,0.014610767364501953,0.9812042117118835,0.014407873153686523,0.9837780594825745,0.015304803848266602,0.9795485138893127,0.014413833618164062,0.9836926460266113,0.014497041702270508,0.9819743633270264,0.01443028450012207
hydra_tabpfn_hybrid_12l_512e_lr1e4,epoch_180,180.0,tabpfn/models_diff/callback_hydra_tabpfn_hybrid_12_layers_512e_lr0p0001_epoch_180.cpkt,23,0.7065048098564148,0.014373159408569336,0.6964753270149231,0.014553070068359375,0.7014955282211304,0.014339685440063477,0.7027053833007812,0.01430511474609375,0.7075860500335693,0.014366865158081055,0.7242617607116699,0.014301061630249023
hydra_tabpfn_hybrid_12l_512e_lr1e4,epoch_180,180.0,tabpfn/models_diff/callback_hydra_tabpfn_hybrid_12_layers_512e_lr0p0001_epoch_180.cpkt,29,0.9311053514480591,0.014283704757690429,0.9409111738204956,0.014320611953735352,0.9307692050933838,0.014619112014770508,0.9189618229866028,0.014138460159301758,0.9279381036758423,0.014142036437988281,0.936946451663971,0.01419830322265625
hydra_tabpfn_hybrid_12l_512e_lr1e4,epoch_180,180.0,tabpfn/models_diff/callback_hydra_tabpfn_hybrid_12_layers_512e_lr0p0001_epoch_180.cpkt,31,0.7870832920074463,0.014452457427978516,0.7901880741119385,0.014493465423583984,0.7871813774108887,0.014470100402832031,0.777263343334198,0.014354705810546875,0.786298394203186,0.014336585998535156,0.7944852709770203,0.014607429504394531
hydra_tabpfn_hybrid_12l_512e_lr1e4,epoch_180,180.0,tabpfn/models_diff/callback_hydra_tabpfn_hybrid_12_layers_512e_lr0p0001_epoch_180.cpkt,37,0.8195008516311646,0.014225578308105469,0.7874966263771057,0.014124631881713867,0.8308493494987488,0.014290809631347656,0.8246151804924011,0.014284133911132812,0.8303186893463135,0.014246702194213867,0.8242244124412537,0.01418161392211914
hydra_tabpfn_hybrid_12l_512e_lr1e4,epoch_180,180.0,tabpfn/models_diff/callback_hydra_tabpfn_hybrid_12_layers_512e_lr0p0001_epoch_180.cpkt,50,0.974289846420288,0.014470577239990234,0.9717857241630554,0.014423847198486328,0.9776105284690857,0.014517784118652344,0.9703146815299988,0.01454615592956543,0.9713658690452576,0.014429569244384766,0.980372428894043,0.014435529708862305
hydra_tabpfn_hybrid_12l_512e_lr1e4,epoch_180,180.0,tabpfn/models_diff/callback_hydra_tabpfn_hybrid_12_layers_512e_lr0p0001_epoch_180.cpkt,54,0.954223358631134,0.014489269256591797,0.9584227204322815,0.014365673065185547,0.9550567865371704,0.014272928237915039,0.9569708704948425,0.014773368835449219,0.9532795548439026,0.014559268951416016,0.9473868608474731,0.014475107192993164
hydra_tabpfn_hybrid_12l_512e_lr1e4,epoch_180,180.0,tabpfn/models_diff/callback_hydra_tabpfn_hybrid_12_layers_512e_lr0p0001_epoch_180.cpkt,188,0.9125998020172119,0.014683151245117187,0.9141484498977661,0.01447749137878418,0.9197612404823303,0.014732837677001953,0.9167004823684692,0.014599323272705078,0.9160830974578857,0.014408349990844727,0.8963057398796082,0.01519775390625
hydra_tabpfn_hybrid_12l_512e_lr1e4,epoch_180,180.0,tabpfn/models_diff/callback_hydra_tabpfn_hybrid_12_layers_512e_lr0p0001_epoch_180.cpkt,458,0.9999928593635559,0.014782476425170898,1.0,0.01509237289428711,1.0,0.014579057693481445,0.9999772906303406,0.014681339263916016,1.0,0.015079259872436523,0.999987006187439,0.014480352401733398
hydra_tabpfn_hybrid_12l_512e_lr1e4,epoch_180,180.0,tabpfn/models_diff/callback_hydra_tabpfn_hybrid_12_layers_512e_lr0p0001_epoch_180.cpkt,469,0.5856098532676697,0.014553260803222657,0.5779035687446594,0.014776468276977539,0.6046302914619446,0.014404296875,0.5815005302429199,0.014255762100219727,0.5694584846496582,0.014796018600463867,0.5945563912391663,0.014533758163452148
hydra_tabpfn_hybrid_12l_512e_lr1e4,epoch_180,180.0,tabpfn/models_diff/callback_hydra_tabpfn_hybrid_12_layers_512e_lr0p0001_epoch_180.cpkt,1049,0.9298462629318237,0.014510726928710938,0.9098879098892212,0.014644145965576172,0.9430643916130066,0.014443159103393555,0.9302749633789062,0.01446986198425293,0.927182137966156,0.014522790908813477,0.9388219118118286,0.014473676681518555
hydra_tabpfn_hybrid_12l_512e_lr1e4,epoch_180,180.0,tabpfn/models_diff/callback_hydra_tabpfn_hybrid_12_layers_512e_lr0p0001_epoch_180.cpkt,1050,0.828030788898468,0.014577198028564452,0.8605193495750427,0.014500141143798828,0.8369770646095276,0.014417886734008789,0.8063459396362305,0.01443028450012207,0.7941993474960327,0.014859199523925781,0.8421122431755066,0.014678478240966797
hydra_tabpfn_hybrid_12l_512e_lr1e4,epoch_180,180.0,tabpfn/models_diff/callback_hydra_tabpfn_hybrid_12_layers_512e_lr0p0001_epoch_180.cpkt,1063,0.818942928314209,0.01494736671447754,0.8540284633636475,0.015034675598144531,0.8051185011863708,0.015682458877563477,0.7932576537132263,0.014447927474975586,0.8413763046264648,0.01486349105834961,0.8009337186813354,0.014708280563354492
hydra_tabpfn_hybrid_12l_512e_lr1e4,epoch_180,180.0,tabpfn/models_diff/callback_hydra_tabpfn_hybrid_12_layers_512e_lr0p0001_epoch_180.cpkt,1068,0.8729159832000732,0.015244436264038087,0.8987341523170471,0.017917871475219727,0.9150444269180298,0.014500617980957031,0.803391695022583,0.014504432678222656,0.8688079714775085,0.01471567153930664,0.8786016702651978,0.014583587646484375
hydra_tabpfn_hybrid_12l_512e_lr1e4,epoch_180,180.0,tabpfn/models_diff/callback_hydra_tabpfn_hybrid_12_layers_512e_lr0p0001_epoch_180.cpkt,1462,1.0,0.016542959213256835,1.0,0.018256664276123047,1.0,0.015674352645874023,1.0,0.018355369567871094,1.0,0.015745878219604492,1.0,0.014682531356811523
hydra_tabpfn_hybrid_12l_512e_lr1e4,epoch_180,180.0,tabpfn/models_diff/callback_hydra_tabpfn_hybrid_12_layers_512e_lr0p0001_epoch_180.cpkt,1464,0.7168661475181579,0.014610195159912109,0.7082139253616333,0.01515340805053711,0.6897495985031128,0.014466285705566406,0.7046323418617249,0.014946222305297852,0.7216697335243225,0.014328718185424805,0.7600651383399963,0.014156341552734375
hydra_tabpfn_hybrid_12l_512e_lr1e4,epoch_180,180.0,tabpfn/models_diff/callback_hydra_tabpfn_hybrid_12_layers_512e_lr0p0001_epoch_180.cpkt,1480,0.7281471014022827,0.014371919631958007,0.7298424243927002,0.014576911926269531,0.7363878488540649,0.014355659484863281,0.754452645778656,0.014298439025878906,0.7485904097557068,0.014281988143920898,0.6714621782302856,0.014346599578857422
hydra_tabpfn_hybrid_12l_512e_lr1e4,epoch_180,180.0,tabpfn/models_diff/callback_hydra_tabpfn_hybrid_12_layers_512e_lr0p0001_epoch_180.cpkt,1494,0.9301808834075928,0.014359855651855468,0.9255518913269043,0.014413595199584961,0.9452140927314758,0.014285087585449219,0.9151617884635925,0.014394283294677734,0.9325823187828064,0.014382362365722656,0.9323943257331848,0.014323949813842773
hydra_tabpfn_hybrid_12l_512e_lr1e4,epoch_180,180.0,tabpfn/models_diff/callback_hydra_tabpfn_hybrid_12_layers_512e_lr0p0001_epoch_180.cpkt,1510,0.996472692489624,0.01444106101989746,0.9989064335823059,0.014537811279296875,0.9967713356018066,0.014368534088134766,0.990891695022583,0.014403581619262695,0.9979440569877625,0.014307737350463867,0.9978499412536621,0.014587640762329102
hydra_tabpfn_hybrid_12l_512e_lr1e4,epoch_180,180.0,tabpfn/models_diff/callback_hydra_tabpfn_hybrid_12_layers_512e_lr0p0001_epoch_180.cpkt,6332,0.7725151538848877,0.014111566543579101,0.7909867763519287,0.014226198196411133,0.7424724698066711,0.014152050018310547,0.7963770031929016,0.014083385467529297,0.7744709253311157,0.014076709747314453,0.7582685947418213,0.014019489288330078
hydra_tabpfn_hybrid_12l_512e_lr1e4,epoch_180,180.0,tabpfn/models_diff/callback_hydra_tabpfn_hybrid_12_layers_512e_lr0p0001_epoch_180.cpkt,23381,0.5175481140613556,0.014052820205688477,0.6043770909309387,0.014461994171142578,0.4404761791229248,0.013811826705932617,0.603741466999054,0.013825178146362305,0.410526305437088,0.014170646667480469,0.5286195278167725,0.013994455337524414
hydra_tabpfn_hybrid_12l_512e_lr1e4,epoch_180,180.0,tabpfn/models_diff/callback_hydra_tabpfn_hybrid_12_layers_512e_lr0p0001_epoch_180.cpkt,40966,1.0,0.015478897094726562,1.0,0.015123128890991211,1.0,0.015276670455932617,1.0,0.015598773956298828,1.0,0.015702009201049805,1.0,0.01569390296936035
hydra_tabpfn_hybrid_12l_512e_lr1e4,epoch_180,180.0,tabpfn/models_diff/callback_hydra_tabpfn_hybrid_12_layers_512e_lr0p0001_epoch_180.cpkt,40975,0.9854780435562134,0.019233179092407227,0.985903263092041,0.01573634147644043,0.9943169951438904,0.015654325485229492,0.981268584728241,0.01571345329284668,0.9697920680046082,0.017391681671142578,0.9961093068122864,0.03167009353637695
hydra_tabpfn_hybrid_12l_512e_lr1e4,epoch_180,180.0,tabpfn/models_diff/callback_hydra_tabpfn_hybrid_12_layers_512e_lr0p0001_epoch_180.cpkt,40982,0.9517395853996277,0.014563560485839844,0.965371310710907,0.01474761962890625,0.954192578792572,0.014783143997192383,0.9379538297653198,0.014428377151489258,0.9605275392532349,0.014386415481567383,0.9406526684761047,0.014472246170043945
hydra_tabpfn_hybrid_12l_512e_lr1e4,epoch_180,180.0,tabpfn/models_diff/callback_hydra_tabpfn_hybrid_12_layers_512e_lr0p0001_epoch_180.cpkt,40994,0.9454377293586731,0.014409303665161133,0.9446424841880798,0.014419317245483398,0.9477639198303223,0.014520883560180664,0.9402100443840027,0.014382362365722656,0.9402100443840027,0.014349699020385742,0.954362154006958,0.014374256134033203
hydra_tabpfn_hybrid_12l_512e_lr1e4,epoch_200,200.0,tabpfn/models_diff/callback_hydra_tabpfn_hybrid_12_layers_512e_lr0p0001_epoch_200.cpkt,11,0.9958148241043091,0.015214014053344726,0.9995162487030029,0.017594337463378906,0.994030237197876,0.01523280143737793,0.9967460036277771,0.014420032501220703,0.9925194978713989,0.01445150375366211,0.9962621331214905,0.014371395111083984
hydra_tabpfn_hybrid_12l_512e_lr1e4,epoch_200,200.0,tabpfn/models_diff/callback_hydra_tabpfn_hybrid_12_layers_512e_lr0p0001_epoch_200.cpkt,14,0.9744333267211914,0.015571784973144532,0.976402223110199,0.019426584243774414,0.9746196866035461,0.01475071907043457,0.9691995978355408,0.014635562896728516,0.9770237803459167,0.014699697494506836,0.9749213457107544,0.01434636116027832
hydra_tabpfn_hybrid_12l_512e_lr1e4,epoch_200,200.0,tabpfn/models_diff/callback_hydra_tabpfn_hybrid_12_layers_512e_lr0p0001_epoch_200.cpkt,15,0.9932892680168152,0.014162778854370117,0.9932757616043091,0.014258861541748047,0.9921334385871887,0.014192342758178711,0.9918345808982849,0.014135360717773438,0.9941379427909851,0.014124393463134766,0.9950646162033081,0.014102935791015625
hydra_tabpfn_hybrid_12l_512e_lr1e4,epoch_200,200.0,tabpfn/models_diff/callback_hydra_tabpfn_hybrid_12_layers_512e_lr0p0001_epoch_200.cpkt,16,0.997001051902771,0.014476823806762695,0.995866060256958,0.014397859573364258,0.997381865978241,0.01447153091430664,0.996044933795929,0.014463663101196289,0.9987270832061768,0.014421463012695312,0.9969853162765503,0.014629602432250977
hydra_tabpfn_hybrid_12l_512e_lr1e4,epoch_200,200.0,tabpfn/models_diff/callback_hydra_tabpfn_hybrid_12_layers_512e_lr0p0001_epoch_200.cpkt,18,0.9639894962310791,0.01439213752746582,0.9666518568992615,0.014478683471679688,0.9619404673576355,0.014434337615966797,0.9650305509567261,0.014477252960205078,0.961086094379425,0.01431131362915039,0.9652385115623474,0.014259099960327148
hydra_tabpfn_hybrid_12l_512e_lr1e4,epoch_200,200.0,tabpfn/models_diff/callback_hydra_tabpfn_hybrid_12_layers_512e_lr0p0001_epoch_200.cpkt,22,0.982047438621521,0.014473247528076171,0.9812142848968506,0.01456308364868164,0.9838955402374268,0.014432668685913086,0.9796225428581238,0.014495372772216797,0.9835129380226135,0.014459848403930664,0.9819918870925903,0.014415264129638672
hydra_tabpfn_hybrid_12l_512e_lr1e4,epoch_200,200.0,tabpfn/models_diff/callback_hydra_tabpfn_hybrid_12_layers_512e_lr0p0001_epoch_200.cpkt,23,0.7061326146125794,0.01433868408203125,0.695182740688324,0.014429807662963867,0.7009695768356323,0.014330148696899414,0.7026078701019287,0.014321565628051758,0.7071316242218018,0.014312505722045898,0.72477126121521,0.014299392700195312
hydra_tabpfn_hybrid_12l_512e_lr1e4,epoch_200,200.0,tabpfn/models_diff/callback_hydra_tabpfn_hybrid_12_layers_512e_lr0p0001_epoch_200.cpkt,29,0.9310877561569214,0.01412510871887207,0.9404101371765137,0.01418447494506836,0.9317873120307922,0.014099359512329102,0.9179795384407043,0.01412343978881836,0.9282399415969849,0.014104127883911133,0.9370218515396118,0.014114141464233398
hydra_tabpfn_hybrid_12l_512e_lr1e4,epoch_200,200.0,tabpfn/models_diff/callback_hydra_tabpfn_hybrid_12_layers_512e_lr0p0001_epoch_200.cpkt,31,0.7861212611198425,0.014411067962646485,0.7887520790100098,0.014434099197387695,0.7871237993240356,0.014425516128540039,0.7777946591377258,0.014400720596313477,0.783553421497345,0.01441812515258789,0.7933823466300964,0.01437687873840332
hydra_tabpfn_hybrid_12l_512e_lr1e4,epoch_200,200.0,tabpfn/models_diff/callback_hydra_tabpfn_hybrid_12_layers_512e_lr0p0001_epoch_200.cpkt,37,0.8163743734359741,0.014078187942504882,0.7847407460212708,0.01408839225769043,0.8282611966133118,0.014106988906860352,0.8203162550926208,0.014075756072998047,0.8286883234977722,0.014055490493774414,0.819865345954895,0.014064311981201172
hydra_tabpfn_hybrid_12l_512e_lr1e4,epoch_200,200.0,tabpfn/models_diff/callback_hydra_tabpfn_hybrid_12_layers_512e_lr0p0001_epoch_200.cpkt,50,0.9739414811134338,0.014378213882446289,0.971409797668457,0.014286994934082031,0.9781494140625,0.01427602767944336,0.9689174890518188,0.014273643493652344,0.970672070980072,0.014698982238769531,0.9805586338043213,0.01435542106628418
hydra_tabpfn_hybrid_12l_512e_lr1e4,epoch_200,200.0,tabpfn/models_diff/callback_hydra_tabpfn_hybrid_12_layers_512e_lr0p0001_epoch_200.cpkt,54,0.9548385620117188,0.014315319061279298,0.9588932394981384,0.014335155487060547,0.955491840839386,0.014323711395263672,0.9574909806251526,0.014264345169067383,0.9543701410293579,0.014342546463012695,0.9479466080665588,0.014310836791992188
hydra_tabpfn_hybrid_12l_512e_lr1e4,epoch_200,200.0,tabpfn/models_diff/callback_hydra_tabpfn_hybrid_12_layers_512e_lr0p0001_epoch_200.cpkt,188,0.9124202132225037,0.014374732971191406,0.9136469960212708,0.014367341995239258,0.9199828505516052,0.014402151107788086,0.9163627028465271,0.01435708999633789,0.9157689213752747,0.014345169067382812,0.8963395953178406,0.014401912689208984
hydra_tabpfn_hybrid_12l_512e_lr1e4,epoch_200,200.0,tabpfn/models_diff/callback_hydra_tabpfn_hybrid_12_layers_512e_lr0p0001_epoch_200.cpkt,458,0.9999928593635559,0.014417600631713868,1.0,0.014552593231201172,1.0,0.014404773712158203,0.9999772906303406,0.014360904693603516,1.0,0.014361381530761719,0.999987006187439,0.014408349990844727
hydra_tabpfn_hybrid_12l_512e_lr1e4,epoch_200,200.0,tabpfn/models_diff/callback_hydra_tabpfn_hybrid_12_layers_512e_lr0p0001_epoch_200.cpkt,469,0.5827410578727722,0.014465904235839844,0.5748761892318726,0.014554262161254883,0.6015885472297668,0.014372587203979492,0.577154278755188,0.014440059661865234,0.5683090090751648,0.01454782485961914,0.5917772650718689,0.014414787292480469
hydra_tabpfn_hybrid_12l_512e_lr1e4,epoch_200,200.0,tabpfn/models_diff/callback_hydra_tabpfn_hybrid_12_layers_512e_lr0p0001_epoch_200.cpkt,1049,0.9299941301345825,0.014452695846557617,0.9099233150482178,0.014568090438842773,0.9436936974525452,0.014413595199584961,0.9302369952201843,0.01444864273071289,0.9275014996528625,0.014434576034545898,0.9386151432991028,0.014398574829101562
hydra_tabpfn_hybrid_12l_512e_lr1e4,epoch_200,200.0,tabpfn/models_diff/callback_hydra_tabpfn_hybrid_12_layers_512e_lr0p0001_epoch_200.cpkt,1050,0.8277077198028564,0.014391136169433594,0.8605193495750427,0.014339923858642578,0.8366686105728149,0.01434326171875,0.8059206604957581,0.014374732971191406,0.7944197058677673,0.014441728591918945,0.8410102725028992,0.014456033706665039
hydra_tabpfn_hybrid_12l_512e_lr1e4,epoch_200,200.0,tabpfn/models_diff/callback_hydra_tabpfn_hybrid_12_layers_512e_lr0p0001_epoch_200.cpkt,1063,0.8182566404342652,0.014522457122802734,0.8526066541671753,0.014589309692382812,0.8052132725715637,0.014763355255126953,0.7928276658058167,0.014476299285888672,0.841289222240448,0.014386653900146484,0.799346387386322,0.01439666748046875
hydra_tabpfn_hybrid_12l_512e_lr1e4,epoch_200,200.0,tabpfn/models_diff/callback_hydra_tabpfn_hybrid_12_layers_512e_lr0p0001_epoch_200.cpkt,1068,0.8737017154693604,0.014360570907592773,0.8992338180541992,0.014388561248779297,0.9145321249961853,0.014338493347167969,0.8049288392066956,0.014358758926391602,0.8690934777259827,0.01439356803894043,0.880720317363739,0.01432347297668457
hydra_tabpfn_hybrid_12l_512e_lr1e4,epoch_200,200.0,tabpfn/models_diff/callback_hydra_tabpfn_hybrid_12_layers_512e_lr0p0001_epoch_200.cpkt,1462,1.0,0.014333200454711915,1.0,0.014254093170166016,1.0,0.014384031295776367,1.0,0.014446258544921875,1.0,0.014311790466308594,1.0,0.014269828796386719
hydra_tabpfn_hybrid_12l_512e_lr1e4,epoch_200,200.0,tabpfn/models_diff/callback_hydra_tabpfn_hybrid_12_layers_512e_lr0p0001_epoch_200.cpkt,1464,0.7159778714179993,0.014248800277709962,0.7058320045471191,0.014052629470825195,0.6838028430938721,0.014329910278320312,0.7045929431915283,0.014566898345947266,0.7227875590324402,0.014183282852172852,0.7628740072250366,0.01411128044128418
hydra_tabpfn_hybrid_12l_512e_lr1e4,epoch_200,200.0,tabpfn/models_diff/callback_hydra_tabpfn_hybrid_12_layers_512e_lr0p0001_epoch_200.cpkt,1480,0.7264224052429199,0.014343786239624023,0.7291473746299744,0.014292240142822266,0.7348818182945251,0.014259576797485352,0.7505388259887695,0.014342784881591797,0.7477611899375916,0.01429605484008789,0.669782817363739,0.014528274536132812
hydra_tabpfn_hybrid_12l_512e_lr1e4,epoch_200,200.0,tabpfn/models_diff/callback_hydra_tabpfn_hybrid_12_layers_512e_lr0p0001_epoch_200.cpkt,1494,0.9304375290870667,0.01442422866821289,0.9258304834365845,0.014461994171142578,0.945248007774353,0.014387845993041992,0.9152132272720337,0.014373540878295898,0.9329618811607361,0.014473915100097656,0.932934045791626,0.014423847198486328
hydra_tabpfn_hybrid_12l_512e_lr1e4,epoch_200,200.0,tabpfn/models_diff/callback_hydra_tabpfn_hybrid_12_layers_512e_lr0p0001_epoch_200.cpkt,1510,0.9964748382568359,0.014432716369628906,0.9988543391227722,0.014615774154663086,0.996719241142273,0.014368057250976562,0.9907881617546082,0.01436614990234375,0.9980522394180298,0.01447439193725586,0.9979602098464966,0.014339208602905273
hydra_tabpfn_hybrid_12l_512e_lr1e4,epoch_200,200.0,tabpfn/models_diff/callback_hydra_tabpfn_hybrid_12_layers_512e_lr0p0001_epoch_200.cpkt,6332,0.7744741559028625,0.014132928848266602,0.7912458181381226,0.014132976531982422,0.7449204325675964,0.014119386672973633,0.7963770031929016,0.014109373092651367,0.7766754627227783,0.014188289642333984,0.7631520628929138,0.014114618301391602
hydra_tabpfn_hybrid_12l_512e_lr1e4,epoch_200,200.0,tabpfn/models_diff/callback_hydra_tabpfn_hybrid_12_layers_512e_lr0p0001_epoch_200.cpkt,23381,0.5185616552829743,0.014051723480224609,0.6060606241226196,0.014792203903198242,0.442176878452301,0.01380777359008789,0.603741466999054,0.013844013214111328,0.410526305437088,0.013820886611938477,0.5303030014038086,0.01399374008178711
hydra_tabpfn_hybrid_12l_512e_lr1e4,epoch_200,200.0,tabpfn/models_diff/callback_hydra_tabpfn_hybrid_12_layers_512e_lr0p0001_epoch_200.cpkt,40966,1.0,0.014425086975097656,1.0,0.014461994171142578,1.0,0.014314889907836914,1.0,0.014628171920776367,1.0,0.014387845993041992,1.0,0.01433253288269043
hydra_tabpfn_hybrid_12l_512e_lr1e4,epoch_200,200.0,tabpfn/models_diff/callback_hydra_tabpfn_hybrid_12_layers_512e_lr0p0001_epoch_200.cpkt,40975,0.9860610842704773,0.014305782318115235,0.9865309000015259,0.014384746551513672,0.9939345717430115,0.014286994934082031,0.9814263582229614,0.014266490936279297,0.9723406434059143,0.014284610748291016,0.9960729479789734,0.014306068420410156
hydra_tabpfn_hybrid_12l_512e_lr1e4,epoch_200,200.0,tabpfn/models_diff/callback_hydra_tabpfn_hybrid_12_layers_512e_lr0p0001_epoch_200.cpkt,40982,0.9518649220466614,0.01438593864440918,0.9653998613357544,0.014494180679321289,0.9543602466583252,0.014343023300170898,0.9378372430801392,0.014325380325317383,0.9609811305999756,0.014346599578857422,0.9407461285591125,0.014420509338378906
hydra_tabpfn_hybrid_12l_512e_lr1e4,epoch_200,200.0,tabpfn/models_diff/callback_hydra_tabpfn_hybrid_12_layers_512e_lr0p0001_epoch_200.cpkt,40994,0.9455573081970214,0.014378929138183593,0.94443279504776,0.014476299285888672,0.9462976455688477,0.014377355575561523,0.9424118995666504,0.014315128326416016,0.9415650367736816,0.014366865158081055,0.9530791640281677,0.014358997344970703
hydra_tabpfn_hybrid_12l_512e_lr1e4,latest,,tabpfn/models_diff/callback_hydra_tabpfn_hybrid_12_layers_512e_lr0p0001_latest.cpkt,11,0.9958148241043091,0.014998054504394532,0.9995162487030029,0.017588376998901367,0.994030237197876,0.0144195556640625,0.9967460036277771,0.01433420181274414,0.9925194978713989,0.014317512512207031,0.9962621331214905,0.014330625534057617
hydra_tabpfn_hybrid_12l_512e_lr1e4,latest,,tabpfn/models_diff/callback_hydra_tabpfn_hybrid_12_layers_512e_lr0p0001_latest.cpkt,14,0.9744333267211914,0.01477799415588379,0.976402223110199,0.0160977840423584,0.9746196866035461,0.014430999755859375,0.9691995978355408,0.014573097229003906,0.9770237803459167,0.014265775680541992,0.9749213457107544,0.014522314071655273
hydra_tabpfn_hybrid_12l_512e_lr1e4,latest,,tabpfn/models_diff/callback_hydra_tabpfn_hybrid_12_layers_512e_lr0p0001_latest.cpkt,15,0.9932892680168152,0.014142560958862304,0.9932757616043091,0.014220714569091797,0.9921334385871887,0.014129400253295898,0.9918345808982849,0.014108896255493164,0.9941379427909851,0.014114141464233398,0.9950646162033081,0.014139652252197266
hydra_tabpfn_hybrid_12l_512e_lr1e4,latest,,tabpfn/models_diff/callback_hydra_tabpfn_hybrid_12_layers_512e_lr0p0001_latest.cpkt,16,0.997001051902771,0.014449739456176757,0.995866060256958,0.014303922653198242,0.997381865978241,0.014556884765625,0.996044933795929,0.014405488967895508,0.9987270832061768,0.014445066452026367,0.9969853162765503,0.014537334442138672
hydra_tabpfn_hybrid_12l_512e_lr1e4,latest,,tabpfn/models_diff/callback_hydra_tabpfn_hybrid_12_layers_512e_lr0p0001_latest.cpkt,18,0.9639894962310791,0.014363384246826172,0.9666518568992615,0.014364480972290039,0.9619404673576355,0.014375686645507812,0.9650305509567261,0.014331579208374023,0.961086094379425,0.01439356803894043,0.9652385115623474,0.014351606369018555
hydra_tabpfn_hybrid_12l_512e_lr1e4,latest,,tabpfn/models_diff/callback_hydra_tabpfn_hybrid_12_layers_512e_lr0p0001_latest.cpkt,22,0.982047438621521,0.01514120101928711,0.9812142848968506,0.014297008514404297,0.9838955402374268,0.014372587203979492,0.9796225428581238,0.014552831649780273,0.9835129380226135,0.017626047134399414,0.9819918870925903,0.01485753059387207
hydra_tabpfn_hybrid_12l_512e_lr1e4,latest,,tabpfn/models_diff/callback_hydra_tabpfn_hybrid_12_layers_512e_lr0p0001_latest.cpkt,23,0.7061326146125794,0.01452484130859375,0.695182740688324,0.014645814895629883,0.7009695768356323,0.014488697052001953,0.7026078701019287,0.014638900756835938,0.7071316242218018,0.01443338394165039,0.72477126121521,0.014417409896850586
hydra_tabpfn_hybrid_12l_512e_lr1e4,latest,,tabpfn/models_diff/callback_hydra_tabpfn_hybrid_12_layers_512e_lr0p0001_latest.cpkt,29,0.9310877561569214,0.014505577087402344,0.9404101371765137,0.014758825302124023,0.9317873120307922,0.014440774917602539,0.9179795384407043,0.014433860778808594,0.9282399415969849,0.01447916030883789,0.9370218515396118,0.014415264129638672
hydra_tabpfn_hybrid_12l_512e_lr1e4,latest,,tabpfn/models_diff/callback_hydra_tabpfn_hybrid_12_layers_512e_lr0p0001_latest.cpkt,31,0.7861212611198425,0.014906883239746094,0.7887520790100098,0.015176057815551758,0.7871237993240356,0.014732599258422852,0.7777946591377258,0.01520848274230957,0.783553421497345,0.014690637588500977,0.7933823466300964,0.014726638793945312
hydra_tabpfn_hybrid_12l_512e_lr1e4,latest,,tabpfn/models_diff/callback_hydra_tabpfn_hybrid_12_layers_512e_lr0p0001_latest.cpkt,37,0.8163743734359741,0.01447606086730957,0.7847407460212708,0.014518260955810547,0.8282611966133118,0.014471292495727539,0.8203162550926208,0.015292167663574219,0.8286883234977722,0.01405787467956543,0.819865345954895,0.014040708541870117
hydra_tabpfn_hybrid_12l_512e_lr1e4,latest,,tabpfn/models_diff/callback_hydra_tabpfn_hybrid_12_layers_512e_lr0p0001_latest.cpkt,50,0.9739414811134338,0.014346599578857422,0.971409797668457,0.01475214958190918,0.9781494140625,0.01392507553100586,0.9689174890518188,0.015095949172973633,0.970672070980072,0.01403188705444336,0.9805586338043213,0.013927936553955078
hydra_tabpfn_hybrid_12l_512e_lr1e4,latest,,tabpfn/models_diff/callback_hydra_tabpfn_hybrid_12_layers_512e_lr0p0001_latest.cpkt,54,0.9548385620117188,0.01412806510925293,0.9588932394981384,0.014050722122192383,0.955491840839386,0.014189004898071289,0.9574909806251526,0.014254570007324219,0.9543701410293579,0.014157533645629883,0.9479466080665588,0.013988494873046875
hydra_tabpfn_hybrid_12l_512e_lr1e4,latest,,tabpfn/models_diff/callback_hydra_tabpfn_hybrid_12_layers_512e_lr0p0001_latest.cpkt,188,0.9124202132225037,0.014025545120239258,0.9136469960212708,0.01413106918334961,0.9199828505516052,0.013987302780151367,0.9163627028465271,0.014089822769165039,0.9157689213752747,0.013940572738647461,0.8963395953178406,0.013978958129882812
hydra_tabpfn_hybrid_12l_512e_lr1e4,latest,,tabpfn/models_diff/callback_hydra_tabpfn_hybrid_12_layers_512e_lr0p0001_latest.cpkt,458,0.9999928593635559,0.014586734771728515,1.0,0.014600753784179688,1.0,0.014180660247802734,0.9999772906303406,0.014741897583007812,1.0,0.014986753463745117,0.999987006187439,0.014423608779907227
hydra_tabpfn_hybrid_12l_512e_lr1e4,latest,,tabpfn/models_diff/callback_hydra_tabpfn_hybrid_12_layers_512e_lr0p0001_latest.cpkt,469,0.5827410578727722,0.014078569412231446,0.5748761892318726,0.014064788818359375,0.6015885472297668,0.013974428176879883,0.577154278755188,0.014243364334106445,0.5683090090751648,0.014092683792114258,0.5917772650718689,0.014017581939697266
hydra_tabpfn_hybrid_12l_512e_lr1e4,latest,,tabpfn/models_diff/callback_hydra_tabpfn_hybrid_12_layers_512e_lr0p0001_latest.cpkt,1049,0.9299941301345825,0.014436578750610352,0.9099233150482178,0.014272451400756836,0.9436936974525452,0.014115571975708008,0.9302369952201843,0.014661788940429688,0.9275014996528625,0.01462101936340332,0.9386151432991028,0.014512062072753906
hydra_tabpfn_hybrid_12l_512e_lr1e4,latest,,tabpfn/models_diff/callback_hydra_tabpfn_hybrid_12_layers_512e_lr0p0001_latest.cpkt,1050,0.8277077198028564,0.014512109756469726,0.8605193495750427,0.014432907104492188,0.8366686105728149,0.01445150375366211,0.8059206604957581,0.014484167098999023,0.7944197058677673,0.014566659927368164,0.8410102725028992,0.014625310897827148
hydra_tabpfn_hybrid_12l_512e_lr1e4,latest,,tabpfn/models_diff/callback_hydra_tabpfn_hybrid_12_layers_512e_lr0p0001_latest.cpkt,1063,0.8182566404342652,0.014572858810424805,0.8526066541671753,0.014791488647460938,0.8052132725715637,0.014940738677978516,0.7928276658058167,0.014438867568969727,0.841289222240448,0.014374971389770508,0.799346387386322,0.014318227767944336
hydra_tabpfn_hybrid_12l_512e_lr1e4,latest,,tabpfn/models_diff/callback_hydra_tabpfn_hybrid_12_layers_512e_lr0p0001_latest.cpkt,1068,0.8737017154693604,0.014474058151245117,0.8992338180541992,0.014699220657348633,0.9145321249961853,0.014479637145996094,0.8049288392066956,0.014387845993041992,0.8690934777259827,0.01444387435913086,0.880720317363739,0.014359712600708008
hydra_tabpfn_hybrid_12l_512e_lr1e4,latest,,tabpfn/models_diff/callback_hydra_tabpfn_hybrid_12_layers_512e_lr0p0001_latest.cpkt,1462,1.0,0.014619064331054688,1.0,0.015390396118164062,1.0,0.014593362808227539,1.0,0.014359235763549805,1.0,0.014430522918701172,1.0,0.01432180404663086
hydra_tabpfn_hybrid_12l_512e_lr1e4,latest,,tabpfn/models_diff/callback_hydra_tabpfn_hybrid_12_layers_512e_lr0p0001_latest.cpkt,1464,0.7159778714179993,0.014218425750732422,0.7058320045471191,0.014240741729736328,0.6838028430938721,0.014062166213989258,0.7045929431915283,0.014322996139526367,0.7227875590324402,0.014196395874023438,0.7628740072250366,0.014269828796386719
hydra_tabpfn_hybrid_12l_512e_lr1e4,latest,,tabpfn/models_diff/callback_hydra_tabpfn_hybrid_12_layers_512e_lr0p0001_latest.cpkt,1480,0.7264224052429199,0.014530706405639648,0.7291473746299744,0.014394998550415039,0.7348818182945251,0.014818906784057617,0.7505388259887695,0.014541864395141602,0.7477611899375916,0.014597415924072266,0.669782817363739,0.014300346374511719
hydra_tabpfn_hybrid_12l_512e_lr1e4,latest,,tabpfn/models_diff/callback_hydra_tabpfn_hybrid_12_layers_512e_lr0p0001_latest.cpkt,1494,0.9304375290870667,0.014588022232055664,0.9258304834365845,0.014703989028930664,0.945248007774353,0.014499187469482422,0.9152132272720337,0.01484537124633789,0.9329618811607361,0.014526844024658203,0.932934045791626,0.01436471939086914
hydra_tabpfn_hybrid_12l_512e_lr1e4,latest,,tabpfn/models_diff/callback_hydra_tabpfn_hybrid_12_layers_512e_lr0p0001_latest.cpkt,1510,0.9964748382568359,0.014564228057861329,0.9988543391227722,0.01462101936340332,0.996719241142273,0.01485586166381836,0.9907881617546082,0.01433253288269043,0.9980522394180298,0.014548540115356445,0.9979602098464966,0.014463186264038086
hydra_tabpfn_hybrid_12l_512e_lr1e4,latest,,tabpfn/models_diff/callback_hydra_tabpfn_hybrid_12_layers_512e_lr0p0001_latest.cpkt,6332,0.7744741559028625,0.014181423187255859,0.7912458181381226,0.014156341552734375,0.7449204325675964,0.014595270156860352,0.7963770031929016,0.014101982116699219,0.7766754627227783,0.014322042465209961,0.7631520628929138,0.01373147964477539
hydra_tabpfn_hybrid_12l_512e_lr1e4,latest,,tabpfn/models_diff/callback_hydra_tabpfn_hybrid_12_layers_512e_lr0p0001_latest.cpkt,23381,0.5185616552829743,0.014180850982666016,0.6060606241226196,0.014663219451904297,0.442176878452301,0.014052152633666992,0.603741466999054,0.014183521270751953,0.410526305437088,0.01403188705444336,0.5303030014038086,0.013973474502563477
hydra_tabpfn_hybrid_12l_512e_lr1e4,latest,,tabpfn/models_diff/callback_hydra_tabpfn_hybrid_12_layers_512e_lr0p0001_latest.cpkt,40966,1.0,0.014452743530273437,1.0,0.0146942138671875,1.0,0.014415502548217773,1.0,0.014361143112182617,1.0,0.01442098617553711,1.0,0.014371871948242188
hydra_tabpfn_hybrid_12l_512e_lr1e4,latest,,tabpfn/models_diff/callback_hydra_tabpfn_hybrid_12_layers_512e_lr0p0001_latest.cpkt,40975,0.9860610842704773,0.014424657821655274,0.9865309000015259,0.014680624008178711,0.9939345717430115,0.014329671859741211,0.9814263582229614,0.014365911483764648,0.9723406434059143,0.014372110366821289,0.9960729479789734,0.014374971389770508
hydra_tabpfn_hybrid_12l_512e_lr1e4,latest,,tabpfn/models_diff/callback_hydra_tabpfn_hybrid_12_layers_512e_lr0p0001_latest.cpkt,40982,0.9518649220466614,0.014489173889160156,0.9653998613357544,0.014511585235595703,0.9543602466583252,0.014565229415893555,0.9378372430801392,0.014529228210449219,0.9609811305999756,0.014412879943847656,0.9407461285591125,0.014426946640014648
hydra_tabpfn_hybrid_12l_512e_lr1e4,latest,,tabpfn/models_diff/callback_hydra_tabpfn_hybrid_12_layers_512e_lr0p0001_latest.cpkt,40994,0.9455573081970214,0.014435625076293946,0.94443279504776,0.014401435852050781,0.9462976455688477,0.0143890380859375,0.9424118995666504,0.014380216598510742,0.9415650367736816,0.014468669891357422,0.9530791640281677,0.014538764953613281
