did,dataset_name,model,num_samples,num_features,configured_eval_position,real_eval_position,split_number,timing_repetition,status,error,synchronized_elapsed_seconds,synchronized_model_inference_seconds,mean_metric
46950,polish_companies_bankruptcy,hybrid_12l,3031,64,16384,1515,1,1,ok,,0.435169143602252,0.07794543541967869,0.8652207851409912
46950,polish_companies_bankruptcy,pure_hydra_8l,3031,64,16384,1515,1,1,ok,,0.37040027417242527,0.044108026660978794,0.620679497718811
46950,polish_companies_bankruptcy,hybrid_12l,3031,64,16384,1515,1,2,ok,,0.409383125603199,0.07789033092558384,0.8652207851409912
46950,polish_companies_bankruptcy,pure_hydra_8l,3031,64,16384,1515,1,2,ok,,0.3700953545048833,0.04394814372062683,0.620679497718811
46950,polish_companies_bankruptcy,pure_hydra_8l,3031,64,16384,1515,1,3,ok,,0.3689404260367155,0.04413662012666464,0.620679497718811
46950,polish_companies_bankruptcy,hybrid_12l,3031,64,16384,1515,1,3,ok,,0.431353478692472,0.0779453357681632,0.8652207851409912
46950,polish_companies_bankruptcy,pure_hydra_8l,3031,64,16384,1515,1,4,ok,,0.36702907364815474,0.043969704769551754,0.620679497718811
46950,polish_companies_bankruptcy,hybrid_12l,3031,64,16384,1515,1,4,ok,,0.4023854108527303,0.07780070044100285,0.8652207851409912
46950,polish_companies_bankruptcy,pure_hydra_8l,3031,64,16384,1515,1,5,ok,,0.39417224284261465,0.04399649519473314,0.620679497718811
46950,polish_companies_bankruptcy,hybrid_12l,3031,64,16384,1515,1,5,ok,,0.41204418893903494,0.0779515765607357,0.8652207851409912
46950,polish_companies_bankruptcy,pure_hydra_8l,3031,64,16384,1515,1,6,ok,,0.42334051989018917,0.05243826564401388,0.620679497718811
46950,polish_companies_bankruptcy,hybrid_12l,3031,64,16384,1515,1,6,ok,,0.5114766424521804,0.093388338573277,0.8652207851409912
46950,polish_companies_bankruptcy,pure_hydra_8l,3031,64,16384,1515,1,7,ok,,0.4340812396258116,0.044114088639616966,0.620679497718811
46950,polish_companies_bankruptcy,hybrid_12l,3031,64,16384,1515,1,7,ok,,0.4044407857581973,0.07794426288455725,0.8652207851409912
46950,polish_companies_bankruptcy,pure_hydra_8l,3031,64,16384,1515,1,8,ok,,0.368597193621099,0.04413812234997749,0.620679497718811
46950,polish_companies_bankruptcy,hybrid_12l,3031,64,16384,1515,1,8,ok,,0.4055362017825246,0.07779278606176376,0.8652207851409912
46950,polish_companies_bankruptcy,pure_hydra_8l,3031,64,16384,1515,1,9,ok,,0.37572310119867325,0.048013570718467236,0.620679497718811
46950,polish_companies_bankruptcy,hybrid_12l,3031,64,16384,1515,1,9,ok,,0.482235805131495,0.09340536966919899,0.8652207851409912
46950,polish_companies_bankruptcy,pure_hydra_8l,3031,64,16384,1515,1,10,ok,,0.38029139023274183,0.052374585531651974,0.620679497718811
46950,polish_companies_bankruptcy,hybrid_12l,3031,64,16384,1515,1,10,ok,,0.42291969060897827,0.09333238191902637,0.8652207851409912
46950,polish_companies_bankruptcy,hybrid_12l,3031,64,16384,1515,1,11,ok,,0.41985806822776794,0.09337239619344473,0.8652207851409912
46950,polish_companies_bankruptcy,pure_hydra_8l,3031,64,16384,1515,1,11,ok,,0.37885763216763735,0.05237844306975603,0.620679497718811
46950,polish_companies_bankruptcy,pure_hydra_8l,3031,64,16384,1515,1,12,ok,,0.37928849924355745,0.052328688092529774,0.620679497718811
46950,polish_companies_bankruptcy,hybrid_12l,3031,64,16384,1515,1,12,ok,,0.4221446719020605,0.09336935076862574,0.8652207851409912
46950,polish_companies_bankruptcy,hybrid_12l,3031,64,16384,1515,1,13,ok,,0.4194890772923827,0.09322058781981468,0.8652207851409912
46950,polish_companies_bankruptcy,pure_hydra_8l,3031,64,16384,1515,1,13,ok,,0.3779372861608863,0.052597698755562305,0.620679497718811
46950,polish_companies_bankruptcy,pure_hydra_8l,3031,64,16384,1515,1,14,ok,,0.38184599578380585,0.05237306281924248,0.620679497718811
46950,polish_companies_bankruptcy,hybrid_12l,3031,64,16384,1515,1,14,ok,,0.42262780759483576,0.09343922324478626,0.8652207851409912
46950,polish_companies_bankruptcy,pure_hydra_8l,3031,64,16384,1515,1,15,ok,,0.37838314194232225,0.05253986921161413,0.620679497718811
46950,polish_companies_bankruptcy,hybrid_12l,3031,64,16384,1515,1,15,ok,,0.422317978926003,0.09327093418687582,0.8652207851409912
46950,polish_companies_bankruptcy,hybrid_12l,3031,64,16384,1515,2,1,ok,,0.4680064804852009,0.0932471388950944,0.8592328429222107
46950,polish_companies_bankruptcy,pure_hydra_8l,3031,64,16384,1515,2,1,ok,,0.3728710822761059,0.04657112434506416,0.6415557861328125
46950,polish_companies_bankruptcy,pure_hydra_8l,3031,64,16384,1515,2,2,ok,,0.3706583986058831,0.04672766104340553,0.6415557861328125
46950,polish_companies_bankruptcy,hybrid_12l,3031,64,16384,1515,2,2,ok,,0.4123983969911933,0.08267452754080296,0.8592328429222107
46950,polish_companies_bankruptcy,pure_hydra_8l,3031,64,16384,1515,2,3,ok,,0.370704947039485,0.04655899200588465,0.6415557861328125
46950,polish_companies_bankruptcy,hybrid_12l,3031,64,16384,1515,2,3,ok,,0.41790052503347397,0.08449882734566927,0.8592328429222107
46950,polish_companies_bankruptcy,hybrid_12l,3031,64,16384,1515,2,4,ok,,0.4201574334874749,0.09330697264522314,0.8592328429222107
46950,polish_companies_bankruptcy,pure_hydra_8l,3031,64,16384,1515,2,4,ok,,0.378720729611814,0.0523867579177022,0.6415557861328125
46950,polish_companies_bankruptcy,hybrid_12l,3031,64,16384,1515,2,5,ok,,0.4181708665564656,0.09322593826800585,0.8592328429222107
46950,polish_companies_bankruptcy,pure_hydra_8l,3031,64,16384,1515,2,5,ok,,0.43634758051484823,0.052430582232773304,0.6415557861328125
46950,polish_companies_bankruptcy,hybrid_12l,3031,64,16384,1515,2,6,ok,,0.4198230495676398,0.09316560439765453,0.8592328429222107
46950,polish_companies_bankruptcy,pure_hydra_8l,3031,64,16384,1515,2,6,ok,,0.37562986090779305,0.052554105408489704,0.6415557861328125
46950,polish_companies_bankruptcy,pure_hydra_8l,3031,64,16384,1515,2,7,ok,,0.3757552783936262,0.052441091276705265,0.6415557861328125
46950,polish_companies_bankruptcy,hybrid_12l,3031,64,16384,1515,2,7,ok,,0.4190639294683933,0.0933288736268878,0.8592328429222107
46950,polish_companies_bankruptcy,hybrid_12l,3031,64,16384,1515,2,8,ok,,0.42771599907428026,0.09330245293676853,0.8592328429222107
46950,polish_companies_bankruptcy,pure_hydra_8l,3031,64,16384,1515,2,8,ok,,0.37783556152135134,0.052377221174538136,0.6415557861328125
46950,polish_companies_bankruptcy,hybrid_12l,3031,64,16384,1515,2,9,ok,,0.42284815199673176,0.09321390464901924,0.8592328429222107
46950,polish_companies_bankruptcy,pure_hydra_8l,3031,64,16384,1515,2,9,ok,,0.37827981263399124,0.05250553321093321,0.6415557861328125
46950,polish_companies_bankruptcy,pure_hydra_8l,3031,64,16384,1515,2,10,ok,,0.3760780692100525,0.05235704220831394,0.6415557861328125
46950,polish_companies_bankruptcy,hybrid_12l,3031,64,16384,1515,2,10,ok,,0.41823909524828196,0.0932069318369031,0.8592328429222107
46950,polish_companies_bankruptcy,hybrid_12l,3031,64,16384,1515,2,11,ok,,0.4856178006157279,0.0933443233370781,0.8592328429222107
46950,polish_companies_bankruptcy,pure_hydra_8l,3031,64,16384,1515,2,11,ok,,0.3693275125697255,0.043941800482571125,0.6415557861328125
46950,polish_companies_bankruptcy,hybrid_12l,3031,64,16384,1515,2,12,ok,,0.39945716317743063,0.07772165071219206,0.8592328429222107
46950,polish_companies_bankruptcy,pure_hydra_8l,3031,64,16384,1515,2,12,ok,,0.36791881266981363,0.04394960589706898,0.6415557861328125
46950,polish_companies_bankruptcy,hybrid_12l,3031,64,16384,1515,2,13,ok,,0.40226293075829744,0.07783760037273169,0.8592328429222107
46950,polish_companies_bankruptcy,pure_hydra_8l,3031,64,16384,1515,2,13,ok,,0.40275787003338337,0.04839379899203777,0.6415557861328125
46950,polish_companies_bankruptcy,hybrid_12l,3031,64,16384,1515,2,14,ok,,0.4259176179766655,0.09325005393475294,0.8592328429222107
46950,polish_companies_bankruptcy,pure_hydra_8l,3031,64,16384,1515,2,14,ok,,0.4000919349491596,0.05257850140333176,0.6415557861328125
46950,polish_companies_bankruptcy,hybrid_12l,3031,64,16384,1515,2,15,ok,,0.4159191055223346,0.0932275103405118,0.8592328429222107
46950,polish_companies_bankruptcy,pure_hydra_8l,3031,64,16384,1515,2,15,ok,,0.3803982976824045,0.0523891830816865,0.6415557861328125
46950,polish_companies_bankruptcy,pure_hydra_8l,3031,64,16384,1515,3,1,ok,,0.3878042045980692,0.05230394098907709,0.6680262684822083
46950,polish_companies_bankruptcy,hybrid_12l,3031,64,16384,1515,3,1,ok,,0.43712587282061577,0.09338419698178768,0.8690731525421143
46950,polish_companies_bankruptcy,hybrid_12l,3031,64,16384,1515,3,2,ok,,0.4299011379480362,0.09324339125305414,0.8690731525421143
46950,polish_companies_bankruptcy,pure_hydra_8l,3031,64,16384,1515,3,2,ok,,0.405475739389658,0.045590756461024284,0.6680262684822083
46950,polish_companies_bankruptcy,hybrid_12l,3031,64,16384,1515,3,3,ok,,0.4164699399843812,0.08104709256440401,0.8690731525421143
46950,polish_companies_bankruptcy,pure_hydra_8l,3031,64,16384,1515,3,3,ok,,0.38014628924429417,0.04419596306979656,0.6680262684822083
46950,polish_companies_bankruptcy,hybrid_12l,3031,64,16384,1515,3,4,ok,,0.4589890530332923,0.07784777879714966,0.8690731525421143
46950,polish_companies_bankruptcy,pure_hydra_8l,3031,64,16384,1515,3,4,ok,,0.37754074949771166,0.04395303223282099,0.6680262684822083
46950,polish_companies_bankruptcy,pure_hydra_8l,3031,64,16384,1515,3,5,ok,,0.4259690139442682,0.0439150296151638,0.6680262684822083
46950,polish_companies_bankruptcy,hybrid_12l,3031,64,16384,1515,3,5,ok,,0.43594572506845,0.07784178759902716,0.8690731525421143
46950,polish_companies_bankruptcy,hybrid_12l,3031,64,16384,1515,3,6,ok,,0.4141810806468129,0.07778589148074389,0.8690731525421143
46950,polish_companies_bankruptcy,pure_hydra_8l,3031,64,16384,1515,3,6,ok,,0.37913775630295277,0.04409791622310877,0.6680262684822083
46950,polish_companies_bankruptcy,hybrid_12l,3031,64,16384,1515,3,7,ok,,0.41693477891385555,0.07794021349400282,0.8690731525421143
46950,polish_companies_bankruptcy,pure_hydra_8l,3031,64,16384,1515,3,7,ok,,0.3796178065240383,0.04403868317604065,0.6680262684822083
46950,polish_companies_bankruptcy,pure_hydra_8l,3031,64,16384,1515,3,8,ok,,0.38192007038742304,0.0439233360812068,0.6680262684822083
46950,polish_companies_bankruptcy,hybrid_12l,3031,64,16384,1515,3,8,ok,,0.4177449941635132,0.07804677449166775,0.8690731525421143
46950,polish_companies_bankruptcy,hybrid_12l,3031,64,16384,1515,3,9,ok,,0.42961728759109974,0.07786856777966022,0.8690731525421143
46950,polish_companies_bankruptcy,pure_hydra_8l,3031,64,16384,1515,3,9,ok,,0.3807132616639137,0.044076886028051376,0.6680262684822083
46950,polish_companies_bankruptcy,pure_hydra_8l,3031,64,16384,1515,3,10,ok,,0.38018734473735094,0.0439339354634285,0.6680262684822083
46950,polish_companies_bankruptcy,hybrid_12l,3031,64,16384,1515,3,10,ok,,0.42267758399248123,0.07798080984503031,0.8690731525421143
46950,polish_companies_bankruptcy,pure_hydra_8l,3031,64,16384,1515,3,11,ok,,0.38052179757505655,0.044096654281020164,0.6680262684822083
46950,polish_companies_bankruptcy,hybrid_12l,3031,64,16384,1515,3,11,ok,,0.8525541722774506,0.07814064249396324,0.8690731525421143
46950,polish_companies_bankruptcy,hybrid_12l,3031,64,16384,1515,3,12,ok,,0.41532543674111366,0.07831971254199743,0.8690731525421143
46950,polish_companies_bankruptcy,pure_hydra_8l,3031,64,16384,1515,3,12,ok,,0.3815148202702403,0.04396587610244751,0.6680262684822083
46950,polish_companies_bankruptcy,hybrid_12l,3031,64,16384,1515,3,13,ok,,0.4159683957695961,0.07796092331409454,0.8690731525421143
46950,polish_companies_bankruptcy,pure_hydra_8l,3031,64,16384,1515,3,13,ok,,0.3944005239754915,0.04416808858513832,0.6680262684822083
46950,polish_companies_bankruptcy,hybrid_12l,3031,64,16384,1515,3,14,ok,,0.4303658241406083,0.09322886262089014,0.8690731525421143
46950,polish_companies_bankruptcy,pure_hydra_8l,3031,64,16384,1515,3,14,ok,,0.3860563477501273,0.04971890151500702,0.6680262684822083
46950,polish_companies_bankruptcy,hybrid_12l,3031,64,16384,1515,3,15,ok,,0.5044070174917579,0.08807632606476545,0.8690731525421143
46950,polish_companies_bankruptcy,pure_hydra_8l,3031,64,16384,1515,3,15,ok,,0.3821947295218706,0.04420570936053991,0.6680262684822083
46950,polish_companies_bankruptcy,hybrid_12l,3031,64,16384,1515,4,1,ok,,0.41210728511214256,0.07816888578236103,0.8690358996391296
46950,polish_companies_bankruptcy,pure_hydra_8l,3031,64,16384,1515,4,1,ok,,0.37739198561757803,0.044014147482812405,0.6307612061500549
46950,polish_companies_bankruptcy,hybrid_12l,3031,64,16384,1515,4,2,ok,,0.4122129362076521,0.07789306342601776,0.8690358996391296
46950,polish_companies_bankruptcy,pure_hydra_8l,3031,64,16384,1515,4,2,ok,,0.3788646748289466,0.0440258989110589,0.6307612061500549
46950,polish_companies_bankruptcy,hybrid_12l,3031,64,16384,1515,4,3,ok,,0.41532817110419273,0.07792947348207235,0.8690358996391296
46950,polish_companies_bankruptcy,pure_hydra_8l,3031,64,16384,1515,4,3,ok,,0.3946435125544667,0.05188683979213238,0.6307612061500549
46950,polish_companies_bankruptcy,pure_hydra_8l,3031,64,16384,1515,4,4,ok,,0.38841192051768303,0.05236650910228491,0.6307612061500549
46950,polish_companies_bankruptcy,hybrid_12l,3031,64,16384,1515,4,4,ok,,0.4299471490085125,0.09334961138665676,0.8690358996391296
46950,polish_companies_bankruptcy,hybrid_12l,3031,64,16384,1515,4,5,ok,,0.43127511721104383,0.09333089552819729,0.8690358996391296
46950,polish_companies_bankruptcy,pure_hydra_8l,3031,64,16384,1515,4,5,ok,,0.3800251642242074,0.0439378721639514,0.6307612061500549
46950,polish_companies_bankruptcy,pure_hydra_8l,3031,64,16384,1515,4,6,ok,,0.3798158969730139,0.04413882363587618,0.6307612061500549
46950,polish_companies_bankruptcy,hybrid_12l,3031,64,16384,1515,4,6,ok,,0.416414768435061,0.07798718195408583,0.8690358996391296
46950,polish_companies_bankruptcy,pure_hydra_8l,3031,64,16384,1515,4,7,ok,,0.37734464183449745,0.043937111273407936,0.6307612061500549
46950,polish_companies_bankruptcy,hybrid_12l,3031,64,16384,1515,4,7,ok,,0.4230975955724716,0.08746170066297054,0.8690358996391296
46950,polish_companies_bankruptcy,pure_hydra_8l,3031,64,16384,1515,4,8,ok,,0.4289930211380124,0.05236512515693903,0.6307612061500549
46950,polish_companies_bankruptcy,hybrid_12l,3031,64,16384,1515,4,8,ok,,0.43980362080037594,0.09367597848176956,0.8690358996391296
46950,polish_companies_bankruptcy,hybrid_12l,3031,64,16384,1515,4,9,ok,,0.4142309408634901,0.07785630412399769,0.8690358996391296
46950,polish_companies_bankruptcy,pure_hydra_8l,3031,64,16384,1515,4,9,ok,,0.37869958113878965,0.043960465118288994,0.6307612061500549
46950,polish_companies_bankruptcy,pure_hydra_8l,3031,64,16384,1515,4,10,ok,,0.3791861739009619,0.043942361138761044,0.6307612061500549
46950,polish_companies_bankruptcy,hybrid_12l,3031,64,16384,1515,4,10,ok,,0.41171157266944647,0.07778478786349297,0.8690358996391296
46950,polish_companies_bankruptcy,pure_hydra_8l,3031,64,16384,1515,4,11,ok,,0.3768807118758559,0.04391947761178017,0.6307612061500549
46950,polish_companies_bankruptcy,hybrid_12l,3031,64,16384,1515,4,11,ok,,0.4103272296488285,0.07776397839188576,0.8690358996391296
46950,polish_companies_bankruptcy,hybrid_12l,3031,64,16384,1515,4,12,ok,,0.4109951350837946,0.0779362553730607,0.8690358996391296
46950,polish_companies_bankruptcy,pure_hydra_8l,3031,64,16384,1515,4,12,ok,,0.39785716217011213,0.04395353142172098,0.6307612061500549
46950,polish_companies_bankruptcy,hybrid_12l,3031,64,16384,1515,4,13,ok,,0.41352079156786203,0.0779009684920311,0.8690358996391296
46950,polish_companies_bankruptcy,pure_hydra_8l,3031,64,16384,1515,4,13,ok,,0.3779578832909465,0.043961066752672195,0.6307612061500549
46950,polish_companies_bankruptcy,hybrid_12l,3031,64,16384,1515,4,14,ok,,0.41240091901272535,0.0777454636991024,0.8690358996391296
46950,polish_companies_bankruptcy,pure_hydra_8l,3031,64,16384,1515,4,14,ok,,0.37603879626840353,0.04387663584202528,0.6307612061500549
46950,polish_companies_bankruptcy,pure_hydra_8l,3031,64,16384,1515,4,15,ok,,0.37803337536752224,0.04400750435888767,0.6307612061500549
46950,polish_companies_bankruptcy,hybrid_12l,3031,64,16384,1515,4,15,ok,,0.4116353178396821,0.07780258171260357,0.8690358996391296
46950,polish_companies_bankruptcy,hybrid_12l,3031,64,16384,1515,5,1,ok,,0.4138991078361869,0.07811100594699383,0.8276408314704895
46950,polish_companies_bankruptcy,pure_hydra_8l,3031,64,16384,1515,5,1,ok,,0.37719745095819235,0.04743382893502712,0.6291621327400208
46950,polish_companies_bankruptcy,pure_hydra_8l,3031,64,16384,1515,5,2,ok,,0.3819962767884135,0.052366748452186584,0.6291621327400208
46950,polish_companies_bankruptcy,hybrid_12l,3031,64,16384,1515,5,2,ok,,0.4238237999379635,0.09321034606546164,0.8276408314704895
46950,polish_companies_bankruptcy,pure_hydra_8l,3031,64,16384,1515,5,3,ok,,0.38511285465210676,0.05229949112981558,0.6291621327400208
46950,polish_companies_bankruptcy,hybrid_12l,3031,64,16384,1515,5,3,ok,,0.42355173360556364,0.09319796320050955,0.8276408314704895
46950,polish_companies_bankruptcy,pure_hydra_8l,3031,64,16384,1515,5,4,ok,,0.38318588212132454,0.05250597279518843,0.6291621327400208
46950,polish_companies_bankruptcy,hybrid_12l,3031,64,16384,1515,5,4,ok,,0.42452165111899376,0.0932717015966773,0.8276408314704895
46950,polish_companies_bankruptcy,hybrid_12l,3031,64,16384,1515,5,5,ok,,0.4944003541022539,0.09316194336861372,0.8276408314704895
46950,polish_companies_bankruptcy,pure_hydra_8l,3031,64,16384,1515,5,5,ok,,0.373408448882401,0.04387894179672003,0.6291621327400208
46950,polish_companies_bankruptcy,hybrid_12l,3031,64,16384,1515,5,6,ok,,0.4034110177308321,0.07795494981110096,0.8276408314704895
46950,polish_companies_bankruptcy,pure_hydra_8l,3031,64,16384,1515,5,6,ok,,0.36916365288197994,0.04387713689357042,0.6291621327400208
46950,polish_companies_bankruptcy,hybrid_12l,3031,64,16384,1515,5,7,ok,,0.4061373136937618,0.07785881869494915,0.8276408314704895
46950,polish_companies_bankruptcy,pure_hydra_8l,3031,64,16384,1515,5,7,ok,,0.3706329371780157,0.04384807217866182,0.6291621327400208
46950,polish_companies_bankruptcy,pure_hydra_8l,3031,64,16384,1515,5,8,ok,,0.3688662387430668,0.043824476189911366,0.6291621327400208
46950,polish_companies_bankruptcy,hybrid_12l,3031,64,16384,1515,5,8,ok,,0.4072806825861335,0.07790246047079563,0.8276408314704895
46950,polish_companies_bankruptcy,hybrid_12l,3031,64,16384,1515,5,9,ok,,0.4182754009962082,0.09154010005295277,0.8276408314704895
46950,polish_companies_bankruptcy,pure_hydra_8l,3031,64,16384,1515,5,9,ok,,0.38089562859386206,0.0525866961106658,0.6291621327400208
46950,polish_companies_bankruptcy,hybrid_12l,3031,64,16384,1515,5,10,ok,,0.42416137736290693,0.09338642004877329,0.8276408314704895
46950,polish_companies_bankruptcy,pure_hydra_8l,3031,64,16384,1515,5,10,ok,,0.3829648410901427,0.05230197589844465,0.6291621327400208
46950,polish_companies_bankruptcy,hybrid_12l,3031,64,16384,1515,5,11,ok,,0.4231634149327874,0.09320685919374228,0.8276408314704895
46950,polish_companies_bankruptcy,pure_hydra_8l,3031,64,16384,1515,5,11,ok,,0.3839813079684973,0.05230644345283508,0.6291621327400208
46950,polish_companies_bankruptcy,pure_hydra_8l,3031,64,16384,1515,5,12,ok,,0.390763602219522,0.05234499741345644,0.6291621327400208
46950,polish_companies_bankruptcy,hybrid_12l,3031,64,16384,1515,5,12,ok,,0.4826813777908683,0.09319482557475567,0.8276408314704895
46950,polish_companies_bankruptcy,hybrid_12l,3031,64,16384,1515,5,13,ok,,0.4262345554307103,0.09246723540127277,0.8276408314704895
46950,polish_companies_bankruptcy,pure_hydra_8l,3031,64,16384,1515,5,13,ok,,0.37530224584043026,0.04396586399525404,0.6291621327400208
46950,polish_companies_bankruptcy,pure_hydra_8l,3031,64,16384,1515,5,14,ok,,0.37359223514795303,0.043965152464807034,0.6291621327400208
46950,polish_companies_bankruptcy,hybrid_12l,3031,64,16384,1515,5,14,ok,,0.40901089925318956,0.07795012090355158,0.8276408314704895
46950,polish_companies_bankruptcy,pure_hydra_8l,3031,64,16384,1515,5,15,ok,,0.3739011101424694,0.04401086084544659,0.6291621327400208
46950,polish_companies_bankruptcy,hybrid_12l,3031,64,16384,1515,5,15,ok,,0.41489569284021854,0.08317466266453266,0.8276408314704895
46962,taiwanese_bankruptcy_prediction,hybrid_12l,6819,94,16384,3409,1,1,ok,,0.9922093898057938,0.252030611038208,0.8934545516967773
46962,taiwanese_bankruptcy_prediction,pure_hydra_8l,6819,94,16384,3409,1,1,ok,,0.8249347796663642,0.0947890980169177,0.5141800045967102
46962,taiwanese_bankruptcy_prediction,pure_hydra_8l,6819,94,16384,3409,1,2,ok,,0.8245772905647755,0.09480104967951775,0.5141800045967102
46962,taiwanese_bankruptcy_prediction,hybrid_12l,6819,94,16384,3409,1,2,ok,,0.9779228381812572,0.24673064518719912,0.8934545516967773
46962,taiwanese_bankruptcy_prediction,pure_hydra_8l,6819,94,16384,3409,1,3,ok,,0.8221373343840241,0.09482407290488482,0.5141800045967102
46962,taiwanese_bankruptcy_prediction,hybrid_12l,6819,94,16384,3409,1,3,ok,,0.9388618087396026,0.21069052163511515,0.8934545516967773
46962,taiwanese_bankruptcy_prediction,pure_hydra_8l,6819,94,16384,3409,1,4,ok,,0.8222460197284818,0.09483169764280319,0.5141800045967102
46962,taiwanese_bankruptcy_prediction,hybrid_12l,6819,94,16384,3409,1,4,ok,,0.9405828611925244,0.21064460463821888,0.8934545516967773
46962,taiwanese_bankruptcy_prediction,hybrid_12l,6819,94,16384,3409,1,5,ok,,0.9413896985352039,0.21073229052126408,0.8934545516967773
46962,taiwanese_bankruptcy_prediction,pure_hydra_8l,6819,94,16384,3409,1,5,ok,,0.8216065252199769,0.09486009180545807,0.5141800045967102
46962,taiwanese_bankruptcy_prediction,hybrid_12l,6819,94,16384,3409,1,6,ok,,0.9413630776107311,0.21055512316524982,0.8934545516967773
46962,taiwanese_bankruptcy_prediction,pure_hydra_8l,6819,94,16384,3409,1,6,ok,,0.8230216084048152,0.0950500313192606,0.5141800045967102
46962,taiwanese_bankruptcy_prediction,pure_hydra_8l,6819,94,16384,3409,1,7,ok,,0.8221844201907516,0.09486936870962381,0.5141800045967102
46962,taiwanese_bankruptcy_prediction,hybrid_12l,6819,94,16384,3409,1,7,ok,,0.9793062042444944,0.24808044079691172,0.8934545516967773
46962,taiwanese_bankruptcy_prediction,hybrid_12l,6819,94,16384,3409,1,8,ok,,0.9420475922524929,0.2105527287349105,0.8934545516967773
46962,taiwanese_bankruptcy_prediction,pure_hydra_8l,6819,94,16384,3409,1,8,ok,,0.8253205921500921,0.09493682719767094,0.5141800045967102
46962,taiwanese_bankruptcy_prediction,pure_hydra_8l,6819,94,16384,3409,1,9,ok,,0.8275827607139945,0.09478868637233973,0.5141800045967102
46962,taiwanese_bankruptcy_prediction,hybrid_12l,6819,94,16384,3409,1,9,ok,,0.9474754668772221,0.21080029755830765,0.8934545516967773
46962,taiwanese_bankruptcy_prediction,pure_hydra_8l,6819,94,16384,3409,1,10,ok,,0.8750255424529314,0.0950761903077364,0.5141800045967102
46962,taiwanese_bankruptcy_prediction,hybrid_12l,6819,94,16384,3409,1,10,ok,,0.9459032360464334,0.2105799401178956,0.8934545516967773
46962,taiwanese_bankruptcy_prediction,pure_hydra_8l,6819,94,16384,3409,1,11,ok,,0.8260262468829751,0.0948324678465724,0.5141800045967102
46962,taiwanese_bankruptcy_prediction,hybrid_12l,6819,94,16384,3409,1,11,ok,,0.9448655685409904,0.21057194471359253,0.8934545516967773
46962,taiwanese_bankruptcy_prediction,pure_hydra_8l,6819,94,16384,3409,1,12,ok,,0.8240939229726791,0.0948875229805708,0.5141800045967102
46962,taiwanese_bankruptcy_prediction,hybrid_12l,6819,94,16384,3409,1,12,ok,,0.9425266040489078,0.21078199241310358,0.8934545516967773
46962,taiwanese_bankruptcy_prediction,pure_hydra_8l,6819,94,16384,3409,1,13,ok,,0.8246794119477272,0.09488943591713905,0.5141800045967102
46962,taiwanese_bankruptcy_prediction,hybrid_12l,6819,94,16384,3409,1,13,ok,,0.9425291670486331,0.21080834232270718,0.8934545516967773
46962,taiwanese_bankruptcy_prediction,pure_hydra_8l,6819,94,16384,3409,1,14,ok,,0.8281107349321246,0.09488837420940399,0.5141800045967102
46962,taiwanese_bankruptcy_prediction,hybrid_12l,6819,94,16384,3409,1,14,ok,,0.9441077476367354,0.2107654307037592,0.8934545516967773
46962,taiwanese_bankruptcy_prediction,hybrid_12l,6819,94,16384,3409,1,15,ok,,0.9440995622426271,0.2108131516724825,0.8934545516967773
46962,taiwanese_bankruptcy_prediction,pure_hydra_8l,6819,94,16384,3409,1,15,ok,,0.8289281222969294,0.09516047965735197,0.5141800045967102
46962,taiwanese_bankruptcy_prediction,pure_hydra_8l,6819,94,16384,3409,2,1,ok,,0.8256783522665501,0.09483257867395878,0.48150238394737244
46962,taiwanese_bankruptcy_prediction,hybrid_12l,6819,94,16384,3409,2,1,ok,,0.942059182561934,0.2108905864879489,0.904608428478241
46962,taiwanese_bankruptcy_prediction,hybrid_12l,6819,94,16384,3409,2,2,ok,,0.9401047062128782,0.2106071999296546,0.904608428478241
46962,taiwanese_bankruptcy_prediction,pure_hydra_8l,6819,94,16384,3409,2,2,ok,,0.8388092489913106,0.0948629854246974,0.48150238394737244
46962,taiwanese_bankruptcy_prediction,hybrid_12l,6819,94,16384,3409,2,3,ok,,0.9831240652129054,0.21083026193082333,0.904608428478241
46962,taiwanese_bankruptcy_prediction,pure_hydra_8l,6819,94,16384,3409,2,3,ok,,0.8212327929213643,0.09483696613460779,0.48150238394737244
46962,taiwanese_bankruptcy_prediction,pure_hydra_8l,6819,94,16384,3409,2,4,ok,,0.8229758571833372,0.09490664768964052,0.48150238394737244
46962,taiwanese_bankruptcy_prediction,hybrid_12l,6819,94,16384,3409,2,4,ok,,0.975453314371407,0.24948439840227365,0.904608428478241
46962,taiwanese_bankruptcy_prediction,pure_hydra_8l,6819,94,16384,3409,2,5,ok,,0.8193032834678888,0.09485822729766369,0.48150238394737244
46962,taiwanese_bankruptcy_prediction,hybrid_12l,6819,94,16384,3409,2,5,ok,,0.9416373586282134,0.21077213156968355,0.904608428478241
46962,taiwanese_bankruptcy_prediction,pure_hydra_8l,6819,94,16384,3409,2,6,ok,,0.8239130405709147,0.09480147901922464,0.48150238394737244
46962,taiwanese_bankruptcy_prediction,hybrid_12l,6819,94,16384,3409,2,6,ok,,0.9401389556005597,0.21057541947811842,0.904608428478241
46962,taiwanese_bankruptcy_prediction,hybrid_12l,6819,94,16384,3409,2,7,ok,,0.9422826794907451,0.2109127976000309,0.904608428478241
46962,taiwanese_bankruptcy_prediction,pure_hydra_8l,6819,94,16384,3409,2,7,ok,,0.8427073620259762,0.09494046121835709,0.48150238394737244
46962,taiwanese_bankruptcy_prediction,pure_hydra_8l,6819,94,16384,3409,2,8,ok,,0.8235613023862243,0.09484293684363365,0.48150238394737244
46962,taiwanese_bankruptcy_prediction,hybrid_12l,6819,94,16384,3409,2,8,ok,,0.9388774232938886,0.21090309880673885,0.904608428478241
46962,taiwanese_bankruptcy_prediction,hybrid_12l,6819,94,16384,3409,2,9,ok,,0.9418086586520076,0.21065350528806448,0.904608428478241
46962,taiwanese_bankruptcy_prediction,pure_hydra_8l,6819,94,16384,3409,2,9,ok,,0.8232218557968736,0.0948381070047617,0.48150238394737244
46962,taiwanese_bankruptcy_prediction,hybrid_12l,6819,94,16384,3409,2,10,ok,,0.939695131033659,0.2105921097099781,0.904608428478241
46962,taiwanese_bankruptcy_prediction,pure_hydra_8l,6819,94,16384,3409,2,10,ok,,0.8229623129591346,0.09483081288635731,0.48150238394737244
46962,taiwanese_bankruptcy_prediction,hybrid_12l,6819,94,16384,3409,2,11,ok,,0.9390574004501104,0.21079988218843937,0.904608428478241
46962,taiwanese_bankruptcy_prediction,pure_hydra_8l,6819,94,16384,3409,2,11,ok,,0.8199520772323012,0.09487360343337059,0.48150238394737244
46962,taiwanese_bankruptcy_prediction,pure_hydra_8l,6819,94,16384,3409,2,12,ok,,0.822888070717454,0.09488171059638262,0.48150238394737244
46962,taiwanese_bankruptcy_prediction,hybrid_12l,6819,94,16384,3409,2,12,ok,,0.9615978132933378,0.2108183577656746,0.904608428478241
46962,taiwanese_bankruptcy_prediction,hybrid_12l,6819,94,16384,3409,2,13,ok,,0.9375263266265392,0.2105860961601138,0.904608428478241
46962,taiwanese_bankruptcy_prediction,pure_hydra_8l,6819,94,16384,3409,2,13,ok,,0.8282256554812193,0.09486838337033987,0.48150238394737244
46962,taiwanese_bankruptcy_prediction,hybrid_12l,6819,94,16384,3409,2,14,ok,,0.9371002884581685,0.21058701816946268,0.904608428478241
46962,taiwanese_bankruptcy_prediction,pure_hydra_8l,6819,94,16384,3409,2,14,ok,,0.8461244711652398,0.09504421800374985,0.48150238394737244
46962,taiwanese_bankruptcy_prediction,pure_hydra_8l,6819,94,16384,3409,2,15,ok,,0.8322713132947683,0.09486245177686214,0.48150238394737244
46962,taiwanese_bankruptcy_prediction,hybrid_12l,6819,94,16384,3409,2,15,ok,,0.9445331143215299,0.21060026343911886,0.904608428478241
46962,taiwanese_bankruptcy_prediction,pure_hydra_8l,6819,94,16384,3409,3,1,ok,,0.8301071198657155,0.09494738467037678,0.45909273624420166
46962,taiwanese_bankruptcy_prediction,hybrid_12l,6819,94,16384,3409,3,1,ok,,0.9455377170816064,0.21098323818296194,0.8840467929840088
46962,taiwanese_bankruptcy_prediction,hybrid_12l,6819,94,16384,3409,3,2,ok,,0.9502931404858828,0.21071913838386536,0.8840467929840088
46962,taiwanese_bankruptcy_prediction,pure_hydra_8l,6819,94,16384,3409,3,2,ok,,0.97944191750139,0.09485200326889753,0.45909273624420166
46962,taiwanese_bankruptcy_prediction,hybrid_12l,6819,94,16384,3409,3,3,ok,,1.3840439394116402,0.25414739176630974,0.8840467929840088
46962,taiwanese_bankruptcy_prediction,pure_hydra_8l,6819,94,16384,3409,3,3,ok,,1.2403449323028326,0.09493148326873779,0.45909273624420166
46962,taiwanese_bankruptcy_prediction,pure_hydra_8l,6819,94,16384,3409,3,4,ok,,0.8712711073458195,0.11296419240534306,0.45909273624420166
46962,taiwanese_bankruptcy_prediction,hybrid_12l,6819,94,16384,3409,3,4,ok,,0.9470072677358985,0.21078081335872412,0.8840467929840088
46962,taiwanese_bankruptcy_prediction,hybrid_12l,6819,94,16384,3409,3,5,ok,,1.1311525059863925,0.21060541085898876,0.8840467929840088
46962,taiwanese_bankruptcy_prediction,pure_hydra_8l,6819,94,16384,3409,3,5,ok,,0.8652506750077009,0.09493558946996927,0.45909273624420166
46962,taiwanese_bankruptcy_prediction,hybrid_12l,6819,94,16384,3409,3,6,ok,,0.9468402490019798,0.21061395667493343,0.8840467929840088
46962,taiwanese_bankruptcy_prediction,pure_hydra_8l,6819,94,16384,3409,3,6,ok,,0.8308955365791917,0.09485496766865253,0.45909273624420166
46962,taiwanese_bankruptcy_prediction,pure_hydra_8l,6819,94,16384,3409,3,7,ok,,0.8322083754464984,0.09492265619337559,0.45909273624420166
46962,taiwanese_bankruptcy_prediction,hybrid_12l,6819,94,16384,3409,3,7,ok,,0.9450924349948764,0.2107163518667221,0.8840467929840088
46962,taiwanese_bankruptcy_prediction,pure_hydra_8l,6819,94,16384,3409,3,8,ok,,0.8274710960686207,0.09488203004002571,0.45909273624420166
46962,taiwanese_bankruptcy_prediction,hybrid_12l,6819,94,16384,3409,3,8,ok,,0.9457032410427928,0.21075623575598001,0.8840467929840088
46962,taiwanese_bankruptcy_prediction,hybrid_12l,6819,94,16384,3409,3,9,ok,,0.945756571367383,0.2107707243412733,0.8840467929840088
46962,taiwanese_bankruptcy_prediction,pure_hydra_8l,6819,94,16384,3409,3,9,ok,,0.8275143252685666,0.09510049223899841,0.45909273624420166
46962,taiwanese_bankruptcy_prediction,pure_hydra_8l,6819,94,16384,3409,3,10,ok,,0.8267911039292812,0.09500013291835785,0.45909273624420166
46962,taiwanese_bankruptcy_prediction,hybrid_12l,6819,94,16384,3409,3,10,ok,,0.9443190852180123,0.21084457263350487,0.8840467929840088
46962,taiwanese_bankruptcy_prediction,hybrid_12l,6819,94,16384,3409,3,11,ok,,0.9459579717367887,0.21073146909475327,0.8840467929840088
46962,taiwanese_bankruptcy_prediction,pure_hydra_8l,6819,94,16384,3409,3,11,ok,,0.8290390130132437,0.09483844600617886,0.45909273624420166
46962,taiwanese_bankruptcy_prediction,pure_hydra_8l,6819,94,16384,3409,3,12,ok,,1.2192821567878127,0.09499543439596891,0.45909273624420166
46962,taiwanese_bankruptcy_prediction,hybrid_12l,6819,94,16384,3409,3,12,ok,,1.0264244135469198,0.2106179129332304,0.8840467929840088
46962,taiwanese_bankruptcy_prediction,pure_hydra_8l,6819,94,16384,3409,3,13,ok,,0.8285471694543958,0.0949059734120965,0.45909273624420166
46962,taiwanese_bankruptcy_prediction,hybrid_12l,6819,94,16384,3409,3,13,ok,,0.9450481133535504,0.21063878294080496,0.8840467929840088
46962,taiwanese_bankruptcy_prediction,hybrid_12l,6819,94,16384,3409,3,14,ok,,0.9521085349842906,0.21068079117685556,0.8840467929840088
46962,taiwanese_bankruptcy_prediction,pure_hydra_8l,6819,94,16384,3409,3,14,ok,,0.8270208649337292,0.09492121171206236,0.45909273624420166
46962,taiwanese_bankruptcy_prediction,hybrid_12l,6819,94,16384,3409,3,15,ok,,0.9461634755134583,0.21076536178588867,0.8840467929840088
46962,taiwanese_bankruptcy_prediction,pure_hydra_8l,6819,94,16384,3409,3,15,ok,,0.8227996816858649,0.09485891368240118,0.45909273624420166
46962,taiwanese_bankruptcy_prediction,pure_hydra_8l,6819,94,16384,3409,4,1,ok,,0.8180948048830032,0.09509340953081846,0.48152297735214233
46962,taiwanese_bankruptcy_prediction,hybrid_12l,6819,94,16384,3409,4,1,ok,,0.9389180298894644,0.21077477931976318,0.8845827579498291
46962,taiwanese_bankruptcy_prediction,hybrid_12l,6819,94,16384,3409,4,2,ok,,0.9473310457542539,0.2106384113430977,0.8845827579498291
46962,taiwanese_bankruptcy_prediction,pure_hydra_8l,6819,94,16384,3409,4,2,ok,,0.8288432955741882,0.09496089722961187,0.48152297735214233
46962,taiwanese_bankruptcy_prediction,hybrid_12l,6819,94,16384,3409,4,3,ok,,0.937769191339612,0.21081279125064611,0.8845827579498291
46962,taiwanese_bankruptcy_prediction,pure_hydra_8l,6819,94,16384,3409,4,3,ok,,0.820775592699647,0.0948665477335453,0.48152297735214233
46962,taiwanese_bankruptcy_prediction,pure_hydra_8l,6819,94,16384,3409,4,4,ok,,0.8586465129628778,0.0949111133813858,0.48152297735214233
46962,taiwanese_bankruptcy_prediction,hybrid_12l,6819,94,16384,3409,4,4,ok,,0.9381525358185172,0.21087742317467928,0.8845827579498291
46962,taiwanese_bankruptcy_prediction,hybrid_12l,6819,94,16384,3409,4,5,ok,,0.9780052723363042,0.21108614839613438,0.8845827579498291
46962,taiwanese_bankruptcy_prediction,pure_hydra_8l,6819,94,16384,3409,4,5,ok,,0.8191222567111254,0.09506513364613056,0.48152297735214233
46962,taiwanese_bankruptcy_prediction,pure_hydra_8l,6819,94,16384,3409,4,6,ok,,0.8182093370705843,0.09482428804039955,0.48152297735214233
46962,taiwanese_bankruptcy_prediction,hybrid_12l,6819,94,16384,3409,4,6,ok,,0.9333261363208294,0.2106508230790496,0.8845827579498291
46962,taiwanese_bankruptcy_prediction,hybrid_12l,6819,94,16384,3409,4,7,ok,,0.934450525790453,0.21064280811697245,0.8845827579498291
46962,taiwanese_bankruptcy_prediction,pure_hydra_8l,6819,94,16384,3409,4,7,ok,,0.8159519461914897,0.09483074955642223,0.48152297735214233
46962,taiwanese_bankruptcy_prediction,hybrid_12l,6819,94,16384,3409,4,8,ok,,0.9344540219753981,0.2106466144323349,0.8845827579498291
46962,taiwanese_bankruptcy_prediction,pure_hydra_8l,6819,94,16384,3409,4,8,ok,,0.8219182044267654,0.09484356362372637,0.48152297735214233
46962,taiwanese_bankruptcy_prediction,pure_hydra_8l,6819,94,16384,3409,4,9,ok,,0.8199423989281058,0.09492156188935041,0.48152297735214233
46962,taiwanese_bankruptcy_prediction,hybrid_12l,6819,94,16384,3409,4,9,ok,,0.9353243401274085,0.21069745067507029,0.8845827579498291
46962,taiwanese_bankruptcy_prediction,hybrid_12l,6819,94,16384,3409,4,10,ok,,0.9372237389907241,0.2106187306344509,0.8845827579498291
46962,taiwanese_bankruptcy_prediction,pure_hydra_8l,6819,94,16384,3409,4,10,ok,,0.8210626998916268,0.09484759252518415,0.48152297735214233
46962,taiwanese_bankruptcy_prediction,hybrid_12l,6819,94,16384,3409,4,11,ok,,0.9377070749178529,0.21057945676147938,0.8845827579498291
46962,taiwanese_bankruptcy_prediction,pure_hydra_8l,6819,94,16384,3409,4,11,ok,,0.8193905698135495,0.09488766733556986,0.48152297735214233
46962,taiwanese_bankruptcy_prediction,pure_hydra_8l,6819,94,16384,3409,4,12,ok,,0.8214168213307858,0.09487029444426298,0.48152297735214233
46962,taiwanese_bankruptcy_prediction,hybrid_12l,6819,94,16384,3409,4,12,ok,,0.9388431059196591,0.21087864320725203,0.8845827579498291
46962,taiwanese_bankruptcy_prediction,hybrid_12l,6819,94,16384,3409,4,13,ok,,0.942209024913609,0.21077726129442453,0.8845827579498291
46962,taiwanese_bankruptcy_prediction,pure_hydra_8l,6819,94,16384,3409,4,13,ok,,0.8223742134869099,0.0949010131880641,0.48152297735214233
46962,taiwanese_bankruptcy_prediction,hybrid_12l,6819,94,16384,3409,4,14,ok,,0.9402131615206599,0.210778403095901,0.8845827579498291
46962,taiwanese_bankruptcy_prediction,pure_hydra_8l,6819,94,16384,3409,4,14,ok,,0.8213959084823728,0.09488915000110865,0.48152297735214233
46962,taiwanese_bankruptcy_prediction,hybrid_12l,6819,94,16384,3409,4,15,ok,,0.9752464611083269,0.2106305519118905,0.8845827579498291
46962,taiwanese_bankruptcy_prediction,pure_hydra_8l,6819,94,16384,3409,4,15,ok,,0.8236872805282474,0.09489472117275,0.48152297735214233
46962,taiwanese_bankruptcy_prediction,pure_hydra_8l,6819,94,16384,3409,5,1,ok,,0.8215947626158595,0.09484649822115898,0.49219489097595215
46962,taiwanese_bankruptcy_prediction,hybrid_12l,6819,94,16384,3409,5,1,ok,,0.9815644836053252,0.25032117031514645,0.9136315584182739
46962,taiwanese_bankruptcy_prediction,pure_hydra_8l,6819,94,16384,3409,5,2,ok,,0.8275369955226779,0.0949161909520626,0.49219489097595215
46962,taiwanese_bankruptcy_prediction,hybrid_12l,6819,94,16384,3409,5,2,ok,,0.9569562627002597,0.2106443177908659,0.9136315584182739
46962,taiwanese_bankruptcy_prediction,pure_hydra_8l,6819,94,16384,3409,5,3,ok,,0.8200516570359468,0.09486094582825899,0.49219489097595215
46962,taiwanese_bankruptcy_prediction,hybrid_12l,6819,94,16384,3409,5,3,ok,,0.9534458676353097,0.21074534859508276,0.9136315584182739
46962,taiwanese_bankruptcy_prediction,pure_hydra_8l,6819,94,16384,3409,5,4,ok,,0.8260941281914711,0.0948812747374177,0.49219489097595215
46962,taiwanese_bankruptcy_prediction,hybrid_12l,6819,94,16384,3409,5,4,ok,,0.9435350224375725,0.21083730272948742,0.9136315584182739
46962,taiwanese_bankruptcy_prediction,hybrid_12l,6819,94,16384,3409,5,5,ok,,1.0428903149440885,0.21057078801095486,0.9136315584182739
46962,taiwanese_bankruptcy_prediction,pure_hydra_8l,6819,94,16384,3409,5,5,ok,,0.8232849920168519,0.0948703745380044,0.49219489097595215
46962,taiwanese_bankruptcy_prediction,pure_hydra_8l,6819,94,16384,3409,5,6,ok,,0.8424660172313452,0.09486528486013412,0.49219489097595215
46962,taiwanese_bankruptcy_prediction,hybrid_12l,6819,94,16384,3409,5,6,ok,,0.9369363524019718,0.2107362411916256,0.9136315584182739
46962,taiwanese_bankruptcy_prediction,hybrid_12l,6819,94,16384,3409,5,7,ok,,0.9378778841346502,0.21079819928854704,0.9136315584182739
46962,taiwanese_bankruptcy_prediction,pure_hydra_8l,6819,94,16384,3409,5,7,ok,,0.8230960629880428,0.09482955560088158,0.49219489097595215
46962,taiwanese_bankruptcy_prediction,hybrid_12l,6819,94,16384,3409,5,8,ok,,1.0065157879143953,0.21064711175858974,0.9136315584182739
46962,taiwanese_bankruptcy_prediction,pure_hydra_8l,6819,94,16384,3409,5,8,ok,,0.8210120918229222,0.09485342260450125,0.49219489097595215
46962,taiwanese_bankruptcy_prediction,hybrid_12l,6819,94,16384,3409,5,9,ok,,0.9453324424102902,0.21057167742401361,0.9136315584182739
46962,taiwanese_bankruptcy_prediction,pure_hydra_8l,6819,94,16384,3409,5,9,ok,,0.817585195414722,0.0947920149192214,0.49219489097595215
46962,taiwanese_bankruptcy_prediction,hybrid_12l,6819,94,16384,3409,5,10,ok,,0.9425108842551708,0.21059787832200527,0.9136315584182739
46962,taiwanese_bankruptcy_prediction,pure_hydra_8l,6819,94,16384,3409,5,10,ok,,0.8200758658349514,0.09501232113689184,0.49219489097595215
46962,taiwanese_bankruptcy_prediction,pure_hydra_8l,6819,94,16384,3409,5,11,ok,,0.8344377968460321,0.09483407437801361,0.49219489097595215
46962,taiwanese_bankruptcy_prediction,hybrid_12l,6819,94,16384,3409,5,11,ok,,0.9402599865570664,0.21057394240051508,0.9136315584182739
46962,taiwanese_bankruptcy_prediction,hybrid_12l,6819,94,16384,3409,5,12,ok,,0.9389100568369031,0.21059666480869055,0.9136315584182739
46962,taiwanese_bankruptcy_prediction,pure_hydra_8l,6819,94,16384,3409,5,12,ok,,0.8238887395709753,0.09486444108188152,0.49219489097595215
46962,taiwanese_bankruptcy_prediction,hybrid_12l,6819,94,16384,3409,5,13,ok,,0.9545947536826134,0.21073151100426912,0.9136315584182739
46962,taiwanese_bankruptcy_prediction,pure_hydra_8l,6819,94,16384,3409,5,13,ok,,0.9348259950056672,0.0948679381981492,0.49219489097595215
46962,taiwanese_bankruptcy_prediction,pure_hydra_8l,6819,94,16384,3409,5,14,ok,,0.821632232517004,0.09487593360245228,0.49219489097595215
46962,taiwanese_bankruptcy_prediction,hybrid_12l,6819,94,16384,3409,5,14,ok,,0.9379022046923637,0.2107292553409934,0.9136315584182739
46962,taiwanese_bankruptcy_prediction,pure_hydra_8l,6819,94,16384,3409,5,15,ok,,0.9931850237771869,0.09491612017154694,0.49219489097595215
46962,taiwanese_bankruptcy_prediction,hybrid_12l,6819,94,16384,3409,5,15,ok,,0.9397484827786684,0.2107621282339096,0.9136315584182739
46969,NATICUSdroid,pure_hydra_8l,7491,86,16384,3745,1,1,ok,,0.7116248486563563,0.10436574928462505,0.7308691740036011
46969,NATICUSdroid,hybrid_12l,7491,86,16384,3745,1,1,ok,,0.8446572003886104,0.248055811971426,0.9690829515457153
46969,NATICUSdroid,pure_hydra_8l,7491,86,16384,3745,1,2,ok,,0.7018846152350307,0.10433073341846466,0.7308691740036011
46969,NATICUSdroid,hybrid_12l,7491,86,16384,3745,1,2,ok,,0.8987067937850952,0.24799275305122137,0.9690829515457153
46969,NATICUSdroid,hybrid_12l,7491,86,16384,3745,1,3,ok,,0.8436433775350451,0.2478200364857912,0.9690829515457153
46969,NATICUSdroid,pure_hydra_8l,7491,86,16384,3745,1,3,ok,,0.7002183068543673,0.1044746758416295,0.7308691740036011
46969,NATICUSdroid,pure_hydra_8l,7491,86,16384,3745,1,4,ok,,0.7143040224909782,0.10449429228901863,0.7308691740036011
46969,NATICUSdroid,hybrid_12l,7491,86,16384,3745,1,4,ok,,0.8422612966969609,0.24801643658429384,0.9690829515457153
46969,NATICUSdroid,pure_hydra_8l,7491,86,16384,3745,1,5,ok,,0.6991447508335114,0.10453684348613024,0.7308691740036011
46969,NATICUSdroid,hybrid_12l,7491,86,16384,3745,1,5,ok,,0.8438590243458748,0.2480500703677535,0.9690829515457153
46969,NATICUSdroid,hybrid_12l,7491,86,16384,3745,1,6,ok,,0.8862571436911821,0.24793213699012995,0.9690829515457153
46969,NATICUSdroid,pure_hydra_8l,7491,86,16384,3745,1,6,ok,,0.6982858721166849,0.10454656183719635,0.7308691740036011
46969,NATICUSdroid,hybrid_12l,7491,86,16384,3745,1,7,ok,,0.9259449141100049,0.24800982419401407,0.9690829515457153
46969,NATICUSdroid,pure_hydra_8l,7491,86,16384,3745,1,7,ok,,0.7011187197640538,0.10458955354988575,0.7308691740036011
46969,NATICUSdroid,hybrid_12l,7491,86,16384,3745,1,8,ok,,0.8459787303581834,0.24805825669318438,0.9690829515457153
46969,NATICUSdroid,pure_hydra_8l,7491,86,16384,3745,1,8,ok,,0.7347698714584112,0.10439645685255527,0.7308691740036011
46969,NATICUSdroid,hybrid_12l,7491,86,16384,3745,1,9,ok,,1.2405937695875764,0.24801953230053186,0.9690829515457153
46969,NATICUSdroid,pure_hydra_8l,7491,86,16384,3745,1,9,ok,,0.7720615994185209,0.10458463430404663,0.7308691740036011
46969,NATICUSdroid,pure_hydra_8l,7491,86,16384,3745,1,10,ok,,0.6993327727541327,0.10437655914574862,0.7308691740036011
46969,NATICUSdroid,hybrid_12l,7491,86,16384,3745,1,10,ok,,0.8423308143392205,0.24804588127881289,0.9690829515457153
46969,NATICUSdroid,hybrid_12l,7491,86,16384,3745,1,11,ok,,0.8940192004665732,0.2479172069579363,0.9690829515457153
46969,NATICUSdroid,pure_hydra_8l,7491,86,16384,3745,1,11,ok,,0.6988668600097299,0.10444872546941042,0.7308691740036011
46969,NATICUSdroid,pure_hydra_8l,7491,86,16384,3745,1,12,ok,,0.6967083988711238,0.10441575385630131,0.7308691740036011
46969,NATICUSdroid,hybrid_12l,7491,86,16384,3745,1,12,ok,,0.8417937941849232,0.2479271860793233,0.9690829515457153
46969,NATICUSdroid,pure_hydra_8l,7491,86,16384,3745,1,13,ok,,0.696726712398231,0.1043509691953659,0.7308691740036011
46969,NATICUSdroid,hybrid_12l,7491,86,16384,3745,1,13,ok,,0.8431476904079318,0.2480521434918046,0.9690829515457153
46969,NATICUSdroid,hybrid_12l,7491,86,16384,3745,1,14,ok,,0.844764162786305,0.247806035913527,0.9690829515457153
46969,NATICUSdroid,pure_hydra_8l,7491,86,16384,3745,1,14,ok,,0.6988567290827632,0.10449736844748259,0.7308691740036011
46969,NATICUSdroid,hybrid_12l,7491,86,16384,3745,1,15,ok,,0.8439261624589562,0.24805951584130526,0.9690829515457153
46969,NATICUSdroid,pure_hydra_8l,7491,86,16384,3745,1,15,ok,,0.6977568529546261,0.10457141790539026,0.7308691740036011
46969,NATICUSdroid,hybrid_12l,7491,86,16384,3745,2,1,ok,,0.8336926866322756,0.24786333367228508,0.964037299156189
46969,NATICUSdroid,pure_hydra_8l,7491,86,16384,3745,2,1,ok,,0.6971860909834504,0.10450578294694424,0.7203754186630249
46969,NATICUSdroid,hybrid_12l,7491,86,16384,3745,2,2,ok,,0.850052272900939,0.24809347931295633,0.964037299156189
46969,NATICUSdroid,pure_hydra_8l,7491,86,16384,3745,2,2,ok,,0.6902326308190823,0.10449588485062122,0.7203754186630249
46969,NATICUSdroid,pure_hydra_8l,7491,86,16384,3745,2,3,ok,,0.691491967998445,0.10447264928370714,0.7203754186630249
46969,NATICUSdroid,hybrid_12l,7491,86,16384,3745,2,3,ok,,0.857582725584507,0.24789770878851414,0.964037299156189
46969,NATICUSdroid,hybrid_12l,7491,86,16384,3745,2,4,ok,,0.8434459706768394,0.24788874201476574,0.964037299156189
46969,NATICUSdroid,pure_hydra_8l,7491,86,16384,3745,2,4,ok,,0.6907920995727181,0.10461742524057627,0.7203754186630249
46969,NATICUSdroid,hybrid_12l,7491,86,16384,3745,2,5,ok,,0.8799846014007926,0.2481863247230649,0.964037299156189
46969,NATICUSdroid,pure_hydra_8l,7491,86,16384,3745,2,5,ok,,0.6888928702101111,0.10435894504189491,0.7203754186630249
46969,NATICUSdroid,pure_hydra_8l,7491,86,16384,3745,2,6,ok,,0.689959260635078,0.10453228279948235,0.7203754186630249
46969,NATICUSdroid,hybrid_12l,7491,86,16384,3745,2,6,ok,,0.8380027618259192,0.24796367343515158,0.964037299156189
46969,NATICUSdroid,pure_hydra_8l,7491,86,16384,3745,2,7,ok,,0.6939841490238905,0.10458948090672493,0.7203754186630249
46969,NATICUSdroid,hybrid_12l,7491,86,16384,3745,2,7,ok,,0.8361039720475674,0.2480247477069497,0.964037299156189
46969,NATICUSdroid,hybrid_12l,7491,86,16384,3745,2,8,ok,,0.9002621416002512,0.24776649847626686,0.964037299156189
46969,NATICUSdroid,pure_hydra_8l,7491,86,16384,3745,2,8,ok,,0.6938113206997514,0.10458995215594769,0.7203754186630249
46969,NATICUSdroid,pure_hydra_8l,7491,86,16384,3745,2,9,ok,,0.6914842892438173,0.10437126737087965,0.7203754186630249
46969,NATICUSdroid,hybrid_12l,7491,86,16384,3745,2,9,ok,,0.8346743611618876,0.24779470171779394,0.964037299156189
46969,NATICUSdroid,pure_hydra_8l,7491,86,16384,3745,2,10,ok,,0.692519229836762,0.10449324920773506,0.7203754186630249
46969,NATICUSdroid,hybrid_12l,7491,86,16384,3745,2,10,ok,,0.8351244227960706,0.2479517888277769,0.964037299156189
46969,NATICUSdroid,pure_hydra_8l,7491,86,16384,3745,2,11,ok,,0.6909575900062919,0.10433713253587484,0.7203754186630249
46969,NATICUSdroid,hybrid_12l,7491,86,16384,3745,2,11,ok,,0.8362770173698664,0.2477694833651185,0.964037299156189
46969,NATICUSdroid,pure_hydra_8l,7491,86,16384,3745,2,12,ok,,0.6932786284014583,0.10449453070759773,0.7203754186630249
46969,NATICUSdroid,hybrid_12l,7491,86,16384,3745,2,12,ok,,0.8356594257056713,0.24841440469026566,0.964037299156189
46969,NATICUSdroid,pure_hydra_8l,7491,86,16384,3745,2,13,ok,,0.6955482605844736,0.10432680416852236,0.7203754186630249
46969,NATICUSdroid,hybrid_12l,7491,86,16384,3745,2,13,ok,,0.8365654023364186,0.24777452368289232,0.964037299156189
46969,NATICUSdroid,pure_hydra_8l,7491,86,16384,3745,2,14,ok,,0.7955464972183108,0.10443862527608871,0.7203754186630249
46969,NATICUSdroid,hybrid_12l,7491,86,16384,3745,2,14,ok,,0.8613321222364902,0.24802294373512268,0.964037299156189
46969,NATICUSdroid,hybrid_12l,7491,86,16384,3745,2,15,ok,,1.23112216219306,0.2481831070035696,0.964037299156189
46969,NATICUSdroid,pure_hydra_8l,7491,86,16384,3745,2,15,ok,,0.6895423149690032,0.10438582487404346,0.7203754186630249
46969,NATICUSdroid,hybrid_12l,7491,86,16384,3745,3,1,ok,,0.8430022690445185,0.2477531610056758,0.965489387512207
46969,NATICUSdroid,pure_hydra_8l,7491,86,16384,3745,3,1,ok,,0.6994416769593954,0.10436132829636335,0.7128141522407532
46969,NATICUSdroid,pure_hydra_8l,7491,86,16384,3745,3,2,ok,,0.6968807922676206,0.10446997452527285,0.7128141522407532
46969,NATICUSdroid,hybrid_12l,7491,86,16384,3745,3,2,ok,,0.8412720803171396,0.24793970584869385,0.965489387512207
46969,NATICUSdroid,hybrid_12l,7491,86,16384,3745,3,3,ok,,0.8382547395303845,0.2479698322713375,0.965489387512207
46969,NATICUSdroid,pure_hydra_8l,7491,86,16384,3745,3,3,ok,,0.7098216284066439,0.1044226037338376,0.7128141522407532
46969,NATICUSdroid,hybrid_12l,7491,86,16384,3745,3,4,ok,,0.8427307140082121,0.24783283099532127,0.965489387512207
46969,NATICUSdroid,pure_hydra_8l,7491,86,16384,3745,3,4,ok,,0.6995503902435303,0.10434870421886444,0.7128141522407532
46969,NATICUSdroid,pure_hydra_8l,7491,86,16384,3745,3,5,ok,,0.6995157841593027,0.1043015643954277,0.7128141522407532
46969,NATICUSdroid,hybrid_12l,7491,86,16384,3745,3,5,ok,,0.9633345035836101,0.2481086142361164,0.965489387512207
46969,NATICUSdroid,pure_hydra_8l,7491,86,16384,3745,3,6,ok,,0.7636267635971308,0.10439365915954113,0.7128141522407532
46969,NATICUSdroid,hybrid_12l,7491,86,16384,3745,3,6,ok,,0.852079669944942,0.24810863379389048,0.965489387512207
46969,NATICUSdroid,pure_hydra_8l,7491,86,16384,3745,3,7,ok,,0.6960705630481243,0.10468451119959354,0.7128141522407532
46969,NATICUSdroid,hybrid_12l,7491,86,16384,3745,3,7,ok,,1.2232214594259858,0.24781254306435585,0.965489387512207
46969,NATICUSdroid,pure_hydra_8l,7491,86,16384,3745,3,8,ok,,1.1105038337409496,0.10443550813943148,0.7128141522407532
46969,NATICUSdroid,hybrid_12l,7491,86,16384,3745,3,8,ok,,1.250896031036973,0.248400186188519,0.965489387512207
46969,NATICUSdroid,hybrid_12l,7491,86,16384,3745,3,9,ok,,1.2563123451545835,0.2478702710941434,0.965489387512207
46969,NATICUSdroid,pure_hydra_8l,7491,86,16384,3745,3,9,ok,,1.0856044506654143,0.10445196833461523,0.7128141522407532
46969,NATICUSdroid,pure_hydra_8l,7491,86,16384,3745,3,10,ok,,0.6973181646317244,0.10435124766081572,0.7128141522407532
46969,NATICUSdroid,hybrid_12l,7491,86,16384,3745,3,10,ok,,0.8445324935019016,0.24776602443307638,0.965489387512207
46969,NATICUSdroid,hybrid_12l,7491,86,16384,3745,3,11,ok,,1.0080555090680718,0.24795958120375872,0.965489387512207
46969,NATICUSdroid,pure_hydra_8l,7491,86,16384,3745,3,11,ok,,0.6966339480131865,0.10436626709997654,0.7128141522407532
46969,NATICUSdroid,pure_hydra_8l,7491,86,16384,3745,3,12,ok,,0.698079327121377,0.1044628694653511,0.7128141522407532
46969,NATICUSdroid,hybrid_12l,7491,86,16384,3745,3,12,ok,,0.8413083693012595,0.2480380591005087,0.965489387512207
46969,NATICUSdroid,pure_hydra_8l,7491,86,16384,3745,3,13,ok,,0.6994275106117129,0.10433216206729412,0.7128141522407532
46969,NATICUSdroid,hybrid_12l,7491,86,16384,3745,3,13,ok,,0.8426401726901531,0.24808060936629772,0.965489387512207
46969,NATICUSdroid,pure_hydra_8l,7491,86,16384,3745,3,14,ok,,0.6981072183698416,0.10440444760024548,0.7128141522407532
46969,NATICUSdroid,hybrid_12l,7491,86,16384,3745,3,14,ok,,0.8422896880656481,0.2479168390855193,0.965489387512207
46969,NATICUSdroid,pure_hydra_8l,7491,86,16384,3745,3,15,ok,,0.6996565433219075,0.10444211959838867,0.7128141522407532
46969,NATICUSdroid,hybrid_12l,7491,86,16384,3745,3,15,ok,,0.8467485681176186,0.24787891656160355,0.965489387512207
46969,NATICUSdroid,hybrid_12l,7491,86,16384,3745,4,1,ok,,0.8411031989380717,0.24799281265586615,0.9615210890769958
46969,NATICUSdroid,pure_hydra_8l,7491,86,16384,3745,4,1,ok,,0.6958217453211546,0.10455826856195927,0.7059833407402039
46969,NATICUSdroid,hybrid_12l,7491,86,16384,3745,4,2,ok,,0.8432076368480921,0.24789210129529238,0.9615210890769958
46969,NATICUSdroid,pure_hydra_8l,7491,86,16384,3745,4,2,ok,,1.083597607910633,0.10440740454941988,0.7059833407402039
46969,NATICUSdroid,hybrid_12l,7491,86,16384,3745,4,3,ok,,0.8893616320565343,0.24773286934942007,0.9615210890769958
46969,NATICUSdroid,pure_hydra_8l,7491,86,16384,3745,4,3,ok,,0.6951026003807783,0.1045035170391202,0.7059833407402039
46969,NATICUSdroid,pure_hydra_8l,7491,86,16384,3745,4,4,ok,,0.694442699663341,0.10435955319553614,0.7059833407402039
46969,NATICUSdroid,hybrid_12l,7491,86,16384,3745,4,4,ok,,0.8383607277646661,0.2478800779208541,0.9615210890769958
46969,NATICUSdroid,hybrid_12l,7491,86,16384,3745,4,5,ok,,1.0037256050854921,0.24794250633567572,0.9615210890769958
46969,NATICUSdroid,pure_hydra_8l,7491,86,16384,3745,4,5,ok,,0.6987808616831899,0.10435407236218452,0.7059833407402039
46969,NATICUSdroid,hybrid_12l,7491,86,16384,3745,4,6,ok,,1.225330331362784,0.24810137692838907,0.9615210890769958
46969,NATICUSdroid,pure_hydra_8l,7491,86,16384,3745,4,6,ok,,0.9661404862999916,0.10438045207411051,0.7059833407402039
46969,NATICUSdroid,pure_hydra_8l,7491,86,16384,3745,4,7,ok,,0.9131602039560676,0.12418775353580713,0.7059833407402039
46969,NATICUSdroid,hybrid_12l,7491,86,16384,3745,4,7,ok,,0.8452206272631884,0.24787360429763794,0.9615210890769958
46969,NATICUSdroid,hybrid_12l,7491,86,16384,3745,4,8,ok,,1.0115534272044897,0.24784358963370323,0.9615210890769958
46969,NATICUSdroid,pure_hydra_8l,7491,86,16384,3745,4,8,ok,,0.7273970749229193,0.10430921707302332,0.7059833407402039
46969,NATICUSdroid,pure_hydra_8l,7491,86,16384,3745,4,9,ok,,0.6965133007615805,0.10454343073070049,0.7059833407402039
46969,NATICUSdroid,hybrid_12l,7491,86,16384,3745,4,9,ok,,0.8397488845512271,0.24826755095273256,0.9615210890769958
46969,NATICUSdroid,pure_hydra_8l,7491,86,16384,3745,4,10,ok,,0.7811439801007509,0.10460035782307386,0.7059833407402039
46969,NATICUSdroid,hybrid_12l,7491,86,16384,3745,4,10,ok,,0.851140383630991,0.2480904357507825,0.9615210890769958
46969,NATICUSdroid,pure_hydra_8l,7491,86,16384,3745,4,11,ok,,1.0863923458382487,0.10439164377748966,0.7059833407402039
46969,NATICUSdroid,hybrid_12l,7491,86,16384,3745,4,11,ok,,0.8639267375692725,0.24778539687395096,0.9615210890769958
46969,NATICUSdroid,pure_hydra_8l,7491,86,16384,3745,4,12,ok,,0.6960998959839344,0.10435760952532291,0.7059833407402039
46969,NATICUSdroid,hybrid_12l,7491,86,16384,3745,4,12,ok,,0.8412705967202783,0.24778630770742893,0.9615210890769958
46969,NATICUSdroid,pure_hydra_8l,7491,86,16384,3745,4,13,ok,,0.7026900248602033,0.10437855776399374,0.7059833407402039
46969,NATICUSdroid,hybrid_12l,7491,86,16384,3745,4,13,ok,,0.841467178426683,0.24798629712313414,0.9615210890769958
46969,NATICUSdroid,hybrid_12l,7491,86,16384,3745,4,14,ok,,0.9696682682260871,0.24774503894150257,0.9615210890769958
46969,NATICUSdroid,pure_hydra_8l,7491,86,16384,3745,4,14,ok,,0.6978778336197138,0.10444034449756145,0.7059833407402039
46969,NATICUSdroid,pure_hydra_8l,7491,86,16384,3745,4,15,ok,,0.6955452924594283,0.10435520391911268,0.7059833407402039
46969,NATICUSdroid,hybrid_12l,7491,86,16384,3745,4,15,ok,,0.840713769197464,0.24773673433810472,0.9615210890769958
46969,NATICUSdroid,hybrid_12l,7491,86,16384,3745,5,1,ok,,0.8466186299920082,0.2482061441987753,0.9645358324050903
46969,NATICUSdroid,pure_hydra_8l,7491,86,16384,3745,5,1,ok,,0.7014451641589403,0.10442318208515644,0.7130432724952698
46969,NATICUSdroid,hybrid_12l,7491,86,16384,3745,5,2,ok,,0.8448785217478871,0.24802132230252028,0.9645358324050903
46969,NATICUSdroid,pure_hydra_8l,7491,86,16384,3745,5,2,ok,,0.7025313219055533,0.10437614284455776,0.7130432724952698
46969,NATICUSdroid,pure_hydra_8l,7491,86,16384,3745,5,3,ok,,0.7005726983770728,0.10434544458985329,0.7130432724952698
46969,NATICUSdroid,hybrid_12l,7491,86,16384,3745,5,3,ok,,0.8465785328298807,0.2479883497580886,0.9645358324050903
46969,NATICUSdroid,hybrid_12l,7491,86,16384,3745,5,4,ok,,0.8457972211763263,0.24798461329191923,0.9645358324050903
46969,NATICUSdroid,pure_hydra_8l,7491,86,16384,3745,5,4,ok,,0.7026764266192913,0.10431074071675539,0.7130432724952698
46969,NATICUSdroid,pure_hydra_8l,7491,86,16384,3745,5,5,ok,,0.702124509960413,0.10436923988163471,0.7130432724952698
46969,NATICUSdroid,hybrid_12l,7491,86,16384,3745,5,5,ok,,0.8474921034649014,0.2478245384991169,0.9645358324050903
46969,NATICUSdroid,pure_hydra_8l,7491,86,16384,3745,5,6,ok,,0.6996765295043588,0.10436166636645794,0.7130432724952698
46969,NATICUSdroid,hybrid_12l,7491,86,16384,3745,5,6,ok,,0.8461358221247792,0.24786275159567595,0.9645358324050903
46969,NATICUSdroid,pure_hydra_8l,7491,86,16384,3745,5,7,ok,,0.7013561427593231,0.10440053883939981,0.7130432724952698
46969,NATICUSdroid,hybrid_12l,7491,86,16384,3745,5,7,ok,,0.8727819826453924,0.24786238092929125,0.9645358324050903
46969,NATICUSdroid,hybrid_12l,7491,86,16384,3745,5,8,ok,,0.8445340348407626,0.2478746436536312,0.9645358324050903
46969,NATICUSdroid,pure_hydra_8l,7491,86,16384,3745,5,8,ok,,0.7021520799025893,0.10432643815875053,0.7130432724952698
46969,NATICUSdroid,hybrid_12l,7491,86,16384,3745,5,9,ok,,0.9059643736109138,0.24782699346542358,0.9645358324050903
46969,NATICUSdroid,pure_hydra_8l,7491,86,16384,3745,5,9,ok,,0.7034345101565123,0.10446628369390965,0.7130432724952698
46969,NATICUSdroid,hybrid_12l,7491,86,16384,3745,5,10,ok,,0.8829238126054406,0.24791028071194887,0.9645358324050903
46969,NATICUSdroid,pure_hydra_8l,7491,86,16384,3745,5,10,ok,,0.7022652430459857,0.10453098639845848,0.7130432724952698
46969,NATICUSdroid,hybrid_12l,7491,86,16384,3745,5,11,ok,,0.8631369294598699,0.24780832696706057,0.9645358324050903
46969,NATICUSdroid,pure_hydra_8l,7491,86,16384,3745,5,11,ok,,0.7051607612520456,0.10435520298779011,0.7130432724952698
46969,NATICUSdroid,hybrid_12l,7491,86,16384,3745,5,12,ok,,0.8469527363777161,0.24797255918383598,0.9645358324050903
46969,NATICUSdroid,pure_hydra_8l,7491,86,16384,3745,5,12,ok,,0.7093829121440649,0.10436081327497959,0.7130432724952698
46969,NATICUSdroid,hybrid_12l,7491,86,16384,3745,5,13,ok,,0.8452147524803877,0.24788104463368654,0.9645358324050903
46969,NATICUSdroid,pure_hydra_8l,7491,86,16384,3745,5,13,ok,,0.7027445705607533,0.10449453722685575,0.7130432724952698
46969,NATICUSdroid,pure_hydra_8l,7491,86,16384,3745,5,14,ok,,0.7017207685858011,0.10433826129883528,0.7130432724952698
46969,NATICUSdroid,hybrid_12l,7491,86,16384,3745,5,14,ok,,0.8447780525311828,0.24819219391793013,0.9645358324050903
46969,NATICUSdroid,pure_hydra_8l,7491,86,16384,3745,5,15,ok,,0.7101948196068406,0.1045606005936861,0.7130432724952698
46969,NATICUSdroid,hybrid_12l,7491,86,16384,3745,5,15,ok,,0.8464538482949138,0.24778675474226475,0.9645358324050903
46916,coil2000_insurance_policies,hybrid_12l,9822,85,16384,4911,1,1,ok,,1.1978404456749558,0.35597264766693115,0.5378801822662354
46916,coil2000_insurance_policies,pure_hydra_8l,9822,85,16384,4911,1,1,ok,,0.977711146697402,0.13652709685266018,0.48100849986076355
46916,coil2000_insurance_policies,hybrid_12l,9822,85,16384,4911,1,2,ok,,1.1953176707029343,0.35594114754348993,0.5378801822662354
46916,coil2000_insurance_policies,pure_hydra_8l,9822,85,16384,4911,1,2,ok,,0.9735698066651821,0.1363880829885602,0.48100849986076355
46916,coil2000_insurance_policies,pure_hydra_8l,9822,85,16384,4911,1,3,ok,,0.9711392689496279,0.13653511181473732,0.48100849986076355
46916,coil2000_insurance_policies,hybrid_12l,9822,85,16384,4911,1,3,ok,,1.2013844577595592,0.35598486103117466,0.5378801822662354
46916,coil2000_insurance_policies,pure_hydra_8l,9822,85,16384,4911,1,4,ok,,0.9716630708426237,0.13647628109902143,0.48100849986076355
46916,coil2000_insurance_policies,hybrid_12l,9822,85,16384,4911,1,4,ok,,1.1932669216766953,0.3557081753388047,0.5378801822662354
46916,coil2000_insurance_policies,hybrid_12l,9822,85,16384,4911,1,5,ok,,1.1953291902318597,0.3561370884999633,0.5378801822662354
46916,coil2000_insurance_policies,pure_hydra_8l,9822,85,16384,4911,1,5,ok,,0.9730717604979873,0.13644500076770782,0.48100849986076355
46916,coil2000_insurance_policies,hybrid_12l,9822,85,16384,4911,1,6,ok,,1.1927653588354588,0.3557490026578307,0.5378801822662354
46916,coil2000_insurance_policies,pure_hydra_8l,9822,85,16384,4911,1,6,ok,,0.99329480715096,0.13629692047834396,0.48100849986076355
46916,coil2000_insurance_policies,hybrid_12l,9822,85,16384,4911,1,7,ok,,1.19770282600075,0.35645848605781794,0.5378801822662354
46916,coil2000_insurance_policies,pure_hydra_8l,9822,85,16384,4911,1,7,ok,,1.0014712633565068,0.1363176302984357,0.48100849986076355
46916,coil2000_insurance_policies,pure_hydra_8l,9822,85,16384,4911,1,8,ok,,0.9756310181692243,0.13667249120771885,0.48100849986076355
46916,coil2000_insurance_policies,hybrid_12l,9822,85,16384,4911,1,8,ok,,1.1974286437034607,0.3558335518464446,0.5378801822662354
46916,coil2000_insurance_policies,pure_hydra_8l,9822,85,16384,4911,1,9,ok,,0.9810178056359291,0.13662530202418566,0.48100849986076355
46916,coil2000_insurance_policies,hybrid_12l,9822,85,16384,4911,1,9,ok,,1.1986346486955881,0.35606767516583204,0.5378801822662354
46916,coil2000_insurance_policies,hybrid_12l,9822,85,16384,4911,1,10,ok,,1.2316213781014085,0.3559427596628666,0.5378801822662354
46916,coil2000_insurance_policies,pure_hydra_8l,9822,85,16384,4911,1,10,ok,,1.0862758476287127,0.13632231764495373,0.48100849986076355
46916,coil2000_insurance_policies,hybrid_12l,9822,85,16384,4911,1,11,ok,,1.2492066537961364,0.35571848321706057,0.5378801822662354
46916,coil2000_insurance_policies,pure_hydra_8l,9822,85,16384,4911,1,11,ok,,0.9789364989846945,0.1368095399811864,0.48100849986076355
46916,coil2000_insurance_policies,pure_hydra_8l,9822,85,16384,4911,1,12,ok,,0.9770629480481148,0.13627885561436415,0.48100849986076355
46916,coil2000_insurance_policies,hybrid_12l,9822,85,16384,4911,1,12,ok,,1.1938051218166947,0.35598961636424065,0.5378801822662354
46916,coil2000_insurance_policies,hybrid_12l,9822,85,16384,4911,1,13,ok,,1.1966032851487398,0.3561205239966512,0.5378801822662354
46916,coil2000_insurance_policies,pure_hydra_8l,9822,85,16384,4911,1,13,ok,,1.1302440762519836,0.1364752883091569,0.48100849986076355
46916,coil2000_insurance_policies,hybrid_12l,9822,85,16384,4911,1,14,ok,,1.1956866160035133,0.35564218647778034,0.5378801822662354
46916,coil2000_insurance_policies,pure_hydra_8l,9822,85,16384,4911,1,14,ok,,0.9841488944366574,0.13628876395523548,0.48100849986076355
46916,coil2000_insurance_policies,hybrid_12l,9822,85,16384,4911,1,15,ok,,1.1947659803554416,0.35637612733989954,0.5378801822662354
46916,coil2000_insurance_policies,pure_hydra_8l,9822,85,16384,4911,1,15,ok,,0.9742402750998735,0.13665114995092154,0.48100849986076355
46916,coil2000_insurance_policies,pure_hydra_8l,9822,85,16384,4911,2,1,ok,,0.9767084205523133,0.1364321457222104,0.5115214586257935
46916,coil2000_insurance_policies,hybrid_12l,9822,85,16384,4911,2,1,ok,,1.2001970019191504,0.3563885008916259,0.5722648501396179
46916,coil2000_insurance_policies,hybrid_12l,9822,85,16384,4911,2,2,ok,,1.2054660459980369,0.356202969327569,0.5722648501396179
46916,coil2000_insurance_policies,pure_hydra_8l,9822,85,16384,4911,2,2,ok,,1.3748689396306872,0.13672931771725416,0.5115214586257935
46916,coil2000_insurance_policies,hybrid_12l,9822,85,16384,4911,2,3,ok,,1.226676033809781,0.35560964420437813,0.5722648501396179
46916,coil2000_insurance_policies,pure_hydra_8l,9822,85,16384,4911,2,3,ok,,0.9816981554031372,0.1363470545038581,0.5115214586257935
46916,coil2000_insurance_policies,pure_hydra_8l,9822,85,16384,4911,2,4,ok,,0.979393407702446,0.1362776318565011,0.5115214586257935
46916,coil2000_insurance_policies,hybrid_12l,9822,85,16384,4911,2,4,ok,,1.198930336162448,0.35585079062730074,0.5722648501396179
46916,coil2000_insurance_policies,hybrid_12l,9822,85,16384,4911,2,5,ok,,1.2000243589282036,0.3559602778404951,0.5722648501396179
46916,coil2000_insurance_policies,pure_hydra_8l,9822,85,16384,4911,2,5,ok,,0.9808863149955869,0.13633083272725344,0.5115214586257935
46916,coil2000_insurance_policies,hybrid_12l,9822,85,16384,4911,2,6,ok,,1.2017465326935053,0.3561882395297289,0.5722648501396179
46916,coil2000_insurance_policies,pure_hydra_8l,9822,85,16384,4911,2,6,ok,,0.9794757505878806,0.13658244907855988,0.5115214586257935
46916,coil2000_insurance_policies,pure_hydra_8l,9822,85,16384,4911,2,7,ok,,0.9807327231392264,0.13634334597736597,0.5115214586257935
46916,coil2000_insurance_policies,hybrid_12l,9822,85,16384,4911,2,7,ok,,1.1997509878128767,0.35593750420957804,0.5722648501396179
46916,coil2000_insurance_policies,pure_hydra_8l,9822,85,16384,4911,2,8,ok,,0.9786396054551005,0.13657798059284687,0.5115214586257935
46916,coil2000_insurance_policies,hybrid_12l,9822,85,16384,4911,2,8,ok,,1.195906450971961,0.3558716978877783,0.5722648501396179
46916,coil2000_insurance_policies,pure_hydra_8l,9822,85,16384,4911,2,9,ok,,0.9802405880764127,0.136483752168715,0.5115214586257935
46916,coil2000_insurance_policies,hybrid_12l,9822,85,16384,4911,2,9,ok,,1.2279038038104773,0.35584705229848623,0.5722648501396179
46916,coil2000_insurance_policies,hybrid_12l,9822,85,16384,4911,2,10,ok,,1.303768496029079,0.35586238000541925,0.5722648501396179
46916,coil2000_insurance_policies,pure_hydra_8l,9822,85,16384,4911,2,10,ok,,1.0014247260987759,0.13682141061872244,0.5115214586257935
46916,coil2000_insurance_policies,pure_hydra_8l,9822,85,16384,4911,2,11,ok,,0.9771846840158105,0.1365787610411644,0.5115214586257935
46916,coil2000_insurance_policies,hybrid_12l,9822,85,16384,4911,2,11,ok,,1.1961143519729376,0.35586539562791586,0.5722648501396179
46916,coil2000_insurance_policies,pure_hydra_8l,9822,85,16384,4911,2,12,ok,,1.0592424245551229,0.13662407733500004,0.5115214586257935
46916,coil2000_insurance_policies,hybrid_12l,9822,85,16384,4911,2,12,ok,,1.1976545182988048,0.3562562959268689,0.5722648501396179
46916,coil2000_insurance_policies,pure_hydra_8l,9822,85,16384,4911,2,13,ok,,0.998611862771213,0.13640308938920498,0.5115214586257935
46916,coil2000_insurance_policies,hybrid_12l,9822,85,16384,4911,2,13,ok,,1.199257867410779,0.3561381809413433,0.5722648501396179
46916,coil2000_insurance_policies,pure_hydra_8l,9822,85,16384,4911,2,14,ok,,0.9797702319920063,0.13649947103112936,0.5115214586257935
46916,coil2000_insurance_policies,hybrid_12l,9822,85,16384,4911,2,14,ok,,1.201943265274167,0.35620310343801975,0.5722648501396179
46916,coil2000_insurance_policies,pure_hydra_8l,9822,85,16384,4911,2,15,ok,,0.9794166311621666,0.13649548403918743,0.5115214586257935
46916,coil2000_insurance_policies,hybrid_12l,9822,85,16384,4911,2,15,ok,,1.1993395183235407,0.35608630161732435,0.5722648501396179
46916,coil2000_insurance_policies,hybrid_12l,9822,85,16384,4911,3,1,ok,,1.2542026583105326,0.35600030049681664,0.5764940977096558
46916,coil2000_insurance_policies,pure_hydra_8l,9822,85,16384,4911,3,1,ok,,0.9607027312740684,0.13652179297059774,0.4883058965206146
46916,coil2000_insurance_policies,pure_hydra_8l,9822,85,16384,4911,3,2,ok,,0.9609342599287629,0.13626742083579302,0.4883058965206146
46916,coil2000_insurance_policies,hybrid_12l,9822,85,16384,4911,3,2,ok,,1.5532824667170644,0.3561678361147642,0.5764940977096558
46916,coil2000_insurance_policies,hybrid_12l,9822,85,16384,4911,3,3,ok,,1.186225662007928,0.3561015799641609,0.5764940977096558
46916,coil2000_insurance_policies,pure_hydra_8l,9822,85,16384,4911,3,3,ok,,0.9666462950408459,0.13675471395254135,0.4883058965206146
46916,coil2000_insurance_policies,pure_hydra_8l,9822,85,16384,4911,3,4,ok,,1.3736854139715433,0.1569678233936429,0.4883058965206146
46916,coil2000_insurance_policies,hybrid_12l,9822,85,16384,4911,3,4,ok,,1.2780267456546426,0.3561152471229434,0.5764940977096558
46916,coil2000_insurance_policies,pure_hydra_8l,9822,85,16384,4911,3,5,ok,,0.9624472949653864,0.13625842332839966,0.4883058965206146
46916,coil2000_insurance_policies,hybrid_12l,9822,85,16384,4911,3,5,ok,,1.5931908078491688,0.35582035686820745,0.5764940977096558
46916,coil2000_insurance_policies,hybrid_12l,9822,85,16384,4911,3,6,ok,,1.6310237692669034,0.355795880779624,0.5764940977096558
46916,coil2000_insurance_policies,pure_hydra_8l,9822,85,16384,4911,3,6,ok,,1.1786534069105983,0.1364446161314845,0.4883058965206146
46916,coil2000_insurance_policies,pure_hydra_8l,9822,85,16384,4911,3,7,ok,,0.962782246991992,0.13641548994928598,0.4883058965206146
46916,coil2000_insurance_policies,hybrid_12l,9822,85,16384,4911,3,7,ok,,1.1811962546780705,0.3561066687107086,0.5764940977096558
46916,coil2000_insurance_policies,pure_hydra_8l,9822,85,16384,4911,3,8,ok,,0.9842990059405565,0.13661397714167833,0.4883058965206146
46916,coil2000_insurance_policies,hybrid_12l,9822,85,16384,4911,3,8,ok,,1.187880621291697,0.3559163175523281,0.5764940977096558
46916,coil2000_insurance_policies,pure_hydra_8l,9822,85,16384,4911,3,9,ok,,0.9631841368973255,0.1364031070843339,0.4883058965206146
46916,coil2000_insurance_policies,hybrid_12l,9822,85,16384,4911,3,9,ok,,1.1873023957014084,0.35578718315809965,0.5764940977096558
46916,coil2000_insurance_policies,hybrid_12l,9822,85,16384,4911,3,10,ok,,1.1961059691384435,0.3557246532291174,0.5764940977096558
46916,coil2000_insurance_policies,pure_hydra_8l,9822,85,16384,4911,3,10,ok,,0.964455995708704,0.13633867539465427,0.4883058965206146
46916,coil2000_insurance_policies,pure_hydra_8l,9822,85,16384,4911,3,11,ok,,0.9710800293833017,0.13655379228293896,0.4883058965206146
46916,coil2000_insurance_policies,hybrid_12l,9822,85,16384,4911,3,11,ok,,1.1857126196846366,0.3556678360328078,0.5764940977096558
46916,coil2000_insurance_policies,pure_hydra_8l,9822,85,16384,4911,3,12,ok,,0.9653377858921885,0.13643736112862825,0.4883058965206146
46916,coil2000_insurance_policies,hybrid_12l,9822,85,16384,4911,3,12,ok,,1.1839151419699192,0.35563634522259235,0.5764940977096558
46916,coil2000_insurance_policies,hybrid_12l,9822,85,16384,4911,3,13,ok,,1.1837675720453262,0.35645031835883856,0.5764940977096558
46916,coil2000_insurance_policies,pure_hydra_8l,9822,85,16384,4911,3,13,ok,,0.9633994605392218,0.13665433321148157,0.4883058965206146
46916,coil2000_insurance_policies,hybrid_12l,9822,85,16384,4911,3,14,ok,,1.2109701065346599,0.35573639441281557,0.5764940977096558
46916,coil2000_insurance_policies,pure_hydra_8l,9822,85,16384,4911,3,14,ok,,1.048352406360209,0.1362893208861351,0.4883058965206146
46916,coil2000_insurance_policies,pure_hydra_8l,9822,85,16384,4911,3,15,ok,,0.9621307449415326,0.13620205502957106,0.4883058965206146
46916,coil2000_insurance_policies,hybrid_12l,9822,85,16384,4911,3,15,ok,,1.5218150792643428,0.3557922299951315,0.5764940977096558
46916,coil2000_insurance_policies,hybrid_12l,9822,85,16384,4911,4,1,ok,,1.1985986158251762,0.3560031997039914,0.5804041624069214
46916,coil2000_insurance_policies,pure_hydra_8l,9822,85,16384,4911,4,1,ok,,0.9740592809394002,0.13622322492301464,0.5005703568458557
46916,coil2000_insurance_policies,pure_hydra_8l,9822,85,16384,4911,4,2,ok,,0.974921565502882,0.13658240530639887,0.5005703568458557
46916,coil2000_insurance_policies,hybrid_12l,9822,85,16384,4911,4,2,ok,,1.1970399403944612,0.3560690535232425,0.5804041624069214
46916,coil2000_insurance_policies,pure_hydra_8l,9822,85,16384,4911,4,3,ok,,0.9742211662232876,0.13643267285078764,0.5005703568458557
46916,coil2000_insurance_policies,hybrid_12l,9822,85,16384,4911,4,3,ok,,1.197285234928131,0.3562933290377259,0.5804041624069214
46916,coil2000_insurance_policies,pure_hydra_8l,9822,85,16384,4911,4,4,ok,,0.9753949297592044,0.136664560995996,0.5005703568458557
46916,coil2000_insurance_policies,hybrid_12l,9822,85,16384,4911,4,4,ok,,1.1957514667883515,0.3559853658080101,0.5804041624069214
46916,coil2000_insurance_policies,hybrid_12l,9822,85,16384,4911,4,5,ok,,1.1962452223524451,0.3558680219575763,0.5804041624069214
46916,coil2000_insurance_policies,pure_hydra_8l,9822,85,16384,4911,4,5,ok,,0.9789942307397723,0.13651548884809017,0.5005703568458557
46916,coil2000_insurance_policies,pure_hydra_8l,9822,85,16384,4911,4,6,ok,,0.9772454556077719,0.13674720749258995,0.5005703568458557
46916,coil2000_insurance_policies,hybrid_12l,9822,85,16384,4911,4,6,ok,,1.2002145340666175,0.35589167568832636,0.5804041624069214
46916,coil2000_insurance_policies,hybrid_12l,9822,85,16384,4911,4,7,ok,,1.1940604988485575,0.35601484030485153,0.5804041624069214
46916,coil2000_insurance_policies,pure_hydra_8l,9822,85,16384,4911,4,7,ok,,0.9768831273540854,0.1363832661882043,0.5005703568458557
46916,coil2000_insurance_policies,hybrid_12l,9822,85,16384,4911,4,8,ok,,1.1927293464541435,0.35604565776884556,0.5804041624069214
46916,coil2000_insurance_policies,pure_hydra_8l,9822,85,16384,4911,4,8,ok,,0.9799236496910453,0.1365583799779415,0.5005703568458557
46916,coil2000_insurance_policies,pure_hydra_8l,9822,85,16384,4911,4,9,ok,,0.9741576621308923,0.1363881966099143,0.5005703568458557
46916,coil2000_insurance_policies,hybrid_12l,9822,85,16384,4911,4,9,ok,,1.2338003627955914,0.35621587093919516,0.5804041624069214
46916,coil2000_insurance_policies,pure_hydra_8l,9822,85,16384,4911,4,10,ok,,0.9728525076061487,0.1366089154034853,0.5005703568458557
46916,coil2000_insurance_policies,hybrid_12l,9822,85,16384,4911,4,10,ok,,1.1967009603977203,0.35607901122421026,0.5804041624069214
46916,coil2000_insurance_policies,hybrid_12l,9822,85,16384,4911,4,11,ok,,1.1957416106015444,0.3558514006435871,0.5804041624069214
46916,coil2000_insurance_policies,pure_hydra_8l,9822,85,16384,4911,4,11,ok,,1.033415276557207,0.13656169548630714,0.5005703568458557
46916,coil2000_insurance_policies,pure_hydra_8l,9822,85,16384,4911,4,12,ok,,0.973408198915422,0.13625757955014706,0.5005703568458557
46916,coil2000_insurance_policies,hybrid_12l,9822,85,16384,4911,4,12,ok,,1.194376832805574,0.3560418589040637,0.5804041624069214
46916,coil2000_insurance_policies,pure_hydra_8l,9822,85,16384,4911,4,13,ok,,0.973387879319489,0.13666275702416897,0.5005703568458557
46916,coil2000_insurance_policies,hybrid_12l,9822,85,16384,4911,4,13,ok,,1.1943139731884003,0.3556815357878804,0.5804041624069214
46916,coil2000_insurance_policies,pure_hydra_8l,9822,85,16384,4911,4,14,ok,,1.0136848101392388,0.13644963316619396,0.5005703568458557
46916,coil2000_insurance_policies,hybrid_12l,9822,85,16384,4911,4,14,ok,,1.1934974752366543,0.3559146272018552,0.5804041624069214
46916,coil2000_insurance_policies,hybrid_12l,9822,85,16384,4911,4,15,ok,,1.4204929508268833,0.35599484853446484,0.5804041624069214
46916,coil2000_insurance_policies,pure_hydra_8l,9822,85,16384,4911,4,15,ok,,1.0335984285920858,0.13643735833466053,0.5005703568458557
46916,coil2000_insurance_policies,pure_hydra_8l,9822,85,16384,4911,5,1,ok,,0.9598892442882061,0.13628529105335474,0.509987473487854
46916,coil2000_insurance_policies,hybrid_12l,9822,85,16384,4911,5,1,ok,,1.1893446119502187,0.3559758234769106,0.5928338766098022
46916,coil2000_insurance_policies,hybrid_12l,9822,85,16384,4911,5,2,ok,,1.1894270284101367,0.3557713245972991,0.5928338766098022
46916,coil2000_insurance_policies,pure_hydra_8l,9822,85,16384,4911,5,2,ok,,0.9645259892567992,0.13635050412267447,0.509987473487854
46916,coil2000_insurance_policies,hybrid_12l,9822,85,16384,4911,5,3,ok,,1.2008428936824203,0.35585296992212534,0.5928338766098022
46916,coil2000_insurance_policies,pure_hydra_8l,9822,85,16384,4911,5,3,ok,,0.9707143986597657,0.13675466924905777,0.509987473487854
46916,coil2000_insurance_policies,pure_hydra_8l,9822,85,16384,4911,5,4,ok,,0.9576226258650422,0.13661979418247938,0.509987473487854
46916,coil2000_insurance_policies,hybrid_12l,9822,85,16384,4911,5,4,ok,,1.1814731108024716,0.3558130534365773,0.5928338766098022
46916,coil2000_insurance_policies,hybrid_12l,9822,85,16384,4911,5,5,ok,,1.1825518859550357,0.3559645405039191,0.5928338766098022
46916,coil2000_insurance_policies,pure_hydra_8l,9822,85,16384,4911,5,5,ok,,0.9612348601222038,0.1363949989899993,0.509987473487854
46916,coil2000_insurance_policies,pure_hydra_8l,9822,85,16384,4911,5,6,ok,,1.3545863572508097,0.13673121575266123,0.509987473487854
46916,coil2000_insurance_policies,hybrid_12l,9822,85,16384,4911,5,6,ok,,1.5679097613319755,0.3559268293902278,0.5928338766098022
46916,coil2000_insurance_policies,hybrid_12l,9822,85,16384,4911,5,7,ok,,1.194273087196052,0.35592360235750675,0.5928338766098022
46916,coil2000_insurance_policies,pure_hydra_8l,9822,85,16384,4911,5,7,ok,,0.9598081549629569,0.136414454318583,0.509987473487854
46916,coil2000_insurance_policies,pure_hydra_8l,9822,85,16384,4911,5,8,ok,,0.9638117318972945,0.13689956441521645,0.509987473487854
46916,coil2000_insurance_policies,hybrid_12l,9822,85,16384,4911,5,8,ok,,1.183535534888506,0.35614770743995905,0.5928338766098022
46916,coil2000_insurance_policies,hybrid_12l,9822,85,16384,4911,5,9,ok,,1.1804567109793425,0.35571173019707203,0.5928338766098022
46916,coil2000_insurance_policies,pure_hydra_8l,9822,85,16384,4911,5,9,ok,,1.3715096060186625,0.1364603517577052,0.509987473487854
46916,coil2000_insurance_policies,pure_hydra_8l,9822,85,16384,4911,5,10,ok,,1.229870568960905,0.13667642045766115,0.509987473487854
46916,coil2000_insurance_policies,hybrid_12l,9822,85,16384,4911,5,10,ok,,1.2060554744675756,0.35584510304033756,0.5928338766098022
46916,coil2000_insurance_policies,pure_hydra_8l,9822,85,16384,4911,5,11,ok,,0.9651380740106106,0.13648943696171045,0.509987473487854
46916,coil2000_insurance_policies,hybrid_12l,9822,85,16384,4911,5,11,ok,,1.5749660264700651,0.3558790562674403,0.5928338766098022
46916,coil2000_insurance_policies,pure_hydra_8l,9822,85,16384,4911,5,12,ok,,1.3755870498716831,0.1366676241159439,0.509987473487854
46916,coil2000_insurance_policies,hybrid_12l,9822,85,16384,4911,5,12,ok,,1.2132233157753944,0.3560541681945324,0.5928338766098022
46916,coil2000_insurance_policies,pure_hydra_8l,9822,85,16384,4911,5,13,ok,,0.9852600069716573,0.13633712753653526,0.509987473487854
46916,coil2000_insurance_policies,hybrid_12l,9822,85,16384,4911,5,13,ok,,1.2855279985815287,0.35611338075250387,0.5928338766098022
46916,coil2000_insurance_policies,pure_hydra_8l,9822,85,16384,4911,5,14,ok,,0.9638871401548386,0.1364103965461254,0.509987473487854
46916,coil2000_insurance_policies,hybrid_12l,9822,85,16384,4911,5,14,ok,,1.1828467240557075,0.3559038629755378,0.5928338766098022
46916,coil2000_insurance_policies,pure_hydra_8l,9822,85,16384,4911,5,15,ok,,1.1419459478929639,0.13644784688949585,0.509987473487854
46916,coil2000_insurance_policies,hybrid_12l,9822,85,16384,4911,5,15,ok,,1.183575534261763,0.3563317935913801,0.5928338766098022
46932,heloc,pure_hydra_8l,10459,23,16384,5229,1,1,ok,,0.4087828593328595,0.14548662677407265,0.7215569615364075
46932,heloc,hybrid_12l,10459,23,16384,5229,1,1,ok,,0.655130660161376,0.3918811772018671,0.767610490322113
46932,heloc,hybrid_12l,10459,23,16384,5229,1,2,ok,,0.6554712858051062,0.391742505133152,0.767610490322113
46932,heloc,pure_hydra_8l,10459,23,16384,5229,1,2,ok,,0.4124620817601681,0.14590307604521513,0.7215569615364075
46932,heloc,hybrid_12l,10459,23,16384,5229,1,3,ok,,0.6571899615228176,0.3919833805412054,0.767610490322113
46932,heloc,pure_hydra_8l,10459,23,16384,5229,1,3,ok,,0.41059262957423925,0.14581154379993677,0.7215569615364075
46932,heloc,hybrid_12l,10459,23,16384,5229,1,4,ok,,0.6751848962157965,0.39208724722266197,0.767610490322113
46932,heloc,pure_hydra_8l,10459,23,16384,5229,1,4,ok,,0.40785414911806583,0.14551073405891657,0.7215569615364075
46932,heloc,hybrid_12l,10459,23,16384,5229,1,5,ok,,0.6762833883985877,0.3919574823230505,0.767610490322113
46932,heloc,pure_hydra_8l,10459,23,16384,5229,1,5,ok,,0.41194858867675066,0.14567044656723738,0.7215569615364075
46932,heloc,hybrid_12l,10459,23,16384,5229,1,6,ok,,0.9944855663925409,0.39192533027380705,0.767610490322113
46932,heloc,pure_hydra_8l,10459,23,16384,5229,1,6,ok,,0.4356764368712902,0.14565453585237265,0.7215569615364075
46932,heloc,pure_hydra_8l,10459,23,16384,5229,1,7,ok,,0.4066135575994849,0.14564516860991716,0.7215569615364075
46932,heloc,hybrid_12l,10459,23,16384,5229,1,7,ok,,0.6723676659166813,0.39206807035952806,0.767610490322113
46932,heloc,hybrid_12l,10459,23,16384,5229,1,8,ok,,0.6548036485910416,0.39191241562366486,0.767610490322113
46932,heloc,pure_hydra_8l,10459,23,16384,5229,1,8,ok,,0.4071588199585676,0.14583953563123941,0.7215569615364075
46932,heloc,hybrid_12l,10459,23,16384,5229,1,9,ok,,0.6544651361182332,0.3919261107221246,0.767610490322113
46932,heloc,pure_hydra_8l,10459,23,16384,5229,1,9,ok,,0.4078660598024726,0.14550817757844925,0.7215569615364075
46932,heloc,hybrid_12l,10459,23,16384,5229,1,10,ok,,0.6548066232353449,0.39219240564852953,0.767610490322113
46932,heloc,pure_hydra_8l,10459,23,16384,5229,1,10,ok,,0.4066724479198456,0.14551182556897402,0.7215569615364075
46932,heloc,hybrid_12l,10459,23,16384,5229,1,11,ok,,0.6555901598185301,0.3918780395761132,0.767610490322113
46932,heloc,pure_hydra_8l,10459,23,16384,5229,1,11,ok,,0.5144416922703385,0.14568267855793238,0.7215569615364075
46932,heloc,pure_hydra_8l,10459,23,16384,5229,1,12,ok,,0.4099517222493887,0.14552316721528769,0.7215569615364075
46932,heloc,hybrid_12l,10459,23,16384,5229,1,12,ok,,0.6792399901896715,0.3918797019869089,0.767610490322113
46932,heloc,pure_hydra_8l,10459,23,16384,5229,1,13,ok,,0.40790118649601936,0.14552124310284853,0.7215569615364075
46932,heloc,hybrid_12l,10459,23,16384,5229,1,13,ok,,0.6557849468663335,0.3918791813775897,0.767610490322113
46932,heloc,hybrid_12l,10459,23,16384,5229,1,14,ok,,0.6583301713690162,0.3917794218286872,0.767610490322113
46932,heloc,pure_hydra_8l,10459,23,16384,5229,1,14,ok,,0.40661354549229145,0.14547081664204597,0.7215569615364075
46932,heloc,hybrid_12l,10459,23,16384,5229,1,15,ok,,0.6770429648458958,0.39183612912893295,0.767610490322113
46932,heloc,pure_hydra_8l,10459,23,16384,5229,1,15,ok,,0.40841182321310043,0.14592353533953428,0.7215569615364075
46932,heloc,pure_hydra_8l,10459,23,16384,5229,2,1,ok,,0.41052853502333164,0.14559168554842472,0.7287890315055847
46932,heloc,hybrid_12l,10459,23,16384,5229,2,1,ok,,0.6532826041802764,0.39206068497151136,0.7685455679893494
46932,heloc,hybrid_12l,10459,23,16384,5229,2,2,ok,,0.7516790945082903,0.3920739898458123,0.7685455679893494
46932,heloc,pure_hydra_8l,10459,23,16384,5229,2,2,ok,,0.4065818665549159,0.1455282447859645,0.7287890315055847
46932,heloc,hybrid_12l,10459,23,16384,5229,2,3,ok,,0.6537387780845165,0.39180173445492983,0.7685455679893494
46932,heloc,pure_hydra_8l,10459,23,16384,5229,2,3,ok,,0.4065346559509635,0.1457300679758191,0.7287890315055847
46932,heloc,hybrid_12l,10459,23,16384,5229,2,4,ok,,0.6547475093975663,0.3919722568243742,0.7685455679893494
46932,heloc,pure_hydra_8l,10459,23,16384,5229,2,4,ok,,0.4056397108361125,0.1455682422965765,0.7287890315055847
46932,heloc,pure_hydra_8l,10459,23,16384,5229,2,5,ok,,0.4063082877546549,0.1456162128597498,0.7287890315055847
46932,heloc,hybrid_12l,10459,23,16384,5229,2,5,ok,,0.6565848309546709,0.3921700110659003,0.7685455679893494
46932,heloc,hybrid_12l,10459,23,16384,5229,2,6,ok,,0.6551274890080094,0.3918369607999921,0.7685455679893494
46932,heloc,pure_hydra_8l,10459,23,16384,5229,2,6,ok,,0.40643406473100185,0.14551202487200499,0.7287890315055847
46932,heloc,hybrid_12l,10459,23,16384,5229,2,7,ok,,0.654894626699388,0.391916842199862,0.7685455679893494
46932,heloc,pure_hydra_8l,10459,23,16384,5229,2,7,ok,,0.40638689510524273,0.14553105179220438,0.7287890315055847
46932,heloc,hybrid_12l,10459,23,16384,5229,2,8,ok,,0.6546317683532834,0.39177187625318766,0.7685455679893494
46932,heloc,pure_hydra_8l,10459,23,16384,5229,2,8,ok,,0.44745729211717844,0.14572341460734606,0.7287890315055847
46932,heloc,hybrid_12l,10459,23,16384,5229,2,9,ok,,0.6537810564041138,0.3921392532065511,0.7685455679893494
46932,heloc,pure_hydra_8l,10459,23,16384,5229,2,9,ok,,0.410145066678524,0.14578769728541374,0.7287890315055847
46932,heloc,pure_hydra_8l,10459,23,16384,5229,2,10,ok,,0.40641243290156126,0.14570794627070427,0.7287890315055847
46932,heloc,hybrid_12l,10459,23,16384,5229,2,10,ok,,0.6574958572164178,0.39223644603043795,0.7685455679893494
46932,heloc,pure_hydra_8l,10459,23,16384,5229,2,11,ok,,0.4057485144585371,0.1457832781597972,0.7287890315055847
46932,heloc,hybrid_12l,10459,23,16384,5229,2,11,ok,,0.6543827056884766,0.3918523173779249,0.7685455679893494
46932,heloc,hybrid_12l,10459,23,16384,5229,2,12,ok,,0.6538338363170624,0.3916815547272563,0.7685455679893494
46932,heloc,pure_hydra_8l,10459,23,16384,5229,2,12,ok,,0.4065578794106841,0.14547355100512505,0.7287890315055847
46932,heloc,pure_hydra_8l,10459,23,16384,5229,2,13,ok,,0.40532351937144995,0.14551654364913702,0.7287890315055847
46932,heloc,hybrid_12l,10459,23,16384,5229,2,13,ok,,0.6532360715791583,0.3917749021202326,0.7685455679893494
46932,heloc,pure_hydra_8l,10459,23,16384,5229,2,14,ok,,0.4057543147355318,0.14596029371023178,0.7287890315055847
46932,heloc,hybrid_12l,10459,23,16384,5229,2,14,ok,,0.6756689380854368,0.39280369132757187,0.7685455679893494
46932,heloc,pure_hydra_8l,10459,23,16384,5229,2,15,ok,,0.4525397829711437,0.14559299685060978,0.7287890315055847
46932,heloc,hybrid_12l,10459,23,16384,5229,2,15,ok,,0.6531430557370186,0.39213781896978617,0.7685455679893494
46932,heloc,hybrid_12l,10459,23,16384,5229,3,1,ok,,0.6855452144518495,0.3917520185932517,0.7680590748786926
46932,heloc,pure_hydra_8l,10459,23,16384,5229,3,1,ok,,0.41629371978342533,0.14564321283251047,0.7204983830451965
46932,heloc,hybrid_12l,10459,23,16384,5229,3,2,ok,,0.6632379470393062,0.3922356441617012,0.7680590748786926
46932,heloc,pure_hydra_8l,10459,23,16384,5229,3,2,ok,,0.4373042779043317,0.14578112307935953,0.7204983830451965
46932,heloc,pure_hydra_8l,10459,23,16384,5229,3,3,ok,,0.4183656359091401,0.14575645793229342,0.7204983830451965
46932,heloc,hybrid_12l,10459,23,16384,5229,3,3,ok,,0.664150707423687,0.39197612181305885,0.7680590748786926
46932,heloc,hybrid_12l,10459,23,16384,5229,3,4,ok,,0.6638137781992555,0.3919381005689502,0.7680590748786926
46932,heloc,pure_hydra_8l,10459,23,16384,5229,3,4,ok,,0.41750864032655954,0.1455144789069891,0.7204983830451965
46932,heloc,hybrid_12l,10459,23,16384,5229,3,5,ok,,0.6641804529353976,0.3927220655605197,0.7680590748786926
46932,heloc,pure_hydra_8l,10459,23,16384,5229,3,5,ok,,0.4163061622530222,0.14559136517345905,0.7204983830451965
46932,heloc,pure_hydra_8l,10459,23,16384,5229,3,6,ok,,0.4160807551816106,0.14553031884133816,0.7204983830451965
46932,heloc,hybrid_12l,10459,23,16384,5229,3,6,ok,,0.6641067434102297,0.39218049868941307,0.7680590748786926
46932,heloc,pure_hydra_8l,10459,23,16384,5229,3,7,ok,,0.41683095600456,0.14568872842937708,0.7204983830451965
46932,heloc,hybrid_12l,10459,23,16384,5229,3,7,ok,,0.664377836510539,0.3918988648802042,0.7680590748786926
46932,heloc,pure_hydra_8l,10459,23,16384,5229,3,8,ok,,0.42229864839464426,0.14570507872849703,0.7204983830451965
46932,heloc,hybrid_12l,10459,23,16384,5229,3,8,ok,,0.6658461187034845,0.3921098057180643,0.7680590748786926
46932,heloc,pure_hydra_8l,10459,23,16384,5229,3,9,ok,,0.41695473063737154,0.1455440539866686,0.7204983830451965
46932,heloc,hybrid_12l,10459,23,16384,5229,3,9,ok,,0.7424134872853756,0.3921343609690666,0.7680590748786926
46932,heloc,pure_hydra_8l,10459,23,16384,5229,3,10,ok,,0.4221739415079355,0.14608323574066162,0.7204983830451965
46932,heloc,hybrid_12l,10459,23,16384,5229,3,10,ok,,0.6649536974728107,0.39248145930469036,0.7680590748786926
46932,heloc,pure_hydra_8l,10459,23,16384,5229,3,11,ok,,0.4162900112569332,0.14548099506646395,0.7204983830451965
46932,heloc,hybrid_12l,10459,23,16384,5229,3,11,ok,,0.6644887262955308,0.3923418540507555,0.7680590748786926
46932,heloc,hybrid_12l,10459,23,16384,5229,3,12,ok,,0.6650433363392949,0.3921494288370013,0.7680590748786926
46932,heloc,pure_hydra_8l,10459,23,16384,5229,3,12,ok,,0.4376645302399993,0.14573796186596155,0.7204983830451965
46932,heloc,pure_hydra_8l,10459,23,16384,5229,3,13,ok,,0.4169696383178234,0.14549898728728294,0.7204983830451965
46932,heloc,hybrid_12l,10459,23,16384,5229,3,13,ok,,0.6638363786041737,0.3920999066904187,0.7680590748786926
46932,heloc,hybrid_12l,10459,23,16384,5229,3,14,ok,,0.672015680000186,0.3918095054104924,0.7680590748786926
46932,heloc,pure_hydra_8l,10459,23,16384,5229,3,14,ok,,0.4378518834710121,0.145517373457551,0.7204983830451965
46932,heloc,pure_hydra_8l,10459,23,16384,5229,3,15,ok,,0.42871887516230345,0.14547142758965492,0.7204983830451965
46932,heloc,hybrid_12l,10459,23,16384,5229,3,15,ok,,0.6639184644445777,0.3920470355078578,0.7680590748786926
46932,heloc,pure_hydra_8l,10459,23,16384,5229,4,1,ok,,0.4072731211781502,0.14602890331298113,0.6791853904724121
46932,heloc,hybrid_12l,10459,23,16384,5229,4,1,ok,,0.6550368312746286,0.39181627705693245,0.7569968104362488
46932,heloc,pure_hydra_8l,10459,23,16384,5229,4,2,ok,,0.4685228709131479,0.14604748878628016,0.6791853904724121
46932,heloc,hybrid_12l,10459,23,16384,5229,4,2,ok,,0.654368944466114,0.3918092241510749,0.7569968104362488
46932,heloc,pure_hydra_8l,10459,23,16384,5229,4,3,ok,,0.7765771234408021,0.14564703963696957,0.6791853904724121
46932,heloc,hybrid_12l,10459,23,16384,5229,4,3,ok,,0.6543230675160885,0.3920333478599787,0.7569968104362488
46932,heloc,pure_hydra_8l,10459,23,16384,5229,4,4,ok,,0.4854884138330817,0.1458876458927989,0.6791853904724121
46932,heloc,hybrid_12l,10459,23,16384,5229,4,4,ok,,0.6529787499457598,0.3917106566950679,0.7569968104362488
46932,heloc,pure_hydra_8l,10459,23,16384,5229,4,5,ok,,0.48076757602393627,0.1454162923619151,0.6791853904724121
46932,heloc,hybrid_12l,10459,23,16384,5229,4,5,ok,,0.6529409680515528,0.3917492600157857,0.7569968104362488
46932,heloc,pure_hydra_8l,10459,23,16384,5229,4,6,ok,,0.4541448410600424,0.14555728901177645,0.6791853904724121
46932,heloc,hybrid_12l,10459,23,16384,5229,4,6,ok,,0.6553541226312518,0.3918347619473934,0.7569968104362488
46932,heloc,hybrid_12l,10459,23,16384,5229,4,7,ok,,0.6517772115767002,0.39189812168478966,0.7569968104362488
46932,heloc,pure_hydra_8l,10459,23,16384,5229,4,7,ok,,0.6545541752129793,0.1456115022301674,0.6791853904724121
46932,heloc,pure_hydra_8l,10459,23,16384,5229,4,8,ok,,0.5712908748537302,0.14571488741785288,0.6791853904724121
46932,heloc,hybrid_12l,10459,23,16384,5229,4,8,ok,,0.6538958167657256,0.39165126346051693,0.7569968104362488
46932,heloc,hybrid_12l,10459,23,16384,5229,4,9,ok,,0.9111168198287487,0.39202749636024237,0.7569968104362488
46932,heloc,pure_hydra_8l,10459,23,16384,5229,4,9,ok,,0.40763710997998714,0.14567830879241228,0.6791853904724121
46932,heloc,pure_hydra_8l,10459,23,16384,5229,4,10,ok,,0.40484504867345095,0.1456478014588356,0.6791853904724121
46932,heloc,hybrid_12l,10459,23,16384,5229,4,10,ok,,0.6541784722357988,0.39188486710190773,0.7569968104362488
46932,heloc,hybrid_12l,10459,23,16384,5229,4,11,ok,,0.6531330710276961,0.39180465415120125,0.7569968104362488
46932,heloc,pure_hydra_8l,10459,23,16384,5229,4,11,ok,,0.4075645813718438,0.14571485668420792,0.6791853904724121
46932,heloc,pure_hydra_8l,10459,23,16384,5229,4,12,ok,,0.4064275873824954,0.14556893054395914,0.6791853904724121
46932,heloc,hybrid_12l,10459,23,16384,5229,4,12,ok,,0.7218688083812594,0.3918724115937948,0.7569968104362488
46932,heloc,pure_hydra_8l,10459,23,16384,5229,4,13,ok,,0.4315442778170109,0.14642605558037758,0.6791853904724121
46932,heloc,hybrid_12l,10459,23,16384,5229,4,13,ok,,0.6542267827317119,0.39176456816494465,0.7569968104362488
46932,heloc,pure_hydra_8l,10459,23,16384,5229,4,14,ok,,0.40686384309083223,0.1455757925286889,0.6791853904724121
46932,heloc,hybrid_12l,10459,23,16384,5229,4,14,ok,,0.6547783482819796,0.39209016412496567,0.7569968104362488
46932,heloc,hybrid_12l,10459,23,16384,5229,4,15,ok,,0.6564482934772968,0.3920152923092246,0.7569968104362488
46932,heloc,pure_hydra_8l,10459,23,16384,5229,4,15,ok,,0.4194192374125123,0.14568011090159416,0.6791853904724121
46932,heloc,pure_hydra_8l,10459,23,16384,5229,5,1,ok,,0.4145561521872878,0.1456023445352912,0.6981678009033203
46932,heloc,hybrid_12l,10459,23,16384,5229,5,1,ok,,0.6631103083491325,0.39186583925038576,0.7741202712059021
46932,heloc,pure_hydra_8l,10459,23,16384,5229,5,2,ok,,0.41622335091233253,0.14593938272446394,0.6981678009033203
46932,heloc,hybrid_12l,10459,23,16384,5229,5,2,ok,,0.6612035352736712,0.3917103735730052,0.7741202712059021
46932,heloc,pure_hydra_8l,10459,23,16384,5229,5,3,ok,,0.41520181484520435,0.14617869537323713,0.6981678009033203
46932,heloc,hybrid_12l,10459,23,16384,5229,5,3,ok,,0.949036842212081,0.3921257108449936,0.7741202712059021
46932,heloc,hybrid_12l,10459,23,16384,5229,5,4,ok,,0.6615130808204412,0.3922723587602377,0.7741202712059021
46932,heloc,pure_hydra_8l,10459,23,16384,5229,5,4,ok,,0.4133875072002411,0.14571102056652308,0.6981678009033203
46932,heloc,hybrid_12l,10459,23,16384,5229,5,5,ok,,0.660587196238339,0.39193821605294943,0.7741202712059021
46932,heloc,pure_hydra_8l,10459,23,16384,5229,5,5,ok,,0.4135901592671871,0.14580925647169352,0.6981678009033203
46932,heloc,hybrid_12l,10459,23,16384,5229,5,6,ok,,0.6609744885936379,0.3920174464583397,0.7741202712059021
46932,heloc,pure_hydra_8l,10459,23,16384,5229,5,6,ok,,0.41415506042540073,0.14548710454255342,0.6981678009033203
46932,heloc,hybrid_12l,10459,23,16384,5229,5,7,ok,,0.6624946501106024,0.3926891889423132,0.7741202712059021
46932,heloc,pure_hydra_8l,10459,23,16384,5229,5,7,ok,,0.41351391561329365,0.14564689807593822,0.6981678009033203
46932,heloc,pure_hydra_8l,10459,23,16384,5229,5,8,ok,,0.4143247725442052,0.14560301415622234,0.6981678009033203
46932,heloc,hybrid_12l,10459,23,16384,5229,5,8,ok,,0.6608545109629631,0.39205238223075867,0.7741202712059021
46932,heloc,hybrid_12l,10459,23,16384,5229,5,9,ok,,0.6734237121418118,0.3921457985416055,0.7741202712059021
46932,heloc,pure_hydra_8l,10459,23,16384,5229,5,9,ok,,0.41319363936781883,0.14569836482405663,0.6981678009033203
46932,heloc,hybrid_12l,10459,23,16384,5229,5,10,ok,,0.6604412775486708,0.39195199124515057,0.7741202712059021
46932,heloc,pure_hydra_8l,10459,23,16384,5229,5,10,ok,,0.41275985538959503,0.1456478089094162,0.6981678009033203
46932,heloc,hybrid_12l,10459,23,16384,5229,5,11,ok,,0.6616249307990074,0.3916510809212923,0.7741202712059021
46932,heloc,pure_hydra_8l,10459,23,16384,5229,5,11,ok,,0.4156837882474065,0.1454832786694169,0.6981678009033203
46932,heloc,hybrid_12l,10459,23,16384,5229,5,12,ok,,0.659913987852633,0.3923299266025424,0.7741202712059021
46932,heloc,pure_hydra_8l,10459,23,16384,5229,5,12,ok,,0.41429519560188055,0.14587964862585068,0.6981678009033203
46932,heloc,hybrid_12l,10459,23,16384,5229,5,13,ok,,0.7014824980869889,0.3919812459498644,0.7741202712059021
46932,heloc,pure_hydra_8l,10459,23,16384,5229,5,13,ok,,0.43609537091106176,0.14566183649003506,0.6981678009033203
46932,heloc,pure_hydra_8l,10459,23,16384,5229,5,14,ok,,0.8923064647242427,0.1456324802711606,0.6981678009033203
46932,heloc,hybrid_12l,10459,23,16384,5229,5,14,ok,,1.0746864071115851,0.3919918155297637,0.7741202712059021
46932,heloc,pure_hydra_8l,10459,23,16384,5229,5,15,ok,,0.824844972230494,0.14607907738536596,0.6981678009033203
46932,heloc,hybrid_12l,10459,23,16384,5229,5,15,ok,,0.6961805196478963,0.3921867245808244,0.7741202712059021
46979,jm1,pure_hydra_8l,10880,21,16384,5440,1,1,ok,,0.4055418651551008,0.15225848741829395,0.5136319994926453
46979,jm1,hybrid_12l,10880,21,16384,5440,1,1,ok,,0.6623483700677752,0.4058590568602085,0.657302975654602
46979,jm1,pure_hydra_8l,10880,21,16384,5440,1,2,ok,,0.4121648473665118,0.15295186080038548,0.5136319994926453
46979,jm1,hybrid_12l,10880,21,16384,5440,1,2,ok,,0.6617900123819709,0.40568140894174576,0.657302975654602
46979,jm1,pure_hydra_8l,10880,21,16384,5440,1,3,ok,,0.40594250429421663,0.15215237624943256,0.5136319994926453
46979,jm1,hybrid_12l,10880,21,16384,5440,1,3,ok,,0.7219183752313256,0.4045208506286144,0.657302975654602
46979,jm1,pure_hydra_8l,10880,21,16384,5440,1,4,ok,,0.4070085855200887,0.1532755047082901,0.5136319994926453
46979,jm1,hybrid_12l,10880,21,16384,5440,1,4,ok,,0.6655879495665431,0.40503786969929934,0.657302975654602
46979,jm1,hybrid_12l,10880,21,16384,5440,1,5,ok,,0.6600184040144086,0.40457240771502256,0.657302975654602
46979,jm1,pure_hydra_8l,10880,21,16384,5440,1,5,ok,,0.41295565478503704,0.15250950306653976,0.5136319994926453
46979,jm1,pure_hydra_8l,10880,21,16384,5440,1,6,ok,,0.40691700112074614,0.15251130610704422,0.5136319994926453
46979,jm1,hybrid_12l,10880,21,16384,5440,1,6,ok,,0.6830299450084567,0.4050335017964244,0.657302975654602
46979,jm1,pure_hydra_8l,10880,21,16384,5440,1,7,ok,,0.40850368794053793,0.15326882153749466,0.5136319994926453
46979,jm1,hybrid_12l,10880,21,16384,5440,1,7,ok,,0.6597365187481046,0.4043737417086959,0.657302975654602
46979,jm1,hybrid_12l,10880,21,16384,5440,1,8,ok,,0.6577122928574681,0.4046330517157912,0.657302975654602
46979,jm1,pure_hydra_8l,10880,21,16384,5440,1,8,ok,,0.41539886593818665,0.15242167562246323,0.5136319994926453
46979,jm1,pure_hydra_8l,10880,21,16384,5440,1,9,ok,,0.4053175402805209,0.1528952931985259,0.5136319994926453
46979,jm1,hybrid_12l,10880,21,16384,5440,1,9,ok,,0.6615189164876938,0.40466418117284775,0.657302975654602
46979,jm1,pure_hydra_8l,10880,21,16384,5440,1,10,ok,,0.40787133760750294,0.15330232586711645,0.5136319994926453
46979,jm1,hybrid_12l,10880,21,16384,5440,1,10,ok,,0.6600839467719197,0.4049445129930973,0.657302975654602
46979,jm1,hybrid_12l,10880,21,16384,5440,1,11,ok,,0.6585586359724402,0.4045911617577076,0.657302975654602
46979,jm1,pure_hydra_8l,10880,21,16384,5440,1,11,ok,,0.44150876719504595,0.15372323244810104,0.5136319994926453
46979,jm1,hybrid_12l,10880,21,16384,5440,1,12,ok,,0.6620049467310309,0.4057713486254215,0.657302975654602
46979,jm1,pure_hydra_8l,10880,21,16384,5440,1,12,ok,,0.4066985761746764,0.15330071188509464,0.5136319994926453
46979,jm1,pure_hydra_8l,10880,21,16384,5440,1,13,ok,,0.4055948546156287,0.1526364041492343,0.5136319994926453
46979,jm1,hybrid_12l,10880,21,16384,5440,1,13,ok,,0.6591401174664497,0.4049868620932102,0.657302975654602
46979,jm1,pure_hydra_8l,10880,21,16384,5440,1,14,ok,,0.4055540170520544,0.15255728270858526,0.5136319994926453
46979,jm1,hybrid_12l,10880,21,16384,5440,1,14,ok,,0.6580837452784181,0.40523527283221483,0.657302975654602
46979,jm1,hybrid_12l,10880,21,16384,5440,1,15,ok,,0.6582072386518121,0.4045133935287595,0.657302975654602
46979,jm1,pure_hydra_8l,10880,21,16384,5440,1,15,ok,,0.40435237996280193,0.15262674447149038,0.5136319994926453
46979,jm1,pure_hydra_8l,10880,21,16384,5440,2,1,ok,,0.39817764703184366,0.1526197111234069,0.492281049489975
46979,jm1,hybrid_12l,10880,21,16384,5440,2,1,ok,,0.6534295752644539,0.4051898270845413,0.6333979368209839
46979,jm1,hybrid_12l,10880,21,16384,5440,2,2,ok,,0.653764639981091,0.40454785991460085,0.6333979368209839
46979,jm1,pure_hydra_8l,10880,21,16384,5440,2,2,ok,,0.40150530356913805,0.15295992605388165,0.492281049489975
46979,jm1,pure_hydra_8l,10880,21,16384,5440,2,3,ok,,0.3988649593666196,0.1526257824152708,0.492281049489975
46979,jm1,hybrid_12l,10880,21,16384,5440,2,3,ok,,0.6525236470624804,0.4045797707512975,0.6333979368209839
46979,jm1,hybrid_12l,10880,21,16384,5440,2,4,ok,,0.6525891311466694,0.40455236844718456,0.6333979368209839
46979,jm1,pure_hydra_8l,10880,21,16384,5440,2,4,ok,,0.3985896371304989,0.15199764166027308,0.492281049489975
46979,jm1,hybrid_12l,10880,21,16384,5440,2,5,ok,,0.6555924126878381,0.40496840607374907,0.6333979368209839
46979,jm1,pure_hydra_8l,10880,21,16384,5440,2,5,ok,,0.4040093682706356,0.15278628654778004,0.492281049489975
46979,jm1,hybrid_12l,10880,21,16384,5440,2,6,ok,,0.6542019881308079,0.40479822363704443,0.6333979368209839
46979,jm1,pure_hydra_8l,10880,21,16384,5440,2,6,ok,,0.40168600529432297,0.15299780759960413,0.492281049489975
46979,jm1,pure_hydra_8l,10880,21,16384,5440,2,7,ok,,0.401327395811677,0.15263953898102045,0.492281049489975
46979,jm1,hybrid_12l,10880,21,16384,5440,2,7,ok,,0.655014337040484,0.4055972583591938,0.6333979368209839
46979,jm1,pure_hydra_8l,10880,21,16384,5440,2,8,ok,,0.4023467777296901,0.15269737783819437,0.492281049489975
46979,jm1,hybrid_12l,10880,21,16384,5440,2,8,ok,,0.6525969365611672,0.40459364652633667,0.6333979368209839
46979,jm1,hybrid_12l,10880,21,16384,5440,2,9,ok,,0.6539416844025254,0.40469107031822205,0.6333979368209839
46979,jm1,pure_hydra_8l,10880,21,16384,5440,2,9,ok,,0.4321754975244403,0.1528911255300045,0.492281049489975
46979,jm1,pure_hydra_8l,10880,21,16384,5440,2,10,ok,,0.4109321990981698,0.15264533925801516,0.492281049489975
46979,jm1,hybrid_12l,10880,21,16384,5440,2,10,ok,,1.06945910025388,0.4047133531421423,0.6333979368209839
46979,jm1,pure_hydra_8l,10880,21,16384,5440,2,11,ok,,0.4095086697489023,0.1529431138187647,0.492281049489975
46979,jm1,hybrid_12l,10880,21,16384,5440,2,11,ok,,0.65359241142869,0.40472002513706684,0.6333979368209839
46979,jm1,hybrid_12l,10880,21,16384,5440,2,12,ok,,1.0430821720510721,0.4048180812969804,0.6333979368209839
46979,jm1,pure_hydra_8l,10880,21,16384,5440,2,12,ok,,0.4109772928059101,0.1524043632671237,0.492281049489975
46979,jm1,hybrid_12l,10880,21,16384,5440,2,13,ok,,0.6544760456308722,0.40503829810768366,0.6333979368209839
46979,jm1,pure_hydra_8l,10880,21,16384,5440,2,13,ok,,0.4021052587777376,0.15330138336867094,0.492281049489975
46979,jm1,pure_hydra_8l,10880,21,16384,5440,2,14,ok,,0.40027553122490644,0.1531591834500432,0.492281049489975
46979,jm1,hybrid_12l,10880,21,16384,5440,2,14,ok,,0.6555990930646658,0.4051077291369438,0.6333979368209839
46979,jm1,hybrid_12l,10880,21,16384,5440,2,15,ok,,0.7356265103444457,0.4048064276576042,0.6333979368209839
46979,jm1,pure_hydra_8l,10880,21,16384,5440,2,15,ok,,0.40057307574898005,0.1529514193534851,0.492281049489975
46979,jm1,pure_hydra_8l,10880,21,16384,5440,3,1,ok,,0.40088370349258184,0.1530814552679658,0.5044987797737122
46979,jm1,hybrid_12l,10880,21,16384,5440,3,1,ok,,0.6524895494803786,0.4045018693432212,0.6493450403213501
46979,jm1,pure_hydra_8l,10880,21,16384,5440,3,2,ok,,0.3991735018789768,0.15258834138512611,0.5044987797737122
46979,jm1,hybrid_12l,10880,21,16384,5440,3,2,ok,,0.6624634424224496,0.4048407422378659,0.6493450403213501
46979,jm1,pure_hydra_8l,10880,21,16384,5440,3,3,ok,,0.39924303349107504,0.15243696328252554,0.5044987797737122
46979,jm1,hybrid_12l,10880,21,16384,5440,3,3,ok,,0.6542542744427919,0.4045483376830816,0.6493450403213501
46979,jm1,pure_hydra_8l,10880,21,16384,5440,3,4,ok,,0.40102309733629227,0.152575196698308,0.5044987797737122
46979,jm1,hybrid_12l,10880,21,16384,5440,3,4,ok,,0.653696627356112,0.4042170215398073,0.6493450403213501
46979,jm1,hybrid_12l,10880,21,16384,5440,3,5,ok,,0.6541738118976355,0.4045041548088193,0.6493450403213501
46979,jm1,pure_hydra_8l,10880,21,16384,5440,3,5,ok,,0.401794939301908,0.15283025987446308,0.5044987797737122
46979,jm1,pure_hydra_8l,10880,21,16384,5440,3,6,ok,,0.40131407883018255,0.15316651668399572,0.5044987797737122
46979,jm1,hybrid_12l,10880,21,16384,5440,3,6,ok,,0.6543279131874442,0.4049524236470461,0.6493450403213501
46979,jm1,hybrid_12l,10880,21,16384,5440,3,7,ok,,0.653660848736763,0.4048040332272649,0.6493450403213501
46979,jm1,pure_hydra_8l,10880,21,16384,5440,3,7,ok,,0.4012489942833781,0.15294727124273777,0.5044987797737122
46979,jm1,hybrid_12l,10880,21,16384,5440,3,8,ok,,0.6989740151911974,0.4049357920885086,0.6493450403213501
46979,jm1,pure_hydra_8l,10880,21,16384,5440,3,8,ok,,0.40076086949557066,0.15238366276025772,0.5044987797737122
46979,jm1,pure_hydra_8l,10880,21,16384,5440,3,9,ok,,0.40069487504661083,0.15282442793250084,0.5044987797737122
46979,jm1,hybrid_12l,10880,21,16384,5440,3,9,ok,,0.6530091026797891,0.404809582978487,0.6493450403213501
46979,jm1,hybrid_12l,10880,21,16384,5440,3,10,ok,,0.6544438125565648,0.4053799733519554,0.6493450403213501
46979,jm1,pure_hydra_8l,10880,21,16384,5440,3,10,ok,,0.39939869847148657,0.15244061034172773,0.5044987797737122
46979,jm1,hybrid_12l,10880,21,16384,5440,3,11,ok,,0.6529916999861598,0.40456416830420494,0.6493450403213501
46979,jm1,pure_hydra_8l,10880,21,16384,5440,3,11,ok,,0.4016329422593117,0.15224944800138474,0.5044987797737122
46979,jm1,hybrid_12l,10880,21,16384,5440,3,12,ok,,0.6533033400774002,0.4043879434466362,0.6493450403213501
46979,jm1,pure_hydra_8l,10880,21,16384,5440,3,12,ok,,0.4003484481945634,0.1521307323127985,0.5044987797737122
46979,jm1,hybrid_12l,10880,21,16384,5440,3,13,ok,,0.6530017079785466,0.40492107439786196,0.6493450403213501
46979,jm1,pure_hydra_8l,10880,21,16384,5440,3,13,ok,,0.4223945178091526,0.1525947330519557,0.5044987797737122
46979,jm1,pure_hydra_8l,10880,21,16384,5440,3,14,ok,,0.3996990667656064,0.15247150883078575,0.5044987797737122
46979,jm1,hybrid_12l,10880,21,16384,5440,3,14,ok,,0.6539594931527972,0.40501240734010935,0.6493450403213501
46979,jm1,pure_hydra_8l,10880,21,16384,5440,3,15,ok,,0.4011535346508026,0.1529505467042327,0.5044987797737122
46979,jm1,hybrid_12l,10880,21,16384,5440,3,15,ok,,1.045218113809824,0.4046825421974063,0.6493450403213501
46979,jm1,pure_hydra_8l,10880,21,16384,5440,4,1,ok,,0.4300149502232671,0.15291317645460367,0.49680453538894653
46979,jm1,hybrid_12l,10880,21,16384,5440,4,1,ok,,0.6556108519434929,0.4042432978749275,0.6323786973953247
46979,jm1,pure_hydra_8l,10880,21,16384,5440,4,2,ok,,0.4254684140905738,0.15310331713408232,0.49680453538894653
46979,jm1,hybrid_12l,10880,21,16384,5440,4,2,ok,,0.6571588655933738,0.4049245696514845,0.6323786973953247
46979,jm1,pure_hydra_8l,10880,21,16384,5440,4,3,ok,,0.4039883455261588,0.153259402140975,0.49680453538894653
46979,jm1,hybrid_12l,10880,21,16384,5440,4,3,ok,,0.6581065822392702,0.40529047418385744,0.6323786973953247
46979,jm1,hybrid_12l,10880,21,16384,5440,4,4,ok,,0.6553972065448761,0.40428019780665636,0.6323786973953247
46979,jm1,pure_hydra_8l,10880,21,16384,5440,4,4,ok,,0.42991422954946756,0.15259160660207272,0.49680453538894653
46979,jm1,pure_hydra_8l,10880,21,16384,5440,4,5,ok,,0.4029246885329485,0.1529903132468462,0.49680453538894653
46979,jm1,hybrid_12l,10880,21,16384,5440,4,5,ok,,0.6608543992042542,0.40610759146511555,0.6323786973953247
46979,jm1,hybrid_12l,10880,21,16384,5440,4,6,ok,,0.655994338914752,0.40492098312824965,0.6323786973953247
46979,jm1,pure_hydra_8l,10880,21,16384,5440,4,6,ok,,0.40228024777024984,0.15209729876369238,0.49680453538894653
46979,jm1,pure_hydra_8l,10880,21,16384,5440,4,7,ok,,0.40248351264744997,0.15252716466784477,0.49680453538894653
46979,jm1,hybrid_12l,10880,21,16384,5440,4,7,ok,,0.65507622808218,0.4045609701424837,0.6323786973953247
46979,jm1,hybrid_12l,10880,21,16384,5440,4,8,ok,,0.6568043231964111,0.40461692586541176,0.6323786973953247
46979,jm1,pure_hydra_8l,10880,21,16384,5440,4,8,ok,,0.422483716160059,0.1525601465255022,0.49680453538894653
46979,jm1,hybrid_12l,10880,21,16384,5440,4,9,ok,,0.655343915335834,0.40444302652031183,0.6323786973953247
46979,jm1,pure_hydra_8l,10880,21,16384,5440,4,9,ok,,0.40797123312950134,0.15260276664048433,0.49680453538894653
46979,jm1,pure_hydra_8l,10880,21,16384,5440,4,10,ok,,0.4025638848543167,0.15264879539608955,0.49680453538894653
46979,jm1,hybrid_12l,10880,21,16384,5440,4,10,ok,,0.6561688678339124,0.40473515074700117,0.6323786973953247
46979,jm1,pure_hydra_8l,10880,21,16384,5440,4,11,ok,,0.400378723628819,0.1525393771007657,0.49680453538894653
46979,jm1,hybrid_12l,10880,21,16384,5440,4,11,ok,,0.6549580944702029,0.4045540262013674,0.6323786973953247
46979,jm1,hybrid_12l,10880,21,16384,5440,4,12,ok,,0.6550282761454582,0.404745158739388,0.6323786973953247
46979,jm1,pure_hydra_8l,10880,21,16384,5440,4,12,ok,,0.4016861002892256,0.15241236705332994,0.49680453538894653
46979,jm1,pure_hydra_8l,10880,21,16384,5440,4,13,ok,,0.4017635378986597,0.1523960055783391,0.49680453538894653
46979,jm1,hybrid_12l,10880,21,16384,5440,4,13,ok,,0.6586334872990847,0.4048154326155782,0.6323786973953247
46979,jm1,hybrid_12l,10880,21,16384,5440,4,14,ok,,0.7018615528941154,0.4045900348573923,0.6323786973953247
46979,jm1,pure_hydra_8l,10880,21,16384,5440,4,14,ok,,0.4176690122112632,0.15242133382707834,0.49680453538894653
46979,jm1,hybrid_12l,10880,21,16384,5440,4,15,ok,,0.6600923724472523,0.40489878971129656,0.6323786973953247
46979,jm1,pure_hydra_8l,10880,21,16384,5440,4,15,ok,,0.4030148293823004,0.15233169309794903,0.49680453538894653
46979,jm1,hybrid_12l,10880,21,16384,5440,5,1,ok,,0.6611355999484658,0.40494989696890116,0.643950343132019
46979,jm1,pure_hydra_8l,10880,21,16384,5440,5,1,ok,,0.4064829219132662,0.15235810447484255,0.5046793818473816
46979,jm1,hybrid_12l,10880,21,16384,5440,5,2,ok,,0.6601012097671628,0.40538950078189373,0.643950343132019
46979,jm1,pure_hydra_8l,10880,21,16384,5440,5,2,ok,,0.4083174290135503,0.15272105112671852,0.5046793818473816
46979,jm1,hybrid_12l,10880,21,16384,5440,5,3,ok,,0.6604046234861016,0.4046225156635046,0.643950343132019
46979,jm1,pure_hydra_8l,10880,21,16384,5440,5,3,ok,,0.40741987712681293,0.15289289690554142,0.5046793818473816
46979,jm1,hybrid_12l,10880,21,16384,5440,5,4,ok,,0.6612771283835173,0.4051402769982815,0.643950343132019
46979,jm1,pure_hydra_8l,10880,21,16384,5440,5,4,ok,,0.4334404105320573,0.15245997719466686,0.5046793818473816
46979,jm1,pure_hydra_8l,10880,21,16384,5440,5,5,ok,,0.4247571947053075,0.15256892144680023,0.5046793818473816
46979,jm1,hybrid_12l,10880,21,16384,5440,5,5,ok,,0.662001901306212,0.4050701139494777,0.643950343132019
46979,jm1,pure_hydra_8l,10880,21,16384,5440,5,6,ok,,0.4123446801677346,0.15238486416637897,0.5046793818473816
46979,jm1,hybrid_12l,10880,21,16384,5440,5,6,ok,,0.6615888681262732,0.4049785006791353,0.643950343132019
46979,jm1,hybrid_12l,10880,21,16384,5440,5,7,ok,,0.6632692217826843,0.40472272504121065,0.643950343132019
46979,jm1,pure_hydra_8l,10880,21,16384,5440,5,7,ok,,0.408022197894752,0.152489323168993,0.5046793818473816
46979,jm1,pure_hydra_8l,10880,21,16384,5440,5,8,ok,,0.4080235306173563,0.1523274751380086,0.5046793818473816
46979,jm1,hybrid_12l,10880,21,16384,5440,5,8,ok,,0.7064881389960647,0.40476582758128643,0.643950343132019
46979,jm1,pure_hydra_8l,10880,21,16384,5440,5,9,ok,,0.4283864302560687,0.15287933126091957,0.5046793818473816
46979,jm1,hybrid_12l,10880,21,16384,5440,5,9,ok,,0.6628368319943547,0.4057067008689046,0.643950343132019
46979,jm1,hybrid_12l,10880,21,16384,5440,5,10,ok,,0.6598913203924894,0.4046850223094225,0.643950343132019
46979,jm1,pure_hydra_8l,10880,21,16384,5440,5,10,ok,,0.4072903608903289,0.15232335776090622,0.5046793818473816
46979,jm1,hybrid_12l,10880,21,16384,5440,5,11,ok,,0.6607192195951939,0.40472652204334736,0.643950343132019
46979,jm1,pure_hydra_8l,10880,21,16384,5440,5,11,ok,,0.40677156671881676,0.1523785823956132,0.5046793818473816
46979,jm1,pure_hydra_8l,10880,21,16384,5440,5,12,ok,,0.40679687540978193,0.15260823722928762,0.5046793818473816
46979,jm1,hybrid_12l,10880,21,16384,5440,5,12,ok,,0.661509987898171,0.4048907132819295,0.643950343132019
46979,jm1,hybrid_12l,10880,21,16384,5440,5,13,ok,,0.6614413168281317,0.4053723653778434,0.643950343132019
46979,jm1,pure_hydra_8l,10880,21,16384,5440,5,13,ok,,0.4175081653520465,0.15291648171842098,0.5046793818473816
46979,jm1,pure_hydra_8l,10880,21,16384,5440,5,14,ok,,0.40703995525836945,0.15222725551575422,0.5046793818473816
46979,jm1,hybrid_12l,10880,21,16384,5440,5,14,ok,,0.6606074962764978,0.4044117256999016,0.643950343132019
46979,jm1,pure_hydra_8l,10880,21,16384,5440,5,15,ok,,0.406383341178298,0.15235499758273363,0.5046793818473816
46979,jm1,hybrid_12l,10880,21,16384,5440,5,15,ok,,0.6616923622786999,0.404735648073256,0.643950343132019
46947,online_shoppers_intention,pure_hydra_8l,12330,17,16384,6165,1,1,ok,,0.39601448085159063,0.17730502039194107,0.5521942377090454
46947,online_shoppers_intention,hybrid_12l,12330,17,16384,6165,1,1,ok,,0.753282779827714,0.5077295992523432,0.8933514952659607
46947,online_shoppers_intention,pure_hydra_8l,12330,17,16384,6165,1,2,ok,,0.3943047896027565,0.17690803855657578,0.5521942377090454
46947,online_shoppers_intention,hybrid_12l,12330,17,16384,6165,1,2,ok,,0.7262864485383034,0.5070699788630009,0.8933514952659607
46947,online_shoppers_intention,pure_hydra_8l,12330,17,16384,6165,1,3,ok,,0.39784090127795935,0.17725575808435678,0.5521942377090454
46947,online_shoppers_intention,hybrid_12l,12330,17,16384,6165,1,3,ok,,0.7275177119299769,0.5073050539940596,0.8933514952659607
46947,online_shoppers_intention,hybrid_12l,12330,17,16384,6165,1,4,ok,,0.7272397140040994,0.5077738519757986,0.8933514952659607
46947,online_shoppers_intention,pure_hydra_8l,12330,17,16384,6165,1,4,ok,,0.39591430965811014,0.17679152730852365,0.5521942377090454
46947,online_shoppers_intention,pure_hydra_8l,12330,17,16384,6165,1,5,ok,,0.3942126063629985,0.17758308816701174,0.5521942377090454
46947,online_shoppers_intention,hybrid_12l,12330,17,16384,6165,1,5,ok,,0.7261944841593504,0.5076130870729685,0.8933514952659607
46947,online_shoppers_intention,hybrid_12l,12330,17,16384,6165,1,6,ok,,0.7267013834789395,0.5076589742675424,0.8933514952659607
46947,online_shoppers_intention,pure_hydra_8l,12330,17,16384,6165,1,6,ok,,0.39536182302981615,0.17770161293447018,0.5521942377090454
46947,online_shoppers_intention,hybrid_12l,12330,17,16384,6165,1,7,ok,,0.7274800799787045,0.5081344451755285,0.8933514952659607
46947,online_shoppers_intention,pure_hydra_8l,12330,17,16384,6165,1,7,ok,,0.39865487441420555,0.17753005772829056,0.5521942377090454
46947,online_shoppers_intention,hybrid_12l,12330,17,16384,6165,1,8,ok,,0.7269107298925519,0.5075297076255083,0.8933514952659607
46947,online_shoppers_intention,pure_hydra_8l,12330,17,16384,6165,1,8,ok,,0.39542211685329676,0.17733350489288568,0.5521942377090454
46947,online_shoppers_intention,pure_hydra_8l,12330,17,16384,6165,1,9,ok,,0.3948049070313573,0.17751928698271513,0.5521942377090454
46947,online_shoppers_intention,hybrid_12l,12330,17,16384,6165,1,9,ok,,0.7917333887889981,0.5079418802633882,0.8933514952659607
46947,online_shoppers_intention,hybrid_12l,12330,17,16384,6165,1,10,ok,,0.7256599701941013,0.5074889911338687,0.8933514952659607
46947,online_shoppers_intention,pure_hydra_8l,12330,17,16384,6165,1,10,ok,,0.39482853189110756,0.17686497699469328,0.5521942377090454
46947,online_shoppers_intention,pure_hydra_8l,12330,17,16384,6165,1,11,ok,,0.39490248169749975,0.17773330211639404,0.5521942377090454
46947,online_shoppers_intention,hybrid_12l,12330,17,16384,6165,1,11,ok,,0.7426506383344531,0.5079607758671045,0.8933514952659607
46947,online_shoppers_intention,hybrid_12l,12330,17,16384,6165,1,12,ok,,0.758427076973021,0.5076440647244453,0.8933514952659607
46947,online_shoppers_intention,pure_hydra_8l,12330,17,16384,6165,1,12,ok,,0.3952305745333433,0.1776186442002654,0.5521942377090454
46947,online_shoppers_intention,hybrid_12l,12330,17,16384,6165,1,13,ok,,0.7256359839811921,0.5074422117322683,0.8933514952659607
46947,online_shoppers_intention,pure_hydra_8l,12330,17,16384,6165,1,13,ok,,0.39410553127527237,0.1772436946630478,0.5521942377090454
46947,online_shoppers_intention,pure_hydra_8l,12330,17,16384,6165,1,14,ok,,0.39307080022990704,0.17749573290348053,0.5521942377090454
46947,online_shoppers_intention,hybrid_12l,12330,17,16384,6165,1,14,ok,,0.7248233836144209,0.5073020569980145,0.8933514952659607
46947,online_shoppers_intention,hybrid_12l,12330,17,16384,6165,1,15,ok,,0.7255119476467371,0.5071144606918097,0.8933514952659607
46947,online_shoppers_intention,pure_hydra_8l,12330,17,16384,6165,1,15,ok,,0.42715741880238056,0.17685148026794195,0.5521942377090454
46947,online_shoppers_intention,pure_hydra_8l,12330,17,16384,6165,2,1,ok,,0.39797681756317616,0.17704811319708824,0.5396631360054016
46947,online_shoppers_intention,hybrid_12l,12330,17,16384,6165,2,1,ok,,0.7307578390464187,0.5076745823025703,0.8963751792907715
46947,online_shoppers_intention,hybrid_12l,12330,17,16384,6165,2,2,ok,,0.7412850502878428,0.5075082266703248,0.8963751792907715
46947,online_shoppers_intention,pure_hydra_8l,12330,17,16384,6165,2,2,ok,,0.8123919581994414,0.1772567182779312,0.5396631360054016
46947,online_shoppers_intention,hybrid_12l,12330,17,16384,6165,2,3,ok,,0.7633366705849767,0.5074642235413194,0.8963751792907715
46947,online_shoppers_intention,pure_hydra_8l,12330,17,16384,6165,2,3,ok,,0.3989736568182707,0.17775010410696268,0.5396631360054016
46947,online_shoppers_intention,pure_hydra_8l,12330,17,16384,6165,2,4,ok,,0.4256461448967457,0.17722927685827017,0.5396631360054016
46947,online_shoppers_intention,hybrid_12l,12330,17,16384,6165,2,4,ok,,0.7293533161282539,0.5074597233906388,0.8963751792907715
46947,online_shoppers_intention,hybrid_12l,12330,17,16384,6165,2,5,ok,,0.72971379943192,0.5073572294786572,0.8963751792907715
46947,online_shoppers_intention,pure_hydra_8l,12330,17,16384,6165,2,5,ok,,0.3988674245774746,0.17724825348705053,0.5396631360054016
46947,online_shoppers_intention,hybrid_12l,12330,17,16384,6165,2,6,ok,,0.7296411329880357,0.5072263311594725,0.8963751792907715
46947,online_shoppers_intention,pure_hydra_8l,12330,17,16384,6165,2,6,ok,,0.39809982012957335,0.17714101821184158,0.5396631360054016
46947,online_shoppers_intention,pure_hydra_8l,12330,17,16384,6165,2,7,ok,,0.39856405928730965,0.17751127108931541,0.5396631360054016
46947,online_shoppers_intention,hybrid_12l,12330,17,16384,6165,2,7,ok,,0.7307393327355385,0.5078224521130323,0.8963751792907715
46947,online_shoppers_intention,pure_hydra_8l,12330,17,16384,6165,2,8,ok,,0.39831626042723656,0.17720665410161018,0.5396631360054016
46947,online_shoppers_intention,hybrid_12l,12330,17,16384,6165,2,8,ok,,0.7339937798678875,0.507722482085228,0.8963751792907715
46947,online_shoppers_intention,hybrid_12l,12330,17,16384,6165,2,9,ok,,0.7385259000584483,0.5078741582110524,0.8963751792907715
46947,online_shoppers_intention,pure_hydra_8l,12330,17,16384,6165,2,9,ok,,0.4017773186787963,0.17737731710076332,0.5396631360054016
46947,online_shoppers_intention,pure_hydra_8l,12330,17,16384,6165,2,10,ok,,0.4032003665342927,0.17741678096354008,0.5396631360054016
46947,online_shoppers_intention,hybrid_12l,12330,17,16384,6165,2,10,ok,,0.7727617118507624,0.5075761741027236,0.8963751792907715
46947,online_shoppers_intention,pure_hydra_8l,12330,17,16384,6165,2,11,ok,,0.41152551397681236,0.177534113638103,0.5396631360054016
46947,online_shoppers_intention,hybrid_12l,12330,17,16384,6165,2,11,ok,,0.745382122695446,0.5075959814712405,0.8963751792907715
46947,online_shoppers_intention,pure_hydra_8l,12330,17,16384,6165,2,12,ok,,0.4255391610786319,0.1769872773438692,0.5396631360054016
46947,online_shoppers_intention,hybrid_12l,12330,17,16384,6165,2,12,ok,,0.7373418733477592,0.50773133803159,0.8963751792907715
46947,online_shoppers_intention,pure_hydra_8l,12330,17,16384,6165,2,13,ok,,0.4015024872496724,0.17721918690949678,0.5396631360054016
46947,online_shoppers_intention,hybrid_12l,12330,17,16384,6165,2,13,ok,,0.73706447891891,0.5072259800508618,0.8963751792907715
46947,online_shoppers_intention,hybrid_12l,12330,17,16384,6165,2,14,ok,,0.7369282599538565,0.5076434211805463,0.8963751792907715
46947,online_shoppers_intention,pure_hydra_8l,12330,17,16384,6165,2,14,ok,,0.40024248976260424,0.17697161808609962,0.5396631360054016
46947,online_shoppers_intention,hybrid_12l,12330,17,16384,6165,2,15,ok,,0.7369318967685103,0.5074149984866381,0.8963751792907715
46947,online_shoppers_intention,pure_hydra_8l,12330,17,16384,6165,2,15,ok,,0.3987986231222749,0.17763108666986227,0.5396631360054016
46947,online_shoppers_intention,hybrid_12l,12330,17,16384,6165,3,1,ok,,0.7285745283588767,0.507492333650589,0.8962487578392029
46947,online_shoppers_intention,pure_hydra_8l,12330,17,16384,6165,3,1,ok,,0.39749218709766865,0.17747178580611944,0.5357816219329834
46947,online_shoppers_intention,pure_hydra_8l,12330,17,16384,6165,3,2,ok,,0.3970975102856755,0.177696131169796,0.5357816219329834
46947,online_shoppers_intention,hybrid_12l,12330,17,16384,6165,3,2,ok,,0.7282400839030743,0.5077479789033532,0.8962487578392029
46947,online_shoppers_intention,hybrid_12l,12330,17,16384,6165,3,3,ok,,0.7290537767112255,0.5075079137459397,0.8962487578392029
46947,online_shoppers_intention,pure_hydra_8l,12330,17,16384,6165,3,3,ok,,0.4012914579361677,0.17724864277988672,0.5357816219329834
46947,online_shoppers_intention,pure_hydra_8l,12330,17,16384,6165,3,4,ok,,0.39726221188902855,0.17748383898288012,0.5357816219329834
46947,online_shoppers_intention,hybrid_12l,12330,17,16384,6165,3,4,ok,,0.7291165944188833,0.507662296295166,0.8962487578392029
46947,online_shoppers_intention,hybrid_12l,12330,17,16384,6165,3,5,ok,,0.7542335446923971,0.5073186056688428,0.8962487578392029
46947,online_shoppers_intention,pure_hydra_8l,12330,17,16384,6165,3,5,ok,,0.4428025269880891,0.17736600525677204,0.5357816219329834
46947,online_shoppers_intention,hybrid_12l,12330,17,16384,6165,3,6,ok,,0.727953340858221,0.5069259200245142,0.8962487578392029
46947,online_shoppers_intention,pure_hydra_8l,12330,17,16384,6165,3,6,ok,,0.4003378292545676,0.17733250185847282,0.5357816219329834
46947,online_shoppers_intention,hybrid_12l,12330,17,16384,6165,3,7,ok,,0.7369104037061334,0.5071486122906208,0.8962487578392029
46947,online_shoppers_intention,pure_hydra_8l,12330,17,16384,6165,3,7,ok,,0.7992714494466782,0.17715201899409294,0.5357816219329834
46947,online_shoppers_intention,pure_hydra_8l,12330,17,16384,6165,3,8,ok,,0.39732611272484064,0.1771354479715228,0.5357816219329834
46947,online_shoppers_intention,hybrid_12l,12330,17,16384,6165,3,8,ok,,0.7295847311615944,0.5078560030087829,0.8962487578392029
46947,online_shoppers_intention,pure_hydra_8l,12330,17,16384,6165,3,9,ok,,0.3979597631841898,0.17731705214828253,0.5357816219329834
46947,online_shoppers_intention,hybrid_12l,12330,17,16384,6165,3,9,ok,,0.729640556499362,0.5080112870782614,0.8962487578392029
46947,online_shoppers_intention,pure_hydra_8l,12330,17,16384,6165,3,10,ok,,0.3967502797022462,0.17716688755899668,0.5357816219329834
46947,online_shoppers_intention,hybrid_12l,12330,17,16384,6165,3,10,ok,,0.7276584012433887,0.5070743812248111,0.8962487578392029
46947,online_shoppers_intention,hybrid_12l,12330,17,16384,6165,3,11,ok,,0.747398030012846,0.5070782778784633,0.8962487578392029
46947,online_shoppers_intention,pure_hydra_8l,12330,17,16384,6165,3,11,ok,,0.39654953964054585,0.17689635511487722,0.5357816219329834
46947,online_shoppers_intention,pure_hydra_8l,12330,17,16384,6165,3,12,ok,,0.3981631379574537,0.17752317152917385,0.5357816219329834
46947,online_shoppers_intention,hybrid_12l,12330,17,16384,6165,3,12,ok,,0.7284645074978471,0.5072682062163949,0.8962487578392029
46947,online_shoppers_intention,pure_hydra_8l,12330,17,16384,6165,3,13,ok,,0.39712036214768887,0.17662501987069845,0.5357816219329834
46947,online_shoppers_intention,hybrid_12l,12330,17,16384,6165,3,13,ok,,0.7296166606247425,0.5074051972478628,0.8962487578392029
46947,online_shoppers_intention,pure_hydra_8l,12330,17,16384,6165,3,14,ok,,0.39866822492331266,0.17776360735297203,0.5357816219329834
46947,online_shoppers_intention,hybrid_12l,12330,17,16384,6165,3,14,ok,,0.7283925618976355,0.5076799280941486,0.8962487578392029
46947,online_shoppers_intention,pure_hydra_8l,12330,17,16384,6165,3,15,ok,,0.40112113393843174,0.17739476822316647,0.5357816219329834
46947,online_shoppers_intention,hybrid_12l,12330,17,16384,6165,3,15,ok,,0.7357941083610058,0.5077647594735026,0.8962487578392029
46947,online_shoppers_intention,hybrid_12l,12330,17,16384,6165,4,1,ok,,0.7325536468997598,0.5071807717904449,0.9058281183242798
46947,online_shoppers_intention,pure_hydra_8l,12330,17,16384,6165,4,1,ok,,0.39107695780694485,0.17701462842524052,0.5403380990028381
46947,online_shoppers_intention,pure_hydra_8l,12330,17,16384,6165,4,2,ok,,0.6086006471887231,0.1767993001267314,0.5403380990028381
46947,online_shoppers_intention,hybrid_12l,12330,17,16384,6165,4,2,ok,,0.7236611740663648,0.5077044740319252,0.9058281183242798
46947,online_shoppers_intention,hybrid_12l,12330,17,16384,6165,4,3,ok,,0.7225400283932686,0.5076649291440845,0.9058281183242798
46947,online_shoppers_intention,pure_hydra_8l,12330,17,16384,6165,4,3,ok,,0.39034014102071524,0.17712644021958113,0.5403380990028381
46947,online_shoppers_intention,hybrid_12l,12330,17,16384,6165,4,4,ok,,0.7220536665990949,0.5076408227905631,0.9058281183242798
46947,online_shoppers_intention,pure_hydra_8l,12330,17,16384,6165,4,4,ok,,0.39135167840868235,0.17746116407215595,0.5403380990028381
46947,online_shoppers_intention,pure_hydra_8l,12330,17,16384,6165,4,5,ok,,0.7952381232753396,0.1778137432411313,0.5403380990028381
46947,online_shoppers_intention,hybrid_12l,12330,17,16384,6165,4,5,ok,,1.1326724793761969,0.5074319271370769,0.9058281183242798
46947,online_shoppers_intention,hybrid_12l,12330,17,16384,6165,4,6,ok,,1.172103876248002,0.5075758500024676,0.9058281183242798
46947,online_shoppers_intention,pure_hydra_8l,12330,17,16384,6165,4,6,ok,,0.791685308329761,0.1774740694090724,0.5403380990028381
46947,online_shoppers_intention,pure_hydra_8l,12330,17,16384,6165,4,7,ok,,0.4760940168052912,0.17708333767950535,0.5403380990028381
46947,online_shoppers_intention,hybrid_12l,12330,17,16384,6165,4,7,ok,,0.7227871362119913,0.507794763892889,0.9058281183242798
46947,online_shoppers_intention,pure_hydra_8l,12330,17,16384,6165,4,8,ok,,0.3909376338124275,0.17734794039279222,0.5403380990028381
46947,online_shoppers_intention,hybrid_12l,12330,17,16384,6165,4,8,ok,,0.7218732936307788,0.507454589009285,0.9058281183242798
46947,online_shoppers_intention,hybrid_12l,12330,17,16384,6165,4,9,ok,,0.7224131962284446,0.507269399240613,0.9058281183242798
46947,online_shoppers_intention,pure_hydra_8l,12330,17,16384,6165,4,9,ok,,0.39055776223540306,0.17748900689184666,0.5403380990028381
46947,online_shoppers_intention,hybrid_12l,12330,17,16384,6165,4,10,ok,,0.7221783017739654,0.5074763810262084,0.9058281183242798
46947,online_shoppers_intention,pure_hydra_8l,12330,17,16384,6165,4,10,ok,,0.39224141370505095,0.17759394645690918,0.5403380990028381
46947,online_shoppers_intention,pure_hydra_8l,12330,17,16384,6165,4,11,ok,,0.3944840533658862,0.17766666412353516,0.5403380990028381
46947,online_shoppers_intention,hybrid_12l,12330,17,16384,6165,4,11,ok,,0.7205619784072042,0.5073994649574161,0.9058281183242798
46947,online_shoppers_intention,pure_hydra_8l,12330,17,16384,6165,4,12,ok,,0.388664323836565,0.17706755828112364,0.5403380990028381
46947,online_shoppers_intention,hybrid_12l,12330,17,16384,6165,4,12,ok,,0.720877124927938,0.508111635223031,0.9058281183242798
46947,online_shoppers_intention,pure_hydra_8l,12330,17,16384,6165,4,13,ok,,0.388127937912941,0.17793423030525446,0.5403380990028381
46947,online_shoppers_intention,hybrid_12l,12330,17,16384,6165,4,13,ok,,0.7192914402112365,0.5076548475772142,0.9058281183242798
46947,online_shoppers_intention,pure_hydra_8l,12330,17,16384,6165,4,14,ok,,0.3878720523789525,0.17729259561747313,0.5403380990028381
46947,online_shoppers_intention,hybrid_12l,12330,17,16384,6165,4,14,ok,,0.7200626824051142,0.5078804465010762,0.9058281183242798
46947,online_shoppers_intention,pure_hydra_8l,12330,17,16384,6165,4,15,ok,,0.40836308524012566,0.17743849102407694,0.5403380990028381
46947,online_shoppers_intention,hybrid_12l,12330,17,16384,6165,4,15,ok,,0.7222188478335738,0.5076163345947862,0.9058281183242798
46947,online_shoppers_intention,pure_hydra_8l,12330,17,16384,6165,5,1,ok,,0.3925778307020664,0.1767724696546793,0.5528368949890137
46947,online_shoppers_intention,hybrid_12l,12330,17,16384,6165,5,1,ok,,0.7256545294076204,0.5075759887695312,0.8947509527206421
46947,online_shoppers_intention,hybrid_12l,12330,17,16384,6165,5,2,ok,,0.7233143532648683,0.5074121681973338,0.8947509527206421
46947,online_shoppers_intention,pure_hydra_8l,12330,17,16384,6165,5,2,ok,,0.3930732598528266,0.17737962026149035,0.5528368949890137
46947,online_shoppers_intention,pure_hydra_8l,12330,17,16384,6165,5,3,ok,,0.39232263527810574,0.17731809243559837,0.5528368949890137
46947,online_shoppers_intention,hybrid_12l,12330,17,16384,6165,5,3,ok,,0.7242364715784788,0.5073944944888353,0.8947509527206421
46947,online_shoppers_intention,hybrid_12l,12330,17,16384,6165,5,4,ok,,0.730001044459641,0.5077694552019238,0.8947509527206421
46947,online_shoppers_intention,pure_hydra_8l,12330,17,16384,6165,5,4,ok,,0.39251718670129776,0.17751927394419909,0.5528368949890137
46947,online_shoppers_intention,pure_hydra_8l,12330,17,16384,6165,5,5,ok,,0.3931142156943679,0.1776163075119257,0.5528368949890137
46947,online_shoppers_intention,hybrid_12l,12330,17,16384,6165,5,5,ok,,0.7247122619301081,0.5077352905645967,0.8947509527206421
46947,online_shoppers_intention,hybrid_12l,12330,17,16384,6165,5,6,ok,,0.7527418220415711,0.5079606771469116,0.8947509527206421
46947,online_shoppers_intention,pure_hydra_8l,12330,17,16384,6165,5,6,ok,,0.42514498997479677,0.17764468118548393,0.5528368949890137
46947,online_shoppers_intention,pure_hydra_8l,12330,17,16384,6165,5,7,ok,,0.39417274203151464,0.17740330379456282,0.5528368949890137
46947,online_shoppers_intention,hybrid_12l,12330,17,16384,6165,5,7,ok,,0.7227125316858292,0.5068835653364658,0.8947509527206421
46947,online_shoppers_intention,pure_hydra_8l,12330,17,16384,6165,5,8,ok,,0.3972393237054348,0.17745601385831833,0.5528368949890137
46947,online_shoppers_intention,hybrid_12l,12330,17,16384,6165,5,8,ok,,0.7245845999568701,0.5077603971585631,0.8947509527206421
46947,online_shoppers_intention,pure_hydra_8l,12330,17,16384,6165,5,9,ok,,0.39918413013219833,0.1773913810029626,0.5528368949890137
46947,online_shoppers_intention,hybrid_12l,12330,17,16384,6165,5,9,ok,,0.7247641095891595,0.5074374349787831,0.8947509527206421
46947,online_shoppers_intention,hybrid_12l,12330,17,16384,6165,5,10,ok,,0.7669057138264179,0.5080099096521735,0.8947509527206421
46947,online_shoppers_intention,pure_hydra_8l,12330,17,16384,6165,5,10,ok,,0.3933899085968733,0.17737696412950754,0.5528368949890137
46947,online_shoppers_intention,pure_hydra_8l,12330,17,16384,6165,5,11,ok,,0.39294726960361004,0.1772489221766591,0.5528368949890137
46947,online_shoppers_intention,hybrid_12l,12330,17,16384,6165,5,11,ok,,0.7257684217765927,0.5076791914179921,0.8947509527206421
46947,online_shoppers_intention,pure_hydra_8l,12330,17,16384,6165,5,12,ok,,0.3981265341863036,0.1771877957507968,0.5528368949890137
46947,online_shoppers_intention,hybrid_12l,12330,17,16384,6165,5,12,ok,,0.7337879408150911,0.5077961338683963,0.8947509527206421
46947,online_shoppers_intention,pure_hydra_8l,12330,17,16384,6165,5,13,ok,,0.39959519915282726,0.1806949619203806,0.5528368949890137
46947,online_shoppers_intention,hybrid_12l,12330,17,16384,6165,5,13,ok,,0.7255132282152772,0.5080783385783434,0.8947509527206421
46947,online_shoppers_intention,hybrid_12l,12330,17,16384,6165,5,14,ok,,0.730266566388309,0.5077586425468326,0.8947509527206421
46947,online_shoppers_intention,pure_hydra_8l,12330,17,16384,6165,5,14,ok,,0.3949076244607568,0.17765112407505512,0.5528368949890137
46947,online_shoppers_intention,pure_hydra_8l,12330,17,16384,6165,5,15,ok,,0.3944688532501459,0.17764059454202652,0.5528368949890137
46947,online_shoppers_intention,hybrid_12l,12330,17,16384,6165,5,15,ok,,0.7337329350411892,0.5074484450742602,0.8947509527206421
46937,in_vehicle_coupon_recommendation,pure_hydra_8l,12684,24,16384,6342,1,1,ok,,0.5019319215789437,0.181363670155406,0.5213091969490051
46937,in_vehicle_coupon_recommendation,hybrid_12l,12684,24,16384,6342,1,1,ok,,0.85040551610291,0.5215298309922218,0.5974100232124329
46937,in_vehicle_coupon_recommendation,pure_hydra_8l,12684,24,16384,6342,1,2,ok,,0.5076700057834387,0.1814604727551341,0.5213091969490051
46937,in_vehicle_coupon_recommendation,hybrid_12l,12684,24,16384,6342,1,2,ok,,0.8445142013952136,0.5214131884276867,0.5974100232124329
46937,in_vehicle_coupon_recommendation,pure_hydra_8l,12684,24,16384,6342,1,3,ok,,0.5003795782104135,0.18070573266595602,0.5213091969490051
46937,in_vehicle_coupon_recommendation,hybrid_12l,12684,24,16384,6342,1,3,ok,,0.8450228748843074,0.5217623207718134,0.5974100232124329
46937,in_vehicle_coupon_recommendation,hybrid_12l,12684,24,16384,6342,1,4,ok,,0.8435207381844521,0.5221162121742964,0.5974100232124329
46937,in_vehicle_coupon_recommendation,pure_hydra_8l,12684,24,16384,6342,1,4,ok,,0.49941517133265734,0.18112884368747473,0.5213091969490051
46937,in_vehicle_coupon_recommendation,pure_hydra_8l,12684,24,16384,6342,1,5,ok,,0.49976551439613104,0.18126809876412153,0.5213091969490051
46937,in_vehicle_coupon_recommendation,hybrid_12l,12684,24,16384,6342,1,5,ok,,0.8423119354993105,0.5217635529115796,0.5974100232124329
46937,in_vehicle_coupon_recommendation,hybrid_12l,12684,24,16384,6342,1,6,ok,,0.8417981322854757,0.5213202144950628,0.5974100232124329
46937,in_vehicle_coupon_recommendation,pure_hydra_8l,12684,24,16384,6342,1,6,ok,,0.5054788319393992,0.18103655893355608,0.5213091969490051
46937,in_vehicle_coupon_recommendation,hybrid_12l,12684,24,16384,6342,1,7,ok,,0.8462849454954267,0.5215511815622449,0.5974100232124329
46937,in_vehicle_coupon_recommendation,pure_hydra_8l,12684,24,16384,6342,1,7,ok,,0.5032512899488211,0.18146155402064323,0.5213091969490051
46937,in_vehicle_coupon_recommendation,pure_hydra_8l,12684,24,16384,6342,1,8,ok,,0.5209476565942168,0.18197651952505112,0.5213091969490051
46937,in_vehicle_coupon_recommendation,hybrid_12l,12684,24,16384,6342,1,8,ok,,0.8555832067504525,0.5218305103480816,0.5974100232124329
46937,in_vehicle_coupon_recommendation,hybrid_12l,12684,24,16384,6342,1,9,ok,,0.8436211459338665,0.5219136364758015,0.5974100232124329
46937,in_vehicle_coupon_recommendation,pure_hydra_8l,12684,24,16384,6342,1,9,ok,,0.5000098869204521,0.18147861678153276,0.5213091969490051
46937,in_vehicle_coupon_recommendation,pure_hydra_8l,12684,24,16384,6342,1,10,ok,,0.5000394023954868,0.1808186760172248,0.5213091969490051
46937,in_vehicle_coupon_recommendation,hybrid_12l,12684,24,16384,6342,1,10,ok,,0.8424818869680166,0.5219451067969203,0.5974100232124329
46937,in_vehicle_coupon_recommendation,pure_hydra_8l,12684,24,16384,6342,1,11,ok,,0.5022891452535987,0.18123602587729692,0.5213091969490051
46937,in_vehicle_coupon_recommendation,hybrid_12l,12684,24,16384,6342,1,11,ok,,0.8414715519174933,0.5221191365271807,0.5974100232124329
46937,in_vehicle_coupon_recommendation,pure_hydra_8l,12684,24,16384,6342,1,12,ok,,0.503256949596107,0.18144967127591372,0.5213091969490051
46937,in_vehicle_coupon_recommendation,hybrid_12l,12684,24,16384,6342,1,12,ok,,0.841965489089489,0.5221273424103856,0.5974100232124329
46937,in_vehicle_coupon_recommendation,pure_hydra_8l,12684,24,16384,6342,1,13,ok,,0.499834805727005,0.18126357812434435,0.5213091969490051
46937,in_vehicle_coupon_recommendation,hybrid_12l,12684,24,16384,6342,1,13,ok,,0.8435215065255761,0.5216453177854419,0.5974100232124329
46937,in_vehicle_coupon_recommendation,hybrid_12l,12684,24,16384,6342,1,14,ok,,0.8679912211373448,0.521644908003509,0.5974100232124329
46937,in_vehicle_coupon_recommendation,pure_hydra_8l,12684,24,16384,6342,1,14,ok,,0.500310966745019,0.1811080537736416,0.5213091969490051
46937,in_vehicle_coupon_recommendation,pure_hydra_8l,12684,24,16384,6342,1,15,ok,,0.4995776768773794,0.18104222882539034,0.5213091969490051
46937,in_vehicle_coupon_recommendation,hybrid_12l,12684,24,16384,6342,1,15,ok,,0.8591734189540148,0.5219271313399076,0.5974100232124329
46937,in_vehicle_coupon_recommendation,hybrid_12l,12684,24,16384,6342,2,1,ok,,0.8547577997669578,0.5220072343945503,0.6258565783500671
46937,in_vehicle_coupon_recommendation,pure_hydra_8l,12684,24,16384,6342,2,1,ok,,0.512748927809298,0.1817314550280571,0.5165887475013733
46937,in_vehicle_coupon_recommendation,hybrid_12l,12684,24,16384,6342,2,2,ok,,0.8537130998447537,0.5214950032532215,0.6258565783500671
46937,in_vehicle_coupon_recommendation,pure_hydra_8l,12684,24,16384,6342,2,2,ok,,0.5128600085154176,0.181367514654994,0.5165887475013733
46937,in_vehicle_coupon_recommendation,pure_hydra_8l,12684,24,16384,6342,2,3,ok,,0.528786170296371,0.18171379063278437,0.5165887475013733
46937,in_vehicle_coupon_recommendation,hybrid_12l,12684,24,16384,6342,2,3,ok,,0.8606181871145964,0.5219348566606641,0.6258565783500671
46937,in_vehicle_coupon_recommendation,hybrid_12l,12684,24,16384,6342,2,4,ok,,0.8548501450568438,0.5222596311941743,0.6258565783500671
46937,in_vehicle_coupon_recommendation,pure_hydra_8l,12684,24,16384,6342,2,4,ok,,0.5126559818163514,0.18095647729933262,0.5165887475013733
46937,in_vehicle_coupon_recommendation,hybrid_12l,12684,24,16384,6342,2,5,ok,,0.854693197645247,0.5217014644294977,0.6258565783500671
46937,in_vehicle_coupon_recommendation,pure_hydra_8l,12684,24,16384,6342,2,5,ok,,0.5136464983224869,0.18115779850631952,0.5165887475013733
46937,in_vehicle_coupon_recommendation,hybrid_12l,12684,24,16384,6342,2,6,ok,,0.8570120017975569,0.5220793001353741,0.6258565783500671
46937,in_vehicle_coupon_recommendation,pure_hydra_8l,12684,24,16384,6342,2,6,ok,,0.5137926749885082,0.18168792221695185,0.5165887475013733
46937,in_vehicle_coupon_recommendation,pure_hydra_8l,12684,24,16384,6342,2,7,ok,,0.5302869435399771,0.18136498145759106,0.5165887475013733
46937,in_vehicle_coupon_recommendation,hybrid_12l,12684,24,16384,6342,2,7,ok,,0.8560786033049226,0.5221543116495013,0.6258565783500671
46937,in_vehicle_coupon_recommendation,pure_hydra_8l,12684,24,16384,6342,2,8,ok,,0.5147648071870208,0.1812132028862834,0.5165887475013733
46937,in_vehicle_coupon_recommendation,hybrid_12l,12684,24,16384,6342,2,8,ok,,0.8548517767339945,0.5215437337756157,0.6258565783500671
46937,in_vehicle_coupon_recommendation,hybrid_12l,12684,24,16384,6342,2,9,ok,,0.8566349260509014,0.5219185743480921,0.6258565783500671
46937,in_vehicle_coupon_recommendation,pure_hydra_8l,12684,24,16384,6342,2,9,ok,,0.5125910462811589,0.1814868627116084,0.5165887475013733
46937,in_vehicle_coupon_recommendation,hybrid_12l,12684,24,16384,6342,2,10,ok,,0.8548070816323161,0.5218031257390976,0.6258565783500671
46937,in_vehicle_coupon_recommendation,pure_hydra_8l,12684,24,16384,6342,2,10,ok,,0.5129093704745173,0.18156517017632723,0.5165887475013733
46937,in_vehicle_coupon_recommendation,pure_hydra_8l,12684,24,16384,6342,2,11,ok,,0.5162159875035286,0.18052856530994177,0.5165887475013733
46937,in_vehicle_coupon_recommendation,hybrid_12l,12684,24,16384,6342,2,11,ok,,0.8547219196334481,0.5219060098752379,0.6258565783500671
46937,in_vehicle_coupon_recommendation,pure_hydra_8l,12684,24,16384,6342,2,12,ok,,0.5128584746271372,0.18126809690147638,0.5165887475013733
46937,in_vehicle_coupon_recommendation,hybrid_12l,12684,24,16384,6342,2,12,ok,,0.8527382295578718,0.5211281860247254,0.6258565783500671
46937,in_vehicle_coupon_recommendation,hybrid_12l,12684,24,16384,6342,2,13,ok,,0.8641956737264991,0.5211418718099594,0.6258565783500671
46937,in_vehicle_coupon_recommendation,pure_hydra_8l,12684,24,16384,6342,2,13,ok,,0.5134424800053239,0.18057334143668413,0.5165887475013733
46937,in_vehicle_coupon_recommendation,pure_hydra_8l,12684,24,16384,6342,2,14,ok,,0.5125178685411811,0.18124205712229013,0.5165887475013733
46937,in_vehicle_coupon_recommendation,hybrid_12l,12684,24,16384,6342,2,14,ok,,0.854696792550385,0.521953790448606,0.6258565783500671
46937,in_vehicle_coupon_recommendation,hybrid_12l,12684,24,16384,6342,2,15,ok,,0.8539120145142078,0.5219769831746817,0.6258565783500671
46937,in_vehicle_coupon_recommendation,pure_hydra_8l,12684,24,16384,6342,2,15,ok,,0.5575340604409575,0.18184173293411732,0.5165887475013733
46937,in_vehicle_coupon_recommendation,pure_hydra_8l,12684,24,16384,6342,3,1,ok,,0.5230916868895292,0.18184775579720736,0.5159682631492615
46937,in_vehicle_coupon_recommendation,hybrid_12l,12684,24,16384,6342,3,1,ok,,0.8473097020760179,0.5217824559658766,0.6041458249092102
46937,in_vehicle_coupon_recommendation,hybrid_12l,12684,24,16384,6342,3,2,ok,,0.8473565010353923,0.5219471175223589,0.6041458249092102
46937,in_vehicle_coupon_recommendation,pure_hydra_8l,12684,24,16384,6342,3,2,ok,,0.5112082064151764,0.1810592906549573,0.5159682631492615
46937,in_vehicle_coupon_recommendation,pure_hydra_8l,12684,24,16384,6342,3,3,ok,,0.5047009736299515,0.1817101538181305,0.5159682631492615
46937,in_vehicle_coupon_recommendation,hybrid_12l,12684,24,16384,6342,3,3,ok,,0.8543373085558414,0.5217664549127221,0.6041458249092102
46937,in_vehicle_coupon_recommendation,pure_hydra_8l,12684,24,16384,6342,3,4,ok,,0.5048722885549068,0.1811795486137271,0.5159682631492615
46937,in_vehicle_coupon_recommendation,hybrid_12l,12684,24,16384,6342,3,4,ok,,0.8458259990438819,0.5221742978319526,0.6041458249092102
46937,in_vehicle_coupon_recommendation,hybrid_12l,12684,24,16384,6342,3,5,ok,,0.848911726847291,0.5212293863296509,0.6041458249092102
46937,in_vehicle_coupon_recommendation,pure_hydra_8l,12684,24,16384,6342,3,5,ok,,0.5136018507182598,0.181012992747128,0.5159682631492615
46937,in_vehicle_coupon_recommendation,hybrid_12l,12684,24,16384,6342,3,6,ok,,0.8921189801767468,0.5216416986659169,0.6041458249092102
46937,in_vehicle_coupon_recommendation,pure_hydra_8l,12684,24,16384,6342,3,6,ok,,0.5051959306001663,0.18089494947344065,0.5159682631492615
46937,in_vehicle_coupon_recommendation,pure_hydra_8l,12684,24,16384,6342,3,7,ok,,0.5036015203222632,0.18155862670391798,0.5159682631492615
46937,in_vehicle_coupon_recommendation,hybrid_12l,12684,24,16384,6342,3,7,ok,,0.8467737948521972,0.5215990170836449,0.6041458249092102
46937,in_vehicle_coupon_recommendation,hybrid_12l,12684,24,16384,6342,3,8,ok,,0.8486076705157757,0.5210818471387029,0.6041458249092102
46937,in_vehicle_coupon_recommendation,pure_hydra_8l,12684,24,16384,6342,3,8,ok,,0.5568959591910243,0.18123575579375029,0.5159682631492615
46937,in_vehicle_coupon_recommendation,pure_hydra_8l,12684,24,16384,6342,3,9,ok,,0.6045837327837944,0.1811595307663083,0.5159682631492615
46937,in_vehicle_coupon_recommendation,hybrid_12l,12684,24,16384,6342,3,9,ok,,0.8847184553742409,0.5222101854160428,0.6041458249092102
46937,in_vehicle_coupon_recommendation,hybrid_12l,12684,24,16384,6342,3,10,ok,,0.9221762716770172,0.5219953386113048,0.6041458249092102
46937,in_vehicle_coupon_recommendation,pure_hydra_8l,12684,24,16384,6342,3,10,ok,,0.623633835464716,0.18193099182099104,0.5159682631492615
46937,in_vehicle_coupon_recommendation,hybrid_12l,12684,24,16384,6342,3,11,ok,,0.8464917195960879,0.5222213063389063,0.6041458249092102
46937,in_vehicle_coupon_recommendation,pure_hydra_8l,12684,24,16384,6342,3,11,ok,,0.505425276234746,0.18216932471841574,0.5159682631492615
46937,in_vehicle_coupon_recommendation,pure_hydra_8l,12684,24,16384,6342,3,12,ok,,0.5044964142143726,0.18110335431993008,0.5159682631492615
46937,in_vehicle_coupon_recommendation,hybrid_12l,12684,24,16384,6342,3,12,ok,,0.8506750073283911,0.5223091319203377,0.6041458249092102
46937,in_vehicle_coupon_recommendation,pure_hydra_8l,12684,24,16384,6342,3,13,ok,,0.5076513132080436,0.18119021877646446,0.5159682631492615
46937,in_vehicle_coupon_recommendation,hybrid_12l,12684,24,16384,6342,3,13,ok,,0.8533758157864213,0.5220841560512781,0.6041458249092102
46937,in_vehicle_coupon_recommendation,pure_hydra_8l,12684,24,16384,6342,3,14,ok,,0.8673436660319567,0.18193751480430365,0.5159682631492615
46937,in_vehicle_coupon_recommendation,hybrid_12l,12684,24,16384,6342,3,14,ok,,0.8496649023145437,0.5221791360527277,0.6041458249092102
46937,in_vehicle_coupon_recommendation,hybrid_12l,12684,24,16384,6342,3,15,ok,,0.8486529346555471,0.522427505813539,0.6041458249092102
46937,in_vehicle_coupon_recommendation,pure_hydra_8l,12684,24,16384,6342,3,15,ok,,0.5086035383865237,0.18144952040165663,0.5159682631492615
46937,in_vehicle_coupon_recommendation,hybrid_12l,12684,24,16384,6342,4,1,ok,,0.8458688575774431,0.5218365266919136,0.6054520010948181
46937,in_vehicle_coupon_recommendation,pure_hydra_8l,12684,24,16384,6342,4,1,ok,,0.5073165092617273,0.18113337084650993,0.5208504796028137
46937,in_vehicle_coupon_recommendation,pure_hydra_8l,12684,24,16384,6342,4,2,ok,,0.5038252715021372,0.18183306697756052,0.5208504796028137
46937,in_vehicle_coupon_recommendation,hybrid_12l,12684,24,16384,6342,4,2,ok,,0.8465946624055505,0.5227364618331194,0.6054520010948181
46937,in_vehicle_coupon_recommendation,pure_hydra_8l,12684,24,16384,6342,4,3,ok,,0.5026496043428779,0.18122734874486923,0.5208504796028137
46937,in_vehicle_coupon_recommendation,hybrid_12l,12684,24,16384,6342,4,3,ok,,0.8457292430102825,0.522008853033185,0.6054520010948181
46937,in_vehicle_coupon_recommendation,pure_hydra_8l,12684,24,16384,6342,4,4,ok,,0.5033618342131376,0.18169406335800886,0.5208504796028137
46937,in_vehicle_coupon_recommendation,hybrid_12l,12684,24,16384,6342,4,4,ok,,0.8462721919640899,0.5225873878225684,0.6054520010948181
46937,in_vehicle_coupon_recommendation,pure_hydra_8l,12684,24,16384,6342,4,5,ok,,0.5047712652012706,0.18174825608730316,0.5208504796028137
46937,in_vehicle_coupon_recommendation,hybrid_12l,12684,24,16384,6342,4,5,ok,,0.8448395961895585,0.5228957328945398,0.6054520010948181
46937,in_vehicle_coupon_recommendation,hybrid_12l,12684,24,16384,6342,4,6,ok,,0.84393344912678,0.5227622799575329,0.6054520010948181
46937,in_vehicle_coupon_recommendation,pure_hydra_8l,12684,24,16384,6342,4,6,ok,,0.5045246165245771,0.18209658470004797,0.5208504796028137
46937,in_vehicle_coupon_recommendation,pure_hydra_8l,12684,24,16384,6342,4,7,ok,,0.5029994267970324,0.18205484561622143,0.5208504796028137
46937,in_vehicle_coupon_recommendation,hybrid_12l,12684,24,16384,6342,4,7,ok,,0.843036949634552,0.5220072390511632,0.6054520010948181
46937,in_vehicle_coupon_recommendation,pure_hydra_8l,12684,24,16384,6342,4,8,ok,,0.5039525218307972,0.18130468484014273,0.5208504796028137
46937,in_vehicle_coupon_recommendation,hybrid_12l,12684,24,16384,6342,4,8,ok,,0.8452165899798274,0.5228141983971,0.6054520010948181
46937,in_vehicle_coupon_recommendation,hybrid_12l,12684,24,16384,6342,4,9,ok,,0.884729290381074,0.5225930688902736,0.6054520010948181
46937,in_vehicle_coupon_recommendation,pure_hydra_8l,12684,24,16384,6342,4,9,ok,,0.5035296501591802,0.1809507431462407,0.5208504796028137
46937,in_vehicle_coupon_recommendation,hybrid_12l,12684,24,16384,6342,4,10,ok,,0.8452095668762922,0.5216166581958532,0.6054520010948181
46937,in_vehicle_coupon_recommendation,pure_hydra_8l,12684,24,16384,6342,4,10,ok,,0.5371388951316476,0.1811282616108656,0.5208504796028137
46937,in_vehicle_coupon_recommendation,pure_hydra_8l,12684,24,16384,6342,4,11,ok,,0.5007268497720361,0.1816113367676735,0.5208504796028137
46937,in_vehicle_coupon_recommendation,hybrid_12l,12684,24,16384,6342,4,11,ok,,0.8426707349717617,0.5220156339928508,0.6054520010948181
46937,in_vehicle_coupon_recommendation,hybrid_12l,12684,24,16384,6342,4,12,ok,,0.8448871951550245,0.5220584236085415,0.6054520010948181
46937,in_vehicle_coupon_recommendation,pure_hydra_8l,12684,24,16384,6342,4,12,ok,,0.5307770585641265,0.18171014357358217,0.5208504796028137
46937,in_vehicle_coupon_recommendation,pure_hydra_8l,12684,24,16384,6342,4,13,ok,,0.5295203970745206,0.18090322334319353,0.5208504796028137
46937,in_vehicle_coupon_recommendation,hybrid_12l,12684,24,16384,6342,4,13,ok,,0.9353081239387393,0.5215073693543673,0.6054520010948181
46937,in_vehicle_coupon_recommendation,hybrid_12l,12684,24,16384,6342,4,14,ok,,1.2855689004063606,0.5222494658082724,0.6054520010948181
46937,in_vehicle_coupon_recommendation,pure_hydra_8l,12684,24,16384,6342,4,14,ok,,0.5707727735862136,0.1816439675167203,0.5208504796028137
46937,in_vehicle_coupon_recommendation,hybrid_12l,12684,24,16384,6342,4,15,ok,,0.8788119358941913,0.5218845354393125,0.6054520010948181
46937,in_vehicle_coupon_recommendation,pure_hydra_8l,12684,24,16384,6342,4,15,ok,,0.5007530078291893,0.18127813376486301,0.5208504796028137
46937,in_vehicle_coupon_recommendation,pure_hydra_8l,12684,24,16384,6342,5,1,ok,,0.5093800481408834,0.18084939196705818,0.5042026042938232
46937,in_vehicle_coupon_recommendation,hybrid_12l,12684,24,16384,6342,5,1,ok,,0.8502661185339093,0.5223850337788463,0.6145070195198059
46937,in_vehicle_coupon_recommendation,hybrid_12l,12684,24,16384,6342,5,2,ok,,0.858130200766027,0.5220452388748527,0.6145070195198059
46937,in_vehicle_coupon_recommendation,pure_hydra_8l,12684,24,16384,6342,5,2,ok,,0.5125340539962053,0.18120274133980274,0.5042026042938232
46937,in_vehicle_coupon_recommendation,hybrid_12l,12684,24,16384,6342,5,3,ok,,0.8527970341965556,0.5221766782924533,0.6145070195198059
46937,in_vehicle_coupon_recommendation,pure_hydra_8l,12684,24,16384,6342,5,3,ok,,0.5146719366312027,0.1813105447217822,0.5042026042938232
46937,in_vehicle_coupon_recommendation,pure_hydra_8l,12684,24,16384,6342,5,4,ok,,0.5104027353227139,0.18148040771484375,0.5042026042938232
46937,in_vehicle_coupon_recommendation,hybrid_12l,12684,24,16384,6342,5,4,ok,,0.852810169570148,0.521658937446773,0.6145070195198059
46937,in_vehicle_coupon_recommendation,pure_hydra_8l,12684,24,16384,6342,5,5,ok,,0.5106227723881602,0.18133002147078514,0.5042026042938232
46937,in_vehicle_coupon_recommendation,hybrid_12l,12684,24,16384,6342,5,5,ok,,0.8544057020917535,0.5219630338251591,0.6145070195198059
46937,in_vehicle_coupon_recommendation,hybrid_12l,12684,24,16384,6342,5,6,ok,,1.0506082084029913,0.5223451275378466,0.6145070195198059
46937,in_vehicle_coupon_recommendation,pure_hydra_8l,12684,24,16384,6342,5,6,ok,,0.528024279512465,0.1821700045838952,0.5042026042938232
46937,in_vehicle_coupon_recommendation,pure_hydra_8l,12684,24,16384,6342,5,7,ok,,0.8963016401976347,0.18091332260519266,0.5042026042938232
46937,in_vehicle_coupon_recommendation,hybrid_12l,12684,24,16384,6342,5,7,ok,,1.0865752315148711,0.5211192443966866,0.6145070195198059
46937,in_vehicle_coupon_recommendation,pure_hydra_8l,12684,24,16384,6342,5,8,ok,,0.510123766027391,0.18173845671117306,0.5042026042938232
46937,in_vehicle_coupon_recommendation,hybrid_12l,12684,24,16384,6342,5,8,ok,,0.8512482978403568,0.5218121269717813,0.6145070195198059
46937,in_vehicle_coupon_recommendation,pure_hydra_8l,12684,24,16384,6342,5,9,ok,,0.5089255552738905,0.18117438722401857,0.5042026042938232
46937,in_vehicle_coupon_recommendation,hybrid_12l,12684,24,16384,6342,5,9,ok,,0.8507386418059468,0.5213688565418124,0.6145070195198059
46937,in_vehicle_coupon_recommendation,pure_hydra_8l,12684,24,16384,6342,5,10,ok,,0.5103230830281973,0.18176315259188414,0.5042026042938232
46937,in_vehicle_coupon_recommendation,hybrid_12l,12684,24,16384,6342,5,10,ok,,0.8526925835758448,0.522015891969204,0.6145070195198059
46937,in_vehicle_coupon_recommendation,hybrid_12l,12684,24,16384,6342,5,11,ok,,0.8518135184422135,0.5218983693048358,0.6145070195198059
46937,in_vehicle_coupon_recommendation,pure_hydra_8l,12684,24,16384,6342,5,11,ok,,0.5122214509174228,0.18213707115501165,0.5042026042938232
46937,in_vehicle_coupon_recommendation,hybrid_12l,12684,24,16384,6342,5,12,ok,,0.8499286454170942,0.5217269947752357,0.6145070195198059
46937,in_vehicle_coupon_recommendation,pure_hydra_8l,12684,24,16384,6342,5,12,ok,,0.5164340026676655,0.18091100733727217,0.5042026042938232
46937,in_vehicle_coupon_recommendation,hybrid_12l,12684,24,16384,6342,5,13,ok,,0.8855642583221197,0.5216449899598956,0.6145070195198059
46937,in_vehicle_coupon_recommendation,pure_hydra_8l,12684,24,16384,6342,5,13,ok,,0.5113586550578475,0.18194613885134459,0.5042026042938232
46937,in_vehicle_coupon_recommendation,hybrid_12l,12684,24,16384,6342,5,14,ok,,0.8795504830777645,0.5224619079381227,0.6145070195198059
46937,in_vehicle_coupon_recommendation,pure_hydra_8l,12684,24,16384,6342,5,14,ok,,0.5347250765189528,0.1816385155543685,0.5042026042938232
46937,in_vehicle_coupon_recommendation,hybrid_12l,12684,24,16384,6342,5,15,ok,,0.8655911674723029,0.5211816411465406,0.6145070195198059
46937,in_vehicle_coupon_recommendation,pure_hydra_8l,12684,24,16384,6342,5,15,ok,,0.5307811424136162,0.18080251291394234,0.5042026042938232
46935,HR_Analytics_Job_Change_of_Data_Scientists,pure_hydra_8l,19093,12,16384,9546,1,1,ok,,0.5349316783249378,0.2849914226680994,0.5573407411575317
46935,HR_Analytics_Job_Change_of_Data_Scientists,hybrid_12l,19093,12,16384,9546,1,1,ok,,1.2440893864259124,0.9964169263839722,0.7515767216682434
46935,HR_Analytics_Job_Change_of_Data_Scientists,hybrid_12l,19093,12,16384,9546,1,2,ok,,1.2337555419653654,0.9964680448174477,0.7515767216682434
46935,HR_Analytics_Job_Change_of_Data_Scientists,pure_hydra_8l,19093,12,16384,9546,1,2,ok,,0.5249514142051339,0.2868618471547961,0.5573407411575317
46935,HR_Analytics_Job_Change_of_Data_Scientists,pure_hydra_8l,19093,12,16384,9546,1,3,ok,,0.5276182694360614,0.2876199036836624,0.5573407411575317
46935,HR_Analytics_Job_Change_of_Data_Scientists,hybrid_12l,19093,12,16384,9546,1,3,ok,,1.5248840544372797,0.9971770374104381,0.7515767216682434
46935,HR_Analytics_Job_Change_of_Data_Scientists,pure_hydra_8l,19093,12,16384,9546,1,4,ok,,0.5556843364611268,0.28648649621754885,0.5573407411575317
46935,HR_Analytics_Job_Change_of_Data_Scientists,hybrid_12l,19093,12,16384,9546,1,4,ok,,1.2383914068341255,0.9961221981793642,0.7515767216682434
46935,HR_Analytics_Job_Change_of_Data_Scientists,hybrid_12l,19093,12,16384,9546,1,5,ok,,1.662090865895152,0.9950829884037375,0.7515767216682434
46935,HR_Analytics_Job_Change_of_Data_Scientists,pure_hydra_8l,19093,12,16384,9546,1,5,ok,,0.9456618893891573,0.28595207165926695,0.5573407411575317
46935,HR_Analytics_Job_Change_of_Data_Scientists,hybrid_12l,19093,12,16384,9546,1,6,ok,,1.2601382872089744,0.9968092888593674,0.7515767216682434
46935,HR_Analytics_Job_Change_of_Data_Scientists,pure_hydra_8l,19093,12,16384,9546,1,6,ok,,0.5253959866240621,0.28539902344346046,0.5573407411575317
46935,HR_Analytics_Job_Change_of_Data_Scientists,pure_hydra_8l,19093,12,16384,9546,1,7,ok,,0.5248198937624693,0.2851032633334398,0.5573407411575317
46935,HR_Analytics_Job_Change_of_Data_Scientists,hybrid_12l,19093,12,16384,9546,1,7,ok,,1.2377059953287244,0.9964457005262375,0.7515767216682434
46935,HR_Analytics_Job_Change_of_Data_Scientists,pure_hydra_8l,19093,12,16384,9546,1,8,ok,,0.5252494774758816,0.28537222370505333,0.5573407411575317
46935,HR_Analytics_Job_Change_of_Data_Scientists,hybrid_12l,19093,12,16384,9546,1,8,ok,,1.2367630889639258,0.995866852812469,0.7515767216682434
46935,HR_Analytics_Job_Change_of_Data_Scientists,hybrid_12l,19093,12,16384,9546,1,9,ok,,1.236885080114007,0.9954592511057854,0.7515767216682434
46935,HR_Analytics_Job_Change_of_Data_Scientists,pure_hydra_8l,19093,12,16384,9546,1,9,ok,,0.5261553255841136,0.2861287174746394,0.5573407411575317
46935,HR_Analytics_Job_Change_of_Data_Scientists,hybrid_12l,19093,12,16384,9546,1,10,ok,,1.2885388284921646,0.9968162607401609,0.7515767216682434
46935,HR_Analytics_Job_Change_of_Data_Scientists,pure_hydra_8l,19093,12,16384,9546,1,10,ok,,0.5270718010142446,0.2868647612631321,0.5573407411575317
46935,HR_Analytics_Job_Change_of_Data_Scientists,pure_hydra_8l,19093,12,16384,9546,1,11,ok,,0.5252779629081488,0.28539396543055773,0.5573407411575317
46935,HR_Analytics_Job_Change_of_Data_Scientists,hybrid_12l,19093,12,16384,9546,1,11,ok,,1.456645280122757,0.9960330659523606,0.7515767216682434
46935,HR_Analytics_Job_Change_of_Data_Scientists,hybrid_12l,19093,12,16384,9546,1,12,ok,,1.2459593750536442,0.9958525942638516,0.7515767216682434
46935,HR_Analytics_Job_Change_of_Data_Scientists,pure_hydra_8l,19093,12,16384,9546,1,12,ok,,0.7744316263124347,0.28497143276035786,0.5573407411575317
46935,HR_Analytics_Job_Change_of_Data_Scientists,pure_hydra_8l,19093,12,16384,9546,1,13,ok,,0.602887449786067,0.2857199124991894,0.5573407411575317
46935,HR_Analytics_Job_Change_of_Data_Scientists,hybrid_12l,19093,12,16384,9546,1,13,ok,,1.2396705262362957,0.9966150093823671,0.7515767216682434
46935,HR_Analytics_Job_Change_of_Data_Scientists,pure_hydra_8l,19093,12,16384,9546,1,14,ok,,0.531876246444881,0.28605254366993904,0.5573407411575317
46935,HR_Analytics_Job_Change_of_Data_Scientists,hybrid_12l,19093,12,16384,9546,1,14,ok,,1.2426892071962357,0.9956738343462348,0.7515767216682434
46935,HR_Analytics_Job_Change_of_Data_Scientists,hybrid_12l,19093,12,16384,9546,1,15,ok,,1.2389595890417695,0.9965079659596086,0.7515767216682434
46935,HR_Analytics_Job_Change_of_Data_Scientists,pure_hydra_8l,19093,12,16384,9546,1,15,ok,,0.5426577376201749,0.2860677717253566,0.5573407411575317
46935,HR_Analytics_Job_Change_of_Data_Scientists,pure_hydra_8l,19093,12,16384,9546,2,1,ok,,0.5203568451106548,0.28527466859668493,0.566895604133606
46935,HR_Analytics_Job_Change_of_Data_Scientists,hybrid_12l,19093,12,16384,9546,2,1,ok,,1.2285835137590766,0.9969512652605772,0.7470608353614807
46935,HR_Analytics_Job_Change_of_Data_Scientists,hybrid_12l,19093,12,16384,9546,2,2,ok,,1.2277026250958443,0.9962442750111222,0.7470608353614807
46935,HR_Analytics_Job_Change_of_Data_Scientists,pure_hydra_8l,19093,12,16384,9546,2,2,ok,,0.5470944754779339,0.2861283551901579,0.566895604133606
46935,HR_Analytics_Job_Change_of_Data_Scientists,hybrid_12l,19093,12,16384,9546,2,3,ok,,1.227965441532433,0.9960444560274482,0.7470608353614807
46935,HR_Analytics_Job_Change_of_Data_Scientists,pure_hydra_8l,19093,12,16384,9546,2,3,ok,,0.5215971358120441,0.28498490899801254,0.566895604133606
46935,HR_Analytics_Job_Change_of_Data_Scientists,pure_hydra_8l,19093,12,16384,9546,2,4,ok,,0.8594432407990098,0.2848413661122322,0.566895604133606
46935,HR_Analytics_Job_Change_of_Data_Scientists,hybrid_12l,19093,12,16384,9546,2,4,ok,,1.2271463507786393,0.9958395063877106,0.7470608353614807
46935,HR_Analytics_Job_Change_of_Data_Scientists,pure_hydra_8l,19093,12,16384,9546,2,5,ok,,0.518192051909864,0.28477385733276606,0.566895604133606
46935,HR_Analytics_Job_Change_of_Data_Scientists,hybrid_12l,19093,12,16384,9546,2,5,ok,,1.2286689849570394,0.9970231698825955,0.7470608353614807
46935,HR_Analytics_Job_Change_of_Data_Scientists,hybrid_12l,19093,12,16384,9546,2,6,ok,,1.2378281420096755,0.9965948089957237,0.7470608353614807
46935,HR_Analytics_Job_Change_of_Data_Scientists,pure_hydra_8l,19093,12,16384,9546,2,6,ok,,0.6599742444232106,0.2861150000244379,0.566895604133606
46935,HR_Analytics_Job_Change_of_Data_Scientists,pure_hydra_8l,19093,12,16384,9546,2,7,ok,,0.5253103626891971,0.2854827018454671,0.566895604133606
46935,HR_Analytics_Job_Change_of_Data_Scientists,hybrid_12l,19093,12,16384,9546,2,7,ok,,1.2390599064528942,0.9970598490908742,0.7470608353614807
46935,HR_Analytics_Job_Change_of_Data_Scientists,hybrid_12l,19093,12,16384,9546,2,8,ok,,1.227213435806334,0.9965068716555834,0.7470608353614807
46935,HR_Analytics_Job_Change_of_Data_Scientists,pure_hydra_8l,19093,12,16384,9546,2,8,ok,,0.5175484614446759,0.285584825091064,0.566895604133606
46935,HR_Analytics_Job_Change_of_Data_Scientists,hybrid_12l,19093,12,16384,9546,2,9,ok,,1.2844861140474677,0.9974017161875963,0.7470608353614807
46935,HR_Analytics_Job_Change_of_Data_Scientists,pure_hydra_8l,19093,12,16384,9546,2,9,ok,,0.5499809943139553,0.28565324377268553,0.566895604133606
46935,HR_Analytics_Job_Change_of_Data_Scientists,pure_hydra_8l,19093,12,16384,9546,2,10,ok,,0.5241276193410158,0.28551963064819574,0.566895604133606
46935,HR_Analytics_Job_Change_of_Data_Scientists,hybrid_12l,19093,12,16384,9546,2,10,ok,,1.2365916669368744,0.9966806704178452,0.7470608353614807
46935,HR_Analytics_Job_Change_of_Data_Scientists,pure_hydra_8l,19093,12,16384,9546,2,11,ok,,0.5225910479202867,0.2861849423497915,0.566895604133606
46935,HR_Analytics_Job_Change_of_Data_Scientists,hybrid_12l,19093,12,16384,9546,2,11,ok,,1.3113700514659286,0.9974088491871953,0.7470608353614807
46935,HR_Analytics_Job_Change_of_Data_Scientists,hybrid_12l,19093,12,16384,9546,2,12,ok,,1.2292228722944856,0.9969224277883768,0.7470608353614807
46935,HR_Analytics_Job_Change_of_Data_Scientists,pure_hydra_8l,19093,12,16384,9546,2,12,ok,,0.60018115863204,0.2854776605963707,0.566895604133606
46935,HR_Analytics_Job_Change_of_Data_Scientists,pure_hydra_8l,19093,12,16384,9546,2,13,ok,,0.5186526430770755,0.2861603954806924,0.566895604133606
46935,HR_Analytics_Job_Change_of_Data_Scientists,hybrid_12l,19093,12,16384,9546,2,13,ok,,1.2281626015901566,0.9956206502392888,0.7470608353614807
46935,HR_Analytics_Job_Change_of_Data_Scientists,hybrid_12l,19093,12,16384,9546,2,14,ok,,1.2294760020449758,0.9968085316941142,0.7470608353614807
46935,HR_Analytics_Job_Change_of_Data_Scientists,pure_hydra_8l,19093,12,16384,9546,2,14,ok,,0.5191870657727122,0.28644209913909435,0.566895604133606
46935,HR_Analytics_Job_Change_of_Data_Scientists,hybrid_12l,19093,12,16384,9546,2,15,ok,,1.2282293075695634,0.996640782803297,0.7470608353614807
46935,HR_Analytics_Job_Change_of_Data_Scientists,pure_hydra_8l,19093,12,16384,9546,2,15,ok,,0.5139485578984022,0.285310504026711,0.566895604133606
46935,HR_Analytics_Job_Change_of_Data_Scientists,pure_hydra_8l,19093,12,16384,9546,3,1,ok,,0.5192902516573668,0.2852021986618638,0.5617632865905762
46935,HR_Analytics_Job_Change_of_Data_Scientists,hybrid_12l,19093,12,16384,9546,3,1,ok,,1.2366928262636065,0.9963008584454656,0.7463197708129883
46935,HR_Analytics_Job_Change_of_Data_Scientists,hybrid_12l,19093,12,16384,9546,3,2,ok,,1.2350119920447469,0.9961486700922251,0.7463197708129883
46935,HR_Analytics_Job_Change_of_Data_Scientists,pure_hydra_8l,19093,12,16384,9546,3,2,ok,,0.5241351425647736,0.2855871273204684,0.5617632865905762
46935,HR_Analytics_Job_Change_of_Data_Scientists,pure_hydra_8l,19093,12,16384,9546,3,3,ok,,0.5243790950626135,0.2858392372727394,0.5617632865905762
46935,HR_Analytics_Job_Change_of_Data_Scientists,hybrid_12l,19093,12,16384,9546,3,3,ok,,1.2403643233701587,0.9967675320804119,0.7463197708129883
46935,HR_Analytics_Job_Change_of_Data_Scientists,hybrid_12l,19093,12,16384,9546,3,4,ok,,1.2602318655699492,0.9973851125687361,0.7463197708129883
46935,HR_Analytics_Job_Change_of_Data_Scientists,pure_hydra_8l,19093,12,16384,9546,3,4,ok,,0.5285777011886239,0.28685407992452383,0.5617632865905762
46935,HR_Analytics_Job_Change_of_Data_Scientists,pure_hydra_8l,19093,12,16384,9546,3,5,ok,,0.5255200657993555,0.28596479445695877,0.5617632865905762
46935,HR_Analytics_Job_Change_of_Data_Scientists,hybrid_12l,19093,12,16384,9546,3,5,ok,,1.2388341836631298,0.9962625149637461,0.7463197708129883
46935,HR_Analytics_Job_Change_of_Data_Scientists,hybrid_12l,19093,12,16384,9546,3,6,ok,,1.2344596041366458,0.9977939259260893,0.7463197708129883
46935,HR_Analytics_Job_Change_of_Data_Scientists,pure_hydra_8l,19093,12,16384,9546,3,6,ok,,0.5228550070896745,0.28714615292847157,0.5617632865905762
46935,HR_Analytics_Job_Change_of_Data_Scientists,pure_hydra_8l,19093,12,16384,9546,3,7,ok,,0.5200594179332256,0.28648917749524117,0.5617632865905762
46935,HR_Analytics_Job_Change_of_Data_Scientists,hybrid_12l,19093,12,16384,9546,3,7,ok,,1.2533011203631759,0.9965075794607401,0.7463197708129883
46935,HR_Analytics_Job_Change_of_Data_Scientists,pure_hydra_8l,19093,12,16384,9546,3,8,ok,,0.5194569164887071,0.2853398695588112,0.5617632865905762
46935,HR_Analytics_Job_Change_of_Data_Scientists,hybrid_12l,19093,12,16384,9546,3,8,ok,,1.2326535806059837,0.996947712264955,0.7463197708129883
46935,HR_Analytics_Job_Change_of_Data_Scientists,hybrid_12l,19093,12,16384,9546,3,9,ok,,1.2330836141481996,0.99757020175457,0.7463197708129883
46935,HR_Analytics_Job_Change_of_Data_Scientists,pure_hydra_8l,19093,12,16384,9546,3,9,ok,,0.5219119684770703,0.28607587330043316,0.5617632865905762
46935,HR_Analytics_Job_Change_of_Data_Scientists,hybrid_12l,19093,12,16384,9546,3,10,ok,,1.2351006669923663,0.9989639827981591,0.7463197708129883
46935,HR_Analytics_Job_Change_of_Data_Scientists,pure_hydra_8l,19093,12,16384,9546,3,10,ok,,0.5620031142607331,0.2877152916043997,0.5617632865905762
46935,HR_Analytics_Job_Change_of_Data_Scientists,pure_hydra_8l,19093,12,16384,9546,3,11,ok,,0.5293743805959821,0.28597349021583796,0.5617632865905762
46935,HR_Analytics_Job_Change_of_Data_Scientists,hybrid_12l,19093,12,16384,9546,3,11,ok,,1.2374769803136587,0.9981193915009499,0.7463197708129883
46935,HR_Analytics_Job_Change_of_Data_Scientists,hybrid_12l,19093,12,16384,9546,3,12,ok,,1.236423292197287,0.9974975232034922,0.7463197708129883
46935,HR_Analytics_Job_Change_of_Data_Scientists,pure_hydra_8l,19093,12,16384,9546,3,12,ok,,0.5235115587711334,0.28614276088774204,0.5617632865905762
46935,HR_Analytics_Job_Change_of_Data_Scientists,hybrid_12l,19093,12,16384,9546,3,13,ok,,1.2355997413396835,0.9973087050020695,0.7463197708129883
46935,HR_Analytics_Job_Change_of_Data_Scientists,pure_hydra_8l,19093,12,16384,9546,3,13,ok,,0.5237576458603144,0.28615157678723335,0.5617632865905762
46935,HR_Analytics_Job_Change_of_Data_Scientists,pure_hydra_8l,19093,12,16384,9546,3,14,ok,,0.5559799112379551,0.28720881044864655,0.5617632865905762
46935,HR_Analytics_Job_Change_of_Data_Scientists,hybrid_12l,19093,12,16384,9546,3,14,ok,,1.240331037901342,0.9970000302419066,0.7463197708129883
46935,HR_Analytics_Job_Change_of_Data_Scientists,pure_hydra_8l,19093,12,16384,9546,3,15,ok,,0.5270645627751946,0.2864413671195507,0.5617632865905762
46935,HR_Analytics_Job_Change_of_Data_Scientists,hybrid_12l,19093,12,16384,9546,3,15,ok,,1.2359739700332284,0.9963368223980069,0.7463197708129883
46935,HR_Analytics_Job_Change_of_Data_Scientists,pure_hydra_8l,19093,12,16384,9546,4,1,ok,,0.5219597481191158,0.2871127696707845,0.5694709420204163
46935,HR_Analytics_Job_Change_of_Data_Scientists,hybrid_12l,19093,12,16384,9546,4,1,ok,,1.2618502276018262,0.9969308078289032,0.758057177066803
46935,HR_Analytics_Job_Change_of_Data_Scientists,hybrid_12l,19093,12,16384,9546,4,2,ok,,1.2293454380705953,0.99747693259269,0.758057177066803
46935,HR_Analytics_Job_Change_of_Data_Scientists,pure_hydra_8l,19093,12,16384,9546,4,2,ok,,0.5257892645895481,0.2866040337830782,0.5694709420204163
46935,HR_Analytics_Job_Change_of_Data_Scientists,pure_hydra_8l,19093,12,16384,9546,4,3,ok,,0.5241402201354504,0.28822885267436504,0.5694709420204163
46935,HR_Analytics_Job_Change_of_Data_Scientists,hybrid_12l,19093,12,16384,9546,4,3,ok,,1.2334153205156326,0.9968393240123987,0.758057177066803
46935,HR_Analytics_Job_Change_of_Data_Scientists,pure_hydra_8l,19093,12,16384,9546,4,4,ok,,0.5210040267556906,0.28714085184037685,0.5694709420204163
46935,HR_Analytics_Job_Change_of_Data_Scientists,hybrid_12l,19093,12,16384,9546,4,4,ok,,1.233273641206324,0.9970574770122766,0.758057177066803
46935,HR_Analytics_Job_Change_of_Data_Scientists,pure_hydra_8l,19093,12,16384,9546,4,5,ok,,0.5213627964258194,0.28624626621603966,0.5694709420204163
46935,HR_Analytics_Job_Change_of_Data_Scientists,hybrid_12l,19093,12,16384,9546,4,5,ok,,1.2335921442136168,0.9974760795012116,0.758057177066803
46935,HR_Analytics_Job_Change_of_Data_Scientists,pure_hydra_8l,19093,12,16384,9546,4,6,ok,,0.570519994944334,0.2861510347574949,0.5694709420204163
46935,HR_Analytics_Job_Change_of_Data_Scientists,hybrid_12l,19093,12,16384,9546,4,6,ok,,1.23283127322793,0.9956347001716495,0.758057177066803
46935,HR_Analytics_Job_Change_of_Data_Scientists,hybrid_12l,19093,12,16384,9546,4,7,ok,,1.2341497913002968,0.9971942445263267,0.758057177066803
46935,HR_Analytics_Job_Change_of_Data_Scientists,pure_hydra_8l,19093,12,16384,9546,4,7,ok,,0.523166274651885,0.2872441476210952,0.5694709420204163
46935,HR_Analytics_Job_Change_of_Data_Scientists,hybrid_12l,19093,12,16384,9546,4,8,ok,,1.2314129238948226,0.9964828370139003,0.758057177066803
46935,HR_Analytics_Job_Change_of_Data_Scientists,pure_hydra_8l,19093,12,16384,9546,4,8,ok,,0.5230563543736935,0.2875412805005908,0.5694709420204163
46935,HR_Analytics_Job_Change_of_Data_Scientists,hybrid_12l,19093,12,16384,9546,4,9,ok,,1.2310774270445108,0.9962180750444531,0.758057177066803
46935,HR_Analytics_Job_Change_of_Data_Scientists,pure_hydra_8l,19093,12,16384,9546,4,9,ok,,0.5225051501765847,0.2870572730898857,0.5694709420204163
46935,HR_Analytics_Job_Change_of_Data_Scientists,hybrid_12l,19093,12,16384,9546,4,10,ok,,1.233724543824792,0.9972489690408111,0.758057177066803
46935,HR_Analytics_Job_Change_of_Data_Scientists,pure_hydra_8l,19093,12,16384,9546,4,10,ok,,0.520997223444283,0.2861808417364955,0.5694709420204163
46935,HR_Analytics_Job_Change_of_Data_Scientists,pure_hydra_8l,19093,12,16384,9546,4,11,ok,,0.5231798989698291,0.28587975073605776,0.5694709420204163
46935,HR_Analytics_Job_Change_of_Data_Scientists,hybrid_12l,19093,12,16384,9546,4,11,ok,,1.2348415004089475,0.9974197717383504,0.758057177066803
46935,HR_Analytics_Job_Change_of_Data_Scientists,pure_hydra_8l,19093,12,16384,9546,4,12,ok,,0.5222981385886669,0.2875971468165517,0.5694709420204163
46935,HR_Analytics_Job_Change_of_Data_Scientists,hybrid_12l,19093,12,16384,9546,4,12,ok,,1.234672799706459,0.9984594723209739,0.758057177066803
46935,HR_Analytics_Job_Change_of_Data_Scientists,pure_hydra_8l,19093,12,16384,9546,4,13,ok,,0.5228975201025605,0.28625643625855446,0.5694709420204163
46935,HR_Analytics_Job_Change_of_Data_Scientists,hybrid_12l,19093,12,16384,9546,4,13,ok,,1.2332974383607507,0.9970697425305843,0.758057177066803
46935,HR_Analytics_Job_Change_of_Data_Scientists,hybrid_12l,19093,12,16384,9546,4,14,ok,,1.233159021474421,0.9959745155647397,0.758057177066803
46935,HR_Analytics_Job_Change_of_Data_Scientists,pure_hydra_8l,19093,12,16384,9546,4,14,ok,,0.5229765800759196,0.2877857908606529,0.5694709420204163
46935,HR_Analytics_Job_Change_of_Data_Scientists,pure_hydra_8l,19093,12,16384,9546,4,15,ok,,0.5212785508483648,0.28669899236410856,0.5694709420204163
46935,HR_Analytics_Job_Change_of_Data_Scientists,hybrid_12l,19093,12,16384,9546,4,15,ok,,1.2420349838212132,0.9987920122221112,0.758057177066803
46935,HR_Analytics_Job_Change_of_Data_Scientists,pure_hydra_8l,19093,12,16384,9546,5,1,ok,,0.5536086978390813,0.28719584830105305,0.5677474737167358
46935,HR_Analytics_Job_Change_of_Data_Scientists,hybrid_12l,19093,12,16384,9546,5,1,ok,,1.2413754016160965,0.9975510556250811,0.7383303642272949
46935,HR_Analytics_Job_Change_of_Data_Scientists,pure_hydra_8l,19093,12,16384,9546,5,2,ok,,0.5604545548558235,0.2867512470111251,0.5677474737167358
46935,HR_Analytics_Job_Change_of_Data_Scientists,hybrid_12l,19093,12,16384,9546,5,2,ok,,1.2450961535796523,0.9981475258246064,0.7383303642272949
46935,HR_Analytics_Job_Change_of_Data_Scientists,pure_hydra_8l,19093,12,16384,9546,5,3,ok,,0.5317387823015451,0.2876344686374068,0.5677474737167358
46935,HR_Analytics_Job_Change_of_Data_Scientists,hybrid_12l,19093,12,16384,9546,5,3,ok,,1.2440304839983582,0.9975022235885262,0.7383303642272949
46935,HR_Analytics_Job_Change_of_Data_Scientists,hybrid_12l,19093,12,16384,9546,5,4,ok,,1.2422585915774107,0.9968413338065147,0.7383303642272949
46935,HR_Analytics_Job_Change_of_Data_Scientists,pure_hydra_8l,19093,12,16384,9546,5,4,ok,,0.5332555873319507,0.2863848526030779,0.5677474737167358
46935,HR_Analytics_Job_Change_of_Data_Scientists,hybrid_12l,19093,12,16384,9546,5,5,ok,,1.289738841354847,0.9976246878504753,0.7383303642272949
46935,HR_Analytics_Job_Change_of_Data_Scientists,pure_hydra_8l,19093,12,16384,9546,5,5,ok,,0.5399505626410246,0.2859738655388355,0.5677474737167358
46935,HR_Analytics_Job_Change_of_Data_Scientists,hybrid_12l,19093,12,16384,9546,5,6,ok,,1.2414900921285152,0.9977846425026655,0.7383303642272949
46935,HR_Analytics_Job_Change_of_Data_Scientists,pure_hydra_8l,19093,12,16384,9546,5,6,ok,,0.5303039560094476,0.28640133887529373,0.5677474737167358
46935,HR_Analytics_Job_Change_of_Data_Scientists,hybrid_12l,19093,12,16384,9546,5,7,ok,,1.2456356342881918,0.9971355032175779,0.7383303642272949
46935,HR_Analytics_Job_Change_of_Data_Scientists,pure_hydra_8l,19093,12,16384,9546,5,7,ok,,0.5276845376938581,0.28672968596220016,0.5677474737167358
46935,HR_Analytics_Job_Change_of_Data_Scientists,hybrid_12l,19093,12,16384,9546,5,8,ok,,1.2384372539818287,0.9962422624230385,0.7383303642272949
46935,HR_Analytics_Job_Change_of_Data_Scientists,pure_hydra_8l,19093,12,16384,9546,5,8,ok,,0.5264270659536123,0.2863055029883981,0.5677474737167358
46935,HR_Analytics_Job_Change_of_Data_Scientists,hybrid_12l,19093,12,16384,9546,5,9,ok,,1.2384679419919848,0.9970803558826447,0.7383303642272949
46935,HR_Analytics_Job_Change_of_Data_Scientists,pure_hydra_8l,19093,12,16384,9546,5,9,ok,,0.5380345080047846,0.2869510352611542,0.5677474737167358
46935,HR_Analytics_Job_Change_of_Data_Scientists,pure_hydra_8l,19093,12,16384,9546,5,10,ok,,0.5271215345710516,0.28604871593415737,0.5677474737167358
46935,HR_Analytics_Job_Change_of_Data_Scientists,hybrid_12l,19093,12,16384,9546,5,10,ok,,1.2380391201004386,0.9964323043823242,0.7383303642272949
46935,HR_Analytics_Job_Change_of_Data_Scientists,hybrid_12l,19093,12,16384,9546,5,11,ok,,1.2374954735860229,0.9971881667152047,0.7383303642272949
46935,HR_Analytics_Job_Change_of_Data_Scientists,pure_hydra_8l,19093,12,16384,9546,5,11,ok,,0.5280132992193103,0.28662183973938227,0.5677474737167358
46935,HR_Analytics_Job_Change_of_Data_Scientists,hybrid_12l,19093,12,16384,9546,5,12,ok,,1.2394039453938603,0.9973906334489584,0.7383303642272949
46935,HR_Analytics_Job_Change_of_Data_Scientists,pure_hydra_8l,19093,12,16384,9546,5,12,ok,,0.5313250683248043,0.2864341428503394,0.5677474737167358
46935,HR_Analytics_Job_Change_of_Data_Scientists,pure_hydra_8l,19093,12,16384,9546,5,13,ok,,0.5519552184268832,0.2879660837352276,0.5677474737167358
46935,HR_Analytics_Job_Change_of_Data_Scientists,hybrid_12l,19093,12,16384,9546,5,13,ok,,1.2529756724834442,0.9977506147697568,0.7383303642272949
46935,HR_Analytics_Job_Change_of_Data_Scientists,hybrid_12l,19093,12,16384,9546,5,14,ok,,1.2409639796242118,0.9977628728374839,0.7383303642272949
46935,HR_Analytics_Job_Change_of_Data_Scientists,pure_hydra_8l,19093,12,16384,9546,5,14,ok,,0.5300755146890879,0.2871097894385457,0.5677474737167358
46935,HR_Analytics_Job_Change_of_Data_Scientists,pure_hydra_8l,19093,12,16384,9546,5,15,ok,,0.5248069986701012,0.2871085610240698,0.5677474737167358
46935,HR_Analytics_Job_Change_of_Data_Scientists,hybrid_12l,19093,12,16384,9546,5,15,ok,,1.2981545589864254,0.9987527607008815,0.7383303642272949
46919,credit_card_clients_default,hybrid_12l,30000,23,16384,15000,1,1,ok,,2.8222420178353786,2.196283182129264,0.7191921472549438
46919,credit_card_clients_default,pure_hydra_8l,30000,23,16384,15000,1,1,ok,,1.099880595691502,0.4810924883931875,0.532043993473053
46919,credit_card_clients_default,pure_hydra_8l,30000,23,16384,15000,1,2,ok,,1.0981013840064406,0.482775310985744,0.532043993473053
46919,credit_card_clients_default,hybrid_12l,30000,23,16384,15000,1,2,ok,,2.81594558339566,2.1976831881329417,0.7191921472549438
46919,credit_card_clients_default,pure_hydra_8l,30000,23,16384,15000,1,3,ok,,1.0962486639618874,0.4817969296127558,0.532043993473053
46919,credit_card_clients_default,hybrid_12l,30000,23,16384,15000,1,3,ok,,2.8122362960129976,2.1971050202846527,0.7191921472549438
46919,credit_card_clients_default,pure_hydra_8l,30000,23,16384,15000,1,4,ok,,1.2317526070401073,0.4822566621005535,0.532043993473053
46919,credit_card_clients_default,hybrid_12l,30000,23,16384,15000,1,4,ok,,2.8396201198920608,2.196042640134692,0.7191921472549438
46919,credit_card_clients_default,pure_hydra_8l,30000,23,16384,15000,1,5,ok,,1.1307939682155848,0.48321547638624907,0.532043993473053
46919,credit_card_clients_default,hybrid_12l,30000,23,16384,15000,1,5,ok,,2.8184998678043485,2.1948594683781266,0.7191921472549438
46919,credit_card_clients_default,pure_hydra_8l,30000,23,16384,15000,1,6,ok,,1.1024940283969045,0.48228967282921076,0.532043993473053
46919,credit_card_clients_default,hybrid_12l,30000,23,16384,15000,1,6,ok,,2.8145311884582043,2.1945076137781143,0.7191921472549438
46919,credit_card_clients_default,hybrid_12l,30000,23,16384,15000,1,7,ok,,2.8410905618220568,2.1947852466255426,0.7191921472549438
46919,credit_card_clients_default,pure_hydra_8l,30000,23,16384,15000,1,7,ok,,1.1028286051005125,0.48198227398097515,0.532043993473053
46919,credit_card_clients_default,pure_hydra_8l,30000,23,16384,15000,1,8,ok,,1.168649872764945,0.48172375466674566,0.532043993473053
46919,credit_card_clients_default,hybrid_12l,30000,23,16384,15000,1,8,ok,,2.8245237367227674,2.1977898878976703,0.7191921472549438
46919,credit_card_clients_default,pure_hydra_8l,30000,23,16384,15000,1,9,ok,,1.0995319047942758,0.4812891772016883,0.532043993473053
46919,credit_card_clients_default,hybrid_12l,30000,23,16384,15000,1,9,ok,,2.819040646776557,2.196201927959919,0.7191921472549438
46919,credit_card_clients_default,pure_hydra_8l,30000,23,16384,15000,1,10,ok,,1.1444439021870494,0.4822999695315957,0.532043993473053
46919,credit_card_clients_default,hybrid_12l,30000,23,16384,15000,1,10,ok,,2.8175031626597047,2.1969698946923018,0.7191921472549438
46919,credit_card_clients_default,hybrid_12l,30000,23,16384,15000,1,11,ok,,2.870057904161513,2.1977154184132814,0.7191921472549438
46919,credit_card_clients_default,pure_hydra_8l,30000,23,16384,15000,1,11,ok,,1.4608452031388879,0.48198257200419903,0.532043993473053
46919,credit_card_clients_default,hybrid_12l,30000,23,16384,15000,1,12,ok,,2.82244960591197,2.195624588057399,0.7191921472549438
46919,credit_card_clients_default,pure_hydra_8l,30000,23,16384,15000,1,12,ok,,1.1022043908014894,0.48239316046237946,0.532043993473053
46919,credit_card_clients_default,pure_hydra_8l,30000,23,16384,15000,1,13,ok,,1.1015815092250705,0.48304750211536884,0.532043993473053
46919,credit_card_clients_default,hybrid_12l,30000,23,16384,15000,1,13,ok,,2.8163893576711416,2.1963511910289526,0.7191921472549438
46919,credit_card_clients_default,pure_hydra_8l,30000,23,16384,15000,1,14,ok,,1.0962856654077768,0.4813232095912099,0.532043993473053
46919,credit_card_clients_default,hybrid_12l,30000,23,16384,15000,1,14,ok,,2.8136830013245344,2.1956939939409494,0.7191921472549438
46919,credit_card_clients_default,hybrid_12l,30000,23,16384,15000,1,15,ok,,2.814807807095349,2.1953768376260996,0.7191921472549438
46919,credit_card_clients_default,pure_hydra_8l,30000,23,16384,15000,1,15,ok,,1.117787642404437,0.4817396318539977,0.532043993473053
46919,credit_card_clients_default,pure_hydra_8l,30000,23,16384,15000,2,1,ok,,1.104407699778676,0.48178793024271727,0.5395404696464539
46919,credit_card_clients_default,hybrid_12l,30000,23,16384,15000,2,1,ok,,2.7897468376904726,2.1951550785452127,0.7327556014060974
46919,credit_card_clients_default,pure_hydra_8l,30000,23,16384,15000,2,2,ok,,1.0794784110039473,0.48158169258385897,0.5395404696464539
46919,credit_card_clients_default,hybrid_12l,30000,23,16384,15000,2,2,ok,,2.7910154685378075,2.1968580428510904,0.7327556014060974
46919,credit_card_clients_default,hybrid_12l,30000,23,16384,15000,2,3,ok,,2.813581661321223,2.1967885233461857,0.7327556014060974
46919,credit_card_clients_default,pure_hydra_8l,30000,23,16384,15000,2,3,ok,,1.0748915141448379,0.4824042823165655,0.5395404696464539
46919,credit_card_clients_default,hybrid_12l,30000,23,16384,15000,2,4,ok,,2.7896668799221516,2.196689896285534,0.7327556014060974
46919,credit_card_clients_default,pure_hydra_8l,30000,23,16384,15000,2,4,ok,,1.0851768488064408,0.4823832754045725,0.5395404696464539
46919,credit_card_clients_default,hybrid_12l,30000,23,16384,15000,2,5,ok,,2.8016378013417125,2.199017255567014,0.7327556014060974
46919,credit_card_clients_default,pure_hydra_8l,30000,23,16384,15000,2,5,ok,,1.0812905710190535,0.48245670460164547,0.5395404696464539
46919,credit_card_clients_default,hybrid_12l,30000,23,16384,15000,2,6,ok,,2.7918298402801156,2.197106526233256,0.7327556014060974
46919,credit_card_clients_default,pure_hydra_8l,30000,23,16384,15000,2,6,ok,,1.075161026790738,0.48219794873148203,0.5395404696464539
46919,credit_card_clients_default,hybrid_12l,30000,23,16384,15000,2,7,ok,,2.7950763683766127,2.197979409247637,0.7327556014060974
46919,credit_card_clients_default,pure_hydra_8l,30000,23,16384,15000,2,7,ok,,1.1009567137807608,0.4817970432341099,0.5395404696464539
46919,credit_card_clients_default,hybrid_12l,30000,23,16384,15000,2,8,ok,,2.7921435656026006,2.1965408297255635,0.7327556014060974
46919,credit_card_clients_default,pure_hydra_8l,30000,23,16384,15000,2,8,ok,,1.1149240331724286,0.4826233331114054,0.5395404696464539
46919,credit_card_clients_default,pure_hydra_8l,30000,23,16384,15000,2,9,ok,,1.0753753567114472,0.4819622505456209,0.5395404696464539
46919,credit_card_clients_default,hybrid_12l,30000,23,16384,15000,2,9,ok,,2.9056621473282576,2.1948477094992995,0.7327556014060974
46919,credit_card_clients_default,hybrid_12l,30000,23,16384,15000,2,10,ok,,2.7904605511575937,2.196195158176124,0.7327556014060974
46919,credit_card_clients_default,pure_hydra_8l,30000,23,16384,15000,2,10,ok,,1.07617206312716,0.48097122367471457,0.5395404696464539
46919,credit_card_clients_default,hybrid_12l,30000,23,16384,15000,2,11,ok,,2.7947912458330393,2.195905713364482,0.7327556014060974
46919,credit_card_clients_default,pure_hydra_8l,30000,23,16384,15000,2,11,ok,,1.0742799239233136,0.48214281536638737,0.5395404696464539
46919,credit_card_clients_default,pure_hydra_8l,30000,23,16384,15000,2,12,ok,,1.0743224788457155,0.48206245992332697,0.5395404696464539
46919,credit_card_clients_default,hybrid_12l,30000,23,16384,15000,2,12,ok,,2.7949633011594415,2.195887847803533,0.7327556014060974
46919,credit_card_clients_default,hybrid_12l,30000,23,16384,15000,2,13,ok,,2.8075983431190252,2.1941481214016676,0.7327556014060974
46919,credit_card_clients_default,pure_hydra_8l,30000,23,16384,15000,2,13,ok,,1.129153116606176,0.48157553654164076,0.5395404696464539
46919,credit_card_clients_default,hybrid_12l,30000,23,16384,15000,2,14,ok,,2.788378570228815,2.1956484047695994,0.7327556014060974
46919,credit_card_clients_default,pure_hydra_8l,30000,23,16384,15000,2,14,ok,,1.0725911809131503,0.48135309759527445,0.5395404696464539
46919,credit_card_clients_default,hybrid_12l,30000,23,16384,15000,2,15,ok,,2.8035132233053446,2.1956621017307043,0.7327556014060974
46919,credit_card_clients_default,pure_hydra_8l,30000,23,16384,15000,2,15,ok,,1.0761428708210588,0.48245755303651094,0.5395404696464539
46919,credit_card_clients_default,hybrid_12l,30000,23,16384,15000,3,1,ok,,2.8388369800522923,2.1948518930003047,0.7214321494102478
46919,credit_card_clients_default,pure_hydra_8l,30000,23,16384,15000,3,1,ok,,1.0868476601317525,0.4823579350486398,0.5322271585464478
46919,credit_card_clients_default,pure_hydra_8l,30000,23,16384,15000,3,2,ok,,1.133521318435669,0.4811069080606103,0.5322271585464478
46919,credit_card_clients_default,hybrid_12l,30000,23,16384,15000,3,2,ok,,2.886995792388916,2.195540590211749,0.7214321494102478
46919,credit_card_clients_default,pure_hydra_8l,30000,23,16384,15000,3,3,ok,,1.0956073692068458,0.4822159931063652,0.5322271585464478
46919,credit_card_clients_default,hybrid_12l,30000,23,16384,15000,3,3,ok,,2.80366148147732,2.197045771405101,0.7214321494102478
46919,credit_card_clients_default,pure_hydra_8l,30000,23,16384,15000,3,4,ok,,1.1419134382158518,0.4802688043564558,0.5322271585464478
46919,credit_card_clients_default,hybrid_12l,30000,23,16384,15000,3,4,ok,,2.838669214397669,2.1945159127935767,0.7214321494102478
46919,credit_card_clients_default,hybrid_12l,30000,23,16384,15000,3,5,ok,,3.1908637639135122,2.195680974982679,0.7214321494102478
46919,credit_card_clients_default,pure_hydra_8l,30000,23,16384,15000,3,5,ok,,1.087763350456953,0.48099141381680965,0.5322271585464478
46919,credit_card_clients_default,pure_hydra_8l,30000,23,16384,15000,3,6,ok,,1.1204413855448365,0.48125147819519043,0.5322271585464478
46919,credit_card_clients_default,hybrid_12l,30000,23,16384,15000,3,6,ok,,2.8210680224001408,2.1950206998735666,0.7214321494102478
46919,credit_card_clients_default,hybrid_12l,30000,23,16384,15000,3,7,ok,,2.820786250755191,2.195746953599155,0.7214321494102478
46919,credit_card_clients_default,pure_hydra_8l,30000,23,16384,15000,3,7,ok,,1.0998668437823653,0.4829190131276846,0.5322271585464478
46919,credit_card_clients_default,hybrid_12l,30000,23,16384,15000,3,8,ok,,2.803898605518043,2.1968499021604657,0.7214321494102478
46919,credit_card_clients_default,pure_hydra_8l,30000,23,16384,15000,3,8,ok,,1.0916273854672909,0.48240265622735023,0.5322271585464478
46919,credit_card_clients_default,hybrid_12l,30000,23,16384,15000,3,9,ok,,3.2327984860166907,2.1962652411311865,0.7214321494102478
46919,credit_card_clients_default,pure_hydra_8l,30000,23,16384,15000,3,9,ok,,1.0950520308688283,0.4824087768793106,0.5322271585464478
46919,credit_card_clients_default,hybrid_12l,30000,23,16384,15000,3,10,ok,,2.8148983381688595,2.1977454209700227,0.7214321494102478
46919,credit_card_clients_default,pure_hydra_8l,30000,23,16384,15000,3,10,ok,,1.1034582601860166,0.48202638514339924,0.5322271585464478
46919,credit_card_clients_default,hybrid_12l,30000,23,16384,15000,3,11,ok,,2.8098417054861784,2.1957999002188444,0.7214321494102478
46919,credit_card_clients_default,pure_hydra_8l,30000,23,16384,15000,3,11,ok,,1.094548531807959,0.48151831328868866,0.5322271585464478
46919,credit_card_clients_default,pure_hydra_8l,30000,23,16384,15000,3,12,ok,,1.0935123972594738,0.4811933236196637,0.5322271585464478
46919,credit_card_clients_default,hybrid_12l,30000,23,16384,15000,3,12,ok,,2.8167141899466515,2.19753129594028,0.7214321494102478
46919,credit_card_clients_default,pure_hydra_8l,30000,23,16384,15000,3,13,ok,,1.099504405632615,0.48195558227598667,0.5322271585464478
46919,credit_card_clients_default,hybrid_12l,30000,23,16384,15000,3,13,ok,,2.806425442919135,2.195445920340717,0.7214321494102478
46919,credit_card_clients_default,pure_hydra_8l,30000,23,16384,15000,3,14,ok,,1.2011778010055423,0.48167150374501944,0.5322271585464478
46919,credit_card_clients_default,hybrid_12l,30000,23,16384,15000,3,14,ok,,2.806652839295566,2.1975934701040387,0.7214321494102478
46919,credit_card_clients_default,hybrid_12l,30000,23,16384,15000,3,15,ok,,2.804873521439731,2.195070252753794,0.7214321494102478
46919,credit_card_clients_default,pure_hydra_8l,30000,23,16384,15000,3,15,ok,,1.0878084748983383,0.48109452426433563,0.5322271585464478
46919,credit_card_clients_default,pure_hydra_8l,30000,23,16384,15000,4,1,ok,,1.1332261264324188,0.481589425355196,0.523027777671814
46919,credit_card_clients_default,hybrid_12l,30000,23,16384,15000,4,1,ok,,2.855677098967135,2.1960694640874863,0.7145364880561829
46919,credit_card_clients_default,pure_hydra_8l,30000,23,16384,15000,4,2,ok,,1.100496775470674,0.48222591541707516,0.523027777671814
46919,credit_card_clients_default,hybrid_12l,30000,23,16384,15000,4,2,ok,,2.8298568604514003,2.194959007203579,0.7145364880561829
46919,credit_card_clients_default,pure_hydra_8l,30000,23,16384,15000,4,3,ok,,1.1438999315723777,0.48216666001826525,0.523027777671814
46919,credit_card_clients_default,hybrid_12l,30000,23,16384,15000,4,3,ok,,2.858774027787149,2.195510448887944,0.7145364880561829
46919,credit_card_clients_default,hybrid_12l,30000,23,16384,15000,4,4,ok,,2.8116044979542494,2.1951840184628963,0.7145364880561829
46919,credit_card_clients_default,pure_hydra_8l,30000,23,16384,15000,4,4,ok,,1.1065591759979725,0.4814181858673692,0.523027777671814
46919,credit_card_clients_default,hybrid_12l,30000,23,16384,15000,4,5,ok,,2.840555788949132,2.195113924331963,0.7145364880561829
46919,credit_card_clients_default,pure_hydra_8l,30000,23,16384,15000,4,5,ok,,1.1000514421612024,0.48088107723742723,0.523027777671814
46919,credit_card_clients_default,hybrid_12l,30000,23,16384,15000,4,6,ok,,2.8135717064142227,2.194416083395481,0.7145364880561829
46919,credit_card_clients_default,pure_hydra_8l,30000,23,16384,15000,4,6,ok,,1.0997251132503152,0.4807106517255306,0.523027777671814
46919,credit_card_clients_default,pure_hydra_8l,30000,23,16384,15000,4,7,ok,,1.0961270974949002,0.48064525332301855,0.523027777671814
46919,credit_card_clients_default,hybrid_12l,30000,23,16384,15000,4,7,ok,,2.8219689056277275,2.1935676792636514,0.7145364880561829
46919,credit_card_clients_default,hybrid_12l,30000,23,16384,15000,4,8,ok,,2.809933638200164,2.193750748410821,0.7145364880561829
46919,credit_card_clients_default,pure_hydra_8l,30000,23,16384,15000,4,8,ok,,1.0999428797513247,0.4813035558909178,0.523027777671814
46919,credit_card_clients_default,pure_hydra_8l,30000,23,16384,15000,4,9,ok,,1.0972595317289233,0.4815716864541173,0.523027777671814
46919,credit_card_clients_default,hybrid_12l,30000,23,16384,15000,4,9,ok,,2.812804948538542,2.194086531177163,0.7145364880561829
46919,credit_card_clients_default,hybrid_12l,30000,23,16384,15000,4,10,ok,,2.81582263763994,2.194415637291968,0.7145364880561829
46919,credit_card_clients_default,pure_hydra_8l,30000,23,16384,15000,4,10,ok,,1.1059095887467265,0.48053009808063507,0.523027777671814
46919,credit_card_clients_default,hybrid_12l,30000,23,16384,15000,4,11,ok,,2.8128134282305837,2.192817160859704,0.7145364880561829
46919,credit_card_clients_default,pure_hydra_8l,30000,23,16384,15000,4,11,ok,,1.1492975680157542,0.4800909450277686,0.523027777671814
46919,credit_card_clients_default,hybrid_12l,30000,23,16384,15000,4,12,ok,,2.811410282738507,2.193363909609616,0.7145364880561829
46919,credit_card_clients_default,pure_hydra_8l,30000,23,16384,15000,4,12,ok,,1.1012955363839865,0.481484554708004,0.523027777671814
46919,credit_card_clients_default,pure_hydra_8l,30000,23,16384,15000,4,13,ok,,1.1673490926623344,0.47996586933732033,0.523027777671814
46919,credit_card_clients_default,hybrid_12l,30000,23,16384,15000,4,13,ok,,2.8123922999948263,2.193608235567808,0.7145364880561829
46919,credit_card_clients_default,hybrid_12l,30000,23,16384,15000,4,14,ok,,2.813042144291103,2.192833084613085,0.7145364880561829
46919,credit_card_clients_default,pure_hydra_8l,30000,23,16384,15000,4,14,ok,,1.1437494419515133,0.48116928059607744,0.523027777671814
46919,credit_card_clients_default,pure_hydra_8l,30000,23,16384,15000,4,15,ok,,1.1043883142992854,0.48137285094708204,0.523027777671814
46919,credit_card_clients_default,hybrid_12l,30000,23,16384,15000,4,15,ok,,2.812078543007374,2.1934819417074323,0.7145364880561829
46919,credit_card_clients_default,hybrid_12l,30000,23,16384,15000,5,1,ok,,2.808277577161789,2.1938819587230682,0.7173185348510742
46919,credit_card_clients_default,pure_hydra_8l,30000,23,16384,15000,5,1,ok,,1.0945072872564197,0.48096715938299894,0.5188294649124146
46919,credit_card_clients_default,hybrid_12l,30000,23,16384,15000,5,2,ok,,2.8043179055675864,2.1946864193305373,0.7173185348510742
46919,credit_card_clients_default,pure_hydra_8l,30000,23,16384,15000,5,2,ok,,1.1333897998556495,0.4818914318457246,0.5188294649124146
46919,credit_card_clients_default,hybrid_12l,30000,23,16384,15000,5,3,ok,,2.8059977907687426,2.195704685524106,0.7173185348510742
46919,credit_card_clients_default,pure_hydra_8l,30000,23,16384,15000,5,3,ok,,1.087886136956513,0.48121154122054577,0.5188294649124146
46919,credit_card_clients_default,pure_hydra_8l,30000,23,16384,15000,5,4,ok,,1.089347217231989,0.4825872955843806,0.5188294649124146
46919,credit_card_clients_default,hybrid_12l,30000,23,16384,15000,5,4,ok,,2.803315727971494,2.1953531997278333,0.7173185348510742
46919,credit_card_clients_default,hybrid_12l,30000,23,16384,15000,5,5,ok,,2.8053701547905803,2.1953621674329042,0.7173185348510742
46919,credit_card_clients_default,pure_hydra_8l,30000,23,16384,15000,5,5,ok,,1.1379304062575102,0.4819307019934058,0.5188294649124146
46919,credit_card_clients_default,hybrid_12l,30000,23,16384,15000,5,6,ok,,2.8098583836108446,2.1924328207969666,0.7173185348510742
46919,credit_card_clients_default,pure_hydra_8l,30000,23,16384,15000,5,6,ok,,1.0866253869608045,0.4804913569241762,0.5188294649124146
46919,credit_card_clients_default,hybrid_12l,30000,23,16384,15000,5,7,ok,,2.8353129513561726,2.193341146223247,0.7173185348510742
46919,credit_card_clients_default,pure_hydra_8l,30000,23,16384,15000,5,7,ok,,1.1143268961459398,0.4809892326593399,0.5188294649124146
46919,credit_card_clients_default,hybrid_12l,30000,23,16384,15000,5,8,ok,,2.8056004028767347,2.195473523810506,0.7173185348510742
46919,credit_card_clients_default,pure_hydra_8l,30000,23,16384,15000,5,8,ok,,1.0892752325162292,0.48225099220871925,0.5188294649124146
46919,credit_card_clients_default,pure_hydra_8l,30000,23,16384,15000,5,9,ok,,1.0889510475099087,0.48081669583916664,0.5188294649124146
46919,credit_card_clients_default,hybrid_12l,30000,23,16384,15000,5,9,ok,,2.805537854321301,2.1950980816036463,0.7173185348510742
46919,credit_card_clients_default,pure_hydra_8l,30000,23,16384,15000,5,10,ok,,1.091577384620905,0.48243357613682747,0.5188294649124146
46919,credit_card_clients_default,hybrid_12l,30000,23,16384,15000,5,10,ok,,2.804753386415541,2.194207614287734,0.7173185348510742
46919,credit_card_clients_default,hybrid_12l,30000,23,16384,15000,5,11,ok,,2.8062338046729565,2.19734809640795,0.7173185348510742
46919,credit_card_clients_default,pure_hydra_8l,30000,23,16384,15000,5,11,ok,,1.1242479607462883,0.48036261927336454,0.5188294649124146
46919,credit_card_clients_default,pure_hydra_8l,30000,23,16384,15000,5,12,ok,,1.089547123759985,0.4804670298472047,0.5188294649124146
46919,credit_card_clients_default,hybrid_12l,30000,23,16384,15000,5,12,ok,,2.8061440931633115,2.195919280871749,0.7173185348510742
46919,credit_card_clients_default,pure_hydra_8l,30000,23,16384,15000,5,13,ok,,1.0904630068689585,0.4817538959905505,0.5188294649124146
46919,credit_card_clients_default,hybrid_12l,30000,23,16384,15000,5,13,ok,,2.8118799068033695,2.196697828359902,0.7173185348510742
46919,credit_card_clients_default,pure_hydra_8l,30000,23,16384,15000,5,14,ok,,1.091506521217525,0.48238148633390665,0.5188294649124146
46919,credit_card_clients_default,hybrid_12l,30000,23,16384,15000,5,14,ok,,2.8056675791740417,2.1972060222178698,0.7173185348510742
46919,credit_card_clients_default,hybrid_12l,30000,23,16384,15000,5,15,ok,,2.8340809550136328,2.1954204039648175,0.7173185348510742
46919,credit_card_clients_default,pure_hydra_8l,30000,23,16384,15000,5,15,ok,,1.0877485843375325,0.4820858407765627,0.5188294649124146
46905,Amazon_employee_access,hybrid_12l,32769,9,16384,16384,1,1,ok,,2.8258648617193103,2.4944960344582796,0.5116629600524902
46905,Amazon_employee_access,pure_hydra_8l,32769,9,16384,16384,1,1,ok,,0.8448437796905637,0.5166005939245224,0.5342179536819458
46905,Amazon_employee_access,hybrid_12l,32769,9,16384,16384,1,2,ok,,2.8168709902092814,2.4968065693974495,0.5116629600524902
46905,Amazon_employee_access,pure_hydra_8l,32769,9,16384,16384,1,2,ok,,0.8355712275952101,0.5180912548676133,0.5342179536819458
46905,Amazon_employee_access,pure_hydra_8l,32769,9,16384,16384,1,3,ok,,0.8331427630037069,0.516576774418354,0.5342179536819458
46905,Amazon_employee_access,hybrid_12l,32769,9,16384,16384,1,3,ok,,2.8222446087747812,2.493320151232183,0.5116629600524902
46905,Amazon_employee_access,hybrid_12l,32769,9,16384,16384,1,4,ok,,2.816776161082089,2.491843320429325,0.5116629600524902
46905,Amazon_employee_access,pure_hydra_8l,32769,9,16384,16384,1,4,ok,,0.8456336092203856,0.5168636031448841,0.5342179536819458
46905,Amazon_employee_access,pure_hydra_8l,32769,9,16384,16384,1,5,ok,,0.8345547365024686,0.5162629913538694,0.5342179536819458
46905,Amazon_employee_access,hybrid_12l,32769,9,16384,16384,1,5,ok,,2.8132299911230803,2.492129223421216,0.5116629600524902
46905,Amazon_employee_access,pure_hydra_8l,32769,9,16384,16384,1,6,ok,,0.8325093416497111,0.5144590539857745,0.5342179536819458
46905,Amazon_employee_access,hybrid_12l,32769,9,16384,16384,1,6,ok,,2.811904448084533,2.4921752251684666,0.5116629600524902
46905,Amazon_employee_access,hybrid_12l,32769,9,16384,16384,1,7,ok,,2.8130255648866296,2.494388689287007,0.5116629600524902
46905,Amazon_employee_access,pure_hydra_8l,32769,9,16384,16384,1,7,ok,,0.8295090105384588,0.5155241312459111,0.5342179536819458
46905,Amazon_employee_access,hybrid_12l,32769,9,16384,16384,1,8,ok,,2.817916279658675,2.492208953946829,0.5116629600524902
46905,Amazon_employee_access,pure_hydra_8l,32769,9,16384,16384,1,8,ok,,0.840909318998456,0.5164310382679105,0.5342179536819458
46905,Amazon_employee_access,hybrid_12l,32769,9,16384,16384,1,9,ok,,2.8647530479356647,2.4911901215091348,0.5116629600524902
46905,Amazon_employee_access,pure_hydra_8l,32769,9,16384,16384,1,9,ok,,0.8327953042462468,0.5165373319759965,0.5342179536819458
46905,Amazon_employee_access,hybrid_12l,32769,9,16384,16384,1,10,ok,,2.8113083159551024,2.4928424693644047,0.5116629600524902
46905,Amazon_employee_access,pure_hydra_8l,32769,9,16384,16384,1,10,ok,,0.8340991698205471,0.517334122210741,0.5342179536819458
46905,Amazon_employee_access,hybrid_12l,32769,9,16384,16384,1,11,ok,,2.8105763029307127,2.494206851348281,0.5116629600524902
46905,Amazon_employee_access,pure_hydra_8l,32769,9,16384,16384,1,11,ok,,0.8526762239634991,0.5168985715135932,0.5342179536819458
46905,Amazon_employee_access,pure_hydra_8l,32769,9,16384,16384,1,12,ok,,0.8320089243352413,0.5154677201062441,0.5342179536819458
46905,Amazon_employee_access,hybrid_12l,32769,9,16384,16384,1,12,ok,,2.80968136806041,2.491452260874212,0.5116629600524902
46905,Amazon_employee_access,pure_hydra_8l,32769,9,16384,16384,1,13,ok,,0.8375893831253052,0.5164066273719072,0.5342179536819458
46905,Amazon_employee_access,hybrid_12l,32769,9,16384,16384,1,13,ok,,2.810600435361266,2.492187543772161,0.5116629600524902
46905,Amazon_employee_access,hybrid_12l,32769,9,16384,16384,1,14,ok,,2.847088229842484,2.495089216157794,0.5116629600524902
46905,Amazon_employee_access,pure_hydra_8l,32769,9,16384,16384,1,14,ok,,0.9713826002553105,0.5155533393844962,0.5342179536819458
46905,Amazon_employee_access,pure_hydra_8l,32769,9,16384,16384,1,15,ok,,0.8472643941640854,0.5168865015730262,0.5342179536819458
46905,Amazon_employee_access,hybrid_12l,32769,9,16384,16384,1,15,ok,,2.8629421768710017,2.492738079279661,0.5116629600524902
46905,Amazon_employee_access,pure_hydra_8l,32769,9,16384,16384,2,1,ok,,0.8131133606657386,0.5183166256174445,0.5317409038543701
46905,Amazon_employee_access,hybrid_12l,32769,9,16384,16384,2,1,ok,,3.2598723005503416,2.4975073616951704,0.5159109830856323
46905,Amazon_employee_access,pure_hydra_8l,32769,9,16384,16384,2,2,ok,,0.8076678095385432,0.5160934180021286,0.5317409038543701
46905,Amazon_employee_access,hybrid_12l,32769,9,16384,16384,2,2,ok,,2.8134858971461654,2.4957873011007905,0.5159109830856323
46905,Amazon_employee_access,pure_hydra_8l,32769,9,16384,16384,2,3,ok,,0.8078106679022312,0.5174609366804361,0.5317409038543701
46905,Amazon_employee_access,hybrid_12l,32769,9,16384,16384,2,3,ok,,2.791614399291575,2.4954952290281653,0.5159109830856323
46905,Amazon_employee_access,pure_hydra_8l,32769,9,16384,16384,2,4,ok,,0.8406268116086721,0.5150814400985837,0.5317409038543701
46905,Amazon_employee_access,hybrid_12l,32769,9,16384,16384,2,4,ok,,2.8155043656006455,2.492601776495576,0.5159109830856323
46905,Amazon_employee_access,pure_hydra_8l,32769,9,16384,16384,2,5,ok,,0.8076373487710953,0.5158880166709423,0.5317409038543701
46905,Amazon_employee_access,hybrid_12l,32769,9,16384,16384,2,5,ok,,2.787048830650747,2.493853382766247,0.5159109830856323
46905,Amazon_employee_access,hybrid_12l,32769,9,16384,16384,2,6,ok,,2.791588773019612,2.4948737770318985,0.5159109830856323
46905,Amazon_employee_access,pure_hydra_8l,32769,9,16384,16384,2,6,ok,,1.080769082531333,0.515181583352387,0.5317409038543701
46905,Amazon_employee_access,pure_hydra_8l,32769,9,16384,16384,2,7,ok,,0.8335645012557507,0.5169463828206062,0.5317409038543701
46905,Amazon_employee_access,hybrid_12l,32769,9,16384,16384,2,7,ok,,2.839391242712736,2.4951957492157817,0.5159109830856323
46905,Amazon_employee_access,pure_hydra_8l,32769,9,16384,16384,2,8,ok,,0.806382754817605,0.5182364322245121,0.5317409038543701
46905,Amazon_employee_access,hybrid_12l,32769,9,16384,16384,2,8,ok,,2.7845798609778285,2.49399206135422,0.5159109830856323
46905,Amazon_employee_access,pure_hydra_8l,32769,9,16384,16384,2,9,ok,,1.3397743599489331,0.5193740669637918,0.5317409038543701
46905,Amazon_employee_access,hybrid_12l,32769,9,16384,16384,2,9,ok,,3.052429337054491,2.4930885126814246,0.5159109830856323
46905,Amazon_employee_access,hybrid_12l,32769,9,16384,16384,2,10,ok,,3.174364894628525,2.4903671080246568,0.5159109830856323
46905,Amazon_employee_access,pure_hydra_8l,32769,9,16384,16384,2,10,ok,,0.8056109622120857,0.5155529156327248,0.5317409038543701
46905,Amazon_employee_access,pure_hydra_8l,32769,9,16384,16384,2,11,ok,,0.9408769384026527,0.5162883494049311,0.5317409038543701
46905,Amazon_employee_access,hybrid_12l,32769,9,16384,16384,2,11,ok,,2.7892781933769584,2.492659030482173,0.5159109830856323
46905,Amazon_employee_access,hybrid_12l,32769,9,16384,16384,2,12,ok,,2.8568851351737976,2.4945082599297166,0.5159109830856323
46905,Amazon_employee_access,pure_hydra_8l,32769,9,16384,16384,2,12,ok,,2.2237856900319457,0.5432544844225049,0.5317409038543701
46905,Amazon_employee_access,pure_hydra_8l,32769,9,16384,16384,2,13,ok,,1.9759352002292871,0.5171337090432644,0.5317409038543701
46905,Amazon_employee_access,hybrid_12l,32769,9,16384,16384,2,13,ok,,4.055265781469643,2.4943617479875684,0.5159109830856323
46905,Amazon_employee_access,hybrid_12l,32769,9,16384,16384,2,14,ok,,3.6653551468625665,2.491661478765309,0.5159109830856323
46905,Amazon_employee_access,pure_hydra_8l,32769,9,16384,16384,2,14,ok,,0.8149929055944085,0.5168422050774097,0.5317409038543701
46905,Amazon_employee_access,pure_hydra_8l,32769,9,16384,16384,2,15,ok,,0.8112516151741147,0.5177605431526899,0.5317409038543701
46905,Amazon_employee_access,hybrid_12l,32769,9,16384,16384,2,15,ok,,2.784465428441763,2.491841402836144,0.5159109830856323
46905,Amazon_employee_access,pure_hydra_8l,32769,9,16384,16384,3,1,ok,,0.8139866339042783,0.514870198443532,0.5059258937835693
46905,Amazon_employee_access,hybrid_12l,32769,9,16384,16384,3,1,ok,,3.080242925323546,2.4924144549295306,0.5192852020263672
46905,Amazon_employee_access,hybrid_12l,32769,9,16384,16384,3,2,ok,,2.792479310184717,2.4923431612551212,0.5192852020263672
46905,Amazon_employee_access,pure_hydra_8l,32769,9,16384,16384,3,2,ok,,0.8203387558460236,0.5135102896019816,0.5059258937835693
46905,Amazon_employee_access,hybrid_12l,32769,9,16384,16384,3,3,ok,,2.792936723679304,2.492021206766367,0.5192852020263672
46905,Amazon_employee_access,pure_hydra_8l,32769,9,16384,16384,3,3,ok,,0.8209966961294413,0.5177659951150417,0.5059258937835693
46905,Amazon_employee_access,pure_hydra_8l,32769,9,16384,16384,3,4,ok,,0.8146120989695191,0.5143151730298996,0.5059258937835693
46905,Amazon_employee_access,hybrid_12l,32769,9,16384,16384,3,4,ok,,2.7959809126332402,2.491949323564768,0.5192852020263672
46905,Amazon_employee_access,hybrid_12l,32769,9,16384,16384,3,5,ok,,2.795938997529447,2.4933449430391192,0.5192852020263672
46905,Amazon_employee_access,pure_hydra_8l,32769,9,16384,16384,3,5,ok,,0.8128011347725987,0.5150513146072626,0.5059258937835693
46905,Amazon_employee_access,hybrid_12l,32769,9,16384,16384,3,6,ok,,2.7930586393922567,2.49218160379678,0.5192852020263672
46905,Amazon_employee_access,pure_hydra_8l,32769,9,16384,16384,3,6,ok,,1.0486188093200326,0.5152914300560951,0.5059258937835693
46905,Amazon_employee_access,pure_hydra_8l,32769,9,16384,16384,3,7,ok,,0.8169807204976678,0.5163530390709639,0.5059258937835693
46905,Amazon_employee_access,hybrid_12l,32769,9,16384,16384,3,7,ok,,2.7955328412353992,2.493719708174467,0.5192852020263672
46905,Amazon_employee_access,hybrid_12l,32769,9,16384,16384,3,8,ok,,2.7927238838747144,2.492537091486156,0.5192852020263672
46905,Amazon_employee_access,pure_hydra_8l,32769,9,16384,16384,3,8,ok,,0.8180629443377256,0.5169484252110124,0.5059258937835693
46905,Amazon_employee_access,hybrid_12l,32769,9,16384,16384,3,9,ok,,2.798538053408265,2.4938909308984876,0.5192852020263672
46905,Amazon_employee_access,pure_hydra_8l,32769,9,16384,16384,3,9,ok,,0.8121447917073965,0.5137780904769897,0.5059258937835693
46905,Amazon_employee_access,pure_hydra_8l,32769,9,16384,16384,3,10,ok,,0.8355733649805188,0.5164418779313564,0.5059258937835693
46905,Amazon_employee_access,hybrid_12l,32769,9,16384,16384,3,10,ok,,2.793332631699741,2.4945268156006932,0.5192852020263672
46905,Amazon_employee_access,pure_hydra_8l,32769,9,16384,16384,3,11,ok,,0.8104201909154654,0.5138696972280741,0.5059258937835693
46905,Amazon_employee_access,hybrid_12l,32769,9,16384,16384,3,11,ok,,2.7956531727686524,2.494173658080399,0.5192852020263672
46905,Amazon_employee_access,hybrid_12l,32769,9,16384,16384,3,12,ok,,2.791267802938819,2.4936688598245382,0.5192852020263672
46905,Amazon_employee_access,pure_hydra_8l,32769,9,16384,16384,3,12,ok,,0.8149111112579703,0.5164479082450271,0.5059258937835693
46905,Amazon_employee_access,pure_hydra_8l,32769,9,16384,16384,3,13,ok,,0.8168223286047578,0.517089313827455,0.5059258937835693
46905,Amazon_employee_access,hybrid_12l,32769,9,16384,16384,3,13,ok,,2.800672985613346,2.4970652144402266,0.5192852020263672
46905,Amazon_employee_access,hybrid_12l,32769,9,16384,16384,3,14,ok,,3.2818855280056596,2.4950706055387855,0.5192852020263672
46905,Amazon_employee_access,pure_hydra_8l,32769,9,16384,16384,3,14,ok,,0.8278113892301917,0.5170719306915998,0.5059258937835693
46905,Amazon_employee_access,pure_hydra_8l,32769,9,16384,16384,3,15,ok,,0.8209828902035952,0.5164044909179211,0.5059258937835693
46905,Amazon_employee_access,hybrid_12l,32769,9,16384,16384,3,15,ok,,2.810599723830819,2.495722527615726,0.5192852020263672
46905,Amazon_employee_access,hybrid_12l,32769,9,16384,16384,4,1,ok,,2.792103978805244,2.494682317599654,0.5296276211738586
46905,Amazon_employee_access,pure_hydra_8l,32769,9,16384,16384,4,1,ok,,0.8139780722558498,0.5164248459041119,0.5202764272689819
46905,Amazon_employee_access,hybrid_12l,32769,9,16384,16384,4,2,ok,,2.8191932095214725,2.49419267103076,0.5296276211738586
46905,Amazon_employee_access,pure_hydra_8l,32769,9,16384,16384,4,2,ok,,1.193836698308587,0.5172194596379995,0.5202764272689819
46905,Amazon_employee_access,pure_hydra_8l,32769,9,16384,16384,4,3,ok,,0.8177658952772617,0.5145383216440678,0.5202764272689819
46905,Amazon_employee_access,hybrid_12l,32769,9,16384,16384,4,3,ok,,3.233617013320327,2.4961831737309694,0.5296276211738586
46905,Amazon_employee_access,hybrid_12l,32769,9,16384,16384,4,4,ok,,2.795252164825797,2.4962810836732388,0.5296276211738586
46905,Amazon_employee_access,pure_hydra_8l,32769,9,16384,16384,4,4,ok,,0.8165998188778758,0.5165218720212579,0.5202764272689819
46905,Amazon_employee_access,hybrid_12l,32769,9,16384,16384,4,5,ok,,2.8646590895950794,2.49396831728518,0.5296276211738586
46905,Amazon_employee_access,pure_hydra_8l,32769,9,16384,16384,4,5,ok,,0.8179508801549673,0.5170854171738029,0.5202764272689819
46905,Amazon_employee_access,pure_hydra_8l,32769,9,16384,16384,4,6,ok,,0.8141318913549185,0.5154505176469684,0.5202764272689819
46905,Amazon_employee_access,hybrid_12l,32769,9,16384,16384,4,6,ok,,2.798002041876316,2.4940037922933698,0.5296276211738586
46905,Amazon_employee_access,hybrid_12l,32769,9,16384,16384,4,7,ok,,2.869909676723182,2.4928764356300235,0.5296276211738586
46905,Amazon_employee_access,pure_hydra_8l,32769,9,16384,16384,4,7,ok,,1.0567260459065437,0.5168306343257427,0.5202764272689819
46905,Amazon_employee_access,hybrid_12l,32769,9,16384,16384,4,8,ok,,2.796768805012107,2.494619351811707,0.5296276211738586
46905,Amazon_employee_access,pure_hydra_8l,32769,9,16384,16384,4,8,ok,,0.8120981380343437,0.515991467051208,0.5202764272689819
46905,Amazon_employee_access,hybrid_12l,32769,9,16384,16384,4,9,ok,,2.797800175845623,2.4989276845008135,0.5296276211738586
46905,Amazon_employee_access,pure_hydra_8l,32769,9,16384,16384,4,9,ok,,0.8139146268367767,0.5173190059140325,0.5202764272689819
46905,Amazon_employee_access,hybrid_12l,32769,9,16384,16384,4,10,ok,,3.186092815361917,2.4971432387828827,0.5296276211738586
46905,Amazon_employee_access,pure_hydra_8l,32769,9,16384,16384,4,10,ok,,1.0400511221960187,0.5172230675816536,0.5202764272689819
46905,Amazon_employee_access,hybrid_12l,32769,9,16384,16384,4,11,ok,,2.801263052970171,2.4998249169439077,0.5296276211738586
46905,Amazon_employee_access,pure_hydra_8l,32769,9,16384,16384,4,11,ok,,0.8135101655498147,0.515539632178843,0.5202764272689819
46905,Amazon_employee_access,hybrid_12l,32769,9,16384,16384,4,12,ok,,2.7976918993517756,2.4982006307691336,0.5296276211738586
46905,Amazon_employee_access,pure_hydra_8l,32769,9,16384,16384,4,12,ok,,0.8125361567363143,0.515199919231236,0.5202764272689819
46905,Amazon_employee_access,pure_hydra_8l,32769,9,16384,16384,4,13,ok,,0.8128928942605853,0.517361668869853,0.5202764272689819
46905,Amazon_employee_access,hybrid_12l,32769,9,16384,16384,4,13,ok,,2.7940952368080616,2.496644671075046,0.5296276211738586
46905,Amazon_employee_access,hybrid_12l,32769,9,16384,16384,4,14,ok,,2.812373292632401,2.496270707808435,0.5296276211738586
46905,Amazon_employee_access,pure_hydra_8l,32769,9,16384,16384,4,14,ok,,0.8545367969200015,0.515598670579493,0.5202764272689819
46905,Amazon_employee_access,pure_hydra_8l,32769,9,16384,16384,4,15,ok,,0.8130585458129644,0.5155398426577449,0.5202764272689819
46905,Amazon_employee_access,hybrid_12l,32769,9,16384,16384,4,15,ok,,2.7969526993110776,2.4973500836640596,0.5296276211738586
46905,Amazon_employee_access,pure_hydra_8l,32769,9,16384,16384,5,1,ok,,0.8227605186402798,0.5157864866778255,0.5342952013015747
46905,Amazon_employee_access,hybrid_12l,32769,9,16384,16384,5,1,ok,,2.8136859545484185,2.495636255480349,0.5235670804977417
46905,Amazon_employee_access,hybrid_12l,32769,9,16384,16384,5,2,ok,,2.805215031839907,2.4970443714410067,0.5235670804977417
46905,Amazon_employee_access,pure_hydra_8l,32769,9,16384,16384,5,2,ok,,0.8770199324935675,0.5160954287275672,0.5342952013015747
46905,Amazon_employee_access,pure_hydra_8l,32769,9,16384,16384,5,3,ok,,0.9894291646778584,0.5168632725253701,0.5342952013015747
46905,Amazon_employee_access,hybrid_12l,32769,9,16384,16384,5,3,ok,,2.800424694083631,2.493663582019508,0.5235670804977417
46905,Amazon_employee_access,hybrid_12l,32769,9,16384,16384,5,4,ok,,2.8056545415893197,2.499542753212154,0.5235670804977417
46905,Amazon_employee_access,pure_hydra_8l,32769,9,16384,16384,5,4,ok,,0.8215318890288472,0.5161529835313559,0.5342952013015747
46905,Amazon_employee_access,hybrid_12l,32769,9,16384,16384,5,5,ok,,2.8054092656821012,2.4978295657783747,0.5235670804977417
46905,Amazon_employee_access,pure_hydra_8l,32769,9,16384,16384,5,5,ok,,0.8583083199337125,0.5153148686513305,0.5342952013015747
46905,Amazon_employee_access,hybrid_12l,32769,9,16384,16384,5,6,ok,,2.8053829120472074,2.4975132811814547,0.5235670804977417
46905,Amazon_employee_access,pure_hydra_8l,32769,9,16384,16384,5,6,ok,,1.6469803135842085,0.5178320789709687,0.5342952013015747
46905,Amazon_employee_access,hybrid_12l,32769,9,16384,16384,5,7,ok,,2.860043741762638,2.4980711471289396,0.5235670804977417
46905,Amazon_employee_access,pure_hydra_8l,32769,9,16384,16384,5,7,ok,,0.8242775574326515,0.5169541165232658,0.5342952013015747
46905,Amazon_employee_access,pure_hydra_8l,32769,9,16384,16384,5,8,ok,,0.8953639399260283,0.5168204260990024,0.5342952013015747
46905,Amazon_employee_access,hybrid_12l,32769,9,16384,16384,5,8,ok,,2.8070472050458193,2.4973894990980625,0.5235670804977417
46905,Amazon_employee_access,hybrid_12l,32769,9,16384,16384,5,9,ok,,3.055197199806571,2.499846950173378,0.5235670804977417
46905,Amazon_employee_access,pure_hydra_8l,32769,9,16384,16384,5,9,ok,,1.0115307848900557,0.5177021203562617,0.5342952013015747
46905,Amazon_employee_access,pure_hydra_8l,32769,9,16384,16384,5,10,ok,,0.8217229675501585,0.5162989180535078,0.5342952013015747
46905,Amazon_employee_access,hybrid_12l,32769,9,16384,16384,5,10,ok,,2.8076530881226063,2.4974851049482822,0.5235670804977417
46905,Amazon_employee_access,hybrid_12l,32769,9,16384,16384,5,11,ok,,2.802936260588467,2.496242204681039,0.5235670804977417
46905,Amazon_employee_access,pure_hydra_8l,32769,9,16384,16384,5,11,ok,,0.8252059482038021,0.5160242728888988,0.5342952013015747
46905,Amazon_employee_access,hybrid_12l,32769,9,16384,16384,5,12,ok,,2.8242754079401493,2.498023576103151,0.5235670804977417
46905,Amazon_employee_access,pure_hydra_8l,32769,9,16384,16384,5,12,ok,,0.8217961424961686,0.5169352162629366,0.5342952013015747
46905,Amazon_employee_access,pure_hydra_8l,32769,9,16384,16384,5,13,ok,,0.8200867222622037,0.5169926565140486,0.5342952013015747
46905,Amazon_employee_access,hybrid_12l,32769,9,16384,16384,5,13,ok,,2.8029124150052667,2.497246442362666,0.5235670804977417
46905,Amazon_employee_access,hybrid_12l,32769,9,16384,16384,5,14,ok,,2.8076050467789173,2.4989602752029896,0.5235670804977417
46905,Amazon_employee_access,pure_hydra_8l,32769,9,16384,16384,5,14,ok,,0.8226649407297373,0.5153398429974914,0.5342952013015747
46905,Amazon_employee_access,hybrid_12l,32769,9,16384,16384,5,15,ok,,2.8040148494765162,2.498021438717842,0.5235670804977417
46905,Amazon_employee_access,pure_hydra_8l,32769,9,16384,16384,5,15,ok,,0.8178977966308594,0.5147444764152169,0.5342952013015747
46910,bank-marketing,hybrid_12l,45211,13,16384,16384,1,1,ok,,2.8700963659211993,2.4987597949802876,0.6846146583557129
46910,bank-marketing,pure_hydra_8l,45211,13,16384,16384,1,1,ok,,0.8870580960065126,0.5157917933538556,0.5760772228240967
46910,bank-marketing,pure_hydra_8l,45211,13,16384,16384,1,2,ok,,0.886060263030231,0.5168074667453766,0.5760772228240967
46910,bank-marketing,hybrid_12l,45211,13,16384,16384,1,2,ok,,2.868895871564746,2.4973665894940495,0.6846146583557129
46910,bank-marketing,hybrid_12l,45211,13,16384,16384,1,3,ok,,2.868647155351937,2.4977324698120356,0.6846146583557129
46910,bank-marketing,pure_hydra_8l,45211,13,16384,16384,1,3,ok,,0.884410297498107,0.517445488832891,0.5760772228240967
46910,bank-marketing,pure_hydra_8l,45211,13,16384,16384,1,4,ok,,0.8845164915546775,0.5161834843456745,0.5760772228240967
46910,bank-marketing,hybrid_12l,45211,13,16384,16384,1,4,ok,,2.8703477568924427,2.498046463355422,0.6846146583557129
46910,bank-marketing,pure_hydra_8l,45211,13,16384,16384,1,5,ok,,0.8842130610719323,0.5176845621317625,0.5760772228240967
46910,bank-marketing,hybrid_12l,45211,13,16384,16384,1,5,ok,,2.8684521866962314,2.4966041641309857,0.6846146583557129
46910,bank-marketing,hybrid_12l,45211,13,16384,16384,1,6,ok,,2.8687221221625805,2.497643429785967,0.6846146583557129
46910,bank-marketing,pure_hydra_8l,45211,13,16384,16384,1,6,ok,,0.8853692226111889,0.5171985048800707,0.5760772228240967
46910,bank-marketing,pure_hydra_8l,45211,13,16384,16384,1,7,ok,,0.8862472763285041,0.5177002372220159,0.5760772228240967
46910,bank-marketing,hybrid_12l,45211,13,16384,16384,1,7,ok,,2.908738821744919,2.4978821789845824,0.6846146583557129
46910,bank-marketing,pure_hydra_8l,45211,13,16384,16384,1,8,ok,,0.9419580111280084,0.5172986350953579,0.5760772228240967
46910,bank-marketing,hybrid_12l,45211,13,16384,16384,1,8,ok,,2.898964198306203,2.5002168538048863,0.6846146583557129
46910,bank-marketing,pure_hydra_8l,45211,13,16384,16384,1,9,ok,,2.1517791636288166,0.5161678567528725,0.5760772228240967
46910,bank-marketing,hybrid_12l,45211,13,16384,16384,1,9,ok,,2.89494083635509,2.5000482257455587,0.6846146583557129
46910,bank-marketing,hybrid_12l,45211,13,16384,16384,1,10,ok,,2.8769341064617038,2.499459320679307,0.6846146583557129
46910,bank-marketing,pure_hydra_8l,45211,13,16384,16384,1,10,ok,,1.3611153876408935,0.5167743284255266,0.5760772228240967
46910,bank-marketing,pure_hydra_8l,45211,13,16384,16384,1,11,ok,,0.8920679772272706,0.5150950839743018,0.5760772228240967
46910,bank-marketing,hybrid_12l,45211,13,16384,16384,1,11,ok,,2.8738567046821117,2.4992336742579937,0.6846146583557129
46910,bank-marketing,pure_hydra_8l,45211,13,16384,16384,1,12,ok,,0.8878397019580007,0.5182270966470242,0.5760772228240967
46910,bank-marketing,hybrid_12l,45211,13,16384,16384,1,12,ok,,2.8766426257789135,2.5007152538746595,0.6846146583557129
46910,bank-marketing,hybrid_12l,45211,13,16384,16384,1,13,ok,,3.1390092158690095,2.498168246820569,0.6846146583557129
46910,bank-marketing,pure_hydra_8l,45211,13,16384,16384,1,13,ok,,1.6329080034047365,0.5182254975661635,0.5760772228240967
46910,bank-marketing,hybrid_12l,45211,13,16384,16384,1,14,ok,,2.8758978629484773,2.499404527246952,0.6846146583557129
46910,bank-marketing,pure_hydra_8l,45211,13,16384,16384,1,14,ok,,1.5157024906948209,0.5191330751404166,0.5760772228240967
46910,bank-marketing,pure_hydra_8l,45211,13,16384,16384,1,15,ok,,0.9812402240931988,0.5170564884319901,0.5760772228240967
46910,bank-marketing,hybrid_12l,45211,13,16384,16384,1,15,ok,,2.8778169117867947,2.4980824990198016,0.6846146583557129
46910,bank-marketing,pure_hydra_8l,45211,13,16384,16384,2,1,ok,,0.9901524782180786,0.5162320155650377,0.5530160665512085
46910,bank-marketing,hybrid_12l,45211,13,16384,16384,2,1,ok,,2.909609126858413,2.4971457747742534,0.6704627275466919
46910,bank-marketing,pure_hydra_8l,45211,13,16384,16384,2,2,ok,,1.3299829484894872,0.5174822295084596,0.5530160665512085
46910,bank-marketing,hybrid_12l,45211,13,16384,16384,2,2,ok,,2.8761261021718383,2.498582100495696,0.6704627275466919
46910,bank-marketing,pure_hydra_8l,45211,13,16384,16384,2,3,ok,,1.2886617192998528,0.5177814327180386,0.5530160665512085
46910,bank-marketing,hybrid_12l,45211,13,16384,16384,2,3,ok,,2.8807412777096033,2.494509325362742,0.6704627275466919
46910,bank-marketing,pure_hydra_8l,45211,13,16384,16384,2,4,ok,,0.8897220622748137,0.5166796771809459,0.5530160665512085
46910,bank-marketing,hybrid_12l,45211,13,16384,16384,2,4,ok,,2.9001604253426194,2.495152155868709,0.6704627275466919
46910,bank-marketing,pure_hydra_8l,45211,13,16384,16384,2,5,ok,,0.8996650744229555,0.51614869851619,0.5530160665512085
46910,bank-marketing,hybrid_12l,45211,13,16384,16384,2,5,ok,,2.8767092898488045,2.49367474578321,0.6704627275466919
46910,bank-marketing,pure_hydra_8l,45211,13,16384,16384,2,6,ok,,0.8926040874794126,0.5155595308169723,0.5530160665512085
46910,bank-marketing,hybrid_12l,45211,13,16384,16384,2,6,ok,,2.8701338302344084,2.4935212396085262,0.6704627275466919
46910,bank-marketing,hybrid_12l,45211,13,16384,16384,2,7,ok,,2.8762411437928677,2.4959504110738635,0.6704627275466919
46910,bank-marketing,pure_hydra_8l,45211,13,16384,16384,2,7,ok,,0.9352996414527297,0.5159178618341684,0.5530160665512085
46910,bank-marketing,hybrid_12l,45211,13,16384,16384,2,8,ok,,2.876353556290269,2.4980644956231117,0.6704627275466919
46910,bank-marketing,pure_hydra_8l,45211,13,16384,16384,2,8,ok,,0.8946793982759118,0.5184101751074195,0.5530160665512085
46910,bank-marketing,pure_hydra_8l,45211,13,16384,16384,2,9,ok,,0.895144009962678,0.5178865352645516,0.5530160665512085
46910,bank-marketing,hybrid_12l,45211,13,16384,16384,2,9,ok,,2.875818632543087,2.4961570976302028,0.6704627275466919
46910,bank-marketing,hybrid_12l,45211,13,16384,16384,2,10,ok,,2.8843068098649383,2.4997185822576284,0.6704627275466919
46910,bank-marketing,pure_hydra_8l,45211,13,16384,16384,2,10,ok,,0.8964749984443188,0.5173871824517846,0.5530160665512085
46910,bank-marketing,hybrid_12l,45211,13,16384,16384,2,11,ok,,2.879422537982464,2.4980959743261337,0.6704627275466919
46910,bank-marketing,pure_hydra_8l,45211,13,16384,16384,2,11,ok,,0.8924246681854129,0.5171920396387577,0.5530160665512085
46910,bank-marketing,pure_hydra_8l,45211,13,16384,16384,2,12,ok,,0.8931927839294076,0.5167240463197231,0.5530160665512085
46910,bank-marketing,hybrid_12l,45211,13,16384,16384,2,12,ok,,2.874061773531139,2.4955537859350443,0.6704627275466919
46910,bank-marketing,hybrid_12l,45211,13,16384,16384,2,13,ok,,2.8816109150648117,2.49842928070575,0.6704627275466919
46910,bank-marketing,pure_hydra_8l,45211,13,16384,16384,2,13,ok,,0.8929476914927363,0.5183413093909621,0.5530160665512085
46910,bank-marketing,hybrid_12l,45211,13,16384,16384,2,14,ok,,2.8771953778341413,2.5000514229759574,0.6704627275466919
46910,bank-marketing,pure_hydra_8l,45211,13,16384,16384,2,14,ok,,0.9146551406010985,0.5170524064451456,0.5530160665512085
46910,bank-marketing,pure_hydra_8l,45211,13,16384,16384,2,15,ok,,0.8948571877554059,0.5181494830176234,0.5530160665512085
46910,bank-marketing,hybrid_12l,45211,13,16384,16384,2,15,ok,,2.871340997517109,2.4947576373815536,0.6704627275466919
46910,bank-marketing,pure_hydra_8l,45211,13,16384,16384,3,1,ok,,0.9437632281333208,0.5177952200174332,0.5575059056282043
46910,bank-marketing,hybrid_12l,45211,13,16384,16384,3,1,ok,,2.8682135175913572,2.495669335126877,0.6768566370010376
46910,bank-marketing,pure_hydra_8l,45211,13,16384,16384,3,2,ok,,0.8870031116530299,0.5165784237906337,0.5575059056282043
46910,bank-marketing,hybrid_12l,45211,13,16384,16384,3,2,ok,,2.8647195640951395,2.4921694649383426,0.6768566370010376
46910,bank-marketing,hybrid_12l,45211,13,16384,16384,3,3,ok,,2.867913542315364,2.4972659600898623,0.6768566370010376
46910,bank-marketing,pure_hydra_8l,45211,13,16384,16384,3,3,ok,,0.887163364328444,0.5151637606322765,0.5575059056282043
46910,bank-marketing,hybrid_12l,45211,13,16384,16384,3,4,ok,,2.8704191697761416,2.495384430512786,0.6768566370010376
46910,bank-marketing,pure_hydra_8l,45211,13,16384,16384,3,4,ok,,0.8934843642637134,0.5164415528997779,0.5575059056282043
46910,bank-marketing,hybrid_12l,45211,13,16384,16384,3,5,ok,,2.9230532301589847,2.4975921288132668,0.6768566370010376
46910,bank-marketing,pure_hydra_8l,45211,13,16384,16384,3,5,ok,,0.8884912189096212,0.5173606183379889,0.5575059056282043
46910,bank-marketing,pure_hydra_8l,45211,13,16384,16384,3,6,ok,,0.8869946198537946,0.5173868602141738,0.5575059056282043
46910,bank-marketing,hybrid_12l,45211,13,16384,16384,3,6,ok,,2.870293542742729,2.4969341848045588,0.6768566370010376
46910,bank-marketing,pure_hydra_8l,45211,13,16384,16384,3,7,ok,,0.9541609408333898,0.5169496582821012,0.5575059056282043
46910,bank-marketing,hybrid_12l,45211,13,16384,16384,3,7,ok,,2.8683631159365177,2.496032228693366,0.6768566370010376
46910,bank-marketing,pure_hydra_8l,45211,13,16384,16384,3,8,ok,,0.8883716566488147,0.5160272000357509,0.5575059056282043
46910,bank-marketing,hybrid_12l,45211,13,16384,16384,3,8,ok,,2.8752115480601788,2.500465196557343,0.6768566370010376
46910,bank-marketing,pure_hydra_8l,45211,13,16384,16384,3,9,ok,,0.8830836433917284,0.5149296801537275,0.5575059056282043
46910,bank-marketing,hybrid_12l,45211,13,16384,16384,3,9,ok,,2.87125679012388,2.4970716945827007,0.6768566370010376
46910,bank-marketing,pure_hydra_8l,45211,13,16384,16384,3,10,ok,,0.8943147026002407,0.5172257097437978,0.5575059056282043
46910,bank-marketing,hybrid_12l,45211,13,16384,16384,3,10,ok,,2.8719093687832355,2.497652933932841,0.6768566370010376
46910,bank-marketing,hybrid_12l,45211,13,16384,16384,3,11,ok,,2.8729230631142855,2.498994725756347,0.6768566370010376
46910,bank-marketing,pure_hydra_8l,45211,13,16384,16384,3,11,ok,,0.921770409680903,0.5172384660691023,0.5575059056282043
46910,bank-marketing,pure_hydra_8l,45211,13,16384,16384,3,12,ok,,1.3628936940804124,0.5163594139739871,0.5575059056282043
46910,bank-marketing,hybrid_12l,45211,13,16384,16384,3,12,ok,,2.873991610482335,2.495443217456341,0.6768566370010376
46910,bank-marketing,pure_hydra_8l,45211,13,16384,16384,3,13,ok,,1.2999916160479188,0.51692302711308,0.5575059056282043
46910,bank-marketing,hybrid_12l,45211,13,16384,16384,3,13,ok,,2.8651557499542832,2.494960544630885,0.6768566370010376
46910,bank-marketing,hybrid_12l,45211,13,16384,16384,3,14,ok,,2.872572840191424,2.4972425745800138,0.6768566370010376
46910,bank-marketing,pure_hydra_8l,45211,13,16384,16384,3,14,ok,,1.0350711531937122,0.5173048796132207,0.5575059056282043
46910,bank-marketing,pure_hydra_8l,45211,13,16384,16384,3,15,ok,,0.8915837807580829,0.5162772471085191,0.5575059056282043
46910,bank-marketing,hybrid_12l,45211,13,16384,16384,3,15,ok,,2.902194669470191,2.4966303538531065,0.6768566370010376
46910,bank-marketing,hybrid_12l,45211,13,16384,16384,4,1,ok,,2.8757955841720104,2.497555445879698,0.6692519783973694
46910,bank-marketing,pure_hydra_8l,45211,13,16384,16384,4,1,ok,,0.903405868448317,0.5180067513138056,0.5592470765113831
46910,bank-marketing,hybrid_12l,45211,13,16384,16384,4,2,ok,,2.8734977897256613,2.498165298253298,0.6692519783973694
46910,bank-marketing,pure_hydra_8l,45211,13,16384,16384,4,2,ok,,0.9005751321092248,0.5163327883929014,0.5592470765113831
46910,bank-marketing,hybrid_12l,45211,13,16384,16384,4,3,ok,,2.8701943419873714,2.4978617820888758,0.6692519783973694
46910,bank-marketing,pure_hydra_8l,45211,13,16384,16384,4,3,ok,,1.04387472756207,0.5173072488978505,0.5592470765113831
46910,bank-marketing,hybrid_12l,45211,13,16384,16384,4,4,ok,,2.870508451014757,2.4988258564844728,0.6692519783973694
46910,bank-marketing,pure_hydra_8l,45211,13,16384,16384,4,4,ok,,0.8857387807220221,0.5175864230841398,0.5592470765113831
46910,bank-marketing,pure_hydra_8l,45211,13,16384,16384,4,5,ok,,0.9502588855102658,0.5175132257863879,0.5592470765113831
46910,bank-marketing,hybrid_12l,45211,13,16384,16384,4,5,ok,,3.6431228294968605,2.498814265243709,0.6692519783973694
46910,bank-marketing,pure_hydra_8l,45211,13,16384,16384,4,6,ok,,0.9250961663201451,0.5175846377387643,0.5592470765113831
46910,bank-marketing,hybrid_12l,45211,13,16384,16384,4,6,ok,,2.8723133327439427,2.498534832149744,0.6692519783973694
46910,bank-marketing,hybrid_12l,45211,13,16384,16384,4,7,ok,,2.8752336613833904,2.4995103990659118,0.6692519783973694
46910,bank-marketing,pure_hydra_8l,45211,13,16384,16384,4,7,ok,,1.1417256211861968,0.5176149159669876,0.5592470765113831
46910,bank-marketing,pure_hydra_8l,45211,13,16384,16384,4,8,ok,,0.8889681249856949,0.5172313107177615,0.5592470765113831
46910,bank-marketing,hybrid_12l,45211,13,16384,16384,4,8,ok,,2.8740533385425806,2.4989505745470524,0.6692519783973694
46910,bank-marketing,hybrid_12l,45211,13,16384,16384,4,9,ok,,2.918871338479221,2.4979412453249097,0.6692519783973694
46910,bank-marketing,pure_hydra_8l,45211,13,16384,16384,4,9,ok,,0.9348625540733337,0.5168573232367635,0.5592470765113831
46910,bank-marketing,hybrid_12l,45211,13,16384,16384,4,10,ok,,2.961640229448676,2.4992504213005304,0.6692519783973694
46910,bank-marketing,pure_hydra_8l,45211,13,16384,16384,4,10,ok,,0.8864192692562938,0.5166550660505891,0.5592470765113831
46910,bank-marketing,pure_hydra_8l,45211,13,16384,16384,4,11,ok,,0.8884886959567666,0.516673993319273,0.5592470765113831
46910,bank-marketing,hybrid_12l,45211,13,16384,16384,4,11,ok,,2.8750027790665627,2.4995773816481233,0.6692519783973694
46910,bank-marketing,hybrid_12l,45211,13,16384,16384,4,12,ok,,2.8710388904437423,2.49820095859468,0.6692519783973694
46910,bank-marketing,pure_hydra_8l,45211,13,16384,16384,4,12,ok,,1.0003896281123161,0.5166851850226521,0.5592470765113831
46910,bank-marketing,pure_hydra_8l,45211,13,16384,16384,4,13,ok,,0.8922685980796814,0.5161916511133313,0.5592470765113831
46910,bank-marketing,hybrid_12l,45211,13,16384,16384,4,13,ok,,2.8872247878462076,2.4993245666846633,0.6692519783973694
46910,bank-marketing,pure_hydra_8l,45211,13,16384,16384,4,14,ok,,0.884077487513423,0.5169456340372562,0.5592470765113831
46910,bank-marketing,hybrid_12l,45211,13,16384,16384,4,14,ok,,2.8725528130307794,2.49863657169044,0.6692519783973694
46910,bank-marketing,pure_hydra_8l,45211,13,16384,16384,4,15,ok,,0.9336265381425619,0.5170711455866694,0.5592470765113831
46910,bank-marketing,hybrid_12l,45211,13,16384,16384,4,15,ok,,2.8732361663132906,2.4995642313733697,0.6692519783973694
46910,bank-marketing,pure_hydra_8l,45211,13,16384,16384,5,1,ok,,0.9504753304645419,0.5175953535363078,0.5674421191215515
46910,bank-marketing,hybrid_12l,45211,13,16384,16384,5,1,ok,,2.8578818226233125,2.4968485794961452,0.679751455783844
46910,bank-marketing,hybrid_12l,45211,13,16384,16384,5,2,ok,,2.8611558582633734,2.4996840935200453,0.679751455783844
46910,bank-marketing,pure_hydra_8l,45211,13,16384,16384,5,2,ok,,1.127937271259725,0.5167029350996017,0.5674421191215515
46910,bank-marketing,hybrid_12l,45211,13,16384,16384,5,3,ok,,2.860388096421957,2.4986680084839463,0.679751455783844
46910,bank-marketing,pure_hydra_8l,45211,13,16384,16384,5,3,ok,,0.8755234638229012,0.5170661071315408,0.5674421191215515
46910,bank-marketing,hybrid_12l,45211,13,16384,16384,5,4,ok,,2.861017184332013,2.4982204353436828,0.679751455783844
46910,bank-marketing,pure_hydra_8l,45211,13,16384,16384,5,4,ok,,0.9047941816970706,0.5166899394243956,0.5674421191215515
46910,bank-marketing,pure_hydra_8l,45211,13,16384,16384,5,5,ok,,0.8766785301268101,0.5161478454247117,0.5674421191215515
46910,bank-marketing,hybrid_12l,45211,13,16384,16384,5,5,ok,,2.864047285169363,2.4980875542387366,0.679751455783844
46910,bank-marketing,pure_hydra_8l,45211,13,16384,16384,5,6,ok,,0.9410754814743996,0.5175651637837291,0.5674421191215515
46910,bank-marketing,hybrid_12l,45211,13,16384,16384,5,6,ok,,2.8605443630367517,2.49891553632915,0.679751455783844
46910,bank-marketing,pure_hydra_8l,45211,13,16384,16384,5,7,ok,,0.8757572844624519,0.5173854287713766,0.5674421191215515
46910,bank-marketing,hybrid_12l,45211,13,16384,16384,5,7,ok,,2.8614971740171313,2.499843766912818,0.679751455783844
46910,bank-marketing,pure_hydra_8l,45211,13,16384,16384,5,8,ok,,0.8757475549355149,0.5172391356900334,0.5674421191215515
46910,bank-marketing,hybrid_12l,45211,13,16384,16384,5,8,ok,,2.9090594267472625,2.49802462849766,0.679751455783844
46910,bank-marketing,hybrid_12l,45211,13,16384,16384,5,9,ok,,2.8625400764867663,2.4977108826860785,0.679751455783844
46910,bank-marketing,pure_hydra_8l,45211,13,16384,16384,5,9,ok,,0.8778318129479885,0.5182106429710984,0.5674421191215515
46910,bank-marketing,hybrid_12l,45211,13,16384,16384,5,10,ok,,2.861985052935779,2.500149240717292,0.679751455783844
46910,bank-marketing,pure_hydra_8l,45211,13,16384,16384,5,10,ok,,0.8773282803595066,0.5170781640335917,0.5674421191215515
46910,bank-marketing,pure_hydra_8l,45211,13,16384,16384,5,11,ok,,0.881549559533596,0.5180453564971685,0.5674421191215515
46910,bank-marketing,hybrid_12l,45211,13,16384,16384,5,11,ok,,2.859606626443565,2.4987138342112303,0.679751455783844
46910,bank-marketing,hybrid_12l,45211,13,16384,16384,5,12,ok,,2.861795668490231,2.4991905437782407,0.679751455783844
46910,bank-marketing,pure_hydra_8l,45211,13,16384,16384,5,12,ok,,1.2691691797226667,0.5170073006302118,0.5674421191215515
46910,bank-marketing,hybrid_12l,45211,13,16384,16384,5,13,ok,,2.9171811314299703,2.497542019933462,0.679751455783844
46910,bank-marketing,pure_hydra_8l,45211,13,16384,16384,5,13,ok,,0.8775026956573129,0.5162804713472724,0.5674421191215515
46910,bank-marketing,hybrid_12l,45211,13,16384,16384,5,14,ok,,2.925401204265654,2.4994694208726287,0.679751455783844
46910,bank-marketing,pure_hydra_8l,45211,13,16384,16384,5,14,ok,,1.3193075871095061,0.5174133693799376,0.5674421191215515
46910,bank-marketing,hybrid_12l,45211,13,16384,16384,5,15,ok,,2.860142736695707,2.499080299399793,0.679751455783844
46910,bank-marketing,pure_hydra_8l,45211,13,16384,16384,5,15,ok,,0.8980901418253779,0.5172539716586471,0.5674421191215515
46922,Diabetes130US,pure_hydra_8l,917,47,16384,458,1,1,ok,,0.13659510761499405,0.014611422084271908,0.5111989378929138
46922,Diabetes130US,hybrid_12l,917,47,16384,458,1,1,ok,,0.14487751200795174,0.021844498813152313,0.552700936794281
46922,Diabetes130US,pure_hydra_8l,917,47,16384,458,1,2,ok,,0.13604914490133524,0.014437242411077023,0.5111989378929138
46922,Diabetes130US,hybrid_12l,917,47,16384,458,1,2,ok,,0.14532407745718956,0.021866911090910435,0.552700936794281
46922,Diabetes130US,hybrid_12l,917,47,16384,458,1,3,ok,,0.14489200990647078,0.021802901290357113,0.552700936794281
46922,Diabetes130US,pure_hydra_8l,917,47,16384,458,1,3,ok,,0.1366345128044486,0.01442820392549038,0.5111989378929138
46922,Diabetes130US,hybrid_12l,917,47,16384,458,1,4,ok,,0.1454805126413703,0.021802309900522232,0.552700936794281
46922,Diabetes130US,pure_hydra_8l,917,47,16384,458,1,4,ok,,0.13702160585671663,0.014412084594368935,0.5111989378929138
46922,Diabetes130US,pure_hydra_8l,917,47,16384,458,1,5,ok,,0.13633897341787815,0.01440153457224369,0.5111989378929138
46922,Diabetes130US,hybrid_12l,917,47,16384,458,1,5,ok,,0.14537802059203386,0.022295323200523853,0.552700936794281
46922,Diabetes130US,hybrid_12l,917,47,16384,458,1,6,ok,,0.14434599597007036,0.02183742541819811,0.552700936794281
46922,Diabetes130US,pure_hydra_8l,917,47,16384,458,1,6,ok,,0.13606407400220633,0.01441064104437828,0.5111989378929138
46922,Diabetes130US,hybrid_12l,917,47,16384,458,1,7,ok,,0.1480722287669778,0.02527240663766861,0.552700936794281
46922,Diabetes130US,pure_hydra_8l,917,47,16384,458,1,7,ok,,0.1390370698645711,0.01722138002514839,0.5111989378929138
46922,Diabetes130US,hybrid_12l,917,47,16384,458,1,8,ok,,0.17916391789913177,0.026197067461907864,0.552700936794281
46922,Diabetes130US,pure_hydra_8l,917,47,16384,458,1,8,ok,,0.13733109179884195,0.017202313989400864,0.5111989378929138
46922,Diabetes130US,hybrid_12l,917,47,16384,458,1,9,ok,,0.1492869472131133,0.02632787451148033,0.552700936794281
46922,Diabetes130US,pure_hydra_8l,917,47,16384,458,1,9,ok,,0.13842180464416742,0.017298467457294464,0.5111989378929138
46922,Diabetes130US,hybrid_12l,917,47,16384,458,1,10,ok,,0.1488338802009821,0.026156410574913025,0.552700936794281
46922,Diabetes130US,pure_hydra_8l,917,47,16384,458,1,10,ok,,0.13878046441823244,0.01717263925820589,0.5111989378929138
46922,Diabetes130US,hybrid_12l,917,47,16384,458,1,11,ok,,0.1488607218489051,0.02615734189748764,0.552700936794281
46922,Diabetes130US,pure_hydra_8l,917,47,16384,458,1,11,ok,,0.13802360277622938,0.01733154896646738,0.5111989378929138
46922,Diabetes130US,hybrid_12l,917,47,16384,458,1,12,ok,,0.14900112710893154,0.026106955483555794,0.552700936794281
46922,Diabetes130US,pure_hydra_8l,917,47,16384,458,1,12,ok,,0.13818197324872017,0.017193677835166454,0.5111989378929138
46922,Diabetes130US,pure_hydra_8l,917,47,16384,458,1,13,ok,,0.13836912624537945,0.017265654169023037,0.5111989378929138
46922,Diabetes130US,hybrid_12l,917,47,16384,458,1,13,ok,,0.14931383822113276,0.026282569393515587,0.552700936794281
46922,Diabetes130US,pure_hydra_8l,917,47,16384,458,1,14,ok,,0.13940708059817553,0.017416970804333687,0.5111989378929138
46922,Diabetes130US,hybrid_12l,917,47,16384,458,1,14,ok,,0.148415288887918,0.026162181049585342,0.552700936794281
46922,Diabetes130US,pure_hydra_8l,917,47,16384,458,1,15,ok,,0.13936313800513744,0.017198586836457253,0.5111989378929138
46922,Diabetes130US,hybrid_12l,917,47,16384,458,1,15,ok,,0.14988664351403713,0.02625218126922846,0.552700936794281
46922,Diabetes130US,pure_hydra_8l,917,47,16384,458,2,1,ok,,0.1431507859379053,0.017224807292222977,0.5749732851982117
46922,Diabetes130US,hybrid_12l,917,47,16384,458,2,1,ok,,0.15273147728294134,0.02613834571093321,0.5503743290901184
46922,Diabetes130US,hybrid_12l,917,47,16384,458,2,2,ok,,0.15306804236024618,0.02630764525383711,0.5503743290901184
46922,Diabetes130US,pure_hydra_8l,917,47,16384,458,2,2,ok,,0.14238488767296076,0.017194529995322227,0.5749732851982117
46922,Diabetes130US,pure_hydra_8l,917,47,16384,458,2,3,ok,,0.1804184727370739,0.017712419852614403,0.5749732851982117
46922,Diabetes130US,hybrid_12l,917,47,16384,458,2,3,ok,,0.20964559447020292,0.026292186230421066,0.5503743290901184
46922,Diabetes130US,hybrid_12l,917,47,16384,458,2,4,ok,,0.20357388444244862,0.026155858300626278,0.5503743290901184
46922,Diabetes130US,pure_hydra_8l,917,47,16384,458,2,4,ok,,0.19397560972720385,0.017230057157576084,0.5749732851982117
46922,Diabetes130US,pure_hydra_8l,917,47,16384,458,2,5,ok,,0.14181602001190186,0.017383988946676254,0.5749732851982117
46922,Diabetes130US,hybrid_12l,917,47,16384,458,2,5,ok,,0.15251644980162382,0.0261469017714262,0.5503743290901184
46922,Diabetes130US,pure_hydra_8l,917,47,16384,458,2,6,ok,,0.141887616366148,0.017215809784829617,0.5749732851982117
46922,Diabetes130US,hybrid_12l,917,47,16384,458,2,6,ok,,0.15165851823985577,0.026439756155014038,0.5503743290901184
46922,Diabetes130US,pure_hydra_8l,917,47,16384,458,2,7,ok,,0.14199024997651577,0.01722615957260132,0.5749732851982117
46922,Diabetes130US,hybrid_12l,917,47,16384,458,2,7,ok,,0.15232389606535435,0.02615833282470703,0.5503743290901184
46922,Diabetes130US,hybrid_12l,917,47,16384,458,2,8,ok,,0.15074699185788631,0.026134408079087734,0.5503743290901184
46922,Diabetes130US,pure_hydra_8l,917,47,16384,458,2,8,ok,,0.1428032899275422,0.017666381783783436,0.5749732851982117
46922,Diabetes130US,pure_hydra_8l,917,47,16384,458,2,9,ok,,0.14209657162427902,0.017365314066410065,0.5749732851982117
46922,Diabetes130US,hybrid_12l,917,47,16384,458,2,9,ok,,0.15203389804810286,0.02622274588793516,0.5503743290901184
46922,Diabetes130US,hybrid_12l,917,47,16384,458,2,10,ok,,0.15154096484184265,0.026158654130995274,0.5503743290901184
46922,Diabetes130US,pure_hydra_8l,917,47,16384,458,2,10,ok,,0.14235539082437754,0.017220119014382362,0.5749732851982117
46922,Diabetes130US,pure_hydra_8l,917,47,16384,458,2,11,ok,,0.14168531261384487,0.01725274045020342,0.5749732851982117
46922,Diabetes130US,hybrid_12l,917,47,16384,458,2,11,ok,,0.15235769096761942,0.02610672637820244,0.5503743290901184
46922,Diabetes130US,hybrid_12l,917,47,16384,458,2,12,ok,,0.15310858190059662,0.026098930276930332,0.5503743290901184
46922,Diabetes130US,pure_hydra_8l,917,47,16384,458,2,12,ok,,0.1489465544000268,0.017240075394511223,0.5749732851982117
46922,Diabetes130US,hybrid_12l,917,47,16384,458,2,13,ok,,0.1533634252846241,0.026393689215183258,0.5503743290901184
46922,Diabetes130US,pure_hydra_8l,917,47,16384,458,2,13,ok,,0.1431210609152913,0.017207704484462738,0.5749732851982117
46922,Diabetes130US,hybrid_12l,917,47,16384,458,2,14,ok,,0.15123838279396296,0.02612798660993576,0.5503743290901184
46922,Diabetes130US,pure_hydra_8l,917,47,16384,458,2,14,ok,,0.14062405563890934,0.017207604832947254,0.5749732851982117
46922,Diabetes130US,pure_hydra_8l,917,47,16384,458,2,15,ok,,0.14104775805026293,0.017150016501545906,0.5749732851982117
46922,Diabetes130US,hybrid_12l,917,47,16384,458,2,15,ok,,0.15264062583446503,0.02613916713744402,0.5503743290901184
46922,Diabetes130US,pure_hydra_8l,917,47,16384,458,3,1,ok,,0.14020937029272318,0.017187345772981644,0.537804901599884
46922,Diabetes130US,hybrid_12l,917,47,16384,458,3,1,ok,,0.1516700405627489,0.02614226285368204,0.5536585450172424
46922,Diabetes130US,pure_hydra_8l,917,47,16384,458,3,2,ok,,0.14193475618958473,0.01734771952033043,0.537804901599884
46922,Diabetes130US,hybrid_12l,917,47,16384,458,3,2,ok,,0.1514705428853631,0.02613336779177189,0.5536585450172424
46922,Diabetes130US,hybrid_12l,917,47,16384,458,3,3,ok,,0.15329070668667555,0.026123258285224438,0.5536585450172424
46922,Diabetes130US,pure_hydra_8l,917,47,16384,458,3,3,ok,,0.14033818524330854,0.017212585546076298,0.537804901599884
46922,Diabetes130US,hybrid_12l,917,47,16384,458,3,4,ok,,0.1530931033194065,0.02646310068666935,0.5536585450172424
46922,Diabetes130US,pure_hydra_8l,917,47,16384,458,3,4,ok,,0.1417471505701542,0.017245376482605934,0.537804901599884
46922,Diabetes130US,hybrid_12l,917,47,16384,458,3,5,ok,,0.15198817290365696,0.026149136014282703,0.5536585450172424
46922,Diabetes130US,pure_hydra_8l,917,47,16384,458,3,5,ok,,0.13999411463737488,0.017181585542857647,0.537804901599884
46922,Diabetes130US,pure_hydra_8l,917,47,16384,458,3,6,ok,,0.17217434383928776,0.017229465767741203,0.537804901599884
46922,Diabetes130US,hybrid_12l,917,47,16384,458,3,6,ok,,0.18310871627181768,0.026293990202248096,0.5536585450172424
46922,Diabetes130US,hybrid_12l,917,47,16384,458,3,7,ok,,0.15209764055907726,0.026146159507334232,0.5536585450172424
46922,Diabetes130US,pure_hydra_8l,917,47,16384,458,3,7,ok,,0.1423139851540327,0.01719774678349495,0.537804901599884
46922,Diabetes130US,pure_hydra_8l,917,47,16384,458,3,8,ok,,0.14200808573514223,0.01718458067625761,0.537804901599884
46922,Diabetes130US,hybrid_12l,917,47,16384,458,3,8,ok,,0.15200762916356325,0.026126593351364136,0.5536585450172424
46922,Diabetes130US,pure_hydra_8l,917,47,16384,458,3,9,ok,,0.14244709629565477,0.017337090335786343,0.537804901599884
46922,Diabetes130US,hybrid_12l,917,47,16384,458,3,9,ok,,0.15143708977848291,0.026276287622749805,0.5536585450172424
46922,Diabetes130US,hybrid_12l,917,47,16384,458,3,10,ok,,0.18096240609884262,0.02619953267276287,0.5536585450172424
46922,Diabetes130US,pure_hydra_8l,917,47,16384,458,3,10,ok,,0.145249811001122,0.01723005808889866,0.537804901599884
46922,Diabetes130US,pure_hydra_8l,917,47,16384,458,3,11,ok,,0.14263660553842783,0.01718935091048479,0.537804901599884
46922,Diabetes130US,hybrid_12l,917,47,16384,458,3,11,ok,,0.1527952617034316,0.026446218602359295,0.5536585450172424
46922,Diabetes130US,hybrid_12l,917,47,16384,458,3,12,ok,,0.18199019134044647,0.026183390989899635,0.5536585450172424
46922,Diabetes130US,pure_hydra_8l,917,47,16384,458,3,12,ok,,0.19202939979732037,0.017287014983594418,0.537804901599884
46922,Diabetes130US,pure_hydra_8l,917,47,16384,458,3,13,ok,,0.19285711739212275,0.017232220619916916,0.537804901599884
46922,Diabetes130US,hybrid_12l,917,47,16384,458,3,13,ok,,0.2029267232865095,0.02618007641285658,0.5536585450172424
46922,Diabetes130US,pure_hydra_8l,917,47,16384,458,3,14,ok,,0.15076403692364693,0.0173907820135355,0.537804901599884
46922,Diabetes130US,hybrid_12l,917,47,16384,458,3,14,ok,,0.1571751506999135,0.02616614941507578,0.5536585450172424
46922,Diabetes130US,pure_hydra_8l,917,47,16384,458,3,15,ok,,0.14219038095325232,0.01725592650473118,0.537804901599884
46922,Diabetes130US,hybrid_12l,917,47,16384,458,3,15,ok,,0.15069676004350185,0.02616327442228794,0.5536585450172424
46922,Diabetes130US,pure_hydra_8l,917,47,16384,458,4,1,ok,,0.1631206627935171,0.01720463950186968,0.5601076483726501
46922,Diabetes130US,hybrid_12l,917,47,16384,458,4,1,ok,,0.15396093763411045,0.02627928275614977,0.5416865944862366
46922,Diabetes130US,hybrid_12l,917,47,16384,458,4,2,ok,,0.20267136115580797,0.026271999813616276,0.5416865944862366
46922,Diabetes130US,pure_hydra_8l,917,47,16384,458,4,2,ok,,0.16536477860063314,0.017279790714383125,0.5601076483726501
46922,Diabetes130US,pure_hydra_8l,917,47,16384,458,4,3,ok,,0.1426356341689825,0.01719637308269739,0.5601076483726501
46922,Diabetes130US,hybrid_12l,917,47,16384,458,4,3,ok,,0.15214266628026962,0.02613759506493807,0.5416865944862366
46922,Diabetes130US,pure_hydra_8l,917,47,16384,458,4,4,ok,,0.14294592197984457,0.017242982983589172,0.5601076483726501
46922,Diabetes130US,hybrid_12l,917,47,16384,458,4,4,ok,,0.1524325143545866,0.026130883023142815,0.5416865944862366
46922,Diabetes130US,hybrid_12l,917,47,16384,458,4,5,ok,,0.17458041943609715,0.026355206966400146,0.5416865944862366
46922,Diabetes130US,pure_hydra_8l,917,47,16384,458,4,5,ok,,0.14235107600688934,0.017182457260787487,0.5601076483726501
46922,Diabetes130US,pure_hydra_8l,917,47,16384,458,4,6,ok,,0.1428916295990348,0.017253471538424492,0.5601076483726501
46922,Diabetes130US,hybrid_12l,917,47,16384,458,4,6,ok,,0.1819478627294302,0.026177510619163513,0.5416865944862366
46922,Diabetes130US,hybrid_12l,917,47,16384,458,4,7,ok,,0.15504522062838078,0.026139939203858376,0.5416865944862366
46922,Diabetes130US,pure_hydra_8l,917,47,16384,458,4,7,ok,,0.14250832330435514,0.017300681211054325,0.5601076483726501
46922,Diabetes130US,hybrid_12l,917,47,16384,458,4,8,ok,,0.15260834898799658,0.02611601445823908,0.5416865944862366
46922,Diabetes130US,pure_hydra_8l,917,47,16384,458,4,8,ok,,0.14282368123531342,0.017329075373709202,0.5601076483726501
46922,Diabetes130US,pure_hydra_8l,917,47,16384,458,4,9,ok,,0.1479484485462308,0.017187757417559624,0.5601076483726501
46922,Diabetes130US,hybrid_12l,917,47,16384,458,4,9,ok,,0.20387522969394922,0.026354084722697735,0.5416865944862366
46922,Diabetes130US,pure_hydra_8l,917,47,16384,458,4,10,ok,,0.15185176581144333,0.01718878000974655,0.5601076483726501
46922,Diabetes130US,hybrid_12l,917,47,16384,458,4,10,ok,,0.2010284634307027,0.026402216404676437,0.5416865944862366
46922,Diabetes130US,pure_hydra_8l,917,47,16384,458,4,11,ok,,0.1787197533994913,0.01724386401474476,0.5601076483726501
46922,Diabetes130US,hybrid_12l,917,47,16384,458,4,11,ok,,0.21957633458077908,0.026632330380380154,0.5416865944862366
46922,Diabetes130US,hybrid_12l,917,47,16384,458,4,12,ok,,0.19824975449591875,0.026219299994409084,0.5416865944862366
46922,Diabetes130US,pure_hydra_8l,917,47,16384,458,4,12,ok,,0.19111600331962109,0.01740888599306345,0.5601076483726501
46922,Diabetes130US,pure_hydra_8l,917,47,16384,458,4,13,ok,,0.19070926401764154,0.017200992442667484,0.5601076483726501
46922,Diabetes130US,hybrid_12l,917,47,16384,458,4,13,ok,,0.20289964508265257,0.02612260729074478,0.5416865944862366
46922,Diabetes130US,hybrid_12l,917,47,16384,458,4,14,ok,,0.20297037810087204,0.02618216909468174,0.5416865944862366
46922,Diabetes130US,pure_hydra_8l,917,47,16384,458,4,14,ok,,0.19301301427185535,0.017236298881471157,0.5601076483726501
46922,Diabetes130US,pure_hydra_8l,917,47,16384,458,4,15,ok,,0.16237477213144302,0.01713462732732296,0.5601076483726501
46922,Diabetes130US,hybrid_12l,917,47,16384,458,4,15,ok,,0.15260503347963095,0.02634996734559536,0.5416865944862366
46922,Diabetes130US,hybrid_12l,917,47,16384,458,5,1,ok,,0.1670924285426736,0.02605889644473791,0.5094460844993591
46922,Diabetes130US,pure_hydra_8l,917,47,16384,458,5,1,ok,,0.13986265752464533,0.017137511633336544,0.41907936334609985
46922,Diabetes130US,hybrid_12l,917,47,16384,458,5,2,ok,,0.17885298747569323,0.02635162975639105,0.5094460844993591
46922,Diabetes130US,pure_hydra_8l,917,47,16384,458,5,2,ok,,0.15956438425928354,0.017141410149633884,0.41907936334609985
46922,Diabetes130US,hybrid_12l,917,47,16384,458,5,3,ok,,0.1506975432857871,0.02605622075498104,0.5094460844993591
46922,Diabetes130US,pure_hydra_8l,917,47,16384,458,5,3,ok,,0.15088494773954153,0.017176366411149502,0.41907936334609985
46922,Diabetes130US,pure_hydra_8l,917,47,16384,458,5,4,ok,,0.14092495944350958,0.017147080972790718,0.41907936334609985
46922,Diabetes130US,hybrid_12l,917,47,16384,458,5,4,ok,,0.14986781310290098,0.02620185725390911,0.5094460844993591
46922,Diabetes130US,hybrid_12l,917,47,16384,458,5,5,ok,,0.14892499893903732,0.026050820015370846,0.5094460844993591
46922,Diabetes130US,pure_hydra_8l,917,47,16384,458,5,5,ok,,0.16318854317069054,0.017132993787527084,0.41907936334609985
46922,Diabetes130US,pure_hydra_8l,917,47,16384,458,5,6,ok,,0.14181287959218025,0.017143473029136658,0.41907936334609985
46922,Diabetes130US,hybrid_12l,917,47,16384,458,5,6,ok,,0.1807272331789136,0.026379281654953957,0.5094460844993591
46922,Diabetes130US,hybrid_12l,917,47,16384,458,5,7,ok,,0.2004134515300393,0.02607630006968975,0.5094460844993591
46922,Diabetes130US,pure_hydra_8l,917,47,16384,458,5,7,ok,,0.16693254839628935,0.01714035775512457,0.41907936334609985
46922,Diabetes130US,hybrid_12l,917,47,16384,458,5,8,ok,,0.15024486742913723,0.02610349003225565,0.5094460844993591
46922,Diabetes130US,pure_hydra_8l,917,47,16384,458,5,8,ok,,0.1658255234360695,0.017263220623135567,0.41907936334609985
46922,Diabetes130US,pure_hydra_8l,917,47,16384,458,5,9,ok,,0.15717335976660252,0.017466655001044273,0.41907936334609985
46922,Diabetes130US,hybrid_12l,917,47,16384,458,5,9,ok,,0.15096989925950766,0.02617032639682293,0.5094460844993591
46922,Diabetes130US,hybrid_12l,917,47,16384,458,5,10,ok,,0.1518096597865224,0.02607598714530468,0.5094460844993591
46922,Diabetes130US,pure_hydra_8l,917,47,16384,458,5,10,ok,,0.1419546389952302,0.017173991538584232,0.41907936334609985
46922,Diabetes130US,hybrid_12l,917,47,16384,458,5,11,ok,,0.15188227593898773,0.026275156065821648,0.5094460844993591
46922,Diabetes130US,pure_hydra_8l,917,47,16384,458,5,11,ok,,0.14119338802993298,0.01715393364429474,0.41907936334609985
46922,Diabetes130US,hybrid_12l,917,47,16384,458,5,12,ok,,0.1516942996531725,0.026068835519254208,0.5094460844993591
46922,Diabetes130US,pure_hydra_8l,917,47,16384,458,5,12,ok,,0.14066481683403254,0.017281354404985905,0.41907936334609985
46922,Diabetes130US,hybrid_12l,917,47,16384,458,5,13,ok,,0.15117155108600855,0.026033959351480007,0.5094460844993591
46922,Diabetes130US,pure_hydra_8l,917,47,16384,458,5,13,ok,,0.14149918593466282,0.017129557207226753,0.41907936334609985
46922,Diabetes130US,pure_hydra_8l,917,47,16384,458,5,14,ok,,0.1417037732899189,0.017177057452499866,0.41907936334609985
46922,Diabetes130US,hybrid_12l,917,47,16384,458,5,14,ok,,0.1527258437126875,0.026058155111968517,0.5094460844993591
46922,Diabetes130US,hybrid_12l,917,47,16384,458,5,15,ok,,0.16445058211684227,0.026067793369293213,0.5094460844993591
46922,Diabetes130US,pure_hydra_8l,917,47,16384,458,5,15,ok,,0.14268678426742554,0.017446497455239296,0.41907936334609985
46955,SDSS17,pure_hydra_8l,78053,11,16384,16384,1,1,ok,,1.1858239993453026,0.8192736944183707,0.672204852104187
46955,SDSS17,hybrid_12l,78053,11,16384,16384,1,1,ok,,4.133858914487064,3.773646032437682,0.9685528874397278
46955,SDSS17,hybrid_12l,78053,11,16384,16384,1,2,ok,,4.180362253449857,3.774385907687247,0.9685528874397278
46955,SDSS17,pure_hydra_8l,78053,11,16384,16384,1,2,ok,,1.4447676027193666,0.7910988107323647,0.672204852104187
46955,SDSS17,pure_hydra_8l,78053,11,16384,16384,1,3,ok,,1.1554923057556152,0.7941385665908456,0.672204852104187
46955,SDSS17,hybrid_12l,78053,11,16384,16384,1,3,ok,,4.143204193562269,3.7766551412642,0.9685528874397278
46955,SDSS17,hybrid_12l,78053,11,16384,16384,1,4,ok,,4.214865203946829,3.7766297990456223,0.9685528874397278
46955,SDSS17,pure_hydra_8l,78053,11,16384,16384,1,4,ok,,1.1550706718116999,0.794739531353116,0.672204852104187
46955,SDSS17,pure_hydra_8l,78053,11,16384,16384,1,5,ok,,1.179680259898305,0.7935354132205248,0.672204852104187
46955,SDSS17,hybrid_12l,78053,11,16384,16384,1,5,ok,,4.226197462528944,3.7746546464040875,0.9685528874397278
46955,SDSS17,hybrid_12l,78053,11,16384,16384,1,6,ok,,4.140008203685284,3.7759851682931185,0.9685528874397278
46955,SDSS17,pure_hydra_8l,78053,11,16384,16384,1,6,ok,,1.1542276442050934,0.7927592815831304,0.672204852104187
46955,SDSS17,hybrid_12l,78053,11,16384,16384,1,7,ok,,4.1837454456835985,3.7796777095645666,0.9685528874397278
46955,SDSS17,pure_hydra_8l,78053,11,16384,16384,1,7,ok,,1.1598815079778433,0.7931715101003647,0.672204852104187
46955,SDSS17,pure_hydra_8l,78053,11,16384,16384,1,8,ok,,1.162763043306768,0.7919444600120187,0.672204852104187
46955,SDSS17,hybrid_12l,78053,11,16384,16384,1,8,ok,,4.14110569562763,3.777594881132245,0.9685528874397278
46955,SDSS17,hybrid_12l,78053,11,16384,16384,1,9,ok,,4.139817544259131,3.779383239336312,0.9685528874397278
46955,SDSS17,pure_hydra_8l,78053,11,16384,16384,1,9,ok,,1.1639027632772923,0.793269001878798,0.672204852104187
46955,SDSS17,hybrid_12l,78053,11,16384,16384,1,10,ok,,4.143185083754361,3.7805413315072656,0.9685528874397278
46955,SDSS17,pure_hydra_8l,78053,11,16384,16384,1,10,ok,,1.1554004959762096,0.7945197494700551,0.672204852104187
46955,SDSS17,hybrid_12l,78053,11,16384,16384,1,11,ok,,4.165304884314537,3.7790325097739697,0.9685528874397278
46955,SDSS17,pure_hydra_8l,78053,11,16384,16384,1,11,ok,,1.204392733052373,0.7940714787691832,0.672204852104187
46955,SDSS17,pure_hydra_8l,78053,11,16384,16384,1,12,ok,,1.2771983798593283,0.794025924988091,0.672204852104187
46955,SDSS17,hybrid_12l,78053,11,16384,16384,1,12,ok,,4.139260007068515,3.778700752183795,0.9685528874397278
46955,SDSS17,hybrid_12l,78053,11,16384,16384,1,13,ok,,4.161081242375076,3.7780714938417077,0.9685528874397278
46955,SDSS17,pure_hydra_8l,78053,11,16384,16384,1,13,ok,,1.1570964846760035,0.7920949747785926,0.672204852104187
46955,SDSS17,hybrid_12l,78053,11,16384,16384,1,14,ok,,4.153530986979604,3.781824618577957,0.9685528874397278
46955,SDSS17,pure_hydra_8l,78053,11,16384,16384,1,14,ok,,1.1537840273231268,0.7935678232461214,0.672204852104187
46955,SDSS17,hybrid_12l,78053,11,16384,16384,1,15,ok,,4.139904560521245,3.7762675611302257,0.9685528874397278
46955,SDSS17,pure_hydra_8l,78053,11,16384,16384,1,15,ok,,1.154798529110849,0.7938759028911591,0.672204852104187
46955,SDSS17,hybrid_12l,78053,11,16384,16384,2,1,ok,,4.236645635217428,3.7790015349164605,0.9667232632637024
46955,SDSS17,pure_hydra_8l,78053,11,16384,16384,2,1,ok,,1.1729721780866385,0.7942392295226455,0.6695429086685181
46955,SDSS17,pure_hydra_8l,78053,11,16384,16384,2,2,ok,,1.1735254395753145,0.7933166157454252,0.6695429086685181
46955,SDSS17,hybrid_12l,78053,11,16384,16384,2,2,ok,,4.15897056274116,3.778416546061635,0.9667232632637024
46955,SDSS17,hybrid_12l,78053,11,16384,16384,2,3,ok,,4.157058288343251,3.778333008289337,0.9667232632637024
46955,SDSS17,pure_hydra_8l,78053,11,16384,16384,2,3,ok,,1.1707167932763696,0.7950377566739917,0.6695429086685181
46955,SDSS17,pure_hydra_8l,78053,11,16384,16384,2,4,ok,,1.1791695756837726,0.7930038385093212,0.6695429086685181
46955,SDSS17,hybrid_12l,78053,11,16384,16384,2,4,ok,,4.156530370004475,3.7788610542193055,0.9667232632637024
46955,SDSS17,pure_hydra_8l,78053,11,16384,16384,2,5,ok,,1.172935938462615,0.7934798980131745,0.6695429086685181
46955,SDSS17,hybrid_12l,78053,11,16384,16384,2,5,ok,,4.184003311209381,3.7796430429443717,0.9667232632637024
46955,SDSS17,pure_hydra_8l,78053,11,16384,16384,2,6,ok,,1.180757874622941,0.7934061773121357,0.6695429086685181
46955,SDSS17,hybrid_12l,78053,11,16384,16384,2,6,ok,,4.159627014771104,3.7792714266106486,0.9667232632637024
46955,SDSS17,hybrid_12l,78053,11,16384,16384,2,7,ok,,4.1831467635929585,3.779116832651198,0.9667232632637024
46955,SDSS17,pure_hydra_8l,78053,11,16384,16384,2,7,ok,,1.1720148483291268,0.7920146770775318,0.6695429086685181
46955,SDSS17,pure_hydra_8l,78053,11,16384,16384,2,8,ok,,1.168227962218225,0.7914033513516188,0.6695429086685181
46955,SDSS17,hybrid_12l,78053,11,16384,16384,2,8,ok,,4.162662971764803,3.7800583904609084,0.9667232632637024
46955,SDSS17,pure_hydra_8l,78053,11,16384,16384,2,9,ok,,1.1729809995740652,0.794550265185535,0.6695429086685181
46955,SDSS17,hybrid_12l,78053,11,16384,16384,2,9,ok,,4.163048151880503,3.7798625472933054,0.9667232632637024
46955,SDSS17,pure_hydra_8l,78053,11,16384,16384,2,10,ok,,1.1796918036416173,0.7928661564365029,0.6695429086685181
46955,SDSS17,hybrid_12l,78053,11,16384,16384,2,10,ok,,4.163358789868653,3.7823645686730742,0.9667232632637024
46955,SDSS17,pure_hydra_8l,78053,11,16384,16384,2,11,ok,,1.1738640936091542,0.7937402883544564,0.6695429086685181
46955,SDSS17,hybrid_12l,78053,11,16384,16384,2,11,ok,,4.165687748230994,3.7798773078247905,0.9667232632637024
46955,SDSS17,hybrid_12l,78053,11,16384,16384,2,12,ok,,4.176887918263674,3.7804804667830467,0.9667232632637024
46955,SDSS17,pure_hydra_8l,78053,11,16384,16384,2,12,ok,,1.17645887658,0.7936391104012728,0.6695429086685181
46955,SDSS17,pure_hydra_8l,78053,11,16384,16384,2,13,ok,,1.2369685806334019,0.7924295421689749,0.6695429086685181
46955,SDSS17,hybrid_12l,78053,11,16384,16384,2,13,ok,,5.457897249609232,3.7779754968360066,0.9667232632637024
46955,SDSS17,hybrid_12l,78053,11,16384,16384,2,14,ok,,5.577357755973935,3.808539465069771,0.9667232632637024
46955,SDSS17,pure_hydra_8l,78053,11,16384,16384,2,14,ok,,1.2157450634986162,0.7937323050573468,0.6695429086685181
46955,SDSS17,hybrid_12l,78053,11,16384,16384,2,15,ok,,4.168803091160953,3.7792798969894648,0.9667232632637024
46955,SDSS17,pure_hydra_8l,78053,11,16384,16384,2,15,ok,,1.1773912282660604,0.7929832339286804,0.6695429086685181
46955,SDSS17,hybrid_12l,78053,11,16384,16384,3,1,ok,,4.151199568063021,3.7777432715520263,0.9645096659660339
46955,SDSS17,pure_hydra_8l,78053,11,16384,16384,3,1,ok,,1.5707998936995864,0.7931710174307227,0.6806963086128235
46955,SDSS17,pure_hydra_8l,78053,11,16384,16384,3,2,ok,,2.2528819562867284,0.7930530374869704,0.6806963086128235
46955,SDSS17,hybrid_12l,78053,11,16384,16384,3,2,ok,,4.1732724430039525,3.777975821867585,0.9645096659660339
46955,SDSS17,pure_hydra_8l,78053,11,16384,16384,3,3,ok,,2.44791513774544,0.7937645530328155,0.6806963086128235
46955,SDSS17,hybrid_12l,78053,11,16384,16384,3,3,ok,,5.523426110856235,3.7788540832698345,0.9645096659660339
46955,SDSS17,pure_hydra_8l,78053,11,16384,16384,3,4,ok,,1.1729897186160088,0.7940626153722405,0.6806963086128235
46955,SDSS17,hybrid_12l,78053,11,16384,16384,3,4,ok,,4.152227709069848,3.7774075092747808,0.9645096659660339
46955,SDSS17,hybrid_12l,78053,11,16384,16384,3,5,ok,,4.15440662112087,3.7799655059352517,0.9645096659660339
46955,SDSS17,pure_hydra_8l,78053,11,16384,16384,3,5,ok,,1.1658702595159411,0.7940847193822265,0.6806963086128235
46955,SDSS17,hybrid_12l,78053,11,16384,16384,3,6,ok,,4.189395003952086,3.777418536134064,0.9645096659660339
46955,SDSS17,pure_hydra_8l,78053,11,16384,16384,3,6,ok,,1.160812365822494,0.7922709519043565,0.6806963086128235
46955,SDSS17,pure_hydra_8l,78053,11,16384,16384,3,7,ok,,1.1662524249404669,0.7940330794081092,0.6806963086128235
46955,SDSS17,hybrid_12l,78053,11,16384,16384,3,7,ok,,4.153066341765225,3.7778192637488246,0.9645096659660339
46955,SDSS17,hybrid_12l,78053,11,16384,16384,3,8,ok,,4.174781451933086,3.7774611189961433,0.9645096659660339
46955,SDSS17,pure_hydra_8l,78053,11,16384,16384,3,8,ok,,2.468463140539825,0.7944942153990269,0.6806963086128235
46955,SDSS17,hybrid_12l,78053,11,16384,16384,3,9,ok,,4.2741789147257805,3.7799464827403426,0.9645096659660339
46955,SDSS17,pure_hydra_8l,78053,11,16384,16384,3,9,ok,,2.454703542403877,0.7922326335683465,0.6806963086128235
46955,SDSS17,pure_hydra_8l,78053,11,16384,16384,3,10,ok,,2.4567530313506722,0.7915396830067039,0.6806963086128235
46955,SDSS17,hybrid_12l,78053,11,16384,16384,3,10,ok,,4.879934850148857,3.7778847059234977,0.9645096659660339
46955,SDSS17,hybrid_12l,78053,11,16384,16384,3,11,ok,,4.153704616241157,3.7795322882011533,0.9645096659660339
46955,SDSS17,pure_hydra_8l,78053,11,16384,16384,3,11,ok,,1.172690554521978,0.7949556419625878,0.6806963086128235
46955,SDSS17,pure_hydra_8l,78053,11,16384,16384,3,12,ok,,1.179800035431981,0.7940532555803657,0.6806963086128235
46955,SDSS17,hybrid_12l,78053,11,16384,16384,3,12,ok,,4.15301813557744,3.777951741591096,0.9645096659660339
46955,SDSS17,pure_hydra_8l,78053,11,16384,16384,3,13,ok,,1.1655962774530053,0.7954881181940436,0.6806963086128235
46955,SDSS17,hybrid_12l,78053,11,16384,16384,3,13,ok,,4.175419223494828,3.777323443442583,0.9645096659660339
46955,SDSS17,hybrid_12l,78053,11,16384,16384,3,14,ok,,4.413474313914776,3.778047517873347,0.9645096659660339
46955,SDSS17,pure_hydra_8l,78053,11,16384,16384,3,14,ok,,2.467648394405842,0.8014536732807755,0.6806963086128235
46955,SDSS17,pure_hydra_8l,78053,11,16384,16384,3,15,ok,,2.301341623067856,0.7937990250065923,0.6806963086128235
46955,SDSS17,hybrid_12l,78053,11,16384,16384,3,15,ok,,4.188909989781678,3.7746892189607024,0.9645096659660339
46955,SDSS17,pure_hydra_8l,78053,11,16384,16384,4,1,ok,,1.5299986386671662,0.7920819306746125,0.6811268329620361
46955,SDSS17,hybrid_12l,78053,11,16384,16384,4,1,ok,,4.144347799010575,3.7778856502845883,0.9659132361412048
46955,SDSS17,pure_hydra_8l,78053,11,16384,16384,4,2,ok,,1.1932321917265654,0.7911420185118914,0.6811268329620361
46955,SDSS17,hybrid_12l,78053,11,16384,16384,4,2,ok,,4.175255316309631,3.7777998438104987,0.9659132361412048
46955,SDSS17,pure_hydra_8l,78053,11,16384,16384,4,3,ok,,2.4579204386100173,0.793188638985157,0.6811268329620361
46955,SDSS17,hybrid_12l,78053,11,16384,16384,4,3,ok,,4.971338648349047,3.7753730500116944,0.9659132361412048
46955,SDSS17,hybrid_12l,78053,11,16384,16384,4,4,ok,,4.1498887948691845,3.7792311031371355,0.9659132361412048
46955,SDSS17,pure_hydra_8l,78053,11,16384,16384,4,4,ok,,1.1583609487861395,0.792785907164216,0.6811268329620361
46955,SDSS17,hybrid_12l,78053,11,16384,16384,4,5,ok,,4.159508092328906,3.7787530962377787,0.9659132361412048
46955,SDSS17,pure_hydra_8l,78053,11,16384,16384,4,5,ok,,1.158610139042139,0.7939496971666813,0.6811268329620361
46955,SDSS17,pure_hydra_8l,78053,11,16384,16384,4,6,ok,,1.1864320170134306,0.7941138176247478,0.6811268329620361
46955,SDSS17,hybrid_12l,78053,11,16384,16384,4,6,ok,,4.193429693579674,3.7799409283325076,0.9659132361412048
46955,SDSS17,hybrid_12l,78053,11,16384,16384,4,7,ok,,4.595663970336318,3.7791978931054473,0.9659132361412048
46955,SDSS17,pure_hydra_8l,78053,11,16384,16384,4,7,ok,,1.6120448848232627,0.7937316857278347,0.6811268329620361
46955,SDSS17,hybrid_12l,78053,11,16384,16384,4,8,ok,,4.170282321050763,3.7781506087630987,0.9659132361412048
46955,SDSS17,pure_hydra_8l,78053,11,16384,16384,4,8,ok,,1.1813071500509977,0.7929993746802211,0.6811268329620361
46955,SDSS17,hybrid_12l,78053,11,16384,16384,4,9,ok,,4.194286519661546,3.778399547562003,0.9659132361412048
46955,SDSS17,pure_hydra_8l,78053,11,16384,16384,4,9,ok,,1.1664201868698,0.7922047954052687,0.6811268329620361
46955,SDSS17,pure_hydra_8l,78053,11,16384,16384,4,10,ok,,1.1634875666350126,0.7927844561636448,0.6811268329620361
46955,SDSS17,hybrid_12l,78053,11,16384,16384,4,10,ok,,4.169496826827526,3.780471971258521,0.9659132361412048
46955,SDSS17,hybrid_12l,78053,11,16384,16384,4,11,ok,,4.185991443693638,3.780899270437658,0.9659132361412048
46955,SDSS17,pure_hydra_8l,78053,11,16384,16384,4,11,ok,,1.6462967591360211,0.7931850627064705,0.6811268329620361
46955,SDSS17,pure_hydra_8l,78053,11,16384,16384,4,12,ok,,1.1589770652353764,0.7934222025796771,0.6811268329620361
46955,SDSS17,hybrid_12l,78053,11,16384,16384,4,12,ok,,4.553312818519771,3.779199566692114,0.9659132361412048
46955,SDSS17,hybrid_12l,78053,11,16384,16384,4,13,ok,,4.15174395032227,3.777758939191699,0.9659132361412048
46955,SDSS17,pure_hydra_8l,78053,11,16384,16384,4,13,ok,,1.1560391262173653,0.7924582790583372,0.6811268329620361
46955,SDSS17,pure_hydra_8l,78053,11,16384,16384,4,14,ok,,1.5902204001322389,0.7927131531760097,0.6811268329620361
46955,SDSS17,hybrid_12l,78053,11,16384,16384,4,14,ok,,4.8990027364343405,3.776657849550247,0.9659132361412048
46955,SDSS17,pure_hydra_8l,78053,11,16384,16384,4,15,ok,,1.1602641455829144,0.7932605035603046,0.6811268329620361
46955,SDSS17,hybrid_12l,78053,11,16384,16384,4,15,ok,,4.174113353714347,3.781306874938309,0.9659132361412048
46955,SDSS17,hybrid_12l,78053,11,16384,16384,5,1,ok,,4.998154287226498,3.7791134053841233,0.9663734436035156
46955,SDSS17,pure_hydra_8l,78053,11,16384,16384,5,1,ok,,2.218396369367838,0.7942957552149892,0.677640974521637
46955,SDSS17,pure_hydra_8l,78053,11,16384,16384,5,2,ok,,1.1687701353803277,0.7919667875394225,0.677640974521637
46955,SDSS17,hybrid_12l,78053,11,16384,16384,5,2,ok,,4.184377265162766,3.7770509850233793,0.9663734436035156
46955,SDSS17,pure_hydra_8l,78053,11,16384,16384,5,3,ok,,1.1603316385298967,0.7923391275107861,0.677640974521637
46955,SDSS17,hybrid_12l,78053,11,16384,16384,5,3,ok,,4.142996544018388,3.781285754404962,0.9663734436035156
46955,SDSS17,pure_hydra_8l,78053,11,16384,16384,5,4,ok,,1.1517256842926145,0.7940420247614384,0.677640974521637
46955,SDSS17,hybrid_12l,78053,11,16384,16384,5,4,ok,,4.149786874651909,3.7796318968757987,0.9663734436035156
46955,SDSS17,hybrid_12l,78053,11,16384,16384,5,5,ok,,4.16449994686991,3.779325634241104,0.9663734436035156
46955,SDSS17,pure_hydra_8l,78053,11,16384,16384,5,5,ok,,1.1934400256723166,0.793178859166801,0.677640974521637
46955,SDSS17,pure_hydra_8l,78053,11,16384,16384,5,6,ok,,1.1499910335987806,0.7915037702769041,0.677640974521637
46955,SDSS17,hybrid_12l,78053,11,16384,16384,5,6,ok,,4.14275639411062,3.7792931804433465,0.9663734436035156
46955,SDSS17,pure_hydra_8l,78053,11,16384,16384,5,7,ok,,1.151054373010993,0.7927799001336098,0.677640974521637
46955,SDSS17,hybrid_12l,78053,11,16384,16384,5,7,ok,,4.144788276404142,3.7805908797308803,0.9663734436035156
46955,SDSS17,pure_hydra_8l,78053,11,16384,16384,5,8,ok,,1.1530995918437839,0.7942881509661674,0.677640974521637
46955,SDSS17,hybrid_12l,78053,11,16384,16384,5,8,ok,,4.142114999704063,3.7790983049198985,0.9663734436035156
46955,SDSS17,hybrid_12l,78053,11,16384,16384,5,9,ok,,4.141379825770855,3.7796098720282316,0.9663734436035156
46955,SDSS17,pure_hydra_8l,78053,11,16384,16384,5,9,ok,,1.1512972405180335,0.7937183296307921,0.677640974521637
46955,SDSS17,pure_hydra_8l,78053,11,16384,16384,5,10,ok,,1.1547540565952659,0.7938116770237684,0.677640974521637
46955,SDSS17,hybrid_12l,78053,11,16384,16384,5,10,ok,,4.143884447403252,3.779236069880426,0.9663734436035156
46955,SDSS17,pure_hydra_8l,78053,11,16384,16384,5,11,ok,,1.1507086250931025,0.7922182949259877,0.677640974521637
46955,SDSS17,hybrid_12l,78053,11,16384,16384,5,11,ok,,4.13959679286927,3.778135096654296,0.9663734436035156
46955,SDSS17,pure_hydra_8l,78053,11,16384,16384,5,12,ok,,1.152140373364091,0.7932460345327854,0.677640974521637
46955,SDSS17,hybrid_12l,78053,11,16384,16384,5,12,ok,,4.235915371216834,3.777414955198765,0.9663734436035156
46955,SDSS17,pure_hydra_8l,78053,11,16384,16384,5,13,ok,,1.152955642901361,0.7938419487327337,0.677640974521637
46955,SDSS17,hybrid_12l,78053,11,16384,16384,5,13,ok,,4.138481788337231,3.7789674354717135,0.9663734436035156
46955,SDSS17,pure_hydra_8l,78053,11,16384,16384,5,14,ok,,1.1683167489245534,0.7929122420027852,0.677640974521637
46955,SDSS17,hybrid_12l,78053,11,16384,16384,5,14,ok,,4.1380182430148125,3.778021575883031,0.9663734436035156
46955,SDSS17,hybrid_12l,78053,11,16384,16384,5,15,ok,,4.138902524486184,3.7801790246739984,0.9663734436035156
46955,SDSS17,pure_hydra_8l,78053,11,16384,16384,5,15,ok,,1.1500102644786239,0.7912517664954066,0.677640974521637
46920,customer_satisfaction_in_airline,pure_hydra_8l,129487,21,16384,16384,1,1,ok,,1.1281543374061584,0.5166493011638522,0.7674795389175415
46920,customer_satisfaction_in_airline,hybrid_12l,129487,21,16384,16384,1,1,ok,,3.1167974481359124,2.502921129576862,0.900092601776123
46920,customer_satisfaction_in_airline,hybrid_12l,129487,21,16384,16384,1,2,ok,,3.110464117489755,2.4996214415878057,0.900092601776123
46920,customer_satisfaction_in_airline,pure_hydra_8l,129487,21,16384,16384,1,2,ok,,1.1247768821194768,0.5142533592879772,0.7674795389175415
46920,customer_satisfaction_in_airline,pure_hydra_8l,129487,21,16384,16384,1,3,ok,,1.1272048614919186,0.5179763771593571,0.7674795389175415
46920,customer_satisfaction_in_airline,hybrid_12l,129487,21,16384,16384,1,3,ok,,3.1089683128520846,2.4985516890883446,0.900092601776123
46920,customer_satisfaction_in_airline,pure_hydra_8l,129487,21,16384,16384,1,4,ok,,1.127208061516285,0.5163499712944031,0.7674795389175415
46920,customer_satisfaction_in_airline,hybrid_12l,129487,21,16384,16384,1,4,ok,,3.120629832148552,2.499005208723247,0.900092601776123
46920,customer_satisfaction_in_airline,hybrid_12l,129487,21,16384,16384,1,5,ok,,3.1757420198991895,2.4987773643806577,0.900092601776123
46920,customer_satisfaction_in_airline,pure_hydra_8l,129487,21,16384,16384,1,5,ok,,1.1298337802290916,0.5170935420319438,0.7674795389175415
46920,customer_satisfaction_in_airline,hybrid_12l,129487,21,16384,16384,1,6,ok,,3.110229345038533,2.500591730698943,0.900092601776123
46920,customer_satisfaction_in_airline,pure_hydra_8l,129487,21,16384,16384,1,6,ok,,1.1301389429718256,0.5170969003811479,0.7674795389175415
46920,customer_satisfaction_in_airline,pure_hydra_8l,129487,21,16384,16384,1,7,ok,,1.1311428835615516,0.5163285965099931,0.7674795389175415
46920,customer_satisfaction_in_airline,hybrid_12l,129487,21,16384,16384,1,7,ok,,3.1154266195371747,2.4991355454549193,0.900092601776123
46920,customer_satisfaction_in_airline,hybrid_12l,129487,21,16384,16384,1,8,ok,,3.2230367260053754,2.4998335344716907,0.900092601776123
46920,customer_satisfaction_in_airline,pure_hydra_8l,129487,21,16384,16384,1,8,ok,,1.173213941976428,0.5157212512567639,0.7674795389175415
46920,customer_satisfaction_in_airline,hybrid_12l,129487,21,16384,16384,1,9,ok,,3.118178592994809,2.4982448583468795,0.900092601776123
46920,customer_satisfaction_in_airline,pure_hydra_8l,129487,21,16384,16384,1,9,ok,,1.1546588577330112,0.5166783146560192,0.7674795389175415
46920,customer_satisfaction_in_airline,pure_hydra_8l,129487,21,16384,16384,1,10,ok,,1.1275406386703253,0.5163824036717415,0.7674795389175415
46920,customer_satisfaction_in_airline,hybrid_12l,129487,21,16384,16384,1,10,ok,,3.1129969488829374,2.4996222192421556,0.900092601776123
46920,customer_satisfaction_in_airline,pure_hydra_8l,129487,21,16384,16384,1,11,ok,,1.129278632812202,0.51839779317379,0.7674795389175415
46920,customer_satisfaction_in_airline,hybrid_12l,129487,21,16384,16384,1,11,ok,,3.114751703105867,2.499624109826982,0.900092601776123
46920,customer_satisfaction_in_airline,hybrid_12l,129487,21,16384,16384,1,12,ok,,4.267954126931727,2.4970593256875873,0.900092601776123
46920,customer_satisfaction_in_airline,pure_hydra_8l,129487,21,16384,16384,1,12,ok,,1.1845939457416534,0.5165689745917916,0.7674795389175415
46920,customer_satisfaction_in_airline,hybrid_12l,129487,21,16384,16384,1,13,ok,,3.1110922005027533,2.5005635507404804,0.900092601776123
46920,customer_satisfaction_in_airline,pure_hydra_8l,129487,21,16384,16384,1,13,ok,,1.1300571514293551,0.5160388220101595,0.7674795389175415
46920,customer_satisfaction_in_airline,pure_hydra_8l,129487,21,16384,16384,1,14,ok,,1.1670568101108074,0.5174452252686024,0.7674795389175415
46920,customer_satisfaction_in_airline,hybrid_12l,129487,21,16384,16384,1,14,ok,,3.8900213595479727,2.496151610277593,0.900092601776123
46920,customer_satisfaction_in_airline,hybrid_12l,129487,21,16384,16384,1,15,ok,,3.120922727510333,2.497279883362353,0.900092601776123
46920,customer_satisfaction_in_airline,pure_hydra_8l,129487,21,16384,16384,1,15,ok,,1.2002997053787112,0.5172753073275089,0.7674795389175415
46920,customer_satisfaction_in_airline,pure_hydra_8l,129487,21,16384,16384,2,1,ok,,1.269085293635726,0.5181261887773871,0.8079932332038879
46920,customer_satisfaction_in_airline,hybrid_12l,129487,21,16384,16384,2,1,ok,,3.1171180503442883,2.498322719708085,0.9009442329406738
46920,customer_satisfaction_in_airline,pure_hydra_8l,129487,21,16384,16384,2,2,ok,,1.5267654154449701,0.5164322145283222,0.8079932332038879
46920,customer_satisfaction_in_airline,hybrid_12l,129487,21,16384,16384,2,2,ok,,3.139965577982366,2.500602346844971,0.9009442329406738
46920,customer_satisfaction_in_airline,pure_hydra_8l,129487,21,16384,16384,2,3,ok,,1.246034663170576,0.5156199187040329,0.8079932332038879
46920,customer_satisfaction_in_airline,hybrid_12l,129487,21,16384,16384,2,3,ok,,3.1807333631440997,2.4965522876009345,0.9009442329406738
46920,customer_satisfaction_in_airline,hybrid_12l,129487,21,16384,16384,2,4,ok,,3.171607513912022,2.494533193297684,0.9009442329406738
46920,customer_satisfaction_in_airline,pure_hydra_8l,129487,21,16384,16384,2,4,ok,,1.1370904436334968,0.5163904102519155,0.8079932332038879
46920,customer_satisfaction_in_airline,pure_hydra_8l,129487,21,16384,16384,2,5,ok,,1.659783998504281,0.5142109543085098,0.8079932332038879
46920,customer_satisfaction_in_airline,hybrid_12l,129487,21,16384,16384,2,5,ok,,3.187543080188334,2.4941748464480042,0.9009442329406738
46920,customer_satisfaction_in_airline,pure_hydra_8l,129487,21,16384,16384,2,6,ok,,1.1444397838786244,0.5179794318974018,0.8079932332038879
46920,customer_satisfaction_in_airline,hybrid_12l,129487,21,16384,16384,2,6,ok,,3.505934465676546,2.495284618809819,0.9009442329406738
46920,customer_satisfaction_in_airline,pure_hydra_8l,129487,21,16384,16384,2,7,ok,,1.2469603950157762,0.5163126876577735,0.8079932332038879
46920,customer_satisfaction_in_airline,hybrid_12l,129487,21,16384,16384,2,7,ok,,3.162934155203402,2.496151207946241,0.9009442329406738
46920,customer_satisfaction_in_airline,hybrid_12l,129487,21,16384,16384,2,8,ok,,4.41246821731329,2.5336045967414975,0.9009442329406738
46920,customer_satisfaction_in_airline,pure_hydra_8l,129487,21,16384,16384,2,8,ok,,1.1343447333201766,0.5143650053068995,0.8079932332038879
46920,customer_satisfaction_in_airline,pure_hydra_8l,129487,21,16384,16384,2,9,ok,,1.1329638101160526,0.5156550873070955,0.8079932332038879
46920,customer_satisfaction_in_airline,hybrid_12l,129487,21,16384,16384,2,9,ok,,3.114150690846145,2.4954944057390094,0.9009442329406738
46920,customer_satisfaction_in_airline,hybrid_12l,129487,21,16384,16384,2,10,ok,,3.5016926368698478,2.4936641668900847,0.9009442329406738
46920,customer_satisfaction_in_airline,pure_hydra_8l,129487,21,16384,16384,2,10,ok,,1.7132109487429261,0.5180307198315859,0.8079932332038879
46920,customer_satisfaction_in_airline,hybrid_12l,129487,21,16384,16384,2,11,ok,,3.1233580438420177,2.4960051802918315,0.9009442329406738
46920,customer_satisfaction_in_airline,pure_hydra_8l,129487,21,16384,16384,2,11,ok,,1.4099694285541773,0.5169953498989344,0.8079932332038879
46920,customer_satisfaction_in_airline,hybrid_12l,129487,21,16384,16384,2,12,ok,,3.1198364784941077,2.494043244048953,0.9009442329406738
46920,customer_satisfaction_in_airline,pure_hydra_8l,129487,21,16384,16384,2,12,ok,,1.1366597432643175,0.5172492219135165,0.8079932332038879
46920,customer_satisfaction_in_airline,hybrid_12l,129487,21,16384,16384,2,13,ok,,3.1170620964840055,2.4940220937132835,0.9009442329406738
46920,customer_satisfaction_in_airline,pure_hydra_8l,129487,21,16384,16384,2,13,ok,,1.3175788577646017,0.5180183611810207,0.8079932332038879
46920,customer_satisfaction_in_airline,pure_hydra_8l,129487,21,16384,16384,2,14,ok,,1.1392669649794698,0.5179517343640327,0.8079932332038879
46920,customer_satisfaction_in_airline,hybrid_12l,129487,21,16384,16384,2,14,ok,,4.437965356744826,2.509974779561162,0.9009442329406738
46920,customer_satisfaction_in_airline,hybrid_12l,129487,21,16384,16384,2,15,ok,,3.141814303584397,2.4950183276087046,0.9009442329406738
46920,customer_satisfaction_in_airline,pure_hydra_8l,129487,21,16384,16384,2,15,ok,,1.1365739833563566,0.5171883730217814,0.8079932332038879
46920,customer_satisfaction_in_airline,pure_hydra_8l,129487,21,16384,16384,3,1,ok,,1.1440008971840143,0.5174125479534268,0.831957221031189
46920,customer_satisfaction_in_airline,hybrid_12l,129487,21,16384,16384,3,1,ok,,3.123325701802969,2.4950041407719254,0.9066545963287354
46920,customer_satisfaction_in_airline,hybrid_12l,129487,21,16384,16384,3,2,ok,,3.1237414171919227,2.4963858742266893,0.9066545963287354
46920,customer_satisfaction_in_airline,pure_hydra_8l,129487,21,16384,16384,3,2,ok,,1.1412588218227029,0.5156594319269061,0.831957221031189
46920,customer_satisfaction_in_airline,pure_hydra_8l,129487,21,16384,16384,3,3,ok,,1.149145974777639,0.5173982642591,0.831957221031189
46920,customer_satisfaction_in_airline,hybrid_12l,129487,21,16384,16384,3,3,ok,,3.1284882659092546,2.4966338630765676,0.9066545963287354
46920,customer_satisfaction_in_airline,hybrid_12l,129487,21,16384,16384,3,4,ok,,3.12994144577533,2.4990410273894668,0.9066545963287354
46920,customer_satisfaction_in_airline,pure_hydra_8l,129487,21,16384,16384,3,4,ok,,1.146725389175117,0.5163508336991072,0.831957221031189
46920,customer_satisfaction_in_airline,pure_hydra_8l,129487,21,16384,16384,3,5,ok,,1.1521317465230823,0.5165850892663002,0.831957221031189
46920,customer_satisfaction_in_airline,hybrid_12l,129487,21,16384,16384,3,5,ok,,4.026065910235047,2.4970828806981444,0.9066545963287354
46920,customer_satisfaction_in_airline,hybrid_12l,129487,21,16384,16384,3,6,ok,,3.323513086885214,2.4973249956965446,0.9066545963287354
46920,customer_satisfaction_in_airline,pure_hydra_8l,129487,21,16384,16384,3,6,ok,,1.1527449134737253,0.5166405169293284,0.831957221031189
46920,customer_satisfaction_in_airline,pure_hydra_8l,129487,21,16384,16384,3,7,ok,,1.1459830226376653,0.5171757396310568,0.831957221031189
46920,customer_satisfaction_in_airline,hybrid_12l,129487,21,16384,16384,3,7,ok,,3.5023805517703295,2.497923869639635,0.9066545963287354
46920,customer_satisfaction_in_airline,hybrid_12l,129487,21,16384,16384,3,8,ok,,3.1262553399428725,2.499289612285793,0.9066545963287354
46920,customer_satisfaction_in_airline,pure_hydra_8l,129487,21,16384,16384,3,8,ok,,1.1443232372403145,0.5149782123044133,0.831957221031189
46920,customer_satisfaction_in_airline,pure_hydra_8l,129487,21,16384,16384,3,9,ok,,1.1456283973529935,0.5177005277946591,0.831957221031189
46920,customer_satisfaction_in_airline,hybrid_12l,129487,21,16384,16384,3,9,ok,,3.129957982338965,2.496000975370407,0.9066545963287354
46920,customer_satisfaction_in_airline,hybrid_12l,129487,21,16384,16384,3,10,ok,,3.1974606942385435,2.492157523520291,0.9066545963287354
46920,customer_satisfaction_in_airline,pure_hydra_8l,129487,21,16384,16384,3,10,ok,,1.1463974807411432,0.5167548498138785,0.831957221031189
46920,customer_satisfaction_in_airline,hybrid_12l,129487,21,16384,16384,3,11,ok,,3.1244741464033723,2.4946936341002584,0.9066545963287354
46920,customer_satisfaction_in_airline,pure_hydra_8l,129487,21,16384,16384,3,11,ok,,1.1483448008075356,0.5175058031454682,0.831957221031189
46920,customer_satisfaction_in_airline,hybrid_12l,129487,21,16384,16384,3,12,ok,,3.127475658431649,2.497171082533896,0.9066545963287354
46920,customer_satisfaction_in_airline,pure_hydra_8l,129487,21,16384,16384,3,12,ok,,1.1421493645757437,0.5138958794996142,0.831957221031189
46920,customer_satisfaction_in_airline,pure_hydra_8l,129487,21,16384,16384,3,13,ok,,1.1484624175354838,0.5181689700111747,0.831957221031189
46920,customer_satisfaction_in_airline,hybrid_12l,129487,21,16384,16384,3,13,ok,,3.1714289681985974,2.4921201281249523,0.9066545963287354
46920,customer_satisfaction_in_airline,pure_hydra_8l,129487,21,16384,16384,3,14,ok,,1.1480135917663574,0.5152360089123249,0.831957221031189
46920,customer_satisfaction_in_airline,hybrid_12l,129487,21,16384,16384,3,14,ok,,3.1528209168463945,2.491538545116782,0.9066545963287354
46920,customer_satisfaction_in_airline,hybrid_12l,129487,21,16384,16384,3,15,ok,,3.14577910117805,2.4960949569940567,0.9066545963287354
46920,customer_satisfaction_in_airline,pure_hydra_8l,129487,21,16384,16384,3,15,ok,,1.153724609874189,0.5175086837261915,0.831957221031189
46920,customer_satisfaction_in_airline,pure_hydra_8l,129487,21,16384,16384,4,1,ok,,1.2211280073970556,0.5164916990324855,0.8317826390266418
46920,customer_satisfaction_in_airline,hybrid_12l,129487,21,16384,16384,4,1,ok,,3.1060181027278304,2.492453832179308,0.9041155576705933
46920,customer_satisfaction_in_airline,hybrid_12l,129487,21,16384,16384,4,2,ok,,3.1182676712051034,2.492382793687284,0.9041155576705933
46920,customer_satisfaction_in_airline,pure_hydra_8l,129487,21,16384,16384,4,2,ok,,2.2164558144286275,0.5178030449897051,0.8317826390266418
46920,customer_satisfaction_in_airline,hybrid_12l,129487,21,16384,16384,4,3,ok,,3.511019424535334,2.4933515153825283,0.9041155576705933
46920,customer_satisfaction_in_airline,pure_hydra_8l,129487,21,16384,16384,4,3,ok,,2.277475274167955,0.5410631857812405,0.8317826390266418
46920,customer_satisfaction_in_airline,hybrid_12l,129487,21,16384,16384,4,4,ok,,3.117706010118127,2.4920566035434604,0.9041155576705933
46920,customer_satisfaction_in_airline,pure_hydra_8l,129487,21,16384,16384,4,4,ok,,1.1283714137971401,0.5167216407135129,0.8317826390266418
46920,customer_satisfaction_in_airline,hybrid_12l,129487,21,16384,16384,4,5,ok,,3.1067753843963146,2.4920614706352353,0.9041155576705933
46920,customer_satisfaction_in_airline,pure_hydra_8l,129487,21,16384,16384,4,5,ok,,1.1293488973751664,0.5167615879327059,0.8317826390266418
46920,customer_satisfaction_in_airline,pure_hydra_8l,129487,21,16384,16384,4,6,ok,,1.1316762249916792,0.5170818055048585,0.8317826390266418
46920,customer_satisfaction_in_airline,hybrid_12l,129487,21,16384,16384,4,6,ok,,3.112850958481431,2.495578646659851,0.9041155576705933
46920,customer_satisfaction_in_airline,hybrid_12l,129487,21,16384,16384,4,7,ok,,3.167330372147262,2.495492591522634,0.9041155576705933
46920,customer_satisfaction_in_airline,pure_hydra_8l,129487,21,16384,16384,4,7,ok,,1.1328704711049795,0.5178599711507559,0.8317826390266418
46920,customer_satisfaction_in_airline,pure_hydra_8l,129487,21,16384,16384,4,8,ok,,1.1694869194179773,0.5162874944508076,0.8317826390266418
46920,customer_satisfaction_in_airline,hybrid_12l,129487,21,16384,16384,4,8,ok,,3.1144867530092597,2.4950220780447125,0.9041155576705933
46920,customer_satisfaction_in_airline,hybrid_12l,129487,21,16384,16384,4,9,ok,,3.1135413693264127,2.494751390069723,0.9041155576705933
46920,customer_satisfaction_in_airline,pure_hydra_8l,129487,21,16384,16384,4,9,ok,,1.1297022690996528,0.5149127338081598,0.8317826390266418
46920,customer_satisfaction_in_airline,hybrid_12l,129487,21,16384,16384,4,10,ok,,3.768925243988633,2.4946507066488266,0.9041155576705933
46920,customer_satisfaction_in_airline,pure_hydra_8l,129487,21,16384,16384,4,10,ok,,1.1297015314921737,0.5159421134740114,0.8317826390266418
46920,customer_satisfaction_in_airline,pure_hydra_8l,129487,21,16384,16384,4,11,ok,,1.5213061207905412,0.5171897877007723,0.8317826390266418
46920,customer_satisfaction_in_airline,hybrid_12l,129487,21,16384,16384,4,11,ok,,4.378461321815848,2.510228973813355,0.9041155576705933
46920,customer_satisfaction_in_airline,hybrid_12l,129487,21,16384,16384,4,12,ok,,3.105709118768573,2.4928000392392278,0.9041155576705933
46920,customer_satisfaction_in_airline,pure_hydra_8l,129487,21,16384,16384,4,12,ok,,1.129596408456564,0.5174859203398228,0.8317826390266418
46920,customer_satisfaction_in_airline,hybrid_12l,129487,21,16384,16384,4,13,ok,,3.1136227613314986,2.4987273197621107,0.9041155576705933
46920,customer_satisfaction_in_airline,pure_hydra_8l,129487,21,16384,16384,4,13,ok,,1.4055240945890546,0.5166413923725486,0.8317826390266418
46920,customer_satisfaction_in_airline,pure_hydra_8l,129487,21,16384,16384,4,14,ok,,1.4264582125470042,0.5171619188040495,0.8317826390266418
46920,customer_satisfaction_in_airline,hybrid_12l,129487,21,16384,16384,4,14,ok,,3.1112063471227884,2.4946296187117696,0.9041155576705933
46920,customer_satisfaction_in_airline,pure_hydra_8l,129487,21,16384,16384,4,15,ok,,1.4084511427208781,0.5177951185032725,0.8317826390266418
46920,customer_satisfaction_in_airline,hybrid_12l,129487,21,16384,16384,4,15,ok,,3.1233590748161077,2.4944330444559455,0.9041155576705933
46920,customer_satisfaction_in_airline,hybrid_12l,129487,21,16384,16384,5,1,ok,,3.108806165866554,2.4929605796933174,0.9035858511924744
46920,customer_satisfaction_in_airline,pure_hydra_8l,129487,21,16384,16384,5,1,ok,,1.134714100509882,0.517481547780335,0.7782688736915588
46920,customer_satisfaction_in_airline,pure_hydra_8l,129487,21,16384,16384,5,2,ok,,1.129367028363049,0.5163517789915204,0.7782688736915588
46920,customer_satisfaction_in_airline,hybrid_12l,129487,21,16384,16384,5,2,ok,,3.109975160099566,2.493160977959633,0.9035858511924744
46920,customer_satisfaction_in_airline,pure_hydra_8l,129487,21,16384,16384,5,3,ok,,1.1321102445945144,0.5175227578729391,0.7782688736915588
46920,customer_satisfaction_in_airline,hybrid_12l,129487,21,16384,16384,5,3,ok,,3.2663745107129216,2.496695957146585,0.9035858511924744
46920,customer_satisfaction_in_airline,pure_hydra_8l,129487,21,16384,16384,5,4,ok,,1.5165021680295467,0.5189413735643029,0.7782688736915588
46920,customer_satisfaction_in_airline,hybrid_12l,129487,21,16384,16384,5,4,ok,,3.6784596955403686,2.49762025475502,0.9035858511924744
46920,customer_satisfaction_in_airline,pure_hydra_8l,129487,21,16384,16384,5,5,ok,,1.1312631573528051,0.516015887260437,0.7782688736915588
46920,customer_satisfaction_in_airline,hybrid_12l,129487,21,16384,16384,5,5,ok,,3.1270992467179894,2.4984287610277534,0.9035858511924744
46920,customer_satisfaction_in_airline,pure_hydra_8l,129487,21,16384,16384,5,6,ok,,2.448854371905327,0.5306084575131536,0.7782688736915588
46920,customer_satisfaction_in_airline,hybrid_12l,129487,21,16384,16384,5,6,ok,,3.518886954523623,2.4961478216573596,0.9035858511924744
46920,customer_satisfaction_in_airline,hybrid_12l,129487,21,16384,16384,5,7,ok,,4.0529341120272875,2.492115722037852,0.9035858511924744
46920,customer_satisfaction_in_airline,pure_hydra_8l,129487,21,16384,16384,5,7,ok,,2.0682228598743677,0.5165841281414032,0.7782688736915588
46920,customer_satisfaction_in_airline,pure_hydra_8l,129487,21,16384,16384,5,8,ok,,1.1385381426662207,0.5175711661577225,0.7782688736915588
46920,customer_satisfaction_in_airline,hybrid_12l,129487,21,16384,16384,5,8,ok,,4.401994459331036,2.527214990928769,0.9035858511924744
46920,customer_satisfaction_in_airline,pure_hydra_8l,129487,21,16384,16384,5,9,ok,,2.4468597089871764,0.5507050938904285,0.7782688736915588
46920,customer_satisfaction_in_airline,hybrid_12l,129487,21,16384,16384,5,9,ok,,4.40434839297086,2.5256871273741126,0.9035858511924744
46920,customer_satisfaction_in_airline,hybrid_12l,129487,21,16384,16384,5,10,ok,,3.1356063932180405,2.4964661840349436,0.9035858511924744
46920,customer_satisfaction_in_airline,pure_hydra_8l,129487,21,16384,16384,5,10,ok,,2.416772324591875,0.5344642465934157,0.7782688736915588
46920,customer_satisfaction_in_airline,hybrid_12l,129487,21,16384,16384,5,11,ok,,4.423188777640462,2.510396368801594,0.9035858511924744
46920,customer_satisfaction_in_airline,pure_hydra_8l,129487,21,16384,16384,5,11,ok,,1.949284778907895,0.5138897020369768,0.7782688736915588
46920,customer_satisfaction_in_airline,hybrid_12l,129487,21,16384,16384,5,12,ok,,3.116578505374491,2.4924879372119904,0.9035858511924744
46920,customer_satisfaction_in_airline,pure_hydra_8l,129487,21,16384,16384,5,12,ok,,1.3245883481577039,0.5170560795813799,0.7782688736915588
46920,customer_satisfaction_in_airline,pure_hydra_8l,129487,21,16384,16384,5,13,ok,,1.3323400747030973,0.5149825336411595,0.7782688736915588
46920,customer_satisfaction_in_airline,hybrid_12l,129487,21,16384,16384,5,13,ok,,3.1243356419727206,2.491542784497142,0.9035858511924744
46920,customer_satisfaction_in_airline,hybrid_12l,129487,21,16384,16384,5,14,ok,,3.1206770800054073,2.4938072375953197,0.9035858511924744
46920,customer_satisfaction_in_airline,pure_hydra_8l,129487,21,16384,16384,5,14,ok,,1.1436003791168332,0.5149449240416288,0.7782688736915588
46920,customer_satisfaction_in_airline,hybrid_12l,129487,21,16384,16384,5,15,ok,,3.1324516609311104,2.495241248048842,0.9035858511924744
46920,customer_satisfaction_in_airline,pure_hydra_8l,129487,21,16384,16384,5,15,ok,,1.157582855783403,0.5174592062830925,0.7782688736915588
46929,GiveMeSomeCredit,hybrid_12l,120269,10,16384,16384,1,1,ok,,2.781841046176851,2.4935636473819613,0.8154398798942566
46929,GiveMeSomeCredit,pure_hydra_8l,120269,10,16384,16384,1,1,ok,,0.8028899654746056,0.5157019691541791,0.5552371740341187
46929,GiveMeSomeCredit,hybrid_12l,120269,10,16384,16384,1,2,ok,,2.775777770206332,2.493725257925689,0.8154398798942566
46929,GiveMeSomeCredit,pure_hydra_8l,120269,10,16384,16384,1,2,ok,,0.814692965708673,0.5159955760464072,0.5552371740341187
46929,GiveMeSomeCredit,pure_hydra_8l,120269,10,16384,16384,1,3,ok,,0.8040548134595156,0.5174461528658867,0.5552371740341187
46929,GiveMeSomeCredit,hybrid_12l,120269,10,16384,16384,1,3,ok,,2.7862933576107025,2.4957226449623704,0.8154398798942566
46929,GiveMeSomeCredit,pure_hydra_8l,120269,10,16384,16384,1,4,ok,,0.8115669190883636,0.517049502581358,0.5552371740341187
46929,GiveMeSomeCredit,hybrid_12l,120269,10,16384,16384,1,4,ok,,2.7880270751193166,2.499167230911553,0.8154398798942566
46929,GiveMeSomeCredit,hybrid_12l,120269,10,16384,16384,1,5,ok,,2.8244248749688268,2.4976774640381336,0.8154398798942566
46929,GiveMeSomeCredit,pure_hydra_8l,120269,10,16384,16384,1,5,ok,,0.8023180486634374,0.5173824448138475,0.5552371740341187
46929,GiveMeSomeCredit,pure_hydra_8l,120269,10,16384,16384,1,6,ok,,0.8012265730649233,0.5166730619966984,0.5552371740341187
46929,GiveMeSomeCredit,hybrid_12l,120269,10,16384,16384,1,6,ok,,2.784152559004724,2.499358382076025,0.8154398798942566
46929,GiveMeSomeCredit,hybrid_12l,120269,10,16384,16384,1,7,ok,,2.8095997646450996,2.4975225487723947,0.8154398798942566
46929,GiveMeSomeCredit,pure_hydra_8l,120269,10,16384,16384,1,7,ok,,1.1876549599692225,0.5166912181302905,0.5552371740341187
46929,GiveMeSomeCredit,pure_hydra_8l,120269,10,16384,16384,1,8,ok,,1.785619705915451,0.516897558234632,0.5552371740341187
46929,GiveMeSomeCredit,hybrid_12l,120269,10,16384,16384,1,8,ok,,3.004267292097211,2.498211440630257,0.8154398798942566
46929,GiveMeSomeCredit,pure_hydra_8l,120269,10,16384,16384,1,9,ok,,1.6734884958714247,0.5169727634638548,0.5552371740341187
46929,GiveMeSomeCredit,hybrid_12l,120269,10,16384,16384,1,9,ok,,2.947751799598336,2.4991574278101325,0.8154398798942566
46929,GiveMeSomeCredit,hybrid_12l,120269,10,16384,16384,1,10,ok,,2.8117034463211894,2.499063183553517,0.8154398798942566
46929,GiveMeSomeCredit,pure_hydra_8l,120269,10,16384,16384,1,10,ok,,0.8075029039755464,0.5170503417029977,0.5552371740341187
46929,GiveMeSomeCredit,pure_hydra_8l,120269,10,16384,16384,1,11,ok,,0.9285803874954581,0.5178444758057594,0.5552371740341187
46929,GiveMeSomeCredit,hybrid_12l,120269,10,16384,16384,1,11,ok,,2.7810863107442856,2.4980130000039935,0.8154398798942566
46929,GiveMeSomeCredit,hybrid_12l,120269,10,16384,16384,1,12,ok,,2.7816220186650753,2.4973757062107325,0.8154398798942566
46929,GiveMeSomeCredit,pure_hydra_8l,120269,10,16384,16384,1,12,ok,,1.1055984823033214,0.517486990429461,0.5552371740341187
46929,GiveMeSomeCredit,pure_hydra_8l,120269,10,16384,16384,1,13,ok,,0.7999063339084387,0.5145035609602928,0.5552371740341187
46929,GiveMeSomeCredit,hybrid_12l,120269,10,16384,16384,1,13,ok,,2.7861514007672668,2.4993934920057654,0.8154398798942566
46929,GiveMeSomeCredit,pure_hydra_8l,120269,10,16384,16384,1,14,ok,,0.8014514613896608,0.5172213977202773,0.5552371740341187
46929,GiveMeSomeCredit,hybrid_12l,120269,10,16384,16384,1,14,ok,,2.7867720797657967,2.4966443395242095,0.8154398798942566
46929,GiveMeSomeCredit,hybrid_12l,120269,10,16384,16384,1,15,ok,,2.7798642851412296,2.4975799256935716,0.8154398798942566
46929,GiveMeSomeCredit,pure_hydra_8l,120269,10,16384,16384,1,15,ok,,0.8002234073355794,0.5180062567815185,0.5552371740341187
46929,GiveMeSomeCredit,pure_hydra_8l,120269,10,16384,16384,2,1,ok,,0.8083305088803172,0.5159180918708444,0.5762752890586853
46929,GiveMeSomeCredit,hybrid_12l,120269,10,16384,16384,2,1,ok,,2.7949082562699914,2.4997021490707994,0.8204023838043213
46929,GiveMeSomeCredit,hybrid_12l,120269,10,16384,16384,2,2,ok,,2.789558218792081,2.4958726605400443,0.8204023838043213
46929,GiveMeSomeCredit,pure_hydra_8l,120269,10,16384,16384,2,2,ok,,0.8447878509759903,0.5166205745190382,0.5762752890586853
46929,GiveMeSomeCredit,pure_hydra_8l,120269,10,16384,16384,2,3,ok,,0.8072523400187492,0.5155436750501394,0.5762752890586853
46929,GiveMeSomeCredit,hybrid_12l,120269,10,16384,16384,2,3,ok,,3.185366228222847,2.498952248133719,0.8204023838043213
46929,GiveMeSomeCredit,pure_hydra_8l,120269,10,16384,16384,2,4,ok,,0.8231008797883987,0.5172283556312323,0.5762752890586853
46929,GiveMeSomeCredit,hybrid_12l,120269,10,16384,16384,2,4,ok,,2.796799000352621,2.4975764164701104,0.8204023838043213
46929,GiveMeSomeCredit,pure_hydra_8l,120269,10,16384,16384,2,5,ok,,2.070734916254878,0.5152278691530228,0.5762752890586853
46929,GiveMeSomeCredit,hybrid_12l,120269,10,16384,16384,2,5,ok,,3.7368651181459427,2.49662727676332,0.8204023838043213
46929,GiveMeSomeCredit,hybrid_12l,120269,10,16384,16384,2,6,ok,,2.7968638530001044,2.4978989772498608,0.8204023838043213
46929,GiveMeSomeCredit,pure_hydra_8l,120269,10,16384,16384,2,6,ok,,1.3530364530161023,0.5170309254899621,0.5762752890586853
46929,GiveMeSomeCredit,pure_hydra_8l,120269,10,16384,16384,2,7,ok,,0.8135618222877383,0.5177992191165686,0.5762752890586853
46929,GiveMeSomeCredit,hybrid_12l,120269,10,16384,16384,2,7,ok,,2.8162289168685675,2.4988918835297227,0.8204023838043213
46929,GiveMeSomeCredit,hybrid_12l,120269,10,16384,16384,2,8,ok,,2.845859995111823,2.5006502149626613,0.8204023838043213
46929,GiveMeSomeCredit,pure_hydra_8l,120269,10,16384,16384,2,8,ok,,0.8295681234449148,0.5173430368304253,0.5762752890586853
46929,GiveMeSomeCredit,hybrid_12l,120269,10,16384,16384,2,9,ok,,2.795011750422418,2.498663597740233,0.8204023838043213
46929,GiveMeSomeCredit,pure_hydra_8l,120269,10,16384,16384,2,9,ok,,0.8132484825327992,0.5153481811285019,0.5762752890586853
46929,GiveMeSomeCredit,hybrid_12l,120269,10,16384,16384,2,10,ok,,2.8458720669150352,2.4995565712451935,0.8204023838043213
46929,GiveMeSomeCredit,pure_hydra_8l,120269,10,16384,16384,2,10,ok,,0.8263359358534217,0.5152959330007434,0.5762752890586853
46929,GiveMeSomeCredit,hybrid_12l,120269,10,16384,16384,2,11,ok,,2.802972983568907,2.4978899098932743,0.8204023838043213
46929,GiveMeSomeCredit,pure_hydra_8l,120269,10,16384,16384,2,11,ok,,0.90886305924505,0.5166693544015288,0.5762752890586853
46929,GiveMeSomeCredit,pure_hydra_8l,120269,10,16384,16384,2,12,ok,,0.8076398968696594,0.516789591871202,0.5762752890586853
46929,GiveMeSomeCredit,hybrid_12l,120269,10,16384,16384,2,12,ok,,3.0701638646423817,2.498622833751142,0.8204023838043213
46929,GiveMeSomeCredit,pure_hydra_8l,120269,10,16384,16384,2,13,ok,,1.0871361140161753,0.5171764846891165,0.5762752890586853
46929,GiveMeSomeCredit,hybrid_12l,120269,10,16384,16384,2,13,ok,,3.18137358315289,2.496555883437395,0.8204023838043213
46929,GiveMeSomeCredit,pure_hydra_8l,120269,10,16384,16384,2,14,ok,,0.8615051927044988,0.516769515350461,0.5762752890586853
46929,GiveMeSomeCredit,hybrid_12l,120269,10,16384,16384,2,14,ok,,2.7923466777428985,2.496915178373456,0.8204023838043213
46929,GiveMeSomeCredit,hybrid_12l,120269,10,16384,16384,2,15,ok,,2.8011504411697388,2.4995317263528705,0.8204023838043213
46929,GiveMeSomeCredit,pure_hydra_8l,120269,10,16384,16384,2,15,ok,,2.082825006917119,0.5171435764059424,0.5762752890586853
46929,GiveMeSomeCredit,pure_hydra_8l,120269,10,16384,16384,3,1,ok,,2.0819823620840907,0.516686069779098,0.5414754152297974
46929,GiveMeSomeCredit,hybrid_12l,120269,10,16384,16384,3,1,ok,,4.107970557175577,2.495405299589038,0.8151379227638245
46929,GiveMeSomeCredit,pure_hydra_8l,120269,10,16384,16384,3,2,ok,,1.087929354980588,0.5171214360743761,0.5414754152297974
46929,GiveMeSomeCredit,hybrid_12l,120269,10,16384,16384,3,2,ok,,2.7918075639754534,2.49535312410444,0.8151379227638245
46929,GiveMeSomeCredit,pure_hydra_8l,120269,10,16384,16384,3,3,ok,,0.8396784504875541,0.5156979709863663,0.5414754152297974
46929,GiveMeSomeCredit,hybrid_12l,120269,10,16384,16384,3,3,ok,,3.0769012263044715,2.4948075274005532,0.8151379227638245
46929,GiveMeSomeCredit,pure_hydra_8l,120269,10,16384,16384,3,4,ok,,0.8133105644956231,0.5162774389609694,0.5414754152297974
46929,GiveMeSomeCredit,hybrid_12l,120269,10,16384,16384,3,4,ok,,2.7949605230242014,2.4935216549783945,0.8151379227638245
46929,GiveMeSomeCredit,hybrid_12l,120269,10,16384,16384,3,5,ok,,3.340602768585086,2.498426767066121,0.8151379227638245
46929,GiveMeSomeCredit,pure_hydra_8l,120269,10,16384,16384,3,5,ok,,0.8187135364860296,0.5167413894087076,0.5414754152297974
46929,GiveMeSomeCredit,hybrid_12l,120269,10,16384,16384,3,6,ok,,3.2973112110048532,2.4944755183532834,0.8151379227638245
46929,GiveMeSomeCredit,pure_hydra_8l,120269,10,16384,16384,3,6,ok,,1.2376218531280756,0.5168815134093165,0.5414754152297974
46929,GiveMeSomeCredit,hybrid_12l,120269,10,16384,16384,3,7,ok,,2.8459581173956394,2.4952700370922685,0.8151379227638245
46929,GiveMeSomeCredit,pure_hydra_8l,120269,10,16384,16384,3,7,ok,,0.8261248329654336,0.5176804391667247,0.5414754152297974
46929,GiveMeSomeCredit,hybrid_12l,120269,10,16384,16384,3,8,ok,,2.797292555682361,2.4978019148111343,0.8151379227638245
46929,GiveMeSomeCredit,pure_hydra_8l,120269,10,16384,16384,3,8,ok,,1.691029175184667,0.5150836119428277,0.5414754152297974
46929,GiveMeSomeCredit,pure_hydra_8l,120269,10,16384,16384,3,9,ok,,0.8125668121501803,0.5150204328820109,0.5414754152297974
46929,GiveMeSomeCredit,hybrid_12l,120269,10,16384,16384,3,9,ok,,2.8723685359582305,2.4909161515533924,0.8151379227638245
46929,GiveMeSomeCredit,hybrid_12l,120269,10,16384,16384,3,10,ok,,2.794583734124899,2.4942627009004354,0.8151379227638245
46929,GiveMeSomeCredit,pure_hydra_8l,120269,10,16384,16384,3,10,ok,,1.1996663426980376,0.5154944211244583,0.5414754152297974
46929,GiveMeSomeCredit,hybrid_12l,120269,10,16384,16384,3,11,ok,,2.7914308486506343,2.493873859755695,0.8151379227638245
46929,GiveMeSomeCredit,pure_hydra_8l,120269,10,16384,16384,3,11,ok,,0.8186219306662679,0.5164500921964645,0.5414754152297974
46929,GiveMeSomeCredit,pure_hydra_8l,120269,10,16384,16384,3,12,ok,,1.5830372925847769,0.5167045937851071,0.5414754152297974
46929,GiveMeSomeCredit,hybrid_12l,120269,10,16384,16384,3,12,ok,,2.792908161878586,2.493932113982737,0.8151379227638245
46929,GiveMeSomeCredit,pure_hydra_8l,120269,10,16384,16384,3,13,ok,,0.8457043934613466,0.5150584876537323,0.5414754152297974
46929,GiveMeSomeCredit,hybrid_12l,120269,10,16384,16384,3,13,ok,,2.869978086091578,2.496568568982184,0.8151379227638245
46929,GiveMeSomeCredit,hybrid_12l,120269,10,16384,16384,3,14,ok,,2.7939877323806286,2.4935912443324924,0.8151379227638245
46929,GiveMeSomeCredit,pure_hydra_8l,120269,10,16384,16384,3,14,ok,,1.058739866130054,0.5170580055564642,0.5414754152297974
46929,GiveMeSomeCredit,hybrid_12l,120269,10,16384,16384,3,15,ok,,2.8411602564156055,2.497014439664781,0.8151379227638245
46929,GiveMeSomeCredit,pure_hydra_8l,120269,10,16384,16384,3,15,ok,,0.8269212702289224,0.5150521779432893,0.5414754152297974
46929,GiveMeSomeCredit,pure_hydra_8l,120269,10,16384,16384,4,1,ok,,0.8016699785366654,0.5155208958312869,0.5417903065681458
46929,GiveMeSomeCredit,hybrid_12l,120269,10,16384,16384,4,1,ok,,2.787301439791918,2.493506781756878,0.8217979669570923
46929,GiveMeSomeCredit,pure_hydra_8l,120269,10,16384,16384,4,2,ok,,1.2294719787314534,0.5180720873177052,0.5417903065681458
46929,GiveMeSomeCredit,hybrid_12l,120269,10,16384,16384,4,2,ok,,4.0551981925964355,2.496650939807296,0.8217979669570923
46929,GiveMeSomeCredit,pure_hydra_8l,120269,10,16384,16384,4,3,ok,,1.8391695227473974,0.5159462625160813,0.5417903065681458
46929,GiveMeSomeCredit,hybrid_12l,120269,10,16384,16384,4,3,ok,,2.783774741925299,2.495314233005047,0.8217979669570923
46929,GiveMeSomeCredit,pure_hydra_8l,120269,10,16384,16384,4,4,ok,,0.8008455699309707,0.5159928519278765,0.5417903065681458
46929,GiveMeSomeCredit,hybrid_12l,120269,10,16384,16384,4,4,ok,,2.7817777041345835,2.492738278582692,0.8217979669570923
46929,GiveMeSomeCredit,hybrid_12l,120269,10,16384,16384,4,5,ok,,3.2473498675972223,2.4955111127346754,0.8217979669570923
46929,GiveMeSomeCredit,pure_hydra_8l,120269,10,16384,16384,4,5,ok,,0.7990022022277117,0.5145029416307807,0.5417903065681458
46929,GiveMeSomeCredit,hybrid_12l,120269,10,16384,16384,4,6,ok,,2.7843974512070417,2.4979611737653613,0.8217979669570923
46929,GiveMeSomeCredit,pure_hydra_8l,120269,10,16384,16384,4,6,ok,,0.8040184695273638,0.5177283892408013,0.5417903065681458
46929,GiveMeSomeCredit,hybrid_12l,120269,10,16384,16384,4,7,ok,,2.7801296235993505,2.493034388870001,0.8217979669570923
46929,GiveMeSomeCredit,pure_hydra_8l,120269,10,16384,16384,4,7,ok,,0.8061151513829827,0.5173627082258463,0.5417903065681458
46929,GiveMeSomeCredit,hybrid_12l,120269,10,16384,16384,4,8,ok,,2.8226281479001045,2.49550302606076,0.8217979669570923
46929,GiveMeSomeCredit,pure_hydra_8l,120269,10,16384,16384,4,8,ok,,0.8458342310041189,0.5163769330829382,0.5417903065681458
46929,GiveMeSomeCredit,hybrid_12l,120269,10,16384,16384,4,9,ok,,2.8071508957073092,2.497403779067099,0.8217979669570923
46929,GiveMeSomeCredit,pure_hydra_8l,120269,10,16384,16384,4,9,ok,,0.8009203169494867,0.5155565803870559,0.5417903065681458
46929,GiveMeSomeCredit,hybrid_12l,120269,10,16384,16384,4,10,ok,,2.7852015886455774,2.4948725467547774,0.8217979669570923
46929,GiveMeSomeCredit,pure_hydra_8l,120269,10,16384,16384,4,10,ok,,1.0647205356508493,0.5150544289499521,0.5417903065681458
46929,GiveMeSomeCredit,pure_hydra_8l,120269,10,16384,16384,4,11,ok,,0.8018302228301764,0.5149659225717187,0.5417903065681458
46929,GiveMeSomeCredit,hybrid_12l,120269,10,16384,16384,4,11,ok,,2.8699562773108482,2.4959419379010797,0.8217979669570923
46929,GiveMeSomeCredit,pure_hydra_8l,120269,10,16384,16384,4,12,ok,,0.8068791618570685,0.5167413745075464,0.5417903065681458
46929,GiveMeSomeCredit,hybrid_12l,120269,10,16384,16384,4,12,ok,,2.826311939395964,2.492903816513717,0.8217979669570923
46929,GiveMeSomeCredit,hybrid_12l,120269,10,16384,16384,4,13,ok,,3.622256721369922,2.4953453531488776,0.8217979669570923
46929,GiveMeSomeCredit,pure_hydra_8l,120269,10,16384,16384,4,13,ok,,0.8930845567956567,0.5175139186903834,0.5417903065681458
46929,GiveMeSomeCredit,pure_hydra_8l,120269,10,16384,16384,4,14,ok,,0.983846896328032,0.5159133272245526,0.5417903065681458
46929,GiveMeSomeCredit,hybrid_12l,120269,10,16384,16384,4,14,ok,,2.7856665635481477,2.496265560388565,0.8217979669570923
46929,GiveMeSomeCredit,hybrid_12l,120269,10,16384,16384,4,15,ok,,3.1804880052804947,2.4956440459936857,0.8217979669570923
46929,GiveMeSomeCredit,pure_hydra_8l,120269,10,16384,16384,4,15,ok,,0.8533618515357375,0.51647072378546,0.5417903065681458
46929,GiveMeSomeCredit,hybrid_12l,120269,10,16384,16384,5,1,ok,,2.798456088639796,2.4990030890330672,0.821937620639801
46929,GiveMeSomeCredit,pure_hydra_8l,120269,10,16384,16384,5,1,ok,,2.0675327852368355,0.5173859782516956,0.5615371465682983
46929,GiveMeSomeCredit,hybrid_12l,120269,10,16384,16384,5,2,ok,,3.1901440089568496,2.4977981308475137,0.821937620639801
46929,GiveMeSomeCredit,pure_hydra_8l,120269,10,16384,16384,5,2,ok,,1.5915367910638452,0.5153453759849072,0.5615371465682983
46929,GiveMeSomeCredit,pure_hydra_8l,120269,10,16384,16384,5,3,ok,,0.8107801862061024,0.5161711890250444,0.5615371465682983
46929,GiveMeSomeCredit,hybrid_12l,120269,10,16384,16384,5,3,ok,,2.792564800940454,2.4981673853471875,0.821937620639801
46929,GiveMeSomeCredit,hybrid_12l,120269,10,16384,16384,5,4,ok,,2.7927673077210784,2.4978675292804837,0.821937620639801
46929,GiveMeSomeCredit,pure_hydra_8l,120269,10,16384,16384,5,4,ok,,0.8172701271250844,0.5163718005642295,0.5615371465682983
46929,GiveMeSomeCredit,hybrid_12l,120269,10,16384,16384,5,5,ok,,2.793207945302129,2.496615490876138,0.821937620639801
46929,GiveMeSomeCredit,pure_hydra_8l,120269,10,16384,16384,5,5,ok,,0.809636733494699,0.5148461312055588,0.5615371465682983
46929,GiveMeSomeCredit,hybrid_12l,120269,10,16384,16384,5,6,ok,,2.796449737623334,2.4961276408284903,0.821937620639801
46929,GiveMeSomeCredit,pure_hydra_8l,120269,10,16384,16384,5,6,ok,,0.8632745388895273,0.5165560804307461,0.5615371465682983
46929,GiveMeSomeCredit,hybrid_12l,120269,10,16384,16384,5,7,ok,,3.182678421959281,2.4976372718811035,0.821937620639801
46929,GiveMeSomeCredit,pure_hydra_8l,120269,10,16384,16384,5,7,ok,,2.090662478469312,0.5166229484602809,0.5615371465682983
46929,GiveMeSomeCredit,hybrid_12l,120269,10,16384,16384,5,8,ok,,3.598116358742118,2.4967920249328017,0.821937620639801
46929,GiveMeSomeCredit,pure_hydra_8l,120269,10,16384,16384,5,8,ok,,0.8115387680009007,0.5159224523231387,0.5615371465682983
46929,GiveMeSomeCredit,pure_hydra_8l,120269,10,16384,16384,5,9,ok,,0.8118828106671572,0.5163196539506316,0.5615371465682983
46929,GiveMeSomeCredit,hybrid_12l,120269,10,16384,16384,5,9,ok,,2.852886342443526,2.4972573593258858,0.821937620639801
46929,GiveMeSomeCredit,hybrid_12l,120269,10,16384,16384,5,10,ok,,2.8368030907586217,2.4989407304674387,0.821937620639801
46929,GiveMeSomeCredit,pure_hydra_8l,120269,10,16384,16384,5,10,ok,,0.8087092116475105,0.5169657077640295,0.5615371465682983
46929,GiveMeSomeCredit,hybrid_12l,120269,10,16384,16384,5,11,ok,,2.7909759590402246,2.4968145564198494,0.821937620639801
46929,GiveMeSomeCredit,pure_hydra_8l,120269,10,16384,16384,5,11,ok,,0.8288552202284336,0.5164752509444952,0.5615371465682983
46929,GiveMeSomeCredit,hybrid_12l,120269,10,16384,16384,5,12,ok,,2.7962602972984314,2.4993051243945956,0.821937620639801
46929,GiveMeSomeCredit,pure_hydra_8l,120269,10,16384,16384,5,12,ok,,0.826240380294621,0.5173253808170557,0.5615371465682983
46929,GiveMeSomeCredit,hybrid_12l,120269,10,16384,16384,5,13,ok,,2.962108539417386,2.499524404294789,0.821937620639801
46929,GiveMeSomeCredit,pure_hydra_8l,120269,10,16384,16384,5,13,ok,,0.8124667797237635,0.516272246837616,0.5615371465682983
46929,GiveMeSomeCredit,pure_hydra_8l,120269,10,16384,16384,5,14,ok,,0.8520471472293139,0.5153918396681547,0.5615371465682983
46929,GiveMeSomeCredit,hybrid_12l,120269,10,16384,16384,5,14,ok,,2.7971318745985627,2.4977246383205056,0.821937620639801
46929,GiveMeSomeCredit,pure_hydra_8l,120269,10,16384,16384,5,15,ok,,1.1984422281384468,0.5161106418818235,0.5615371465682983
46929,GiveMeSomeCredit,hybrid_12l,120269,10,16384,16384,5,15,ok,,3.022171097807586,2.4970808625221252,0.821937620639801
