did,dataset_name,model,num_samples,num_features,configured_eval_position,real_eval_position,split_number,timing_repetition,status,error,synchronized_elapsed_seconds,synchronized_model_inference_seconds,mean_metric
46950,polish_companies_bankruptcy,hydra_small,3031,64,16384,1515,1,1,ok,,0.8679350260645151,0.3443206837400794,0.9144962430000305
46950,polish_companies_bankruptcy,hybrid_8l,3031,64,16384,1515,1,1,ok,,0.3780592633411288,0.05246847216039896,0.8742411732673645
46950,polish_companies_bankruptcy,tabpfn,3031,64,16384,1515,1,1,ok,,0.46844439301639795,0.08764581941068172,0.9400029182434082
46950,polish_companies_bankruptcy,hydra,3031,64,16384,1515,1,1,ok,,0.5461069410666823,0.06556013133376837,0.8570082187652588
46950,polish_companies_bankruptcy,hydra_small,3031,64,16384,1515,1,2,ok,,1.1656407061964273,0.3970012376084924,0.9144962430000305
46950,polish_companies_bankruptcy,hybrid_8l,3031,64,16384,1515,1,2,ok,,0.48297471832484007,0.052933902479708195,0.8742411732673645
46950,polish_companies_bankruptcy,hydra,3031,64,16384,1515,1,2,ok,,0.3916002158075571,0.0650833984836936,0.8570082187652588
46950,polish_companies_bankruptcy,tabpfn,3031,64,16384,1515,1,2,ok,,0.41435599233955145,0.08775195013731718,0.9400029182434082
46950,polish_companies_bankruptcy,hydra_small,3031,64,16384,1515,1,3,ok,,0.6863033780828118,0.3450735295191407,0.9144962430000305
46950,polish_companies_bankruptcy,hybrid_8l,3031,64,16384,1515,1,3,ok,,0.4102019239217043,0.05291312467306852,0.8742411732673645
46950,polish_companies_bankruptcy,hydra,3031,64,16384,1515,1,3,ok,,0.4208566164597869,0.0650706747546792,0.8570082187652588
46950,polish_companies_bankruptcy,tabpfn,3031,64,16384,1515,1,3,ok,,0.42485943995416164,0.08778743725270033,0.9400029182434082
46950,polish_companies_bankruptcy,hydra_small,3031,64,16384,1515,1,4,ok,,0.6995342914015055,0.3443552991375327,0.9144962430000305
46950,polish_companies_bankruptcy,hydra,3031,64,16384,1515,1,4,ok,,0.4615876944735646,0.06522248312830925,0.8570082187652588
46950,polish_companies_bankruptcy,hybrid_8l,3031,64,16384,1515,1,4,ok,,0.4046055031940341,0.052594611421227455,0.8742411732673645
46950,polish_companies_bankruptcy,tabpfn,3031,64,16384,1515,1,4,ok,,0.4311752635985613,0.08786491397768259,0.9400029182434082
46950,polish_companies_bankruptcy,hydra_small,3031,64,16384,1515,1,5,ok,,0.6739118853583932,0.34406049083918333,0.9144962430000305
46950,polish_companies_bankruptcy,tabpfn,3031,64,16384,1515,1,5,ok,,0.4272148823365569,0.08802619017660618,0.9400029182434082
46950,polish_companies_bankruptcy,hybrid_8l,3031,64,16384,1515,1,5,ok,,0.3785443054512143,0.052343664690852165,0.8742411732673645
46950,polish_companies_bankruptcy,hydra,3031,64,16384,1515,1,5,ok,,0.39310340490192175,0.06517033465206623,0.8570082187652588
46950,polish_companies_bankruptcy,hydra_small,3031,64,16384,1515,1,6,ok,,0.7090195612981915,0.34392040502279997,0.9144962430000305
46950,polish_companies_bankruptcy,hybrid_8l,3031,64,16384,1515,1,6,ok,,0.462286788970232,0.0526310196146369,0.8742411732673645
46950,polish_companies_bankruptcy,hydra,3031,64,16384,1515,1,6,ok,,0.3926329631358385,0.06510359700769186,0.8570082187652588
46950,polish_companies_bankruptcy,tabpfn,3031,64,16384,1515,1,6,ok,,0.41415033396333456,0.0877964748069644,0.9400029182434082
46950,polish_companies_bankruptcy,tabpfn,3031,64,16384,1515,1,7,ok,,0.4129004152491689,0.08746842294931412,0.9400029182434082
46950,polish_companies_bankruptcy,hydra_small,3031,64,16384,1515,1,7,ok,,0.6730684274807572,0.3446152415126562,0.9144962430000305
46950,polish_companies_bankruptcy,hybrid_8l,3031,64,16384,1515,1,7,ok,,0.4287510830909014,0.05251341685652733,0.8742411732673645
46950,polish_companies_bankruptcy,hydra,3031,64,16384,1515,1,7,ok,,0.38861279655247927,0.06505845207720995,0.8570082187652588
46950,polish_companies_bankruptcy,hybrid_8l,3031,64,16384,1515,1,8,ok,,0.37453689333051443,0.05261920765042305,0.8742411732673645
46950,polish_companies_bankruptcy,hydra_small,3031,64,16384,1515,1,8,ok,,0.6699803983792663,0.34432092495262623,0.9144962430000305
46950,polish_companies_bankruptcy,tabpfn,3031,64,16384,1515,1,8,ok,,0.5052293166518211,0.0874590054154396,0.9400029182434082
46950,polish_companies_bankruptcy,hydra,3031,64,16384,1515,1,8,ok,,0.38939828518778086,0.06536559294909239,0.8570082187652588
46950,polish_companies_bankruptcy,hybrid_8l,3031,64,16384,1515,1,9,ok,,0.3746306709945202,0.052385374903678894,0.8742411732673645
46950,polish_companies_bankruptcy,hydra,3031,64,16384,1515,1,9,ok,,0.3889975259080529,0.06515705771744251,0.8570082187652588
46950,polish_companies_bankruptcy,hydra_small,3031,64,16384,1515,1,9,ok,,0.6711818147450686,0.3437196761369705,0.9144962430000305
46950,polish_companies_bankruptcy,tabpfn,3031,64,16384,1515,1,9,ok,,0.41227461118251085,0.08772574085742235,0.9400029182434082
46950,polish_companies_bankruptcy,hybrid_8l,3031,64,16384,1515,1,10,ok,,0.3772113500162959,0.05233255494385958,0.8742411732673645
46950,polish_companies_bankruptcy,hydra,3031,64,16384,1515,1,10,ok,,0.38921581022441387,0.06507540494203568,0.8570082187652588
46950,polish_companies_bankruptcy,hydra_small,3031,64,16384,1515,1,10,ok,,0.6713792094960809,0.34433935955166817,0.9144962430000305
46950,polish_companies_bankruptcy,tabpfn,3031,64,16384,1515,1,10,ok,,0.41562154050916433,0.08775760140269995,0.9400029182434082
46950,polish_companies_bankruptcy,hybrid_8l,3031,64,16384,1515,1,11,ok,,0.37869762629270554,0.05263792350888252,0.8742411732673645
46950,polish_companies_bankruptcy,hydra_small,3031,64,16384,1515,1,11,ok,,0.6724845627322793,0.3440584968775511,0.9144962430000305
46950,polish_companies_bankruptcy,tabpfn,3031,64,16384,1515,1,11,ok,,0.41415216866880655,0.08753202296793461,0.9400029182434082
46950,polish_companies_bankruptcy,hydra,3031,64,16384,1515,1,11,ok,,0.39009653870016336,0.06499165575951338,0.8570082187652588
46950,polish_companies_bankruptcy,hydra_small,3031,64,16384,1515,1,12,ok,,0.7172684371471405,0.34383909218013287,0.9144962430000305
46950,polish_companies_bankruptcy,hydra,3031,64,16384,1515,1,12,ok,,0.3891841610893607,0.06531105935573578,0.8570082187652588
46950,polish_companies_bankruptcy,tabpfn,3031,64,16384,1515,1,12,ok,,0.4109717831015587,0.08747615851461887,0.9400029182434082
46950,polish_companies_bankruptcy,hybrid_8l,3031,64,16384,1515,1,12,ok,,0.3747308002784848,0.05238616652786732,0.8742411732673645
46950,polish_companies_bankruptcy,tabpfn,3031,64,16384,1515,1,13,ok,,0.41015949565917253,0.08773857541382313,0.9400029182434082
46950,polish_companies_bankruptcy,hybrid_8l,3031,64,16384,1515,1,13,ok,,0.3770651835948229,0.052312085404992104,0.8742411732673645
46950,polish_companies_bankruptcy,hydra,3031,64,16384,1515,1,13,ok,,0.3886461416259408,0.06517778616398573,0.8570082187652588
46950,polish_companies_bankruptcy,hydra_small,3031,64,16384,1515,1,13,ok,,0.7110112151131034,0.34419370349496603,0.9144962430000305
46950,polish_companies_bankruptcy,hybrid_8l,3031,64,16384,1515,1,14,ok,,0.5148906297981739,0.052387659437954426,0.8742411732673645
46950,polish_companies_bankruptcy,tabpfn,3031,64,16384,1515,1,14,ok,,0.8412525253370404,0.08786674868315458,0.9400029182434082
46950,polish_companies_bankruptcy,hydra,3031,64,16384,1515,1,14,ok,,0.6444856841117144,0.06529063079506159,0.8570082187652588
46950,polish_companies_bankruptcy,hydra_small,3031,64,16384,1515,1,14,ok,,0.6860041543841362,0.34375088568776846,0.9144962430000305
46950,polish_companies_bankruptcy,hydra,3031,64,16384,1515,1,15,ok,,0.39070154447108507,0.06497603561729193,0.8570082187652588
46950,polish_companies_bankruptcy,hybrid_8l,3031,64,16384,1515,1,15,ok,,0.3775242641568184,0.05235662963241339,0.8742411732673645
46950,polish_companies_bankruptcy,hydra_small,3031,64,16384,1515,1,15,ok,,0.6883076280355453,0.34419384505599737,0.9144962430000305
46950,polish_companies_bankruptcy,tabpfn,3031,64,16384,1515,1,15,ok,,0.41434094682335854,0.08750035427510738,0.9400029182434082
46950,polish_companies_bankruptcy,hybrid_8l,3031,64,16384,1515,2,1,ok,,0.3784413207322359,0.05249320901930332,0.8590357303619385
46950,polish_companies_bankruptcy,hydra_small,3031,64,16384,1515,2,1,ok,,0.673696419224143,0.34455873630940914,0.8966559767723083
46950,polish_companies_bankruptcy,hydra,3031,64,16384,1515,2,1,ok,,0.39102373644709587,0.06495678890496492,0.8406199216842651
46950,polish_companies_bankruptcy,tabpfn,3031,64,16384,1515,2,1,ok,,0.41389103420078754,0.0874857371672988,0.9226956963539124
46950,polish_companies_bankruptcy,hybrid_8l,3031,64,16384,1515,2,2,ok,,0.38045450393110514,0.052472589537501335,0.8590357303619385
46950,polish_companies_bankruptcy,hydra_small,3031,64,16384,1515,2,2,ok,,1.1039937734603882,0.3442620746791363,0.8966559767723083
46950,polish_companies_bankruptcy,tabpfn,3031,64,16384,1515,2,2,ok,,0.8251785961911082,0.08773414697498083,0.9226956963539124
46950,polish_companies_bankruptcy,hydra,3031,64,16384,1515,2,2,ok,,0.8036571675911546,0.06548647303134203,0.8406199216842651
46950,polish_companies_bankruptcy,hybrid_8l,3031,64,16384,1515,2,3,ok,,0.5074679804965854,0.05250423960387707,0.8590357303619385
46950,polish_companies_bankruptcy,tabpfn,3031,64,16384,1515,2,3,ok,,0.4637683080509305,0.08776662964373827,0.9226956963539124
46950,polish_companies_bankruptcy,hydra_small,3031,64,16384,1515,2,3,ok,,0.7160277906805277,0.3833436379209161,0.8966559767723083
46950,polish_companies_bankruptcy,hydra,3031,64,16384,1515,2,3,ok,,0.6516593853011727,0.06520363688468933,0.8406199216842651
46950,polish_companies_bankruptcy,hydra,3031,64,16384,1515,2,4,ok,,0.39110104367136955,0.06522440630942583,0.8406199216842651
46950,polish_companies_bankruptcy,tabpfn,3031,64,16384,1515,2,4,ok,,0.42839801497757435,0.08765711076557636,0.9226956963539124
46950,polish_companies_bankruptcy,hybrid_8l,3031,64,16384,1515,2,4,ok,,0.4052200382575393,0.054385182447731495,0.8590357303619385
46950,polish_companies_bankruptcy,hydra_small,3031,64,16384,1515,2,4,ok,,0.720112768933177,0.3878066623583436,0.8966559767723083
46950,polish_companies_bankruptcy,hydra_small,3031,64,16384,1515,2,5,ok,,0.6739155258983374,0.34372815303504467,0.8966559767723083
46950,polish_companies_bankruptcy,hybrid_8l,3031,64,16384,1515,2,5,ok,,0.37769192177802324,0.05253839399665594,0.8590357303619385
46950,polish_companies_bankruptcy,hydra,3031,64,16384,1515,2,5,ok,,0.3915291940793395,0.06499190628528595,0.8406199216842651
46950,polish_companies_bankruptcy,tabpfn,3031,64,16384,1515,2,5,ok,,0.45452939718961716,0.08781859651207924,0.9226956963539124
46950,polish_companies_bankruptcy,hybrid_8l,3031,64,16384,1515,2,6,ok,,0.3789693107828498,0.052610741928219795,0.8590357303619385
46950,polish_companies_bankruptcy,hydra_small,3031,64,16384,1515,2,6,ok,,0.7188098104670644,0.3911403985694051,0.8966559767723083
46950,polish_companies_bankruptcy,hydra,3031,64,16384,1515,2,6,ok,,0.3909245394170284,0.06536587327718735,0.8406199216842651
46950,polish_companies_bankruptcy,tabpfn,3031,64,16384,1515,2,6,ok,,0.4153611194342375,0.08777697756886482,0.9226956963539124
46950,polish_companies_bankruptcy,hydra,3031,64,16384,1515,2,7,ok,,0.3941818177700043,0.06499127484858036,0.8406199216842651
46950,polish_companies_bankruptcy,hydra_small,3031,64,16384,1515,2,7,ok,,0.691432730294764,0.3440519468858838,0.8966559767723083
46950,polish_companies_bankruptcy,hybrid_8l,3031,64,16384,1515,2,7,ok,,0.4574096631258726,0.05243332590907812,0.8590357303619385
46950,polish_companies_bankruptcy,tabpfn,3031,64,16384,1515,2,7,ok,,0.41223242226988077,0.08756956458091736,0.9226956963539124
46950,polish_companies_bankruptcy,hydra,3031,64,16384,1515,2,8,ok,,0.3918914906680584,0.06496192887425423,0.8406199216842651
46950,polish_companies_bankruptcy,hybrid_8l,3031,64,16384,1515,2,8,ok,,0.3773770546540618,0.05276080593466759,0.8590357303619385
46950,polish_companies_bankruptcy,tabpfn,3031,64,16384,1515,2,8,ok,,0.43619950395077467,0.10540490131825209,0.9226956963539124
46950,polish_companies_bankruptcy,hydra_small,3031,64,16384,1515,2,8,ok,,0.7121956218034029,0.3815075708553195,0.8966559767723083
46950,polish_companies_bankruptcy,tabpfn,3031,64,16384,1515,2,9,ok,,0.41300883423537016,0.08823939505964518,0.9226956963539124
46950,polish_companies_bankruptcy,hydra,3031,64,16384,1515,2,9,ok,,0.3913222933188081,0.06559740286320448,0.8406199216842651
46950,polish_companies_bankruptcy,hybrid_8l,3031,64,16384,1515,2,9,ok,,0.3776393821462989,0.05251460988074541,0.8590357303619385
46950,polish_companies_bankruptcy,hydra_small,3031,64,16384,1515,2,9,ok,,0.7137270634993911,0.3436990287154913,0.8966559767723083
46950,polish_companies_bankruptcy,hybrid_8l,3031,64,16384,1515,2,10,ok,,0.40596863720566034,0.052429177798330784,0.8590357303619385
46950,polish_companies_bankruptcy,hydra,3031,64,16384,1515,2,10,ok,,0.3882185835391283,0.06513194087892771,0.8406199216842651
46950,polish_companies_bankruptcy,hydra_small,3031,64,16384,1515,2,10,ok,,0.6711048511788249,0.3440088266506791,0.8966559767723083
46950,polish_companies_bankruptcy,tabpfn,3031,64,16384,1515,2,10,ok,,0.41118368599563837,0.08769463282078505,0.9226956963539124
46950,polish_companies_bankruptcy,hydra_small,3031,64,16384,1515,2,11,ok,,0.6714793220162392,0.3435916854068637,0.8966559767723083
46950,polish_companies_bankruptcy,tabpfn,3031,64,16384,1515,2,11,ok,,0.4113547904416919,0.08767780009657145,0.9226956963539124
46950,polish_companies_bankruptcy,hybrid_8l,3031,64,16384,1515,2,11,ok,,0.3777016308158636,0.052459063939750195,0.8590357303619385
46950,polish_companies_bankruptcy,hydra,3031,64,16384,1515,2,11,ok,,0.4667651057243347,0.06498342007398605,0.8406199216842651
46950,polish_companies_bankruptcy,hydra_small,3031,64,16384,1515,2,12,ok,,0.6718464381992817,0.3438040064647794,0.8966559767723083
46950,polish_companies_bankruptcy,hybrid_8l,3031,64,16384,1515,2,12,ok,,0.7695217579603195,0.05271454807370901,0.8590357303619385
46950,polish_companies_bankruptcy,tabpfn,3031,64,16384,1515,2,12,ok,,0.4189662104472518,0.0877393176779151,0.9226956963539124
46950,polish_companies_bankruptcy,hydra,3031,64,16384,1515,2,12,ok,,0.8205159669741988,0.077558190561831,0.8406199216842651
46950,polish_companies_bankruptcy,tabpfn,3031,64,16384,1515,2,13,ok,,0.8472025599330664,0.10557981207966805,0.9226956963539124
46950,polish_companies_bankruptcy,hybrid_8l,3031,64,16384,1515,2,13,ok,,0.41040568333119154,0.052824826911091805,0.8590357303619385
46950,polish_companies_bankruptcy,hydra_small,3031,64,16384,1515,2,13,ok,,0.6892826277762651,0.343876626342535,0.8966559767723083
46950,polish_companies_bankruptcy,hydra,3031,64,16384,1515,2,13,ok,,0.44381893891841173,0.0650525912642479,0.8406199216842651
46950,polish_companies_bankruptcy,hybrid_8l,3031,64,16384,1515,2,14,ok,,0.3775865538045764,0.052553544752299786,0.8590357303619385
46950,polish_companies_bankruptcy,hydra_small,3031,64,16384,1515,2,14,ok,,0.6715154526755214,0.3440307881683111,0.8966559767723083
46950,polish_companies_bankruptcy,hydra,3031,64,16384,1515,2,14,ok,,0.39311939664185047,0.06529021076858044,0.8406199216842651
46950,polish_companies_bankruptcy,tabpfn,3031,64,16384,1515,2,14,ok,,0.42047206312417984,0.08788523357361555,0.9226956963539124
46950,polish_companies_bankruptcy,hydra_small,3031,64,16384,1515,2,15,ok,,0.7101270658895373,0.3440656941384077,0.8966559767723083
46950,polish_companies_bankruptcy,hybrid_8l,3031,64,16384,1515,2,15,ok,,0.3763517839834094,0.05233266483992338,0.8590357303619385
46950,polish_companies_bankruptcy,hydra,3031,64,16384,1515,2,15,ok,,0.7808051127940416,0.06499621458351612,0.8406199216842651
46950,polish_companies_bankruptcy,tabpfn,3031,64,16384,1515,2,15,ok,,0.4168996559455991,0.08768313005566597,0.9226956963539124
46950,polish_companies_bankruptcy,hydra_small,3031,64,16384,1515,3,1,ok,,0.6825251681730151,0.3439805721864104,0.9120611548423767
46950,polish_companies_bankruptcy,hydra,3031,64,16384,1515,3,1,ok,,0.4026202242821455,0.06495499610900879,0.8652448654174805
46950,polish_companies_bankruptcy,tabpfn,3031,64,16384,1515,3,1,ok,,0.42402070574462414,0.08750254940241575,0.9292535781860352
46950,polish_companies_bankruptcy,hybrid_8l,3031,64,16384,1515,3,1,ok,,0.3857551980763674,0.05232864711433649,0.87181556224823
46950,polish_companies_bankruptcy,hydra,3031,64,16384,1515,3,2,ok,,0.4003677982836962,0.06509770546108484,0.8652448654174805
46950,polish_companies_bankruptcy,hybrid_8l,3031,64,16384,1515,3,2,ok,,0.396574042737484,0.0627520838752389,0.87181556224823
46950,polish_companies_bankruptcy,hydra_small,3031,64,16384,1515,3,2,ok,,0.7235153978690505,0.38455156795680523,0.9120611548423767
46950,polish_companies_bankruptcy,tabpfn,3031,64,16384,1515,3,2,ok,,0.4252101695165038,0.0876524830237031,0.9292535781860352
46950,polish_companies_bankruptcy,hydra_small,3031,64,16384,1515,3,3,ok,,0.6795200761407614,0.34361119382083416,0.9120611548423767
46950,polish_companies_bankruptcy,hybrid_8l,3031,64,16384,1515,3,3,ok,,0.3909284984692931,0.052730378694832325,0.87181556224823
46950,polish_companies_bankruptcy,hydra,3031,64,16384,1515,3,3,ok,,0.429880796931684,0.06519141420722008,0.8652448654174805
46950,polish_companies_bankruptcy,tabpfn,3031,64,16384,1515,3,3,ok,,0.42203111574053764,0.08765044901520014,0.9292535781860352
46950,polish_companies_bankruptcy,hydra_small,3031,64,16384,1515,3,4,ok,,0.680742722004652,0.3442708635702729,0.9120611548423767
46950,polish_companies_bankruptcy,hydra,3031,64,16384,1515,3,4,ok,,0.3992584580555558,0.06513791345059872,0.8652448654174805
46950,polish_companies_bankruptcy,hybrid_8l,3031,64,16384,1515,3,4,ok,,0.3864829558879137,0.052321694791316986,0.87181556224823
46950,polish_companies_bankruptcy,tabpfn,3031,64,16384,1515,3,4,ok,,0.43397897109389305,0.08762623276561499,0.9292535781860352
46950,polish_companies_bankruptcy,tabpfn,3031,64,16384,1515,3,5,ok,,0.4234634293243289,0.08770658448338509,0.9292535781860352
46950,polish_companies_bankruptcy,hybrid_8l,3031,64,16384,1515,3,5,ok,,0.3870551409199834,0.05254729278385639,0.87181556224823
46950,polish_companies_bankruptcy,hydra,3031,64,16384,1515,3,5,ok,,0.40100742131471634,0.06495262123644352,0.8652448654174805
46950,polish_companies_bankruptcy,hydra_small,3031,64,16384,1515,3,5,ok,,0.6828335830941796,0.34437273629009724,0.9120611548423767
46950,polish_companies_bankruptcy,hydra,3031,64,16384,1515,3,6,ok,,0.39988822117447853,0.06513307429850101,0.8652448654174805
46950,polish_companies_bankruptcy,hybrid_8l,3031,64,16384,1515,3,6,ok,,0.4004715457558632,0.05259046424180269,0.87181556224823
46950,polish_companies_bankruptcy,tabpfn,3031,64,16384,1515,3,6,ok,,0.42270413134247065,0.08767049666494131,0.9292535781860352
46950,polish_companies_bankruptcy,hydra_small,3031,64,16384,1515,3,6,ok,,0.6829980341717601,0.34373227320611477,0.9120611548423767
46950,polish_companies_bankruptcy,hydra,3031,64,16384,1515,3,7,ok,,0.4015285177156329,0.06494042929261923,0.8652448654174805
46950,polish_companies_bankruptcy,tabpfn,3031,64,16384,1515,3,7,ok,,0.4306081850081682,0.0876247314736247,0.9292535781860352
46950,polish_companies_bankruptcy,hydra_small,3031,64,16384,1515,3,7,ok,,0.6825420008972287,0.34447473008185625,0.9120611548423767
46950,polish_companies_bankruptcy,hybrid_8l,3031,64,16384,1515,3,7,ok,,0.3888294221833348,0.0523255318403244,0.87181556224823
46950,polish_companies_bankruptcy,hydra_small,3031,64,16384,1515,3,8,ok,,0.7671116441488266,0.3439368810504675,0.9120611548423767
46950,polish_companies_bankruptcy,hydra,3031,64,16384,1515,3,8,ok,,0.4007193660363555,0.06494596879929304,0.8652448654174805
46950,polish_companies_bankruptcy,tabpfn,3031,64,16384,1515,3,8,ok,,0.42507279943674803,0.0874461717903614,0.9292535781860352
46950,polish_companies_bankruptcy,hybrid_8l,3031,64,16384,1515,3,8,ok,,0.6668797126039863,0.0523329759016633,0.87181556224823
46950,polish_companies_bankruptcy,tabpfn,3031,64,16384,1515,3,9,ok,,0.42528938967734575,0.08754066098481417,0.9292535781860352
46950,polish_companies_bankruptcy,hybrid_8l,3031,64,16384,1515,3,9,ok,,0.3896431643515825,0.052342113107442856,0.87181556224823
46950,polish_companies_bankruptcy,hydra_small,3031,64,16384,1515,3,9,ok,,0.682450408115983,0.34368596598505974,0.9120611548423767
46950,polish_companies_bankruptcy,hydra,3031,64,16384,1515,3,9,ok,,0.399553376249969,0.06516088731586933,0.8652448654174805
46950,polish_companies_bankruptcy,hybrid_8l,3031,64,16384,1515,3,10,ok,,0.38720223028212786,0.0523541159927845,0.87181556224823
46950,polish_companies_bankruptcy,tabpfn,3031,64,16384,1515,3,10,ok,,0.42445373721420765,0.08768630679696798,0.9292535781860352
46950,polish_companies_bankruptcy,hydra,3031,64,16384,1515,3,10,ok,,0.40045282151550055,0.06499678548425436,0.8652448654174805
46950,polish_companies_bankruptcy,hydra_small,3031,64,16384,1515,3,10,ok,,0.6829002313315868,0.344241457991302,0.9120611548423767
46950,polish_companies_bankruptcy,hydra,3031,64,16384,1515,3,11,ok,,0.40052636060863733,0.06498642638325691,0.8652448654174805
46950,polish_companies_bankruptcy,tabpfn,3031,64,16384,1515,3,11,ok,,0.42226449958980083,0.08754759468138218,0.9292535781860352
46950,polish_companies_bankruptcy,hydra_small,3031,64,16384,1515,3,11,ok,,0.6874313848093152,0.34405607637017965,0.9120611548423767
46950,polish_companies_bankruptcy,hybrid_8l,3031,64,16384,1515,3,11,ok,,0.4083894658833742,0.05268306937068701,0.87181556224823
46950,polish_companies_bankruptcy,hydra_small,3031,64,16384,1515,3,12,ok,,0.7164401570335031,0.343812495470047,0.9120611548423767
46950,polish_companies_bankruptcy,tabpfn,3031,64,16384,1515,3,12,ok,,0.42447824217379093,0.0874963877722621,0.9292535781860352
46950,polish_companies_bankruptcy,hybrid_8l,3031,64,16384,1515,3,12,ok,,0.3884181436151266,0.052489953115582466,0.87181556224823
46950,polish_companies_bankruptcy,hydra,3031,64,16384,1515,3,12,ok,,0.3998716901987791,0.06514271255582571,0.8652448654174805
46950,polish_companies_bankruptcy,tabpfn,3031,64,16384,1515,3,13,ok,,0.4233312411233783,0.08749654702842236,0.9292535781860352
46950,polish_companies_bankruptcy,hydra,3031,64,16384,1515,3,13,ok,,0.4132909309118986,0.07686732150614262,0.8652448654174805
46950,polish_companies_bankruptcy,hybrid_8l,3031,64,16384,1515,3,13,ok,,0.3983549680560827,0.06291180569678545,0.87181556224823
46950,polish_companies_bankruptcy,hydra_small,3031,64,16384,1515,3,13,ok,,0.715494304895401,0.3784425761550665,0.9120611548423767
46950,polish_companies_bankruptcy,hydra_small,3031,64,16384,1515,3,14,ok,,0.6801657024770975,0.3436361728236079,0.9120611548423767
46950,polish_companies_bankruptcy,tabpfn,3031,64,16384,1515,3,14,ok,,0.44577903486788273,0.08759248908609152,0.9292535781860352
46950,polish_companies_bankruptcy,hybrid_8l,3031,64,16384,1515,3,14,ok,,0.3854131009429693,0.05234698299318552,0.87181556224823
46950,polish_companies_bankruptcy,hydra,3031,64,16384,1515,3,14,ok,,0.5266092736274004,0.06498345173895359,0.8652448654174805
46950,polish_companies_bankruptcy,hydra_small,3031,64,16384,1515,3,15,ok,,0.6800105078145862,0.3438174445182085,0.9120611548423767
46950,polish_companies_bankruptcy,hybrid_8l,3031,64,16384,1515,3,15,ok,,0.38811114244163036,0.0525433449074626,0.87181556224823
46950,polish_companies_bankruptcy,hydra,3031,64,16384,1515,3,15,ok,,0.3998121991753578,0.06500410940498114,0.8652448654174805
46950,polish_companies_bankruptcy,tabpfn,3031,64,16384,1515,3,15,ok,,0.4252254394814372,0.08789412025362253,0.9292535781860352
46950,polish_companies_bankruptcy,hydra_small,3031,64,16384,1515,4,1,ok,,0.6768288100138307,0.34387349151074886,0.9085454344749451
46950,polish_companies_bankruptcy,hybrid_8l,3031,64,16384,1515,4,1,ok,,0.38298631366342306,0.052594901993870735,0.8680937886238098
46950,polish_companies_bankruptcy,tabpfn,3031,64,16384,1515,4,1,ok,,0.4190077409148216,0.08766385447233915,0.9186619520187378
46950,polish_companies_bankruptcy,hydra,3031,64,16384,1515,4,1,ok,,0.3979382887482643,0.06521136127412319,0.8652965426445007
46950,polish_companies_bankruptcy,hydra_small,3031,64,16384,1515,4,2,ok,,0.6780806919559836,0.34365441650152206,0.9085454344749451
46950,polish_companies_bankruptcy,hybrid_8l,3031,64,16384,1515,4,2,ok,,0.40632442478090525,0.05237893294543028,0.8680937886238098
46950,polish_companies_bankruptcy,tabpfn,3031,64,16384,1515,4,2,ok,,0.4192953957244754,0.08749878220260143,0.9186619520187378
46950,polish_companies_bankruptcy,hydra,3031,64,16384,1515,4,2,ok,,0.4588028360158205,0.0649498263373971,0.8652965426445007
46950,polish_companies_bankruptcy,hydra_small,3031,64,16384,1515,4,3,ok,,0.6793200196698308,0.34385918360203505,0.9085454344749451
46950,polish_companies_bankruptcy,tabpfn,3031,64,16384,1515,4,3,ok,,0.4213191904127598,0.08760165795683861,0.9186619520187378
46950,polish_companies_bankruptcy,hybrid_8l,3031,64,16384,1515,4,3,ok,,0.38403728511184454,0.05246649868786335,0.8680937886238098
46950,polish_companies_bankruptcy,hydra,3031,64,16384,1515,4,3,ok,,0.39834644086658955,0.06514770071953535,0.8652965426445007
46950,polish_companies_bankruptcy,hydra,3031,64,16384,1515,4,4,ok,,0.39678155817091465,0.0649206917732954,0.8652965426445007
46950,polish_companies_bankruptcy,tabpfn,3031,64,16384,1515,4,4,ok,,0.42037587240338326,0.08768067602068186,0.9186619520187378
46950,polish_companies_bankruptcy,hybrid_8l,3031,64,16384,1515,4,4,ok,,0.3833066625520587,0.052325992844998837,0.8680937886238098
46950,polish_companies_bankruptcy,hydra_small,3031,64,16384,1515,4,4,ok,,0.6778036477044225,0.3439034391194582,0.9085454344749451
46950,polish_companies_bankruptcy,hydra,3031,64,16384,1515,4,5,ok,,0.3986077969893813,0.06519816722720861,0.8652965426445007
46950,polish_companies_bankruptcy,tabpfn,3031,64,16384,1515,4,5,ok,,0.41871490608900785,0.08750083670020103,0.9186619520187378
46950,polish_companies_bankruptcy,hybrid_8l,3031,64,16384,1515,4,5,ok,,0.39961625821888447,0.05277370102703571,0.8680937886238098
46950,polish_companies_bankruptcy,hydra_small,3031,64,16384,1515,4,5,ok,,0.6777183758094907,0.34396650828421116,0.9085454344749451
46950,polish_companies_bankruptcy,hydra,3031,64,16384,1515,4,6,ok,,0.398424930870533,0.06519949994981289,0.8652965426445007
46950,polish_companies_bankruptcy,hybrid_8l,3031,64,16384,1515,4,6,ok,,0.3854194236919284,0.05254575051367283,0.8680937886238098
46950,polish_companies_bankruptcy,tabpfn,3031,64,16384,1515,4,6,ok,,0.41899994667619467,0.0875428356230259,0.9186619520187378
46950,polish_companies_bankruptcy,hydra_small,3031,64,16384,1515,4,6,ok,,1.0689298640936613,0.3437505392357707,0.9085454344749451
46950,polish_companies_bankruptcy,tabpfn,3031,64,16384,1515,4,7,ok,,0.4450349062681198,0.08756053913384676,0.9186619520187378
46950,polish_companies_bankruptcy,hydra,3031,64,16384,1515,4,7,ok,,0.3961233012378216,0.06493477895855904,0.8652965426445007
46950,polish_companies_bankruptcy,hydra_small,3031,64,16384,1515,4,7,ok,,0.6791369449347258,0.34380956180393696,0.9085454344749451
46950,polish_companies_bankruptcy,hybrid_8l,3031,64,16384,1515,4,7,ok,,0.38328493013978004,0.0523869888857007,0.8680937886238098
46950,polish_companies_bankruptcy,hydra_small,3031,64,16384,1515,4,8,ok,,0.6799642415717244,0.3438817886635661,0.9085454344749451
46950,polish_companies_bankruptcy,tabpfn,3031,64,16384,1515,4,8,ok,,0.4194355830550194,0.08751143515110016,0.9186619520187378
46950,polish_companies_bankruptcy,hybrid_8l,3031,64,16384,1515,4,8,ok,,0.38396430760622025,0.052327826619148254,0.8680937886238098
46950,polish_companies_bankruptcy,hydra,3031,64,16384,1515,4,8,ok,,0.3973692813888192,0.06496727932244539,0.8652965426445007
46950,polish_companies_bankruptcy,hybrid_8l,3031,64,16384,1515,4,9,ok,,0.38422704488039017,0.052317357622087,0.8680937886238098
46950,polish_companies_bankruptcy,tabpfn,3031,64,16384,1515,4,9,ok,,0.4206130923703313,0.08776998613029718,0.9186619520187378
46950,polish_companies_bankruptcy,hydra,3031,64,16384,1515,4,9,ok,,0.39812114648520947,0.06496471539139748,0.8652965426445007
46950,polish_companies_bankruptcy,hydra_small,3031,64,16384,1515,4,9,ok,,0.6811299100518227,0.343745369464159,0.9085454344749451
46950,polish_companies_bankruptcy,hydra_small,3031,64,16384,1515,4,10,ok,,0.679563713259995,0.3439348489046097,0.9085454344749451
46950,polish_companies_bankruptcy,tabpfn,3031,64,16384,1515,4,10,ok,,0.4198919776827097,0.08750072680413723,0.9186619520187378
46950,polish_companies_bankruptcy,hybrid_8l,3031,64,16384,1515,4,10,ok,,0.3850812744349241,0.05234499927610159,0.8680937886238098
46950,polish_companies_bankruptcy,hydra,3031,64,16384,1515,4,10,ok,,0.3976080045104027,0.06519159488379955,0.8652965426445007
46950,polish_companies_bankruptcy,tabpfn,3031,64,16384,1515,4,11,ok,,0.42344431579113007,0.08749749977141619,0.9186619520187378
46950,polish_companies_bankruptcy,hydra,3031,64,16384,1515,4,11,ok,,0.41055853571742773,0.0770401693880558,0.8652965426445007
46950,polish_companies_bankruptcy,hybrid_8l,3031,64,16384,1515,4,11,ok,,0.39660267904400826,0.06273705512285233,0.8680937886238098
46950,polish_companies_bankruptcy,hydra_small,3031,64,16384,1515,4,11,ok,,0.713083510287106,0.3782398533076048,0.9085454344749451
46950,polish_companies_bankruptcy,hydra,3031,64,16384,1515,4,12,ok,,0.3973170630633831,0.06496407464146614,0.8652965426445007
46950,polish_companies_bankruptcy,tabpfn,3031,64,16384,1515,4,12,ok,,0.4219057522714138,0.0875486871227622,0.9186619520187378
46950,polish_companies_bankruptcy,hydra_small,3031,64,16384,1515,4,12,ok,,0.6782648731023073,0.34383405838161707,0.9085454344749451
46950,polish_companies_bankruptcy,hybrid_8l,3031,64,16384,1515,4,12,ok,,0.38604998867958784,0.052464175038039684,0.8680937886238098
46950,polish_companies_bankruptcy,hydra,3031,64,16384,1515,4,13,ok,,0.39854882657527924,0.0649555791169405,0.8652965426445007
46950,polish_companies_bankruptcy,hydra_small,3031,64,16384,1515,4,13,ok,,0.679995751939714,0.3438684530556202,0.9085454344749451
46950,polish_companies_bankruptcy,hybrid_8l,3031,64,16384,1515,4,13,ok,,0.38514333218336105,0.05240333918482065,0.8680937886238098
46950,polish_companies_bankruptcy,tabpfn,3031,64,16384,1515,4,13,ok,,0.41870096139609814,0.08753929939121008,0.9186619520187378
46950,polish_companies_bankruptcy,hybrid_8l,3031,64,16384,1515,4,14,ok,,0.3843961860984564,0.05236972589045763,0.8680937886238098
46950,polish_companies_bankruptcy,tabpfn,3031,64,16384,1515,4,14,ok,,0.4208004688844085,0.08752505201846361,0.9186619520187378
46950,polish_companies_bankruptcy,hydra_small,3031,64,16384,1515,4,14,ok,,0.7162068886682391,0.3440762162208557,0.9085454344749451
46950,polish_companies_bankruptcy,hydra,3031,64,16384,1515,4,14,ok,,0.768775099888444,0.06499931029975414,0.8652965426445007
46950,polish_companies_bankruptcy,hydra_small,3031,64,16384,1515,4,15,ok,,1.064538267441094,0.34418689738959074,0.9085454344749451
46950,polish_companies_bankruptcy,tabpfn,3031,64,16384,1515,4,15,ok,,0.5277309417724609,0.08750165812671185,0.9186619520187378
46950,polish_companies_bankruptcy,hybrid_8l,3031,64,16384,1515,4,15,ok,,0.7712904764339328,0.05235731229186058,0.8680937886238098
46950,polish_companies_bankruptcy,hydra,3031,64,16384,1515,4,15,ok,,0.6403563534840941,0.06530134286731482,0.8652965426445007
46950,polish_companies_bankruptcy,hydra,3031,64,16384,1515,5,1,ok,,0.39692742470651865,0.06516663823276758,0.825524628162384
46950,polish_companies_bankruptcy,hydra_small,3031,64,16384,1515,5,1,ok,,0.7689686482772231,0.39086122531443834,0.900849461555481
46950,polish_companies_bankruptcy,hybrid_8l,3031,64,16384,1515,5,1,ok,,0.6896675955504179,0.0524064963683486,0.8294610381126404
46950,polish_companies_bankruptcy,tabpfn,3031,64,16384,1515,5,1,ok,,0.4198587145656347,0.08751184772700071,0.906413733959198
46950,polish_companies_bankruptcy,hybrid_8l,3031,64,16384,1515,5,2,ok,,0.6111405286937952,0.053096452727913857,0.8294610381126404
46950,polish_companies_bankruptcy,hydra,3031,64,16384,1515,5,2,ok,,0.4140124898403883,0.07776833977550268,0.825524628162384
46950,polish_companies_bankruptcy,tabpfn,3031,64,16384,1515,5,2,ok,,0.46190779097378254,0.10542077291756868,0.906413733959198
46950,polish_companies_bankruptcy,hydra_small,3031,64,16384,1515,5,2,ok,,0.746023703366518,0.34389345068484545,0.900849461555481
46950,polish_companies_bankruptcy,hydra_small,3031,64,16384,1515,5,3,ok,,0.9577650334686041,0.3442572904750705,0.900849461555481
46950,polish_companies_bankruptcy,hydra,3031,64,16384,1515,5,3,ok,,0.3938916651532054,0.06494695134460926,0.825524628162384
46950,polish_companies_bankruptcy,tabpfn,3031,64,16384,1515,5,3,ok,,0.8386023985221982,0.0875014178454876,0.906413733959198
46950,polish_companies_bankruptcy,hybrid_8l,3031,64,16384,1515,5,3,ok,,0.4614047184586525,0.05233633331954479,0.8294610381126404
46950,polish_companies_bankruptcy,hydra,3031,64,16384,1515,5,4,ok,,0.4095087694004178,0.0775027358904481,0.825524628162384
46950,polish_companies_bankruptcy,hydra_small,3031,64,16384,1515,5,4,ok,,0.735008217394352,0.37323372159153223,0.900849461555481
46950,polish_companies_bankruptcy,hybrid_8l,3031,64,16384,1515,5,4,ok,,0.46983306389302015,0.052484563551843166,0.8294610381126404
46950,polish_companies_bankruptcy,tabpfn,3031,64,16384,1515,5,4,ok,,0.4190717041492462,0.08751945197582245,0.906413733959198
46950,polish_companies_bankruptcy,hydra_small,3031,64,16384,1515,5,5,ok,,0.6767314104363322,0.3441549763083458,0.900849461555481
46950,polish_companies_bankruptcy,hybrid_8l,3031,64,16384,1515,5,5,ok,,0.44258285220712423,0.052470287308096886,0.8294610381126404
46950,polish_companies_bankruptcy,hydra,3031,64,16384,1515,5,5,ok,,0.48622583784163,0.06530341599136591,0.825524628162384
46950,polish_companies_bankruptcy,tabpfn,3031,64,16384,1515,5,5,ok,,0.8171564340591431,0.08768272027373314,0.906413733959198
46950,polish_companies_bankruptcy,tabpfn,3031,64,16384,1515,5,6,ok,,0.8454042738303542,0.08798743784427643,0.906413733959198
46950,polish_companies_bankruptcy,hydra,3031,64,16384,1515,5,6,ok,,0.8320266520604491,0.06511711422353983,0.825524628162384
46950,polish_companies_bankruptcy,hydra_small,3031,64,16384,1515,5,6,ok,,1.1036048857495189,0.3438746966421604,0.900849461555481
46950,polish_companies_bankruptcy,hybrid_8l,3031,64,16384,1515,5,6,ok,,0.7983648162335157,0.05236826278269291,0.8294610381126404
46950,polish_companies_bankruptcy,hydra_small,3031,64,16384,1515,5,7,ok,,0.7047607479617,0.3438453013077378,0.900849461555481
46950,polish_companies_bankruptcy,hydra,3031,64,16384,1515,5,7,ok,,0.3987956950441003,0.06491722539067268,0.825524628162384
46950,polish_companies_bankruptcy,tabpfn,3031,64,16384,1515,5,7,ok,,0.4174347249791026,0.08749001566320658,0.906413733959198
46950,polish_companies_bankruptcy,hybrid_8l,3031,64,16384,1515,5,7,ok,,0.38488608598709106,0.052335371263325214,0.8294610381126404
46950,polish_companies_bankruptcy,hydra_small,3031,64,16384,1515,5,8,ok,,1.0691639734432101,0.3436920503154397,0.900849461555481
46950,polish_companies_bankruptcy,hydra,3031,64,16384,1515,5,8,ok,,0.39768565353006124,0.0651314714923501,0.825524628162384
46950,polish_companies_bankruptcy,tabpfn,3031,64,16384,1515,5,8,ok,,0.4206742709502578,0.08779202867299318,0.906413733959198
46950,polish_companies_bankruptcy,hybrid_8l,3031,64,16384,1515,5,8,ok,,0.5702642165124416,0.052561880089342594,0.8294610381126404
46950,polish_companies_bankruptcy,hydra_small,3031,64,16384,1515,5,9,ok,,0.6770886182785034,0.34375337697565556,0.900849461555481
46950,polish_companies_bankruptcy,hydra,3031,64,16384,1515,5,9,ok,,0.39723201375454664,0.06498324126005173,0.825524628162384
46950,polish_companies_bankruptcy,hybrid_8l,3031,64,16384,1515,5,9,ok,,0.38298799097537994,0.052441732957959175,0.8294610381126404
46950,polish_companies_bankruptcy,tabpfn,3031,64,16384,1515,5,9,ok,,0.42014142125844955,0.08784691151231527,0.906413733959198
46950,polish_companies_bankruptcy,hybrid_8l,3031,64,16384,1515,5,10,ok,,0.4049585498869419,0.05237628798931837,0.8294610381126404
46950,polish_companies_bankruptcy,hydra_small,3031,64,16384,1515,5,10,ok,,0.7275260556489229,0.3907829876989126,0.900849461555481
46950,polish_companies_bankruptcy,hydra,3031,64,16384,1515,5,10,ok,,0.3933441787958145,0.06500571221113205,0.825524628162384
46950,polish_companies_bankruptcy,tabpfn,3031,64,16384,1515,5,10,ok,,0.41809862200170755,0.0875436682254076,0.906413733959198
46950,polish_companies_bankruptcy,hybrid_8l,3031,64,16384,1515,5,11,ok,,0.3800526997074485,0.05239392351359129,0.8294610381126404
46950,polish_companies_bankruptcy,hydra_small,3031,64,16384,1515,5,11,ok,,0.6773017225787044,0.3437339598312974,0.900849461555481
46950,polish_companies_bankruptcy,hydra,3031,64,16384,1515,5,11,ok,,0.8177077490836382,0.0649969270452857,0.825524628162384
46950,polish_companies_bankruptcy,tabpfn,3031,64,16384,1515,5,11,ok,,0.8243769938126206,0.08770502265542746,0.906413733959198
46950,polish_companies_bankruptcy,tabpfn,3031,64,16384,1515,5,12,ok,,0.43528032023459673,0.10548020619899035,0.906413733959198
46950,polish_companies_bankruptcy,hydra_small,3031,64,16384,1515,5,12,ok,,0.6849062778055668,0.35283204540610313,0.900849461555481
46950,polish_companies_bankruptcy,hydra,3031,64,16384,1515,5,12,ok,,0.39518733136355877,0.06521495897322893,0.825524628162384
46950,polish_companies_bankruptcy,hybrid_8l,3031,64,16384,1515,5,12,ok,,0.38140935078263283,0.05238832253962755,0.8294610381126404
46950,polish_companies_bankruptcy,tabpfn,3031,64,16384,1515,5,13,ok,,0.4179579569026828,0.08749868255108595,0.906413733959198
46950,polish_companies_bankruptcy,hydra_small,3031,64,16384,1515,5,13,ok,,0.6778923803940415,0.34392154682427645,0.900849461555481
46950,polish_companies_bankruptcy,hydra,3031,64,16384,1515,5,13,ok,,0.3958023665472865,0.06502509955316782,0.825524628162384
46950,polish_companies_bankruptcy,hybrid_8l,3031,64,16384,1515,5,13,ok,,0.3820916824042797,0.05250285752117634,0.8294610381126404
46950,polish_companies_bankruptcy,hybrid_8l,3031,64,16384,1515,5,14,ok,,0.3812737846747041,0.05251624435186386,0.8294610381126404
46950,polish_companies_bankruptcy,tabpfn,3031,64,16384,1515,5,14,ok,,0.4170038793236017,0.0875159464776516,0.906413733959198
46950,polish_companies_bankruptcy,hydra_small,3031,64,16384,1515,5,14,ok,,0.6764193205162883,0.3438144028186798,0.900849461555481
46950,polish_companies_bankruptcy,hydra,3031,64,16384,1515,5,14,ok,,0.3967034136876464,0.06501607317477465,0.825524628162384
46950,polish_companies_bankruptcy,hydra_small,3031,64,16384,1515,5,15,ok,,0.676480196416378,0.34380484465509653,0.900849461555481
46950,polish_companies_bankruptcy,tabpfn,3031,64,16384,1515,5,15,ok,,0.8126648077741265,0.0875939829275012,0.906413733959198
46950,polish_companies_bankruptcy,hybrid_8l,3031,64,16384,1515,5,15,ok,,0.797009089961648,0.052444818429648876,0.8294610381126404
46950,polish_companies_bankruptcy,hydra,3031,64,16384,1515,5,15,ok,,0.5546909663826227,0.0650179972872138,0.825524628162384
46962,taiwanese_bankruptcy_prediction,hydra_small,6819,94,16384,3409,1,1,ok,,1.5378627926111221,0.7923881961032748,0.9240477085113525
46962,taiwanese_bankruptcy_prediction,tabpfn,6819,94,16384,3409,1,1,ok,,1.005545599386096,0.27381196431815624,0.9270507097244263
46962,taiwanese_bankruptcy_prediction,hybrid_8l,6819,94,16384,3409,1,1,ok,,0.8710692655295134,0.14146011415868998,0.911965012550354
46962,taiwanese_bankruptcy_prediction,hydra,6819,94,16384,3409,1,1,ok,,0.8731432054191828,0.14053389988839626,0.8246403932571411
46962,taiwanese_bankruptcy_prediction,tabpfn,6819,94,16384,3409,1,2,ok,,1.0046623181551695,0.2740600137040019,0.9270507097244263
46962,taiwanese_bankruptcy_prediction,hydra,6819,94,16384,3409,1,2,ok,,0.8706586975604296,0.1404901472851634,0.8246403932571411
46962,taiwanese_bankruptcy_prediction,hydra_small,6819,94,16384,3409,1,2,ok,,1.494399950839579,0.7607892388477921,0.9240477085113525
46962,taiwanese_bankruptcy_prediction,hybrid_8l,6819,94,16384,3409,1,2,ok,,0.8724002474918962,0.14136500377207994,0.911965012550354
46962,taiwanese_bankruptcy_prediction,hydra,6819,94,16384,3409,1,3,ok,,1.0414162427186966,0.14068575855344534,0.8246403932571411
46962,taiwanese_bankruptcy_prediction,tabpfn,6819,94,16384,3409,1,3,ok,,1.0734524410218,0.2743272501975298,0.9270507097244263
46962,taiwanese_bankruptcy_prediction,hydra_small,6819,94,16384,3409,1,3,ok,,1.4955975692719221,0.7612723242491484,0.9240477085113525
46962,taiwanese_bankruptcy_prediction,hybrid_8l,6819,94,16384,3409,1,3,ok,,0.9001545244827867,0.14132697135210037,0.911965012550354
46962,taiwanese_bankruptcy_prediction,hydra_small,6819,94,16384,3409,1,4,ok,,1.4982514176517725,0.7611307250335813,0.9240477085113525
46962,taiwanese_bankruptcy_prediction,hydra,6819,94,16384,3409,1,4,ok,,0.9115449814125896,0.14077088795602322,0.8246403932571411
46962,taiwanese_bankruptcy_prediction,tabpfn,6819,94,16384,3409,1,4,ok,,1.008237280882895,0.2738409796729684,0.9270507097244263
46962,taiwanese_bankruptcy_prediction,hybrid_8l,6819,94,16384,3409,1,4,ok,,0.8766645761206746,0.1414178553968668,0.911965012550354
46962,taiwanese_bankruptcy_prediction,hybrid_8l,6819,94,16384,3409,1,5,ok,,0.8729620827361941,0.14125156961381435,0.911965012550354
46962,taiwanese_bankruptcy_prediction,hydra_small,6819,94,16384,3409,1,5,ok,,1.4982369905337691,0.7608866943046451,0.9240477085113525
46962,taiwanese_bankruptcy_prediction,hydra,6819,94,16384,3409,1,5,ok,,0.8727268781512976,0.14074173383414745,0.8246403932571411
46962,taiwanese_bankruptcy_prediction,tabpfn,6819,94,16384,3409,1,5,ok,,1.005491971038282,0.27420872636139393,0.9270507097244263
46962,taiwanese_bankruptcy_prediction,tabpfn,6819,94,16384,3409,1,6,ok,,1.0169764272868633,0.27405505534261465,0.9270507097244263
46962,taiwanese_bankruptcy_prediction,hydra,6819,94,16384,3409,1,6,ok,,0.876407871954143,0.1406809790059924,0.8246403932571411
46962,taiwanese_bankruptcy_prediction,hydra_small,6819,94,16384,3409,1,6,ok,,1.498904176056385,0.7609087461605668,0.9240477085113525
46962,taiwanese_bankruptcy_prediction,hybrid_8l,6819,94,16384,3409,1,6,ok,,0.8738306704908609,0.14126588683575392,0.911965012550354
46962,taiwanese_bankruptcy_prediction,hybrid_8l,6819,94,16384,3409,1,7,ok,,1.0831464575603604,0.1412585536018014,0.911965012550354
46962,taiwanese_bankruptcy_prediction,hydra_small,6819,94,16384,3409,1,7,ok,,1.8788609486073256,0.7612173203378916,0.9240477085113525
46962,taiwanese_bankruptcy_prediction,tabpfn,6819,94,16384,3409,1,7,ok,,1.007122061215341,0.2740409392863512,0.9270507097244263
46962,taiwanese_bankruptcy_prediction,hydra,6819,94,16384,3409,1,7,ok,,0.8732115877792239,0.14090965129435062,0.8246403932571411
46962,taiwanese_bankruptcy_prediction,hybrid_8l,6819,94,16384,3409,1,8,ok,,1.2115198522806168,0.14144796039909124,0.911965012550354
46962,taiwanese_bankruptcy_prediction,hydra,6819,94,16384,3409,1,8,ok,,0.8713821517303586,0.1406424855813384,0.8246403932571411
46962,taiwanese_bankruptcy_prediction,tabpfn,6819,94,16384,3409,1,8,ok,,1.004765547811985,0.2739350972697139,0.9270507097244263
46962,taiwanese_bankruptcy_prediction,hydra_small,6819,94,16384,3409,1,8,ok,,1.4931941721588373,0.7609217027202249,0.9240477085113525
46962,taiwanese_bankruptcy_prediction,hydra,6819,94,16384,3409,1,9,ok,,0.8727415483444929,0.14052267838269472,0.8246403932571411
46962,taiwanese_bankruptcy_prediction,hydra_small,6819,94,16384,3409,1,9,ok,,1.4949906952679157,0.7609154898673296,0.9240477085113525
46962,taiwanese_bankruptcy_prediction,hybrid_8l,6819,94,16384,3409,1,9,ok,,0.8721748935058713,0.14133047964423895,0.911965012550354
46962,taiwanese_bankruptcy_prediction,tabpfn,6819,94,16384,3409,1,9,ok,,1.106883225031197,0.2739856354892254,0.9270507097244263
46962,taiwanese_bankruptcy_prediction,tabpfn,6819,94,16384,3409,1,10,ok,,1.0042708814144135,0.2737943325191736,0.9270507097244263
46962,taiwanese_bankruptcy_prediction,hydra_small,6819,94,16384,3409,1,10,ok,,1.7025254499167204,0.7608539434149861,0.9240477085113525
46962,taiwanese_bankruptcy_prediction,hybrid_8l,6819,94,16384,3409,1,10,ok,,0.8731109173968434,0.14141140319406986,0.911965012550354
46962,taiwanese_bankruptcy_prediction,hydra,6819,94,16384,3409,1,10,ok,,0.8743391539901495,0.1404892159625888,0.8246403932571411
46962,taiwanese_bankruptcy_prediction,hybrid_8l,6819,94,16384,3409,1,11,ok,,0.8744289744645357,0.14129412081092596,0.911965012550354
46962,taiwanese_bankruptcy_prediction,hydra_small,6819,94,16384,3409,1,11,ok,,1.4964855397120118,0.7606416419148445,0.9240477085113525
46962,taiwanese_bankruptcy_prediction,tabpfn,6819,94,16384,3409,1,11,ok,,1.0060912808403373,0.2740645045414567,0.9270507097244263
46962,taiwanese_bankruptcy_prediction,hydra,6819,94,16384,3409,1,11,ok,,0.90906519908458,0.14064872823655605,0.8246403932571411
46962,taiwanese_bankruptcy_prediction,hydra,6819,94,16384,3409,1,12,ok,,0.8737511122599244,0.1404859097674489,0.8246403932571411
46962,taiwanese_bankruptcy_prediction,hydra_small,6819,94,16384,3409,1,12,ok,,1.4933019392192364,0.7606522217392921,0.9240477085113525
46962,taiwanese_bankruptcy_prediction,hybrid_8l,6819,94,16384,3409,1,12,ok,,0.9612232455983758,0.1412680009379983,0.911965012550354
46962,taiwanese_bankruptcy_prediction,tabpfn,6819,94,16384,3409,1,12,ok,,1.0074034174904227,0.27414317335933447,0.9270507097244263
46962,taiwanese_bankruptcy_prediction,hydra,6819,94,16384,3409,1,13,ok,,0.8952534254640341,0.14067425671964884,0.8246403932571411
46962,taiwanese_bankruptcy_prediction,tabpfn,6819,94,16384,3409,1,13,ok,,1.397255283780396,0.2741828793659806,0.9270507097244263
46962,taiwanese_bankruptcy_prediction,hybrid_8l,6819,94,16384,3409,1,13,ok,,0.8772033415734768,0.14134141989052296,0.911965012550354
46962,taiwanese_bankruptcy_prediction,hydra_small,6819,94,16384,3409,1,13,ok,,1.4946692204102874,0.761123176664114,0.9240477085113525
46962,taiwanese_bankruptcy_prediction,hydra,6819,94,16384,3409,1,14,ok,,0.900516927242279,0.14056468848139048,0.8246403932571411
46962,taiwanese_bankruptcy_prediction,hybrid_8l,6819,94,16384,3409,1,14,ok,,0.9211947862058878,0.14125034771859646,0.911965012550354
46962,taiwanese_bankruptcy_prediction,tabpfn,6819,94,16384,3409,1,14,ok,,1.0097451247274876,0.27383788488805294,0.9270507097244263
46962,taiwanese_bankruptcy_prediction,hydra_small,6819,94,16384,3409,1,14,ok,,1.4965897696092725,0.7609198112040758,0.9240477085113525
46962,taiwanese_bankruptcy_prediction,hybrid_8l,6819,94,16384,3409,1,15,ok,,1.0570390243083239,0.1413720091804862,0.911965012550354
46962,taiwanese_bankruptcy_prediction,tabpfn,6819,94,16384,3409,1,15,ok,,1.0085863592103124,0.2740820683538914,0.9270507097244263
46962,taiwanese_bankruptcy_prediction,hydra,6819,94,16384,3409,1,15,ok,,0.8738191118463874,0.14081506431102753,0.8246403932571411
46962,taiwanese_bankruptcy_prediction,hydra_small,6819,94,16384,3409,1,15,ok,,1.5220003072172403,0.7610562089830637,0.9240477085113525
46962,taiwanese_bankruptcy_prediction,hybrid_8l,6819,94,16384,3409,2,1,ok,,0.8740127794444561,0.14141913782805204,0.9313918352127075
46962,taiwanese_bankruptcy_prediction,hydra,6819,94,16384,3409,2,1,ok,,0.8755606701597571,0.14074937999248505,0.8027871251106262
46962,taiwanese_bankruptcy_prediction,hydra_small,6819,94,16384,3409,2,1,ok,,1.494336212053895,0.7607961064204574,0.9494733810424805
46962,taiwanese_bankruptcy_prediction,tabpfn,6819,94,16384,3409,2,1,ok,,1.007079605013132,0.27397118881344795,0.9539945125579834
46962,taiwanese_bankruptcy_prediction,hydra_small,6819,94,16384,3409,2,2,ok,,1.5480669969692826,0.7607345106080174,0.9494733810424805
46962,taiwanese_bankruptcy_prediction,hydra,6819,94,16384,3409,2,2,ok,,0.9511079965159297,0.14052270911633968,0.8027871251106262
46962,taiwanese_bankruptcy_prediction,hybrid_8l,6819,94,16384,3409,2,2,ok,,0.8693360313773155,0.14124550949782133,0.9313918352127075
46962,taiwanese_bankruptcy_prediction,tabpfn,6819,94,16384,3409,2,2,ok,,1.0035181296989322,0.27402304764837027,0.9539945125579834
46962,taiwanese_bankruptcy_prediction,tabpfn,6819,94,16384,3409,2,3,ok,,1.0247558113187551,0.27424818370491266,0.9539945125579834
46962,taiwanese_bankruptcy_prediction,hybrid_8l,6819,94,16384,3409,2,3,ok,,0.8711606673896313,0.14143265411257744,0.9313918352127075
46962,taiwanese_bankruptcy_prediction,hydra,6819,94,16384,3409,2,3,ok,,0.8681694511324167,0.14071194734424353,0.8027871251106262
46962,taiwanese_bankruptcy_prediction,hydra_small,6819,94,16384,3409,2,3,ok,,1.4934890484437346,0.7610724121332169,0.9494733810424805
46962,taiwanese_bankruptcy_prediction,hydra_small,6819,94,16384,3409,2,4,ok,,1.4949026172980666,0.7607020698487759,0.9494733810424805
46962,taiwanese_bankruptcy_prediction,hydra,6819,94,16384,3409,2,4,ok,,0.9188967170193791,0.1406857892870903,0.8027871251106262
46962,taiwanese_bankruptcy_prediction,hybrid_8l,6819,94,16384,3409,2,4,ok,,1.2875004541128874,0.14161163289099932,0.9313918352127075
46962,taiwanese_bankruptcy_prediction,tabpfn,6819,94,16384,3409,2,4,ok,,1.0298874927684665,0.2737964680418372,0.9539945125579834
46962,taiwanese_bankruptcy_prediction,hydra,6819,94,16384,3409,2,5,ok,,0.8677047220990062,0.14053933136165142,0.8027871251106262
46962,taiwanese_bankruptcy_prediction,hybrid_8l,6819,94,16384,3409,2,5,ok,,0.8694661390036345,0.14141200482845306,0.9313918352127075
46962,taiwanese_bankruptcy_prediction,hydra_small,6819,94,16384,3409,2,5,ok,,1.4911982007324696,0.7608468551188707,0.9494733810424805
46962,taiwanese_bankruptcy_prediction,tabpfn,6819,94,16384,3409,2,5,ok,,1.0056915078312159,0.27387271262705326,0.9539945125579834
46962,taiwanese_bankruptcy_prediction,tabpfn,6819,94,16384,3409,2,6,ok,,1.0046080769971013,0.27401977125555277,0.9539945125579834
46962,taiwanese_bankruptcy_prediction,hybrid_8l,6819,94,16384,3409,2,6,ok,,0.8700991468504071,0.14125798176974058,0.9313918352127075
46962,taiwanese_bankruptcy_prediction,hydra,6819,94,16384,3409,2,6,ok,,0.868559991940856,0.1405275696888566,0.8027871251106262
46962,taiwanese_bankruptcy_prediction,hydra_small,6819,94,16384,3409,2,6,ok,,1.491849645972252,0.7607420776039362,0.9494733810424805
46962,taiwanese_bankruptcy_prediction,hybrid_8l,6819,94,16384,3409,2,7,ok,,0.9114214573055506,0.1413310021162033,0.9313918352127075
46962,taiwanese_bankruptcy_prediction,hydra_small,6819,94,16384,3409,2,7,ok,,1.535900715738535,0.7608916601166129,0.9494733810424805
46962,taiwanese_bankruptcy_prediction,hydra,6819,94,16384,3409,2,7,ok,,1.3027227614074945,0.14084637258201838,0.8027871251106262
46962,taiwanese_bankruptcy_prediction,tabpfn,6819,94,16384,3409,2,7,ok,,1.4221762297675014,0.27407691068947315,0.9539945125579834
46962,taiwanese_bankruptcy_prediction,tabpfn,6819,94,16384,3409,2,8,ok,,1.5257773390039802,0.2739842040464282,0.9539945125579834
46962,taiwanese_bankruptcy_prediction,hydra_small,6819,94,16384,3409,2,8,ok,,1.9142629886046052,0.7612101342529058,0.9494733810424805
46962,taiwanese_bankruptcy_prediction,hydra,6819,94,16384,3409,2,8,ok,,1.3023896422237158,0.14076277427375317,0.8027871251106262
46962,taiwanese_bankruptcy_prediction,hybrid_8l,6819,94,16384,3409,2,8,ok,,1.2946838745847344,0.14145092945545912,0.9313918352127075
46962,taiwanese_bankruptcy_prediction,hydra,6819,94,16384,3409,2,9,ok,,1.288281456567347,0.14084561169147491,0.8027871251106262
46962,taiwanese_bankruptcy_prediction,hybrid_8l,6819,94,16384,3409,2,9,ok,,1.2826434466987848,0.14161659311503172,0.9313918352127075
46962,taiwanese_bankruptcy_prediction,hydra_small,6819,94,16384,3409,2,9,ok,,1.4968435186892748,0.7609037850052118,0.9494733810424805
46962,taiwanese_bankruptcy_prediction,tabpfn,6819,94,16384,3409,2,9,ok,,1.4188043754547834,0.27402941044420004,0.9539945125579834
46962,taiwanese_bankruptcy_prediction,hydra_small,6819,94,16384,3409,2,10,ok,,1.4918695166707039,0.7609179820865393,0.9494733810424805
46962,taiwanese_bankruptcy_prediction,tabpfn,6819,94,16384,3409,2,10,ok,,1.094550752080977,0.27399018593132496,0.9539945125579834
46962,taiwanese_bankruptcy_prediction,hydra,6819,94,16384,3409,2,10,ok,,1.0669002514332533,0.1407287996262312,0.8027871251106262
46962,taiwanese_bankruptcy_prediction,hybrid_8l,6819,94,16384,3409,2,10,ok,,0.8681842535734177,0.1412398386746645,0.9313918352127075
46962,taiwanese_bankruptcy_prediction,hydra_small,6819,94,16384,3409,2,11,ok,,1.4905534135177732,0.7610352132469416,0.9494733810424805
46962,taiwanese_bankruptcy_prediction,tabpfn,6819,94,16384,3409,2,11,ok,,1.0015344563871622,0.2740408815443516,0.9539945125579834
46962,taiwanese_bankruptcy_prediction,hybrid_8l,6819,94,16384,3409,2,11,ok,,0.9415730889886618,0.1412388663738966,0.9313918352127075
46962,taiwanese_bankruptcy_prediction,hydra,6819,94,16384,3409,2,11,ok,,0.8669557059183717,0.14059656020253897,0.8027871251106262
46962,taiwanese_bankruptcy_prediction,tabpfn,6819,94,16384,3409,2,12,ok,,1.001958861015737,0.2741582738235593,0.9539945125579834
46962,taiwanese_bankruptcy_prediction,hydra_small,6819,94,16384,3409,2,12,ok,,1.4874017257243395,0.7606857633218169,0.9494733810424805
46962,taiwanese_bankruptcy_prediction,hydra,6819,94,16384,3409,2,12,ok,,0.9117686580866575,0.14070565719157457,0.8027871251106262
46962,taiwanese_bankruptcy_prediction,hybrid_8l,6819,94,16384,3409,2,12,ok,,0.8652593335136771,0.1413039518520236,0.9313918352127075
46962,taiwanese_bankruptcy_prediction,hydra,6819,94,16384,3409,2,13,ok,,0.8672219021245837,0.14061325322836637,0.8027871251106262
46962,taiwanese_bankruptcy_prediction,hybrid_8l,6819,94,16384,3409,2,13,ok,,0.8659190824255347,0.14132169354707003,0.9313918352127075
46962,taiwanese_bankruptcy_prediction,hydra_small,6819,94,16384,3409,2,13,ok,,1.487658360041678,0.760910208337009,0.9494733810424805
46962,taiwanese_bankruptcy_prediction,tabpfn,6819,94,16384,3409,2,13,ok,,0.9989233203232288,0.27416184078902006,0.9539945125579834
46962,taiwanese_bankruptcy_prediction,hydra,6819,94,16384,3409,2,14,ok,,0.8936252593994141,0.14048421755433083,0.8027871251106262
46962,taiwanese_bankruptcy_prediction,hybrid_8l,6819,94,16384,3409,2,14,ok,,0.8732368042692542,0.1414673002436757,0.9313918352127075
46962,taiwanese_bankruptcy_prediction,tabpfn,6819,94,16384,3409,2,14,ok,,1.000769017264247,0.2740922383964062,0.9539945125579834
46962,taiwanese_bankruptcy_prediction,hydra_small,6819,94,16384,3409,2,14,ok,,1.5110928742215037,0.7611066708341241,0.9494733810424805
46962,taiwanese_bankruptcy_prediction,hydra_small,6819,94,16384,3409,2,15,ok,,1.5844283001497388,0.7606999408453703,0.9494733810424805
46962,taiwanese_bankruptcy_prediction,tabpfn,6819,94,16384,3409,2,15,ok,,0.998774690553546,0.2740235384553671,0.9539945125579834
46962,taiwanese_bankruptcy_prediction,hydra,6819,94,16384,3409,2,15,ok,,0.862846452742815,0.1406755605712533,0.8027871251106262
46962,taiwanese_bankruptcy_prediction,hybrid_8l,6819,94,16384,3409,2,15,ok,,0.8665449591353536,0.14130868017673492,0.9313918352127075
46962,taiwanese_bankruptcy_prediction,hydra_small,6819,94,16384,3409,3,1,ok,,1.4939438598230481,0.76144980173558,0.936305046081543
46962,taiwanese_bankruptcy_prediction,hybrid_8l,6819,94,16384,3409,3,1,ok,,0.8721758155152202,0.1412756573408842,0.9152620434761047
46962,taiwanese_bankruptcy_prediction,hydra,6819,94,16384,3409,3,1,ok,,1.249506096355617,0.14074422046542168,0.770619809627533
46962,taiwanese_bankruptcy_prediction,tabpfn,6819,94,16384,3409,3,1,ok,,1.0414145970717072,0.3098273556679487,0.9435383081436157
46962,taiwanese_bankruptcy_prediction,hydra,6819,94,16384,3409,3,2,ok,,0.8732254961505532,0.14047494065016508,0.770619809627533
46962,taiwanese_bankruptcy_prediction,hydra_small,6819,94,16384,3409,3,2,ok,,1.5317406225949526,0.7611828567460179,0.936305046081543
46962,taiwanese_bankruptcy_prediction,tabpfn,6819,94,16384,3409,3,2,ok,,1.0046733254566789,0.2740616016089916,0.9435383081436157
46962,taiwanese_bankruptcy_prediction,hybrid_8l,6819,94,16384,3409,3,2,ok,,0.957451862283051,0.1413601767271757,0.9152620434761047
46962,taiwanese_bankruptcy_prediction,hydra,6819,94,16384,3409,3,3,ok,,0.870987867936492,0.14068093057721853,0.770619809627533
46962,taiwanese_bankruptcy_prediction,hybrid_8l,6819,94,16384,3409,3,3,ok,,0.8693000189960003,0.14125851448625326,0.9152620434761047
46962,taiwanese_bankruptcy_prediction,tabpfn,6819,94,16384,3409,3,3,ok,,1.0030720829963684,0.2740704594179988,0.9435383081436157
46962,taiwanese_bankruptcy_prediction,hydra_small,6819,94,16384,3409,3,3,ok,,1.7130838623270392,0.76072758436203,0.936305046081543
46962,taiwanese_bankruptcy_prediction,tabpfn,6819,94,16384,3409,3,4,ok,,1.0237228441983461,0.27415207400918007,0.9435383081436157
46962,taiwanese_bankruptcy_prediction,hybrid_8l,6819,94,16384,3409,3,4,ok,,0.9845577208325267,0.14136757142841816,0.9152620434761047
46962,taiwanese_bankruptcy_prediction,hydra_small,6819,94,16384,3409,3,4,ok,,1.4945452623069286,0.7607616689056158,0.936305046081543
46962,taiwanese_bankruptcy_prediction,hydra,6819,94,16384,3409,3,4,ok,,0.9668038282543421,0.14066326711326838,0.770619809627533
46962,taiwanese_bankruptcy_prediction,tabpfn,6819,94,16384,3409,3,5,ok,,1.048718884587288,0.27412001322954893,0.9435383081436157
46962,taiwanese_bankruptcy_prediction,hybrid_8l,6819,94,16384,3409,3,5,ok,,0.8830714887008071,0.14129729755222797,0.9152620434761047
46962,taiwanese_bankruptcy_prediction,hydra_small,6819,94,16384,3409,3,5,ok,,1.9107694532722235,0.7610167739912868,0.936305046081543
46962,taiwanese_bankruptcy_prediction,hydra,6819,94,16384,3409,3,5,ok,,1.299537967890501,0.14080685004591942,0.770619809627533
46962,taiwanese_bankruptcy_prediction,tabpfn,6819,94,16384,3409,3,6,ok,,1.4262804249301553,0.27396158315241337,0.9435383081436157
46962,taiwanese_bankruptcy_prediction,hybrid_8l,6819,94,16384,3409,3,6,ok,,1.0862836185842752,0.1415165839716792,0.9152620434761047
46962,taiwanese_bankruptcy_prediction,hydra_small,6819,94,16384,3409,3,6,ok,,1.9194286577403545,0.7608951032161713,0.936305046081543
46962,taiwanese_bankruptcy_prediction,hydra,6819,94,16384,3409,3,6,ok,,1.097105466760695,0.14053374249488115,0.770619809627533
46962,taiwanese_bankruptcy_prediction,hydra_small,6819,94,16384,3409,3,7,ok,,1.4966611117124557,0.7610331457108259,0.936305046081543
46962,taiwanese_bankruptcy_prediction,hybrid_8l,6819,94,16384,3409,3,7,ok,,0.8776183687150478,0.1412696959450841,0.9152620434761047
46962,taiwanese_bankruptcy_prediction,hydra,6819,94,16384,3409,3,7,ok,,0.8731535617262125,0.14054260961711407,0.770619809627533
46962,taiwanese_bankruptcy_prediction,tabpfn,6819,94,16384,3409,3,7,ok,,1.0056952936574817,0.2740700589492917,0.9435383081436157
46962,taiwanese_bankruptcy_prediction,tabpfn,6819,94,16384,3409,3,8,ok,,1.0051824944093823,0.27409215085208416,0.9435383081436157
46962,taiwanese_bankruptcy_prediction,hydra,6819,94,16384,3409,3,8,ok,,0.8716732868924737,0.1406273702159524,0.770619809627533
46962,taiwanese_bankruptcy_prediction,hydra_small,6819,94,16384,3409,3,8,ok,,1.4935349505394697,0.7608546568080783,0.936305046081543
46962,taiwanese_bankruptcy_prediction,hybrid_8l,6819,94,16384,3409,3,8,ok,,0.8716127127408981,0.14147185999900103,0.9152620434761047
46962,taiwanese_bankruptcy_prediction,hydra_small,6819,94,16384,3409,3,9,ok,,1.5190504677593708,0.7608855459839106,0.936305046081543
46962,taiwanese_bankruptcy_prediction,hydra,6819,94,16384,3409,3,9,ok,,0.9854298550635576,0.14065252803266048,0.770619809627533
46962,taiwanese_bankruptcy_prediction,tabpfn,6819,94,16384,3409,3,9,ok,,1.0045711658895016,0.2740331692621112,0.9435383081436157
46962,taiwanese_bankruptcy_prediction,hybrid_8l,6819,94,16384,3409,3,9,ok,,0.9072099477052689,0.14147600810974836,0.9152620434761047
46962,taiwanese_bankruptcy_prediction,hybrid_8l,6819,94,16384,3409,3,10,ok,,0.8732124147936702,0.14173035882413387,0.9152620434761047
46962,taiwanese_bankruptcy_prediction,tabpfn,6819,94,16384,3409,3,10,ok,,1.007017469033599,0.2742579448968172,0.9435383081436157
46962,taiwanese_bankruptcy_prediction,hydra,6819,94,16384,3409,3,10,ok,,0.8735114308074117,0.14074463210999966,0.770619809627533
46962,taiwanese_bankruptcy_prediction,hydra_small,6819,94,16384,3409,3,10,ok,,1.4980534026399255,0.7609645156189799,0.936305046081543
46962,taiwanese_bankruptcy_prediction,hydra,6819,94,16384,3409,3,11,ok,,0.8717307569459081,0.1404550326988101,0.770619809627533
46962,taiwanese_bankruptcy_prediction,tabpfn,6819,94,16384,3409,3,11,ok,,1.0307698361575603,0.2738716434687376,0.9435383081436157
46962,taiwanese_bankruptcy_prediction,hybrid_8l,6819,94,16384,3409,3,11,ok,,0.8743703989312053,0.14133863709867,0.9152620434761047
46962,taiwanese_bankruptcy_prediction,hydra_small,6819,94,16384,3409,3,11,ok,,1.6882538506761193,0.7612670883536339,0.936305046081543
46962,taiwanese_bankruptcy_prediction,hybrid_8l,6819,94,16384,3409,3,12,ok,,0.8749021850526333,0.14124983921647072,0.9152620434761047
46962,taiwanese_bankruptcy_prediction,hydra_small,6819,94,16384,3409,3,12,ok,,1.5104508390650153,0.7609722912311554,0.936305046081543
46962,taiwanese_bankruptcy_prediction,tabpfn,6819,94,16384,3409,3,12,ok,,1.0047746421769261,0.2741766208782792,0.9435383081436157
46962,taiwanese_bankruptcy_prediction,hydra,6819,94,16384,3409,3,12,ok,,0.9051950918510556,0.14052049815654755,0.770619809627533
46962,taiwanese_bankruptcy_prediction,hydra,6819,94,16384,3409,3,13,ok,,0.8711906149983406,0.14056900888681412,0.770619809627533
46962,taiwanese_bankruptcy_prediction,tabpfn,6819,94,16384,3409,3,13,ok,,1.0042683528736234,0.27423950005322695,0.9435383081436157
46962,taiwanese_bankruptcy_prediction,hydra_small,6819,94,16384,3409,3,13,ok,,1.7191080329939723,0.7607271978631616,0.936305046081543
46962,taiwanese_bankruptcy_prediction,hybrid_8l,6819,94,16384,3409,3,13,ok,,0.8703250354155898,0.14126118086278439,0.9152620434761047
46962,taiwanese_bankruptcy_prediction,tabpfn,6819,94,16384,3409,3,14,ok,,1.0361477052792907,0.2741348622366786,0.9435383081436157
46962,taiwanese_bankruptcy_prediction,hybrid_8l,6819,94,16384,3409,3,14,ok,,1.0035721650347114,0.14157571643590927,0.9152620434761047
46962,taiwanese_bankruptcy_prediction,hydra,6819,94,16384,3409,3,14,ok,,0.8917482802644372,0.140498835593462,0.770619809627533
46962,taiwanese_bankruptcy_prediction,hydra_small,6819,94,16384,3409,3,14,ok,,1.907174731604755,0.7610933026298881,0.936305046081543
46962,taiwanese_bankruptcy_prediction,hybrid_8l,6819,94,16384,3409,3,15,ok,,1.3022108683362603,0.14137546718120575,0.9152620434761047
46962,taiwanese_bankruptcy_prediction,hydra,6819,94,16384,3409,3,15,ok,,1.2885823408141732,0.14068227354437113,0.770619809627533
46962,taiwanese_bankruptcy_prediction,tabpfn,6819,94,16384,3409,3,15,ok,,1.4208130044862628,0.27406888734549284,0.9435383081436157
46962,taiwanese_bankruptcy_prediction,hydra_small,6819,94,16384,3409,3,15,ok,,1.9542620442807674,0.7613379852846265,0.936305046081543
46962,taiwanese_bankruptcy_prediction,hydra_small,6819,94,16384,3409,4,1,ok,,1.5773155679926276,0.7609405424445868,0.9232750535011292
46962,taiwanese_bankruptcy_prediction,tabpfn,6819,94,16384,3409,4,1,ok,,1.0081228464841843,0.27432221826165915,0.9304088354110718
46962,taiwanese_bankruptcy_prediction,hydra,6819,94,16384,3409,4,1,ok,,0.8680736618116498,0.140573026612401,0.7976114153862
46962,taiwanese_bankruptcy_prediction,hybrid_8l,6819,94,16384,3409,4,1,ok,,0.8690552720800042,0.14128764159977436,0.9060519933700562
46962,taiwanese_bankruptcy_prediction,hybrid_8l,6819,94,16384,3409,4,2,ok,,0.8651471575722098,0.14132936019450426,0.9060519933700562
46962,taiwanese_bankruptcy_prediction,hydra,6819,94,16384,3409,4,2,ok,,0.8659053351730108,0.1406775964424014,0.7976114153862
46962,taiwanese_bankruptcy_prediction,tabpfn,6819,94,16384,3409,4,2,ok,,1.0016661155968904,0.27419187128543854,0.9304088354110718
46962,taiwanese_bankruptcy_prediction,hydra_small,6819,94,16384,3409,4,2,ok,,1.4912602985277772,0.7610161956399679,0.9232750535011292
46962,taiwanese_bankruptcy_prediction,hydra,6819,94,16384,3409,4,3,ok,,1.2820127354934812,0.14081858284771442,0.7976114153862
46962,taiwanese_bankruptcy_prediction,tabpfn,6819,94,16384,3409,4,3,ok,,1.4140913421288133,0.2739892965182662,0.9304088354110718
46962,taiwanese_bankruptcy_prediction,hydra_small,6819,94,16384,3409,4,3,ok,,1.8950758948922157,0.761109683662653,0.9232750535011292
46962,taiwanese_bankruptcy_prediction,hybrid_8l,6819,94,16384,3409,4,3,ok,,1.1595059540122747,0.14151438139379025,0.9060519933700562
46962,taiwanese_bankruptcy_prediction,hydra_small,6819,94,16384,3409,4,4,ok,,1.4978257566690445,0.761030794121325,0.9232750535011292
46962,taiwanese_bankruptcy_prediction,hydra,6819,94,16384,3409,4,4,ok,,0.8670984655618668,0.14062866382300854,0.7976114153862
46962,taiwanese_bankruptcy_prediction,hybrid_8l,6819,94,16384,3409,4,4,ok,,0.8673652913421392,0.1414815578609705,0.9060519933700562
46962,taiwanese_bankruptcy_prediction,tabpfn,6819,94,16384,3409,4,4,ok,,1.2543433019891381,0.27388293482363224,0.9304088354110718
46962,taiwanese_bankruptcy_prediction,hydra_small,6819,94,16384,3409,4,5,ok,,1.4885288355872035,0.7612239606678486,0.9232750535011292
46962,taiwanese_bankruptcy_prediction,hybrid_8l,6819,94,16384,3409,4,5,ok,,0.8674722444266081,0.14132314920425415,0.9060519933700562
46962,taiwanese_bankruptcy_prediction,tabpfn,6819,94,16384,3409,4,5,ok,,1.3183113606646657,0.27389887627214193,0.9304088354110718
46962,taiwanese_bankruptcy_prediction,hydra,6819,94,16384,3409,4,5,ok,,0.9142024386674166,0.14086136408150196,0.7976114153862
46962,taiwanese_bankruptcy_prediction,hybrid_8l,6819,94,16384,3409,4,6,ok,,1.2777095660567284,0.14134945813566446,0.9060519933700562
46962,taiwanese_bankruptcy_prediction,tabpfn,6819,94,16384,3409,4,6,ok,,1.4168088026344776,0.2739467276260257,0.9304088354110718
46962,taiwanese_bankruptcy_prediction,hydra,6819,94,16384,3409,4,6,ok,,1.2799985632300377,0.14338494464755058,0.7976114153862
46962,taiwanese_bankruptcy_prediction,hydra_small,6819,94,16384,3409,4,6,ok,,1.5120078334584832,0.7610089834779501,0.9232750535011292
46962,taiwanese_bankruptcy_prediction,tabpfn,6819,94,16384,3409,4,7,ok,,1.0008669840171933,0.27409456856548786,0.9304088354110718
46962,taiwanese_bankruptcy_prediction,hydra,6819,94,16384,3409,4,7,ok,,0.8863181248307228,0.14053256157785654,0.7976114153862
46962,taiwanese_bankruptcy_prediction,hydra_small,6819,94,16384,3409,4,7,ok,,1.4994622087106109,0.7611190034076571,0.9232750535011292
46962,taiwanese_bankruptcy_prediction,hybrid_8l,6819,94,16384,3409,4,7,ok,,0.8819579463452101,0.141395035199821,0.9060519933700562
46962,taiwanese_bankruptcy_prediction,tabpfn,6819,94,16384,3409,4,8,ok,,0.9960181582719088,0.27402354311197996,0.9304088354110718
46962,taiwanese_bankruptcy_prediction,hydra_small,6819,94,16384,3409,4,8,ok,,1.8996962625533342,0.7611866109073162,0.9232750535011292
46962,taiwanese_bankruptcy_prediction,hydra,6819,94,16384,3409,4,8,ok,,1.2777969827875495,0.14074931107461452,0.7976114153862
46962,taiwanese_bankruptcy_prediction,hybrid_8l,6819,94,16384,3409,4,8,ok,,0.8702861871570349,0.14124759566038847,0.9060519933700562
46962,taiwanese_bankruptcy_prediction,hydra_small,6819,94,16384,3409,4,9,ok,,1.4945897506549954,0.7609041063115001,0.9232750535011292
46962,taiwanese_bankruptcy_prediction,tabpfn,6819,94,16384,3409,4,9,ok,,1.4157791435718536,0.2740938765928149,0.9304088354110718
46962,taiwanese_bankruptcy_prediction,hydra,6819,94,16384,3409,4,9,ok,,1.287359107285738,0.14055056497454643,0.7976114153862
46962,taiwanese_bankruptcy_prediction,hybrid_8l,6819,94,16384,3409,4,9,ok,,0.8721607085317373,0.14127725176513195,0.9060519933700562
46962,taiwanese_bankruptcy_prediction,hydra,6819,94,16384,3409,4,10,ok,,0.8701481651514769,0.14059898722916842,0.7976114153862
46962,taiwanese_bankruptcy_prediction,hybrid_8l,6819,94,16384,3409,4,10,ok,,1.289034552872181,0.16910620033740997,0.9060519933700562
46962,taiwanese_bankruptcy_prediction,hydra_small,6819,94,16384,3409,4,10,ok,,1.8026823829859495,0.7613753089681268,0.9232750535011292
46962,taiwanese_bankruptcy_prediction,tabpfn,6819,94,16384,3409,4,10,ok,,1.0048805689439178,0.27406552247703075,0.9304088354110718
46962,taiwanese_bankruptcy_prediction,tabpfn,6819,94,16384,3409,4,11,ok,,1.0024988073855639,0.27398918755352497,0.9304088354110718
46962,taiwanese_bankruptcy_prediction,hydra,6819,94,16384,3409,4,11,ok,,0.8713577371090651,0.14086736552417278,0.7976114153862
46962,taiwanese_bankruptcy_prediction,hydra_small,6819,94,16384,3409,4,11,ok,,1.5502632977440953,0.7609571078792214,0.9232750535011292
46962,taiwanese_bankruptcy_prediction,hybrid_8l,6819,94,16384,3409,4,11,ok,,0.8722820393741131,0.14129113778471947,0.9060519933700562
46962,taiwanese_bankruptcy_prediction,tabpfn,6819,94,16384,3409,4,12,ok,,1.0057306494563818,0.27387830801308155,0.9304088354110718
46962,taiwanese_bankruptcy_prediction,hydra,6819,94,16384,3409,4,12,ok,,1.3093794556334615,0.14065046422183514,0.7976114153862
46962,taiwanese_bankruptcy_prediction,hydra_small,6819,94,16384,3409,4,12,ok,,1.6720552193000913,0.7607378531247377,0.9232750535011292
46962,taiwanese_bankruptcy_prediction,hybrid_8l,6819,94,16384,3409,4,12,ok,,1.2624477986246347,0.1415449483320117,0.9060519933700562
46962,taiwanese_bankruptcy_prediction,tabpfn,6819,94,16384,3409,4,13,ok,,1.4213687852025032,0.2739414982497692,0.9304088354110718
46962,taiwanese_bankruptcy_prediction,hybrid_8l,6819,94,16384,3409,4,13,ok,,1.279438555240631,0.14153819624334574,0.9060519933700562
46962,taiwanese_bankruptcy_prediction,hydra,6819,94,16384,3409,4,13,ok,,1.2731110202148557,0.14080600906163454,0.7976114153862
46962,taiwanese_bankruptcy_prediction,hydra_small,6819,94,16384,3409,4,13,ok,,1.9015152929350734,0.7612272100523114,0.9232750535011292
46962,taiwanese_bankruptcy_prediction,tabpfn,6819,94,16384,3409,4,14,ok,,1.41468589566648,0.27410908602178097,0.9304088354110718
46962,taiwanese_bankruptcy_prediction,hybrid_8l,6819,94,16384,3409,4,14,ok,,0.8954519713297486,0.14131304994225502,0.9060519933700562
46962,taiwanese_bankruptcy_prediction,hydra,6819,94,16384,3409,4,14,ok,,0.8677163412794471,0.14063368272036314,0.7976114153862
46962,taiwanese_bankruptcy_prediction,hydra_small,6819,94,16384,3409,4,14,ok,,1.515146816149354,0.7609426816925406,0.9232750535011292
46962,taiwanese_bankruptcy_prediction,tabpfn,6819,94,16384,3409,4,15,ok,,0.9993882067501545,0.27409315574914217,0.9304088354110718
46962,taiwanese_bankruptcy_prediction,hybrid_8l,6819,94,16384,3409,4,15,ok,,0.867156408727169,0.14146016910672188,0.9060519933700562
46962,taiwanese_bankruptcy_prediction,hydra,6819,94,16384,3409,4,15,ok,,0.867643523029983,0.1405565571039915,0.7976114153862
46962,taiwanese_bankruptcy_prediction,hydra_small,6819,94,16384,3409,4,15,ok,,1.4883884554728866,0.76085215061903,0.9232750535011292
46962,taiwanese_bankruptcy_prediction,hydra,6819,94,16384,3409,5,1,ok,,0.8685147743672132,0.1405465379357338,0.8311088681221008
46962,taiwanese_bankruptcy_prediction,tabpfn,6819,94,16384,3409,5,1,ok,,1.052490834146738,0.27390860579907894,0.955782949924469
46962,taiwanese_bankruptcy_prediction,hydra_small,6819,94,16384,3409,5,1,ok,,1.8811923461034894,0.7608564989641309,0.9492846727371216
46962,taiwanese_bankruptcy_prediction,hybrid_8l,6819,94,16384,3409,5,1,ok,,1.1657830011099577,0.14148198999464512,0.9312846064567566
46962,taiwanese_bankruptcy_prediction,tabpfn,6819,94,16384,3409,5,2,ok,,1.00063712336123,0.2742137247696519,0.955782949924469
46962,taiwanese_bankruptcy_prediction,hydra_small,6819,94,16384,3409,5,2,ok,,1.5058806044980884,0.7608708655461669,0.9492846727371216
46962,taiwanese_bankruptcy_prediction,hydra,6819,94,16384,3409,5,2,ok,,0.864407392218709,0.1405823165550828,0.8311088681221008
46962,taiwanese_bankruptcy_prediction,hybrid_8l,6819,94,16384,3409,5,2,ok,,0.8700171504169703,0.14134792611002922,0.9312846064567566
46962,taiwanese_bankruptcy_prediction,hydra_small,6819,94,16384,3409,5,3,ok,,1.491908486932516,0.7613236531615257,0.9492846727371216
46962,taiwanese_bankruptcy_prediction,tabpfn,6819,94,16384,3409,5,3,ok,,1.0006888518109918,0.2741168197244406,0.955782949924469
46962,taiwanese_bankruptcy_prediction,hydra,6819,94,16384,3409,5,3,ok,,0.8669668417423964,0.14057790767401457,0.8311088681221008
46962,taiwanese_bankruptcy_prediction,hybrid_8l,6819,94,16384,3409,5,3,ok,,0.9153895229101181,0.1413200432434678,0.9312846064567566
46962,taiwanese_bankruptcy_prediction,hybrid_8l,6819,94,16384,3409,5,4,ok,,1.2708987006917596,0.1413418846204877,0.9312846064567566
46962,taiwanese_bankruptcy_prediction,hydra_small,6819,94,16384,3409,5,4,ok,,1.6710767783224583,0.7610647240653634,0.9492846727371216
46962,taiwanese_bankruptcy_prediction,tabpfn,6819,94,16384,3409,5,4,ok,,0.9946664134040475,0.2740202583372593,0.955782949924469
46962,taiwanese_bankruptcy_prediction,hydra,6819,94,16384,3409,5,4,ok,,0.8649777937680483,0.14051473792642355,0.8311088681221008
46962,taiwanese_bankruptcy_prediction,hybrid_8l,6819,94,16384,3409,5,5,ok,,0.8650860991328955,0.1412630258128047,0.9312846064567566
46962,taiwanese_bankruptcy_prediction,hydra,6819,94,16384,3409,5,5,ok,,0.8660215521231294,0.14063682965934277,0.8311088681221008
46962,taiwanese_bankruptcy_prediction,hydra_small,6819,94,16384,3409,5,5,ok,,1.4878651294857264,0.7608660077676177,0.9492846727371216
46962,taiwanese_bankruptcy_prediction,tabpfn,6819,94,16384,3409,5,5,ok,,0.9988711895421147,0.273920358158648,0.955782949924469
46962,taiwanese_bankruptcy_prediction,hybrid_8l,6819,94,16384,3409,5,6,ok,,0.8668394815176725,0.1414203243330121,0.9312846064567566
46962,taiwanese_bankruptcy_prediction,hydra,6819,94,16384,3409,5,6,ok,,0.8665454043075442,0.1404824173077941,0.8311088681221008
46962,taiwanese_bankruptcy_prediction,tabpfn,6819,94,16384,3409,5,6,ok,,1.003063840791583,0.274071685038507,0.955782949924469
46962,taiwanese_bankruptcy_prediction,hydra_small,6819,94,16384,3409,5,6,ok,,1.5163755882531404,0.7607324151322246,0.9492846727371216
46962,taiwanese_bankruptcy_prediction,hydra_small,6819,94,16384,3409,5,7,ok,,1.913121735677123,0.7608528435230255,0.9492846727371216
46962,taiwanese_bankruptcy_prediction,hydra,6819,94,16384,3409,5,7,ok,,1.2973037427291274,0.1407690392807126,0.8311088681221008
46962,taiwanese_bankruptcy_prediction,hybrid_8l,6819,94,16384,3409,5,7,ok,,1.282787112519145,0.14126992784440517,0.9312846064567566
46962,taiwanese_bankruptcy_prediction,tabpfn,6819,94,16384,3409,5,7,ok,,1.4943733597174287,0.3004335444420576,0.955782949924469
46962,taiwanese_bankruptcy_prediction,hydra_small,6819,94,16384,3409,5,8,ok,,1.9593533659353852,0.7610396277159452,0.9492846727371216
46962,taiwanese_bankruptcy_prediction,hydra,6819,94,16384,3409,5,8,ok,,1.3015784919261932,0.14074844028800726,0.8311088681221008
46962,taiwanese_bankruptcy_prediction,hybrid_8l,6819,94,16384,3409,5,8,ok,,1.2775220004841685,0.14138108026236296,0.9312846064567566
46962,taiwanese_bankruptcy_prediction,tabpfn,6819,94,16384,3409,5,8,ok,,1.4746378734707832,0.27438524924218655,0.955782949924469
46962,taiwanese_bankruptcy_prediction,tabpfn,6819,94,16384,3409,5,9,ok,,1.4186705090105534,0.2738965544849634,0.955782949924469
46962,taiwanese_bankruptcy_prediction,hydra_small,6819,94,16384,3409,5,9,ok,,1.9090198883786798,0.7609428046271205,0.9492846727371216
46962,taiwanese_bankruptcy_prediction,hybrid_8l,6819,94,16384,3409,5,9,ok,,1.2783830827102065,0.1414442891255021,0.9312846064567566
46962,taiwanese_bankruptcy_prediction,hydra,6819,94,16384,3409,5,9,ok,,1.286395632661879,0.14095443114638329,0.8311088681221008
46962,taiwanese_bankruptcy_prediction,tabpfn,6819,94,16384,3409,5,10,ok,,1.3850793344900012,0.2740993583574891,0.955782949924469
46962,taiwanese_bankruptcy_prediction,hydra_small,6819,94,16384,3409,5,10,ok,,1.9099539276212454,0.7610166650265455,0.9492846727371216
46962,taiwanese_bankruptcy_prediction,hybrid_8l,6819,94,16384,3409,5,10,ok,,1.2824247097596526,0.141443045809865,0.9312846064567566
46962,taiwanese_bankruptcy_prediction,hydra,6819,94,16384,3409,5,10,ok,,1.2951823873445392,0.14068640302866697,0.8311088681221008
46962,taiwanese_bankruptcy_prediction,hydra,6819,94,16384,3409,5,11,ok,,1.2824317831546068,0.14048511162400246,0.8311088681221008
46962,taiwanese_bankruptcy_prediction,hybrid_8l,6819,94,16384,3409,5,11,ok,,1.2829843889921904,0.14150472357869148,0.9312846064567566
46962,taiwanese_bankruptcy_prediction,tabpfn,6819,94,16384,3409,5,11,ok,,1.4242872903123498,0.2738855229690671,0.955782949924469
46962,taiwanese_bankruptcy_prediction,hydra_small,6819,94,16384,3409,5,11,ok,,1.903195956721902,0.7610485153272748,0.9492846727371216
46962,taiwanese_bankruptcy_prediction,hydra_small,6819,94,16384,3409,5,12,ok,,1.904768836684525,0.7609163150191307,0.9492846727371216
46962,taiwanese_bankruptcy_prediction,tabpfn,6819,94,16384,3409,5,12,ok,,1.4205339318141341,0.27444400172680616,0.955782949924469
46962,taiwanese_bankruptcy_prediction,hydra,6819,94,16384,3409,5,12,ok,,1.3089668611064553,0.14069485012441874,0.8311088681221008
46962,taiwanese_bankruptcy_prediction,hybrid_8l,6819,94,16384,3409,5,12,ok,,1.2906649801880121,0.141378584317863,0.9312846064567566
46962,taiwanese_bankruptcy_prediction,hybrid_8l,6819,94,16384,3409,5,13,ok,,1.2850687494501472,0.14149645809084177,0.9312846064567566
46962,taiwanese_bankruptcy_prediction,hydra_small,6819,94,16384,3409,5,13,ok,,1.8823621207848191,0.7608900060877204,0.9492846727371216
46962,taiwanese_bankruptcy_prediction,hydra,6819,94,16384,3409,5,13,ok,,1.2934147911146283,0.1404844904318452,0.8311088681221008
46962,taiwanese_bankruptcy_prediction,tabpfn,6819,94,16384,3409,5,13,ok,,1.4104789849370718,0.2740668272599578,0.955782949924469
46962,taiwanese_bankruptcy_prediction,hybrid_8l,6819,94,16384,3409,5,14,ok,,1.2753024194389582,0.14143496192991734,0.9312846064567566
46962,taiwanese_bankruptcy_prediction,hydra,6819,94,16384,3409,5,14,ok,,1.281025219708681,0.14053841307759285,0.8311088681221008
46962,taiwanese_bankruptcy_prediction,hydra_small,6819,94,16384,3409,5,14,ok,,1.934914916753769,0.7935169842094183,0.9492846727371216
46962,taiwanese_bankruptcy_prediction,tabpfn,6819,94,16384,3409,5,14,ok,,1.412438857369125,0.2740884078666568,0.955782949924469
46962,taiwanese_bankruptcy_prediction,tabpfn,6819,94,16384,3409,5,15,ok,,1.4126865975558758,0.27384017780423164,0.955782949924469
46962,taiwanese_bankruptcy_prediction,hydra_small,6819,94,16384,3409,5,15,ok,,1.9047915516421199,0.760647676885128,0.9492846727371216
46962,taiwanese_bankruptcy_prediction,hybrid_8l,6819,94,16384,3409,5,15,ok,,1.2864384055137634,0.1412673844024539,0.9312846064567566
46962,taiwanese_bankruptcy_prediction,hydra,6819,94,16384,3409,5,15,ok,,1.2842447003349662,0.14061270467936993,0.8311088681221008
46969,NATICUSdroid,tabpfn,7491,86,16384,3745,1,1,ok,,0.9833477167412639,0.330284315161407,0.9857757687568665
46969,NATICUSdroid,hydra,7491,86,16384,3745,1,1,ok,,0.756744203157723,0.15481872577220201,0.9697167873382568
46969,NATICUSdroid,hybrid_8l,7491,86,16384,3745,1,1,ok,,0.7653871448710561,0.16656601056456566,0.978816032409668
46969,NATICUSdroid,hydra_small,7491,86,16384,3745,1,1,ok,,1.4633828066289425,0.8361175358295441,0.979824423789978
46969,NATICUSdroid,hydra_small,7491,86,16384,3745,1,2,ok,,1.4377587037160993,0.8360209325328469,0.979824423789978
46969,NATICUSdroid,hybrid_8l,7491,86,16384,3745,1,2,ok,,0.7642525872215629,0.16614138521254063,0.978816032409668
46969,NATICUSdroid,tabpfn,7491,86,16384,3745,1,2,ok,,0.9429373443126678,0.3302985802292824,0.9857757687568665
46969,NATICUSdroid,hydra,7491,86,16384,3745,1,2,ok,,0.7508726203814149,0.15507393050938845,0.9697167873382568
46969,NATICUSdroid,tabpfn,7491,86,16384,3745,1,3,ok,,0.9292539525777102,0.33048051688820124,0.9857757687568665
46969,NATICUSdroid,hydra,7491,86,16384,3745,1,3,ok,,0.9029886154457927,0.15482688136398792,0.9697167873382568
46969,NATICUSdroid,hybrid_8l,7491,86,16384,3745,1,3,ok,,0.7659821938723326,0.16613856051117182,0.978816032409668
46969,NATICUSdroid,hydra_small,7491,86,16384,3745,1,3,ok,,1.4401836097240448,0.8359919190406799,0.979824423789978
46969,NATICUSdroid,hydra,7491,86,16384,3745,1,4,ok,,1.242273110896349,0.1547524193301797,0.9697167873382568
46969,NATICUSdroid,hydra_small,7491,86,16384,3745,1,4,ok,,1.8548696925863624,0.836707504466176,0.979824423789978
46969,NATICUSdroid,hybrid_8l,7491,86,16384,3745,1,4,ok,,1.2154738632962108,0.1663027312606573,0.978816032409668
46969,NATICUSdroid,tabpfn,7491,86,16384,3745,1,4,ok,,1.3399430057033896,0.3303191810846329,0.9857757687568665
46969,NATICUSdroid,hybrid_8l,7491,86,16384,3745,1,5,ok,,1.181680235080421,0.16613736748695374,0.978816032409668
46969,NATICUSdroid,hydra,7491,86,16384,3745,1,5,ok,,1.1665783757343888,0.15474457573145628,0.9697167873382568
46969,NATICUSdroid,hydra_small,7491,86,16384,3745,1,5,ok,,1.8519109087064862,0.8366428418084979,0.979824423789978
46969,NATICUSdroid,tabpfn,7491,86,16384,3745,1,5,ok,,1.342751296237111,0.3305776007473469,0.9857757687568665
46969,NATICUSdroid,hydra_small,7491,86,16384,3745,1,6,ok,,1.8519714837893844,0.8366028862074018,0.979824423789978
46969,NATICUSdroid,hydra,7491,86,16384,3745,1,6,ok,,1.1642268216237426,0.15498442947864532,0.9697167873382568
46969,NATICUSdroid,tabpfn,7491,86,16384,3745,1,6,ok,,1.347596324980259,0.33051264751702547,0.9857757687568665
46969,NATICUSdroid,hybrid_8l,7491,86,16384,3745,1,6,ok,,1.2017703633755445,0.166500736027956,0.978816032409668
46969,NATICUSdroid,hydra_small,7491,86,16384,3745,1,7,ok,,1.5244304966181517,0.836502636782825,0.979824423789978
46969,NATICUSdroid,hybrid_8l,7491,86,16384,3745,1,7,ok,,0.8194201560690999,0.1663183905184269,0.978816032409668
46969,NATICUSdroid,tabpfn,7491,86,16384,3745,1,7,ok,,0.9262975640594959,0.3303880216553807,0.9857757687568665
46969,NATICUSdroid,hydra,7491,86,16384,3745,1,7,ok,,0.7507758866995573,0.15466779004782438,0.9697167873382568
46969,NATICUSdroid,tabpfn,7491,86,16384,3745,1,8,ok,,0.9276259699836373,0.3303231690078974,0.9857757687568665
46969,NATICUSdroid,hydra,7491,86,16384,3745,1,8,ok,,0.7522567724809051,0.15471499040722847,0.9697167873382568
46969,NATICUSdroid,hydra_small,7491,86,16384,3745,1,8,ok,,1.4359813909977674,0.8366865552961826,0.979824423789978
46969,NATICUSdroid,hybrid_8l,7491,86,16384,3745,1,8,ok,,1.0342387463897467,0.16609318368136883,0.978816032409668
46969,NATICUSdroid,hybrid_8l,7491,86,16384,3745,1,9,ok,,0.7663573836907744,0.1664784736931324,0.978816032409668
46969,NATICUSdroid,hydra_small,7491,86,16384,3745,1,9,ok,,1.438971895724535,0.8356700595468283,0.979824423789978
46969,NATICUSdroid,hydra,7491,86,16384,3745,1,9,ok,,0.8278539832681417,0.15497192554175854,0.9697167873382568
46969,NATICUSdroid,tabpfn,7491,86,16384,3745,1,9,ok,,0.9316426003351808,0.33068631682544947,0.9857757687568665
46969,NATICUSdroid,hydra_small,7491,86,16384,3745,1,10,ok,,1.4382557086646557,0.836288302205503,0.979824423789978
46969,NATICUSdroid,tabpfn,7491,86,16384,3745,1,10,ok,,0.9307818887755275,0.33027668111026287,0.9857757687568665
46969,NATICUSdroid,hydra,7491,86,16384,3745,1,10,ok,,0.7532099401578307,0.15466724894940853,0.9697167873382568
46969,NATICUSdroid,hybrid_8l,7491,86,16384,3745,1,10,ok,,0.7748626787215471,0.16615683492273092,0.978816032409668
46969,NATICUSdroid,hydra_small,7491,86,16384,3745,1,11,ok,,1.8217724282294512,0.8356194356456399,0.979824423789978
46969,NATICUSdroid,hydra,7491,86,16384,3745,1,11,ok,,1.1111847115680575,0.15470393933355808,0.9697167873382568
46969,NATICUSdroid,tabpfn,7491,86,16384,3745,1,11,ok,,0.9283300042152405,0.3300855290144682,0.9857757687568665
46969,NATICUSdroid,hybrid_8l,7491,86,16384,3745,1,11,ok,,0.7627486987039447,0.16618123091757298,0.978816032409668
46969,NATICUSdroid,hydra,7491,86,16384,3745,1,12,ok,,0.7505494896322489,0.15461107343435287,0.9697167873382568
46969,NATICUSdroid,hydra_small,7491,86,16384,3745,1,12,ok,,1.4368916656821966,0.8358925729990005,0.979824423789978
46969,NATICUSdroid,hybrid_8l,7491,86,16384,3745,1,12,ok,,0.7640118235722184,0.1662897067144513,0.978816032409668
46969,NATICUSdroid,tabpfn,7491,86,16384,3745,1,12,ok,,0.9499445809051394,0.33002270944416523,0.9857757687568665
46969,NATICUSdroid,hydra_small,7491,86,16384,3745,1,13,ok,,1.436508160084486,0.8366296198219061,0.979824423789978
46969,NATICUSdroid,hydra,7491,86,16384,3745,1,13,ok,,0.7532637612894177,0.15462627168744802,0.9697167873382568
46969,NATICUSdroid,tabpfn,7491,86,16384,3745,1,13,ok,,0.9459005296230316,0.33047509752213955,0.9857757687568665
46969,NATICUSdroid,hybrid_8l,7491,86,16384,3745,1,13,ok,,0.7636869568377733,0.16634159535169601,0.978816032409668
46969,NATICUSdroid,hybrid_8l,7491,86,16384,3745,1,14,ok,,1.1503302790224552,0.1661158986389637,0.978816032409668
46969,NATICUSdroid,hydra_small,7491,86,16384,3745,1,14,ok,,1.8480394501239061,0.8362210942432284,0.979824423789978
46969,NATICUSdroid,tabpfn,7491,86,16384,3745,1,14,ok,,0.9364104215055704,0.33013702649623156,0.9857757687568665
46969,NATICUSdroid,hydra,7491,86,16384,3745,1,14,ok,,0.7551729287952185,0.1547850128263235,0.9697167873382568
46969,NATICUSdroid,tabpfn,7491,86,16384,3745,1,15,ok,,0.9275593860074878,0.33047335501760244,0.9857757687568665
46969,NATICUSdroid,hydra_small,7491,86,16384,3745,1,15,ok,,1.4361512744799256,0.8362729139626026,0.979824423789978
46969,NATICUSdroid,hybrid_8l,7491,86,16384,3745,1,15,ok,,0.7639068439602852,0.16608182433992624,0.978816032409668
46969,NATICUSdroid,hydra,7491,86,16384,3745,1,15,ok,,0.7512950235977769,0.1549280732870102,0.9697167873382568
46969,NATICUSdroid,tabpfn,7491,86,16384,3745,2,1,ok,,0.9194511454552412,0.3303171079605818,0.9832979440689087
46969,NATICUSdroid,hydra,7491,86,16384,3745,2,1,ok,,0.7432910799980164,0.15466484520584345,0.9670482873916626
46969,NATICUSdroid,hybrid_8l,7491,86,16384,3745,2,1,ok,,0.9976348970085382,0.1662408746778965,0.9754040241241455
46969,NATICUSdroid,hydra_small,7491,86,16384,3745,2,1,ok,,1.4289644611999393,0.8363286098465323,0.9789425730705261
46969,NATICUSdroid,hydra,7491,86,16384,3745,2,2,ok,,0.746981542557478,0.1549389837309718,0.9670482873916626
46969,NATICUSdroid,hybrid_8l,7491,86,16384,3745,2,2,ok,,1.1483208844438195,0.16614764835685492,0.9754040241241455
46969,NATICUSdroid,tabpfn,7491,86,16384,3745,2,2,ok,,0.9378310041502118,0.3304124902933836,0.9832979440689087
46969,NATICUSdroid,hydra_small,7491,86,16384,3745,2,2,ok,,1.429005017504096,0.8362891264259815,0.9789425730705261
46969,NATICUSdroid,tabpfn,7491,86,16384,3745,2,3,ok,,1.3379161208868027,0.3303865101188421,0.9832979440689087
46969,NATICUSdroid,hybrid_8l,7491,86,16384,3745,2,3,ok,,1.1820782525464892,0.1662102872505784,0.9754040241241455
46969,NATICUSdroid,hydra,7491,86,16384,3745,2,3,ok,,1.1629670802503824,0.1571869133040309,0.9670482873916626
46969,NATICUSdroid,hydra_small,7491,86,16384,3745,2,3,ok,,1.8362227473407984,0.8359516067430377,0.9789425730705261
46969,NATICUSdroid,tabpfn,7491,86,16384,3745,2,4,ok,,1.3659858368337154,0.3307252712547779,0.9832979440689087
46969,NATICUSdroid,hydra_small,7491,86,16384,3745,2,4,ok,,1.8485091421753168,0.8364972500130534,0.9789425730705261
46969,NATICUSdroid,hydra,7491,86,16384,3745,2,4,ok,,1.1494629681110382,0.15517709590494633,0.9670482873916626
46969,NATICUSdroid,hybrid_8l,7491,86,16384,3745,2,4,ok,,1.1588179301470518,0.16610205080360174,0.9754040241241455
46969,NATICUSdroid,hydra,7491,86,16384,3745,2,5,ok,,1.1563265705481172,0.15466853231191635,0.9670482873916626
46969,NATICUSdroid,tabpfn,7491,86,16384,3745,2,5,ok,,1.3368772426620126,0.33041089586913586,0.9832979440689087
46969,NATICUSdroid,hydra_small,7491,86,16384,3745,2,5,ok,,1.8420026367530227,0.835501273162663,0.9789425730705261
46969,NATICUSdroid,hybrid_8l,7491,86,16384,3745,2,5,ok,,1.1675032638013363,0.166119203902781,0.9754040241241455
46969,NATICUSdroid,hydra_small,7491,86,16384,3745,2,6,ok,,1.8399921776726842,0.8360173115506768,0.9789425730705261
46969,NATICUSdroid,hydra,7491,86,16384,3745,2,6,ok,,1.1574281267821789,0.15469874907284975,0.9670482873916626
46969,NATICUSdroid,tabpfn,7491,86,16384,3745,2,6,ok,,1.3296291138976812,0.33042258955538273,0.9832979440689087
46969,NATICUSdroid,hybrid_8l,7491,86,16384,3745,2,6,ok,,1.1715796561911702,0.16610730160027742,0.9754040241241455
46969,NATICUSdroid,hydra,7491,86,16384,3745,2,7,ok,,1.160575220361352,0.15471528097987175,0.9670482873916626
46969,NATICUSdroid,tabpfn,7491,86,16384,3745,2,7,ok,,1.3344865646213293,0.33033109549432993,0.9832979440689087
46969,NATICUSdroid,hybrid_8l,7491,86,16384,3745,2,7,ok,,0.7552043898031116,0.1660820534452796,0.9754040241241455
46969,NATICUSdroid,hydra_small,7491,86,16384,3745,2,7,ok,,1.429134275764227,0.8359868247061968,0.9789425730705261
46969,NATICUSdroid,hybrid_8l,7491,86,16384,3745,2,8,ok,,0.8072518585249782,0.16610921639949083,0.9754040241241455
46969,NATICUSdroid,hydra_small,7491,86,16384,3745,2,8,ok,,1.8150343606248498,0.8360267607495189,0.9789425730705261
46969,NATICUSdroid,hydra,7491,86,16384,3745,2,8,ok,,0.9852416897192597,0.15463741309940815,0.9670482873916626
46969,NATICUSdroid,tabpfn,7491,86,16384,3745,2,8,ok,,1.3274216931313276,0.33044349774718285,0.9832979440689087
46969,NATICUSdroid,tabpfn,7491,86,16384,3745,2,9,ok,,0.959514282643795,0.3302150256931782,0.9832979440689087
46969,NATICUSdroid,hybrid_8l,7491,86,16384,3745,2,9,ok,,0.7605174062773585,0.16651077568531036,0.9754040241241455
46969,NATICUSdroid,hydra,7491,86,16384,3745,2,9,ok,,1.1753849759697914,0.15520485863089561,0.9670482873916626
46969,NATICUSdroid,hydra_small,7491,86,16384,3745,2,9,ok,,1.815052525140345,0.8361831260845065,0.9789425730705261
46969,NATICUSdroid,hydra,7491,86,16384,3745,2,10,ok,,1.1586656142026186,0.15485600847750902,0.9670482873916626
46969,NATICUSdroid,tabpfn,7491,86,16384,3745,2,10,ok,,1.487323890440166,0.3302500518038869,0.9832979440689087
46969,NATICUSdroid,hybrid_8l,7491,86,16384,3745,2,10,ok,,1.1620996994897723,0.16628455743193626,0.9754040241241455
46969,NATICUSdroid,hydra_small,7491,86,16384,3745,2,10,ok,,1.835243265144527,0.8356354292482138,0.9789425730705261
46969,NATICUSdroid,hydra,7491,86,16384,3745,2,11,ok,,0.9414631072431803,0.15478011406958103,0.9670482873916626
46969,NATICUSdroid,tabpfn,7491,86,16384,3745,2,11,ok,,0.9172303322702646,0.330354830250144,0.9832979440689087
46969,NATICUSdroid,hybrid_8l,7491,86,16384,3745,2,11,ok,,0.7537625199183822,0.1661087442189455,0.9754040241241455
46969,NATICUSdroid,hydra_small,7491,86,16384,3745,2,11,ok,,1.8164012609049678,0.8359548039734364,0.9789425730705261
46969,NATICUSdroid,tabpfn,7491,86,16384,3745,2,12,ok,,1.3342310935258865,0.33025451097637415,0.9832979440689087
46969,NATICUSdroid,hydra,7491,86,16384,3745,2,12,ok,,0.8471112791448832,0.15480619296431541,0.9670482873916626
46969,NATICUSdroid,hybrid_8l,7491,86,16384,3745,2,12,ok,,0.7520938785746694,0.16610096022486687,0.9754040241241455
46969,NATICUSdroid,hydra_small,7491,86,16384,3745,2,12,ok,,1.428645501844585,0.8358739810064435,0.9789425730705261
46969,NATICUSdroid,tabpfn,7491,86,16384,3745,2,13,ok,,0.9258332997560501,0.3312132377177477,0.9832979440689087
46969,NATICUSdroid,hydra,7491,86,16384,3745,2,13,ok,,0.7415123647078872,0.15557084139436483,0.9670482873916626
46969,NATICUSdroid,hybrid_8l,7491,86,16384,3745,2,13,ok,,0.7621259428560734,0.166497060097754,0.9754040241241455
46969,NATICUSdroid,hydra_small,7491,86,16384,3745,2,13,ok,,1.4334602626040578,0.8360032867640257,0.9789425730705261
46969,NATICUSdroid,tabpfn,7491,86,16384,3745,2,14,ok,,0.9780858075246215,0.3304982129484415,0.9832979440689087
46969,NATICUSdroid,hydra_small,7491,86,16384,3745,2,14,ok,,1.4296419797465205,0.8361247666180134,0.9789425730705261
46969,NATICUSdroid,hydra,7491,86,16384,3745,2,14,ok,,0.9913497036322951,0.15493970550596714,0.9670482873916626
46969,NATICUSdroid,hybrid_8l,7491,86,16384,3745,2,14,ok,,1.1732634287327528,0.16624595411121845,0.9754040241241455
46969,NATICUSdroid,hybrid_8l,7491,86,16384,3745,2,15,ok,,1.1687404494732618,0.1662239534780383,0.9754040241241455
46969,NATICUSdroid,tabpfn,7491,86,16384,3745,2,15,ok,,0.9448574585840106,0.3302752198651433,0.9832979440689087
46969,NATICUSdroid,hydra,7491,86,16384,3745,2,15,ok,,0.7431698143482208,0.15481511037796736,0.9670482873916626
46969,NATICUSdroid,hydra_small,7491,86,16384,3745,2,15,ok,,1.4292664285749197,0.8367399321869016,0.9789425730705261
46969,NATICUSdroid,tabpfn,7491,86,16384,3745,3,1,ok,,0.9258856298401952,0.33068934362381697,0.9835339188575745
46969,NATICUSdroid,hybrid_8l,7491,86,16384,3745,3,1,ok,,0.7559954104945064,0.1663246238604188,0.9750348925590515
46969,NATICUSdroid,hydra,7491,86,16384,3745,3,1,ok,,0.7473357459530234,0.15480766631662846,0.9654332995414734
46969,NATICUSdroid,hydra_small,7491,86,16384,3745,3,1,ok,,1.4334854017943144,0.8358401674777269,0.9787416458129883
46969,NATICUSdroid,hydra,7491,86,16384,3745,3,2,ok,,0.7791802417486906,0.15471788588911295,0.9654332995414734
46969,NATICUSdroid,tabpfn,7491,86,16384,3745,3,2,ok,,0.9439309546723962,0.3302578069269657,0.9835339188575745
46969,NATICUSdroid,hybrid_8l,7491,86,16384,3745,3,2,ok,,0.7843442549929023,0.16607661359012127,0.9750348925590515
46969,NATICUSdroid,hydra_small,7491,86,16384,3745,3,2,ok,,1.4358199937269092,0.8361418582499027,0.9787416458129883
46969,NATICUSdroid,hybrid_8l,7491,86,16384,3745,3,3,ok,,0.7648637015372515,0.16608520969748497,0.9750348925590515
46969,NATICUSdroid,tabpfn,7491,86,16384,3745,3,3,ok,,0.9589637806639075,0.3304741261526942,0.9835339188575745
46969,NATICUSdroid,hydra,7491,86,16384,3745,3,3,ok,,0.7494113277643919,0.15495932288467884,0.9654332995414734
46969,NATICUSdroid,hydra_small,7491,86,16384,3745,3,3,ok,,1.4267550418153405,0.8358075357973576,0.9787416458129883
46969,NATICUSdroid,tabpfn,7491,86,16384,3745,3,4,ok,,0.9196777585893869,0.33013567607849836,0.9835339188575745
46969,NATICUSdroid,hydra_small,7491,86,16384,3745,3,4,ok,,1.4342010477557778,0.8361044880002737,0.9787416458129883
46969,NATICUSdroid,hydra,7491,86,16384,3745,3,4,ok,,0.7482737032696605,0.15485821198672056,0.9654332995414734
46969,NATICUSdroid,hybrid_8l,7491,86,16384,3745,3,4,ok,,0.7612581718713045,0.16621137969195843,0.9750348925590515
46969,NATICUSdroid,hydra_small,7491,86,16384,3745,3,5,ok,,1.4324404634535313,0.8355420045554638,0.9787416458129883
46969,NATICUSdroid,tabpfn,7491,86,16384,3745,3,5,ok,,0.9220594307407737,0.33041597716510296,0.9835339188575745
46969,NATICUSdroid,hydra,7491,86,16384,3745,3,5,ok,,0.7495796978473663,0.15474793314933777,0.9654332995414734
46969,NATICUSdroid,hybrid_8l,7491,86,16384,3745,3,5,ok,,0.7613975256681442,0.16621827334165573,0.9750348925590515
46969,NATICUSdroid,hydra_small,7491,86,16384,3745,3,6,ok,,1.4348157634958625,0.8356874100863934,0.9787416458129883
46969,NATICUSdroid,hydra,7491,86,16384,3745,3,6,ok,,0.7914168834686279,0.15477369166910648,0.9654332995414734
46969,NATICUSdroid,hybrid_8l,7491,86,16384,3745,3,6,ok,,0.7577302576974034,0.1663117604330182,0.9750348925590515
46969,NATICUSdroid,tabpfn,7491,86,16384,3745,3,6,ok,,0.9201477197930217,0.3302235519513488,0.9835339188575745
46969,NATICUSdroid,hydra,7491,86,16384,3745,3,7,ok,,0.7502271039411426,0.15467861201614141,0.9654332995414734
46969,NATICUSdroid,hydra_small,7491,86,16384,3745,3,7,ok,,1.427678813226521,0.836072038859129,0.9787416458129883
46969,NATICUSdroid,tabpfn,7491,86,16384,3745,3,7,ok,,0.9485292164608836,0.3302985653281212,0.9835339188575745
46969,NATICUSdroid,hybrid_8l,7491,86,16384,3745,3,7,ok,,0.7546209981665015,0.16610572952777147,0.9750348925590515
46969,NATICUSdroid,hydra,7491,86,16384,3745,3,8,ok,,0.7476389212533832,0.15465285442769527,0.9654332995414734
46969,NATICUSdroid,hybrid_8l,7491,86,16384,3745,3,8,ok,,0.7558325631543994,0.16611893475055695,0.9750348925590515
46969,NATICUSdroid,tabpfn,7491,86,16384,3745,3,8,ok,,0.9197743237018585,0.33038508892059326,0.9835339188575745
46969,NATICUSdroid,hydra_small,7491,86,16384,3745,3,8,ok,,1.4284136863425374,0.8356392681598663,0.9787416458129883
46969,NATICUSdroid,tabpfn,7491,86,16384,3745,3,9,ok,,0.9509519459679723,0.330422549508512,0.9835339188575745
46969,NATICUSdroid,hydra,7491,86,16384,3745,3,9,ok,,0.7450836403295398,0.1545940823853016,0.9654332995414734
46969,NATICUSdroid,hybrid_8l,7491,86,16384,3745,3,9,ok,,0.7925071092322469,0.16606958117336035,0.9750348925590515
46969,NATICUSdroid,hydra_small,7491,86,16384,3745,3,9,ok,,1.4290085332468152,0.8359713787212968,0.9787416458129883
46969,NATICUSdroid,hybrid_8l,7491,86,16384,3745,3,10,ok,,0.8117855498567224,0.1663219891488552,0.9750348925590515
46969,NATICUSdroid,tabpfn,7491,86,16384,3745,3,10,ok,,0.9911166839301586,0.33042250014841557,0.9835339188575745
46969,NATICUSdroid,hydra_small,7491,86,16384,3745,3,10,ok,,1.448324654251337,0.8357131583616138,0.9787416458129883
46969,NATICUSdroid,hydra,7491,86,16384,3745,3,10,ok,,0.7489007515832782,0.15456930454820395,0.9654332995414734
46969,NATICUSdroid,hydra_small,7491,86,16384,3745,3,11,ok,,1.4362700190395117,0.835885745473206,0.9787416458129883
46969,NATICUSdroid,hydra,7491,86,16384,3745,3,11,ok,,0.7512717125937343,0.15478959307074547,0.9654332995414734
46969,NATICUSdroid,hybrid_8l,7491,86,16384,3745,3,11,ok,,0.7600576682016253,0.1663054982200265,0.9750348925590515
46969,NATICUSdroid,tabpfn,7491,86,16384,3745,3,11,ok,,0.9206597208976746,0.3303988454863429,0.9835339188575745
46969,NATICUSdroid,tabpfn,7491,86,16384,3745,3,12,ok,,0.9234193693846464,0.33058037888258696,0.9835339188575745
46969,NATICUSdroid,hydra,7491,86,16384,3745,3,12,ok,,0.7493830164894462,0.15461583342403173,0.9654332995414734
46969,NATICUSdroid,hydra_small,7491,86,16384,3745,3,12,ok,,1.4335379339754581,0.836353100836277,0.9787416458129883
46969,NATICUSdroid,hybrid_8l,7491,86,16384,3745,3,12,ok,,0.7587684551253915,0.16601314395666122,0.9750348925590515
46969,NATICUSdroid,hydra_small,7491,86,16384,3745,3,13,ok,,1.4346057763323188,0.8356531355530024,0.9787416458129883
46969,NATICUSdroid,tabpfn,7491,86,16384,3745,3,13,ok,,0.942924389615655,0.33035340905189514,0.9835339188575745
46969,NATICUSdroid,hybrid_8l,7491,86,16384,3745,3,13,ok,,0.7583176018670201,0.16608833614736795,0.9750348925590515
46969,NATICUSdroid,hydra,7491,86,16384,3745,3,13,ok,,0.7580052893608809,0.15491261519491673,0.9654332995414734
46969,NATICUSdroid,hybrid_8l,7491,86,16384,3745,3,14,ok,,0.7610632218420506,0.166193425655365,0.9750348925590515
46969,NATICUSdroid,hydra_small,7491,86,16384,3745,3,14,ok,,1.4322424596175551,0.8357195304706693,0.9787416458129883
46969,NATICUSdroid,hydra,7491,86,16384,3745,3,14,ok,,0.7487169755622745,0.15468572545796633,0.9654332995414734
46969,NATICUSdroid,tabpfn,7491,86,16384,3745,3,14,ok,,0.9251686334609985,0.3303761826828122,0.9835339188575745
46969,NATICUSdroid,tabpfn,7491,86,16384,3745,3,15,ok,,0.9294301765039563,0.33037969935685396,0.9835339188575745
46969,NATICUSdroid,hydra_small,7491,86,16384,3745,3,15,ok,,1.4539205869659781,0.8358592856675386,0.9787416458129883
46969,NATICUSdroid,hydra,7491,86,16384,3745,3,15,ok,,0.7691068612039089,0.15498406067490578,0.9654332995414734
46969,NATICUSdroid,hybrid_8l,7491,86,16384,3745,3,15,ok,,0.7593914261087775,0.1663335720077157,0.9750348925590515
46969,NATICUSdroid,hydra,7491,86,16384,3745,4,1,ok,,0.8052599905058742,0.15466284286230803,0.9648622274398804
46969,NATICUSdroid,hydra_small,7491,86,16384,3745,4,1,ok,,1.429718659259379,0.8361195288598537,0.9771097898483276
46969,NATICUSdroid,tabpfn,7491,86,16384,3745,4,1,ok,,0.9393003452569246,0.33023791015148163,0.9821332097053528
46969,NATICUSdroid,hybrid_8l,7491,86,16384,3745,4,1,ok,,0.7548064310103655,0.16709159780293703,0.9721612334251404
46969,NATICUSdroid,tabpfn,7491,86,16384,3745,4,2,ok,,0.9526685094460845,0.330352958291769,0.9821332097053528
46969,NATICUSdroid,hydra_small,7491,86,16384,3745,4,2,ok,,1.5194408800452948,0.8363309102132916,0.9771097898483276
46969,NATICUSdroid,hydra,7491,86,16384,3745,4,2,ok,,0.7480033645406365,0.15519509091973305,0.9648622274398804
46969,NATICUSdroid,hybrid_8l,7491,86,16384,3745,4,2,ok,,0.7882476821541786,0.1665071714669466,0.9721612334251404
46969,NATICUSdroid,tabpfn,7491,86,16384,3745,4,3,ok,,0.9227369576692581,0.33031579852104187,0.9821332097053528
46969,NATICUSdroid,hybrid_8l,7491,86,16384,3745,4,3,ok,,0.7961213272064924,0.1662134239450097,0.9721612334251404
46969,NATICUSdroid,hydra,7491,86,16384,3745,4,3,ok,,0.7700393777340651,0.15496352221816778,0.9648622274398804
46969,NATICUSdroid,hydra_small,7491,86,16384,3745,4,3,ok,,1.4293120298534632,0.8357273265719414,0.9771097898483276
46969,NATICUSdroid,hydra_small,7491,86,16384,3745,4,4,ok,,1.4274296341463923,0.8357628351077437,0.9771097898483276
46969,NATICUSdroid,hybrid_8l,7491,86,16384,3745,4,4,ok,,0.7782761920243502,0.16618098225444555,0.9721612334251404
46969,NATICUSdroid,hydra,7491,86,16384,3745,4,4,ok,,0.7414707178249955,0.15473983716219664,0.9648622274398804
46969,NATICUSdroid,tabpfn,7491,86,16384,3745,4,4,ok,,0.915708483196795,0.33022159058600664,0.9821332097053528
46969,NATICUSdroid,hydra,7491,86,16384,3745,4,5,ok,,0.7379949130117893,0.15456881560385227,0.9648622274398804
46969,NATICUSdroid,hydra_small,7491,86,16384,3745,4,5,ok,,1.4261179603636265,0.835652956739068,0.9771097898483276
46969,NATICUSdroid,tabpfn,7491,86,16384,3745,4,5,ok,,0.9155491711571813,0.3303026622161269,0.9821332097053528
46969,NATICUSdroid,hybrid_8l,7491,86,16384,3745,4,5,ok,,0.7512797303497791,0.1661529392004013,0.9721612334251404
46969,NATICUSdroid,hybrid_8l,7491,86,16384,3745,4,6,ok,,0.9284432781860232,0.1663580285385251,0.9721612334251404
46969,NATICUSdroid,tabpfn,7491,86,16384,3745,4,6,ok,,0.9175223289057612,0.33054289780557156,0.9821332097053528
46969,NATICUSdroid,hydra,7491,86,16384,3745,4,6,ok,,0.7437992487102747,0.15459418203681707,0.9648622274398804
46969,NATICUSdroid,hydra_small,7491,86,16384,3745,4,6,ok,,1.427731717005372,0.8362511293962598,0.9771097898483276
46969,NATICUSdroid,hydra,7491,86,16384,3745,4,7,ok,,0.7415879899635911,0.15473577100783587,0.9648622274398804
46969,NATICUSdroid,hybrid_8l,7491,86,16384,3745,4,7,ok,,0.7567888870835304,0.1660978151485324,0.9721612334251404
46969,NATICUSdroid,hydra_small,7491,86,16384,3745,4,7,ok,,1.4266752963885665,0.8356585865840316,0.9771097898483276
46969,NATICUSdroid,tabpfn,7491,86,16384,3745,4,7,ok,,0.9155414970591664,0.3303681379184127,0.9821332097053528
46969,NATICUSdroid,hydra_small,7491,86,16384,3745,4,8,ok,,1.4241550518199801,0.8356213169172406,0.9771097898483276
46969,NATICUSdroid,hydra,7491,86,16384,3745,4,8,ok,,0.7434844728559256,0.15454881731420755,0.9648622274398804
46969,NATICUSdroid,hybrid_8l,7491,86,16384,3745,4,8,ok,,0.752047604881227,0.16609678324311972,0.9721612334251404
46969,NATICUSdroid,tabpfn,7491,86,16384,3745,4,8,ok,,0.9206292852759361,0.33040809258818626,0.9821332097053528
46969,NATICUSdroid,tabpfn,7491,86,16384,3745,4,9,ok,,0.9184356098994613,0.3303148467093706,0.9821332097053528
46969,NATICUSdroid,hybrid_8l,7491,86,16384,3745,4,9,ok,,0.751934640109539,0.16611469630151987,0.9721612334251404
46969,NATICUSdroid,hydra,7491,86,16384,3745,4,9,ok,,0.7418185481801629,0.154561972245574,0.9648622274398804
46969,NATICUSdroid,hydra_small,7491,86,16384,3745,4,9,ok,,1.4266142714768648,0.835601007565856,0.9771097898483276
46969,NATICUSdroid,hybrid_8l,7491,86,16384,3745,4,10,ok,,0.7523382157087326,0.16626574285328388,0.9721612334251404
46969,NATICUSdroid,tabpfn,7491,86,16384,3745,4,10,ok,,0.9178847670555115,0.33033351227641106,0.9821332097053528
46969,NATICUSdroid,hydra,7491,86,16384,3745,4,10,ok,,0.7415461502969265,0.15512613952159882,0.9648622274398804
46969,NATICUSdroid,hydra_small,7491,86,16384,3745,4,10,ok,,1.4240961810573936,0.8361140815541148,0.9771097898483276
46969,NATICUSdroid,hybrid_8l,7491,86,16384,3745,4,11,ok,,0.7675088150426745,0.1663226606324315,0.9721612334251404
46969,NATICUSdroid,hydra,7491,86,16384,3745,4,11,ok,,0.739594453945756,0.15484259277582169,0.9648622274398804
46969,NATICUSdroid,hydra_small,7491,86,16384,3745,4,11,ok,,1.423146141692996,0.8357217675074935,0.9771097898483276
46969,NATICUSdroid,tabpfn,7491,86,16384,3745,4,11,ok,,0.9152489127591252,0.33065843768417835,0.9821332097053528
46969,NATICUSdroid,tabpfn,7491,86,16384,3745,4,12,ok,,0.9135417900979519,0.3301540231332183,0.9821332097053528
46969,NATICUSdroid,hydra,7491,86,16384,3745,4,12,ok,,0.7376725943759084,0.15469682775437832,0.9648622274398804
46969,NATICUSdroid,hybrid_8l,7491,86,16384,3745,4,12,ok,,0.7524626413360238,0.16612769290804863,0.9721612334251404
46969,NATICUSdroid,hydra_small,7491,86,16384,3745,4,12,ok,,1.4255183953791857,0.8362982999533415,0.9771097898483276
46969,NATICUSdroid,hydra,7491,86,16384,3745,4,13,ok,,0.7431864393875003,0.15491193532943726,0.9648622274398804
46969,NATICUSdroid,hybrid_8l,7491,86,16384,3745,4,13,ok,,0.7530486220493913,0.16637976840138435,0.9721612334251404
46969,NATICUSdroid,tabpfn,7491,86,16384,3745,4,13,ok,,0.9184408914297819,0.33058488834649324,0.9821332097053528
46969,NATICUSdroid,hydra_small,7491,86,16384,3745,4,13,ok,,1.4293354572728276,0.8364055827260017,0.9771097898483276
46969,NATICUSdroid,hydra,7491,86,16384,3745,4,14,ok,,0.7425353471189737,0.15497057605534792,0.9648622274398804
46969,NATICUSdroid,hybrid_8l,7491,86,16384,3745,4,14,ok,,0.7571642892435193,0.16622801218181849,0.9721612334251404
46969,NATICUSdroid,hydra_small,7491,86,16384,3745,4,14,ok,,1.4378241384401917,0.8369856821373105,0.9771097898483276
46969,NATICUSdroid,tabpfn,7491,86,16384,3745,4,14,ok,,0.9174459865316749,0.33051409386098385,0.9821332097053528
46969,NATICUSdroid,hydra,7491,86,16384,3745,4,15,ok,,0.7462188024073839,0.1547946920618415,0.9648622274398804
46969,NATICUSdroid,tabpfn,7491,86,16384,3745,4,15,ok,,0.9211873235180974,0.3300733296200633,0.9821332097053528
46969,NATICUSdroid,hybrid_8l,7491,86,16384,3745,4,15,ok,,0.7565643936395645,0.1661837985739112,0.9721612334251404
46969,NATICUSdroid,hydra_small,7491,86,16384,3745,4,15,ok,,1.4668983463197947,0.8360267756506801,0.9771097898483276
46969,NATICUSdroid,tabpfn,7491,86,16384,3745,5,1,ok,,0.9582299469038844,0.3305353047326207,0.9832698702812195
46969,NATICUSdroid,hydra_small,7491,86,16384,3745,5,1,ok,,1.4450665479525924,0.8356799781322479,0.9790512323379517
46969,NATICUSdroid,hydra,7491,86,16384,3745,5,1,ok,,0.7516031544655561,0.15484891645610332,0.9659584760665894
46969,NATICUSdroid,hybrid_8l,7491,86,16384,3745,5,1,ok,,0.7638673773035407,0.166703462600708,0.9742451310157776
46969,NATICUSdroid,hydra,7491,86,16384,3745,5,2,ok,,0.7544087301939726,0.15485781244933605,0.9659584760665894
46969,NATICUSdroid,hybrid_8l,7491,86,16384,3745,5,2,ok,,0.7673279643058777,0.16626367904245853,0.9742451310157776
46969,NATICUSdroid,tabpfn,7491,86,16384,3745,5,2,ok,,0.9392418153584003,0.3304216992110014,0.9832698702812195
46969,NATICUSdroid,hydra_small,7491,86,16384,3745,5,2,ok,,1.4373814798891544,0.8361144922673702,0.9790512323379517
46969,NATICUSdroid,hydra,7491,86,16384,3745,5,3,ok,,0.7605062806978822,0.1549288760870695,0.9659584760665894
46969,NATICUSdroid,tabpfn,7491,86,16384,3745,5,3,ok,,0.9276793226599693,0.33062912337481976,0.9832698702812195
46969,NATICUSdroid,hybrid_8l,7491,86,16384,3745,5,3,ok,,0.7840688666328788,0.16637892834842205,0.9742451310157776
46969,NATICUSdroid,hydra_small,7491,86,16384,3745,5,3,ok,,1.43780867010355,0.8359995745122433,0.9790512323379517
46969,NATICUSdroid,tabpfn,7491,86,16384,3745,5,4,ok,,0.9322404433041811,0.33020126167684793,0.9832698702812195
46969,NATICUSdroid,hydra_small,7491,86,16384,3745,5,4,ok,,1.4340279567986727,0.8360177492722869,0.9790512323379517
46969,NATICUSdroid,hybrid_8l,7491,86,16384,3745,5,4,ok,,0.7603938467800617,0.16617154516279697,0.9742451310157776
46969,NATICUSdroid,hydra,7491,86,16384,3745,5,4,ok,,0.7465478079393506,0.15458147879689932,0.9659584760665894
46969,NATICUSdroid,hydra_small,7491,86,16384,3745,5,5,ok,,1.4310224941000342,0.8355903206393123,0.9790512323379517
46969,NATICUSdroid,hydra,7491,86,16384,3745,5,5,ok,,0.754391566850245,0.15479517262429,0.9659584760665894
46969,NATICUSdroid,tabpfn,7491,86,16384,3745,5,5,ok,,0.9492422323673964,0.33040489815175533,0.9832698702812195
46969,NATICUSdroid,hybrid_8l,7491,86,16384,3745,5,5,ok,,0.7655974254012108,0.1662085046991706,0.9742451310157776
46969,NATICUSdroid,tabpfn,7491,86,16384,3745,5,6,ok,,0.9329743636772037,0.3308011293411255,0.9832698702812195
46969,NATICUSdroid,hydra,7491,86,16384,3745,5,6,ok,,0.7707879282534122,0.15489400085061789,0.9659584760665894
46969,NATICUSdroid,hydra_small,7491,86,16384,3745,5,6,ok,,1.4637859119102359,0.8361793952062726,0.9790512323379517
46969,NATICUSdroid,hybrid_8l,7491,86,16384,3745,5,6,ok,,0.796344512142241,0.1665853587910533,0.9742451310157776
46969,NATICUSdroid,hydra,7491,86,16384,3745,5,7,ok,,0.7911543911322951,0.15506128873676062,0.9659584760665894
46969,NATICUSdroid,hydra_small,7491,86,16384,3745,5,7,ok,,1.4560145298019052,0.8357232417911291,0.9790512323379517
46969,NATICUSdroid,tabpfn,7491,86,16384,3745,5,7,ok,,0.9310042522847652,0.3303760029375553,0.9832698702812195
46969,NATICUSdroid,hybrid_8l,7491,86,16384,3745,5,7,ok,,0.7809368753805757,0.16634363122284412,0.9742451310157776
46969,NATICUSdroid,hybrid_8l,7491,86,16384,3745,5,8,ok,,0.794743780978024,0.16626049391925335,0.9742451310157776
46969,NATICUSdroid,hydra_small,7491,86,16384,3745,5,8,ok,,1.4372299639508128,0.8356192242354155,0.9790512323379517
46969,NATICUSdroid,hydra,7491,86,16384,3745,5,8,ok,,0.7554479381069541,0.15472145285457373,0.9659584760665894
46969,NATICUSdroid,tabpfn,7491,86,16384,3745,5,8,ok,,0.9267620854079723,0.3303938265889883,0.9832698702812195
46969,NATICUSdroid,tabpfn,7491,86,16384,3745,5,9,ok,,1.326212433166802,0.33041171077638865,0.9832698702812195
46969,NATICUSdroid,hybrid_8l,7491,86,16384,3745,5,9,ok,,1.1828283667564392,0.16619120258837938,0.9742451310157776
46969,NATICUSdroid,hydra,7491,86,16384,3745,5,9,ok,,1.2427398134022951,0.15483102202415466,0.9659584760665894
46969,NATICUSdroid,hydra_small,7491,86,16384,3745,5,9,ok,,1.8860706081613898,0.8359478879719973,0.9790512323379517
46969,NATICUSdroid,tabpfn,7491,86,16384,3745,5,10,ok,,1.3470315439626575,0.33035558462142944,0.9832698702812195
46969,NATICUSdroid,hybrid_8l,7491,86,16384,3745,5,10,ok,,1.1720472937449813,0.1664724750444293,0.9742451310157776
46969,NATICUSdroid,hydra,7491,86,16384,3745,5,10,ok,,1.1750476667657495,0.15459779929369688,0.9659584760665894
46969,NATICUSdroid,hydra_small,7491,86,16384,3745,5,10,ok,,1.8936624098569155,0.8363237697631121,0.9790512323379517
46969,NATICUSdroid,hybrid_8l,7491,86,16384,3745,5,11,ok,,1.2460065530613065,0.1664850590750575,0.9742451310157776
46969,NATICUSdroid,tabpfn,7491,86,16384,3745,5,11,ok,,1.4536237213760614,0.3302110703662038,0.9832698702812195
46969,NATICUSdroid,hydra_small,7491,86,16384,3745,5,11,ok,,1.9048678278923035,0.8360182112082839,0.9790512323379517
46969,NATICUSdroid,hydra,7491,86,16384,3745,5,11,ok,,1.1795839108526707,0.15484484750777483,0.9659584760665894
46969,NATICUSdroid,hydra_small,7491,86,16384,3745,5,12,ok,,1.9105722345411777,0.8364214953035116,0.9790512323379517
46969,NATICUSdroid,hydra,7491,86,16384,3745,5,12,ok,,1.1851005023345351,0.1546801058575511,0.9659584760665894
46969,NATICUSdroid,tabpfn,7491,86,16384,3745,5,12,ok,,1.3364850347861648,0.3302887687459588,0.9832698702812195
46969,NATICUSdroid,hybrid_8l,7491,86,16384,3745,5,12,ok,,0.989101211540401,0.1663962509483099,0.9742451310157776
46969,NATICUSdroid,tabpfn,7491,86,16384,3745,5,13,ok,,0.9281708458438516,0.3303891886025667,0.9832698702812195
46969,NATICUSdroid,hydra_small,7491,86,16384,3745,5,13,ok,,1.4408976826816797,0.8361037336289883,0.9790512323379517
46969,NATICUSdroid,hydra,7491,86,16384,3745,5,13,ok,,0.7520944457501173,0.15464540012180805,0.9659584760665894
46969,NATICUSdroid,hybrid_8l,7491,86,16384,3745,5,13,ok,,0.7636953731998801,0.1661945590749383,0.9742451310157776
46969,NATICUSdroid,tabpfn,7491,86,16384,3745,5,14,ok,,0.9322936860844493,0.3305414170026779,0.9832698702812195
46969,NATICUSdroid,hydra_small,7491,86,16384,3745,5,14,ok,,1.4339686585590243,0.8360515739768744,0.9790512323379517
46969,NATICUSdroid,hybrid_8l,7491,86,16384,3745,5,14,ok,,0.7643058001995087,0.16641313303261995,0.9742451310157776
46969,NATICUSdroid,hydra,7491,86,16384,3745,5,14,ok,,0.7544032307341695,0.15497590601444244,0.9659584760665894
46969,NATICUSdroid,hydra,7491,86,16384,3745,5,15,ok,,1.1428233124315739,0.15460100583732128,0.9659584760665894
46969,NATICUSdroid,hydra_small,7491,86,16384,3745,5,15,ok,,1.8505656104534864,0.8356131855398417,0.9790512323379517
46969,NATICUSdroid,hybrid_8l,7491,86,16384,3745,5,15,ok,,0.7804857920855284,0.1662649316713214,0.9742451310157776
46969,NATICUSdroid,tabpfn,7491,86,16384,3745,5,15,ok,,0.9286395935341716,0.33055806905031204,0.9832698702812195
46916,coil2000_insurance_policies,hybrid_8l,9822,85,16384,4911,1,1,ok,,1.119458481669426,0.23848971538245678,0.5136741399765015
46916,coil2000_insurance_policies,tabpfn,9822,85,16384,4911,1,1,ok,,1.7291690465062857,0.49611036106944084,0.7275006771087646
46916,coil2000_insurance_policies,hydra_small,9822,85,16384,4911,1,1,ok,,2.358140619471669,1.104410163126886,0.7074269652366638
46916,coil2000_insurance_policies,hydra,9822,85,16384,4911,1,1,ok,,1.4465363575145602,0.2022776836529374,0.5103273391723633
46916,coil2000_insurance_policies,hybrid_8l,9822,85,16384,4911,1,2,ok,,1.4882743759080768,0.23866137955337763,0.5136741399765015
46916,coil2000_insurance_policies,tabpfn,9822,85,16384,4911,1,2,ok,,1.7431795885786414,0.49680805299431086,0.7275006771087646
46916,coil2000_insurance_policies,hydra_small,9822,85,16384,4911,1,2,ok,,2.359623057767749,1.1044097738340497,0.7074269652366638
46916,coil2000_insurance_policies,hydra,9822,85,16384,4911,1,2,ok,,1.4480202989652753,0.2027328172698617,0.5103273391723633
46916,coil2000_insurance_policies,hydra,9822,85,16384,4911,1,3,ok,,1.4514338159933686,0.20225328765809536,0.5103273391723633
46916,coil2000_insurance_policies,hybrid_8l,9822,85,16384,4911,1,3,ok,,1.4860050864517689,0.2383177587762475,0.5136741399765015
46916,coil2000_insurance_policies,hydra_small,9822,85,16384,4911,1,3,ok,,2.362036189995706,1.1052795313298702,0.7074269652366638
46916,coil2000_insurance_policies,tabpfn,9822,85,16384,4911,1,3,ok,,1.7526359129697084,0.49608338996768,0.7275006771087646
46916,coil2000_insurance_policies,hydra_small,9822,85,16384,4911,1,4,ok,,2.3609985345974565,1.1051093973219395,0.7074269652366638
46916,coil2000_insurance_policies,tabpfn,9822,85,16384,4911,1,4,ok,,1.7498016944155097,0.49603782314807177,0.7275006771087646
46916,coil2000_insurance_policies,hydra,9822,85,16384,4911,1,4,ok,,1.4581268848851323,0.2023629965260625,0.5103273391723633
46916,coil2000_insurance_policies,hybrid_8l,9822,85,16384,4911,1,4,ok,,1.4901346703991294,0.23861439153552055,0.5136741399765015
46916,coil2000_insurance_policies,tabpfn,9822,85,16384,4911,1,5,ok,,1.741703082807362,0.496317183598876,0.7275006771087646
46916,coil2000_insurance_policies,hydra_small,9822,85,16384,4911,1,5,ok,,2.2449410567060113,1.1045578643679619,0.7074269652366638
46916,coil2000_insurance_policies,hybrid_8l,9822,85,16384,4911,1,5,ok,,1.0788388419896364,0.23836574144661427,0.5136741399765015
46916,coil2000_insurance_policies,hydra,9822,85,16384,4911,1,5,ok,,1.0641878182068467,0.20220792293548584,0.5103273391723633
46916,coil2000_insurance_policies,hydra_small,9822,85,16384,4911,1,6,ok,,1.9704511230811477,1.104320033453405,0.7074269652366638
46916,coil2000_insurance_policies,hybrid_8l,9822,85,16384,4911,1,6,ok,,1.4833881305530667,0.2385421246290207,0.5136741399765015
46916,coil2000_insurance_policies,tabpfn,9822,85,16384,4911,1,6,ok,,1.745425353758037,0.49606097862124443,0.7275006771087646
46916,coil2000_insurance_policies,hydra,9822,85,16384,4911,1,6,ok,,1.4645947786048055,0.20279036555439234,0.5103273391723633
46916,coil2000_insurance_policies,tabpfn,9822,85,16384,4911,1,7,ok,,1.7532781809568405,0.49609477259218693,0.7275006771087646
46916,coil2000_insurance_policies,hydra,9822,85,16384,4911,1,7,ok,,1.0782654471695423,0.20284867752343416,0.5103273391723633
46916,coil2000_insurance_policies,hybrid_8l,9822,85,16384,4911,1,7,ok,,1.4631994850933552,0.23878763895481825,0.5136741399765015
46916,coil2000_insurance_policies,hydra_small,9822,85,16384,4911,1,7,ok,,2.0212234258651733,1.120628428645432,0.7074269652366638
46916,coil2000_insurance_policies,tabpfn,9822,85,16384,4911,1,8,ok,,1.5604642545804381,0.49618764873594046,0.7275006771087646
46916,coil2000_insurance_policies,hybrid_8l,9822,85,16384,4911,1,8,ok,,1.4897280614823103,0.23846852406859398,0.5136741399765015
46916,coil2000_insurance_policies,hydra,9822,85,16384,4911,1,8,ok,,1.4677553568035364,0.2020994769409299,0.5103273391723633
46916,coil2000_insurance_policies,hydra_small,9822,85,16384,4911,1,8,ok,,2.003656577318907,1.1047705886885524,0.7074269652366638
46916,coil2000_insurance_policies,hybrid_8l,9822,85,16384,4911,1,9,ok,,1.0804418586194515,0.23822818975895643,0.5136741399765015
46916,coil2000_insurance_policies,tabpfn,9822,85,16384,4911,1,9,ok,,1.3399071292951703,0.49597690999507904,0.7275006771087646
46916,coil2000_insurance_policies,hydra,9822,85,16384,4911,1,9,ok,,1.044711010530591,0.2024154057726264,0.5103273391723633
46916,coil2000_insurance_policies,hydra_small,9822,85,16384,4911,1,9,ok,,1.9979996932670474,1.1520230025053024,0.7074269652366638
46916,coil2000_insurance_policies,hydra_small,9822,85,16384,4911,1,10,ok,,1.9502637218683958,1.1044941050931811,0.7074269652366638
46916,coil2000_insurance_policies,hybrid_8l,9822,85,16384,4911,1,10,ok,,1.080863087438047,0.23854899778962135,0.5136741399765015
46916,coil2000_insurance_policies,hydra,9822,85,16384,4911,1,10,ok,,1.1459747152402997,0.2027658997103572,0.5103273391723633
46916,coil2000_insurance_policies,tabpfn,9822,85,16384,4911,1,10,ok,,1.342153586447239,0.49628629442304373,0.7275006771087646
46916,coil2000_insurance_policies,hydra_small,9822,85,16384,4911,1,11,ok,,1.9538572505116463,1.1048195203766227,0.7074269652366638
46916,coil2000_insurance_policies,tabpfn,9822,85,16384,4911,1,11,ok,,1.358574165031314,0.4959816886112094,0.7275006771087646
46916,coil2000_insurance_policies,hybrid_8l,9822,85,16384,4911,1,11,ok,,1.0824426095932722,0.2384277880191803,0.5136741399765015
46916,coil2000_insurance_policies,hydra,9822,85,16384,4911,1,11,ok,,1.0728815477341413,0.2023570155724883,0.5103273391723633
46916,coil2000_insurance_policies,tabpfn,9822,85,16384,4911,1,12,ok,,1.337661838158965,0.4959973180666566,0.7275006771087646
46916,coil2000_insurance_policies,hydra,9822,85,16384,4911,1,12,ok,,1.0419833743944764,0.20225042384117842,0.5103273391723633
46916,coil2000_insurance_policies,hybrid_8l,9822,85,16384,4911,1,12,ok,,1.0797111066058278,0.23862080369144678,0.5136741399765015
46916,coil2000_insurance_policies,hydra_small,9822,85,16384,4911,1,12,ok,,2.3630786584690213,1.1053386852145195,0.7074269652366638
46916,coil2000_insurance_policies,hydra_small,9822,85,16384,4911,1,13,ok,,2.3665643725544214,1.1047910582274199,0.7074269652366638
46916,coil2000_insurance_policies,tabpfn,9822,85,16384,4911,1,13,ok,,1.753861216828227,0.496165506541729,0.7275006771087646
46916,coil2000_insurance_policies,hybrid_8l,9822,85,16384,4911,1,13,ok,,1.3850990738719702,0.2390396473929286,0.5136741399765015
46916,coil2000_insurance_policies,hydra,9822,85,16384,4911,1,13,ok,,1.0447641424834728,0.20261876191943884,0.5103273391723633
46916,coil2000_insurance_policies,hydra,9822,85,16384,4911,1,14,ok,,1.039161297492683,0.20219342596828938,0.5103273391723633
46916,coil2000_insurance_policies,tabpfn,9822,85,16384,4911,1,14,ok,,1.3329174211248755,0.49595785420387983,0.7275006771087646
46916,coil2000_insurance_policies,hybrid_8l,9822,85,16384,4911,1,14,ok,,1.222666441462934,0.23815818689763546,0.5136741399765015
46916,coil2000_insurance_policies,hydra_small,9822,85,16384,4911,1,14,ok,,2.108627828769386,1.2684596627950668,0.7074269652366638
46916,coil2000_insurance_policies,hybrid_8l,9822,85,16384,4911,1,15,ok,,1.083852262236178,0.2384128188714385,0.5136741399765015
46916,coil2000_insurance_policies,hydra_small,9822,85,16384,4911,1,15,ok,,2.0009032851085067,1.1047440189868212,0.7074269652366638
46916,coil2000_insurance_policies,hydra,9822,85,16384,4911,1,15,ok,,1.0745435170829296,0.20217015221714973,0.5103273391723633
46916,coil2000_insurance_policies,tabpfn,9822,85,16384,4911,1,15,ok,,1.3348830956965685,0.49610338918864727,0.7275006771087646
46916,coil2000_insurance_policies,hydra,9822,85,16384,4911,2,1,ok,,1.071147944778204,0.20202898420393467,0.5425748229026794
46916,coil2000_insurance_policies,hydra_small,9822,85,16384,4911,2,1,ok,,2.0031159864738584,1.1041165003553033,0.7008085250854492
46916,coil2000_insurance_policies,tabpfn,9822,85,16384,4911,2,1,ok,,1.3387890448793769,0.4962696246802807,0.7202075123786926
46916,coil2000_insurance_policies,hybrid_8l,9822,85,16384,4911,2,1,ok,,1.0831336695700884,0.2384467637166381,0.5343070030212402
46916,coil2000_insurance_policies,hybrid_8l,9822,85,16384,4911,2,2,ok,,1.0801435764878988,0.23839881364256144,0.5343070030212402
46916,coil2000_insurance_policies,hydra,9822,85,16384,4911,2,2,ok,,1.0450577288866043,0.20243234746158123,0.5425748229026794
46916,coil2000_insurance_policies,hydra_small,9822,85,16384,4911,2,2,ok,,1.9529734272509813,1.1041530398651958,0.7008085250854492
46916,coil2000_insurance_policies,tabpfn,9822,85,16384,4911,2,2,ok,,1.368771563284099,0.4963116431608796,0.7202075123786926
46916,coil2000_insurance_policies,hybrid_8l,9822,85,16384,4911,2,3,ok,,1.1494470750913024,0.23832127545028925,0.5343070030212402
46916,coil2000_insurance_policies,hydra,9822,85,16384,4911,2,3,ok,,1.050665132701397,0.20244035311043262,0.5425748229026794
46916,coil2000_insurance_policies,hydra_small,9822,85,16384,4911,2,3,ok,,1.9502377659082413,1.1043117307126522,0.7008085250854492
46916,coil2000_insurance_policies,tabpfn,9822,85,16384,4911,2,3,ok,,1.3387654004618526,0.4961248803883791,0.7202075123786926
46916,coil2000_insurance_policies,hydra_small,9822,85,16384,4911,2,4,ok,,1.9675051271915436,1.1045333305373788,0.7008085250854492
46916,coil2000_insurance_policies,hydra,9822,85,16384,4911,2,4,ok,,1.055807063356042,0.20280654821544886,0.5425748229026794
46916,coil2000_insurance_policies,hybrid_8l,9822,85,16384,4911,2,4,ok,,1.0824107425287366,0.2383627463132143,0.5343070030212402
46916,coil2000_insurance_policies,tabpfn,9822,85,16384,4911,2,4,ok,,1.3402986349537969,0.49622438848018646,0.7202075123786926
46916,coil2000_insurance_policies,tabpfn,9822,85,16384,4911,2,5,ok,,1.343981041572988,0.4962451485916972,0.7202075123786926
46916,coil2000_insurance_policies,hydra_small,9822,85,16384,4911,2,5,ok,,1.9530339129269123,1.105475977063179,0.7008085250854492
46916,coil2000_insurance_policies,hybrid_8l,9822,85,16384,4911,2,5,ok,,1.0817716922610998,0.2382258167490363,0.5343070030212402
46916,coil2000_insurance_policies,hydra,9822,85,16384,4911,2,5,ok,,1.04867522418499,0.20288338232785463,0.5425748229026794
46916,coil2000_insurance_policies,hydra,9822,85,16384,4911,2,6,ok,,1.0467380927875638,0.20246229507029057,0.5425748229026794
46916,coil2000_insurance_policies,hydra_small,9822,85,16384,4911,2,6,ok,,1.9478839468210936,1.1040229750797153,0.7008085250854492
46916,coil2000_insurance_policies,hybrid_8l,9822,85,16384,4911,2,6,ok,,1.0795789379626513,0.23842307925224304,0.5343070030212402
46916,coil2000_insurance_policies,tabpfn,9822,85,16384,4911,2,6,ok,,1.3406776143237948,0.49617358297109604,0.7202075123786926
46916,coil2000_insurance_policies,hybrid_8l,9822,85,16384,4911,2,7,ok,,1.0911127366125584,0.23858011793345213,0.5343070030212402
46916,coil2000_insurance_policies,tabpfn,9822,85,16384,4911,2,7,ok,,1.4174797283485532,0.4960540058091283,0.7202075123786926
46916,coil2000_insurance_policies,hydra_small,9822,85,16384,4911,2,7,ok,,1.9581885188817978,1.1051161168143153,0.7008085250854492
46916,coil2000_insurance_policies,hydra,9822,85,16384,4911,2,7,ok,,1.056874386034906,0.20249420497566462,0.5425748229026794
46916,coil2000_insurance_policies,tabpfn,9822,85,16384,4911,2,8,ok,,1.3469246178865433,0.4961876291781664,0.7202075123786926
46916,coil2000_insurance_policies,hydra_small,9822,85,16384,4911,2,8,ok,,2.158144947141409,1.1039676098152995,0.7008085250854492
46916,coil2000_insurance_policies,hybrid_8l,9822,85,16384,4911,2,8,ok,,1.0873042130842805,0.2382546104490757,0.5343070030212402
46916,coil2000_insurance_policies,hydra,9822,85,16384,4911,2,8,ok,,1.051766480319202,0.202203874476254,0.5425748229026794
46916,coil2000_insurance_policies,hydra,9822,85,16384,4911,2,9,ok,,1.0487772366032004,0.20204322133213282,0.5425748229026794
46916,coil2000_insurance_policies,hybrid_8l,9822,85,16384,4911,2,9,ok,,1.0958720548078418,0.23868362326174974,0.5343070030212402
46916,coil2000_insurance_policies,hydra_small,9822,85,16384,4911,2,9,ok,,1.9528640024363995,1.104823642410338,0.7008085250854492
46916,coil2000_insurance_policies,tabpfn,9822,85,16384,4911,2,9,ok,,1.3412723010405898,0.49602276738733053,0.7202075123786926
46916,coil2000_insurance_policies,hydra_small,9822,85,16384,4911,2,10,ok,,1.9490810967981815,1.1048450218513608,0.7008085250854492
46916,coil2000_insurance_policies,hydra,9822,85,16384,4911,2,10,ok,,1.0681783203035593,0.2024927632883191,0.5425748229026794
46916,coil2000_insurance_policies,hybrid_8l,9822,85,16384,4911,2,10,ok,,1.0805432656779885,0.238305295817554,0.5343070030212402
46916,coil2000_insurance_policies,tabpfn,9822,85,16384,4911,2,10,ok,,1.3581563960760832,0.4960869289934635,0.7202075123786926
46916,coil2000_insurance_policies,hybrid_8l,9822,85,16384,4911,2,11,ok,,1.097878023982048,0.23831459414213896,0.5343070030212402
46916,coil2000_insurance_policies,hydra,9822,85,16384,4911,2,11,ok,,1.0461979219689965,0.20198618434369564,0.5425748229026794
46916,coil2000_insurance_policies,tabpfn,9822,85,16384,4911,2,11,ok,,1.3376843240112066,0.4961175173521042,0.7202075123786926
46916,coil2000_insurance_policies,hydra_small,9822,85,16384,4911,2,11,ok,,1.969181946478784,1.1049423469230533,0.7008085250854492
46916,coil2000_insurance_policies,hybrid_8l,9822,85,16384,4911,2,12,ok,,1.0822012554854155,0.23894640058279037,0.5343070030212402
46916,coil2000_insurance_policies,hydra_small,9822,85,16384,4911,2,12,ok,,2.0089401938021183,1.1049028327688575,0.7008085250854492
46916,coil2000_insurance_policies,tabpfn,9822,85,16384,4911,2,12,ok,,1.3766126995906234,0.49641184508800507,0.7202075123786926
46916,coil2000_insurance_policies,hydra,9822,85,16384,4911,2,12,ok,,1.0938978446647525,0.2029840238392353,0.5425748229026794
46916,coil2000_insurance_policies,hydra_small,9822,85,16384,4911,2,13,ok,,1.953260243870318,1.103998089209199,0.7008085250854492
46916,coil2000_insurance_policies,tabpfn,9822,85,16384,4911,2,13,ok,,1.7504844246432185,0.49620094522833824,0.7202075123786926
46916,coil2000_insurance_policies,hydra,9822,85,16384,4911,2,13,ok,,1.071088164113462,0.20227857679128647,0.5425748229026794
46916,coil2000_insurance_policies,hybrid_8l,9822,85,16384,4911,2,13,ok,,1.0762514863163233,0.23856367636471987,0.5343070030212402
46916,coil2000_insurance_policies,tabpfn,9822,85,16384,4911,2,14,ok,,1.7303217584267259,0.4960779519751668,0.7202075123786926
46916,coil2000_insurance_policies,hybrid_8l,9822,85,16384,4911,2,14,ok,,1.118232955224812,0.23845447972416878,0.5343070030212402
46916,coil2000_insurance_policies,hydra_small,9822,85,16384,4911,2,14,ok,,1.9520404543727636,1.1048789778724313,0.7008085250854492
46916,coil2000_insurance_policies,hydra,9822,85,16384,4911,2,14,ok,,1.1437388248741627,0.2026470359414816,0.5425748229026794
46916,coil2000_insurance_policies,hydra,9822,85,16384,4911,2,15,ok,,1.049957443960011,0.20259800273925066,0.5425748229026794
46916,coil2000_insurance_policies,tabpfn,9822,85,16384,4911,2,15,ok,,1.3449522936716676,0.4961116462945938,0.7202075123786926
46916,coil2000_insurance_policies,hybrid_8l,9822,85,16384,4911,2,15,ok,,1.5178263178095222,0.23879420291632414,0.5343070030212402
46916,coil2000_insurance_policies,hydra_small,9822,85,16384,4911,2,15,ok,,2.0664326092228293,1.104401484131813,0.7008085250854492
46916,coil2000_insurance_policies,hydra_small,9822,85,16384,4911,3,1,ok,,1.9401394492015243,1.104398287832737,0.7151293158531189
46916,coil2000_insurance_policies,hydra,9822,85,16384,4911,3,1,ok,,1.0279121119529009,0.20237273629754782,0.5188023447990417
46916,coil2000_insurance_policies,hybrid_8l,9822,85,16384,4911,3,1,ok,,1.0650969250127673,0.23871078435331583,0.5200839638710022
46916,coil2000_insurance_policies,tabpfn,9822,85,16384,4911,3,1,ok,,1.3271578336134553,0.4961890038102865,0.7336449027061462
46916,coil2000_insurance_policies,hydra,9822,85,16384,4911,3,2,ok,,1.208715126849711,0.20222242083400488,0.5188023447990417
46916,coil2000_insurance_policies,hydra_small,9822,85,16384,4911,3,2,ok,,2.339543743059039,1.1049106381833553,0.7151293158531189
46916,coil2000_insurance_policies,hybrid_8l,9822,85,16384,4911,3,2,ok,,1.4809755673632026,0.23885981738567352,0.5200839638710022
46916,coil2000_insurance_policies,tabpfn,9822,85,16384,4911,3,2,ok,,1.7191819353029132,0.4962126277387142,0.7336449027061462
46916,coil2000_insurance_policies,hydra_small,9822,85,16384,4911,3,3,ok,,1.9789510145783424,1.1045054700225592,0.7151293158531189
46916,coil2000_insurance_policies,hydra,9822,85,16384,4911,3,3,ok,,1.0371154472231865,0.20252509508281946,0.5188023447990417
46916,coil2000_insurance_policies,hybrid_8l,9822,85,16384,4911,3,3,ok,,1.064568773843348,0.23839811328798532,0.5200839638710022
46916,coil2000_insurance_policies,tabpfn,9822,85,16384,4911,3,3,ok,,1.3248983845114708,0.496077892370522,0.7336449027061462
46916,coil2000_insurance_policies,hydra_small,9822,85,16384,4911,3,4,ok,,1.9354204395785928,1.1045083459466696,0.7151293158531189
46916,coil2000_insurance_policies,hybrid_8l,9822,85,16384,4911,3,4,ok,,1.0718668587505817,0.23836261499673128,0.5200839638710022
46916,coil2000_insurance_policies,tabpfn,9822,85,16384,4911,3,4,ok,,1.3229780262336135,0.49609565548598766,0.7336449027061462
46916,coil2000_insurance_policies,hydra,9822,85,16384,4911,3,4,ok,,1.4477574285119772,0.20271718874573708,0.5188023447990417
46916,coil2000_insurance_policies,hybrid_8l,9822,85,16384,4911,3,5,ok,,1.4728811839595437,0.2385521037504077,0.5200839638710022
46916,coil2000_insurance_policies,hydra_small,9822,85,16384,4911,3,5,ok,,2.300199970602989,1.1040998036041856,0.7151293158531189
46916,coil2000_insurance_policies,hydra,9822,85,16384,4911,3,5,ok,,1.0304416241124272,0.20240468718111515,0.5188023447990417
46916,coil2000_insurance_policies,tabpfn,9822,85,16384,4911,3,5,ok,,1.323403723537922,0.49597431626170874,0.7336449027061462
46916,coil2000_insurance_policies,hydra,9822,85,16384,4911,3,6,ok,,1.5006297314539552,0.20268931612372398,0.5188023447990417
46916,coil2000_insurance_policies,tabpfn,9822,85,16384,4911,3,6,ok,,1.7433213675394654,0.49601360131055117,0.7336449027061462
46916,coil2000_insurance_policies,hydra_small,9822,85,16384,4911,3,6,ok,,2.3448057221248746,1.1047703633084893,0.7151293158531189
46916,coil2000_insurance_policies,hybrid_8l,9822,85,16384,4911,3,6,ok,,1.4774702275171876,0.23854594305157661,0.5200839638710022
46916,coil2000_insurance_policies,hybrid_8l,9822,85,16384,4911,3,7,ok,,1.4798112222924829,0.23842665646225214,0.5200839638710022
46916,coil2000_insurance_policies,hydra,9822,85,16384,4911,3,7,ok,,1.4390718461945653,0.2023048372939229,0.5188023447990417
46916,coil2000_insurance_policies,tabpfn,9822,85,16384,4911,3,7,ok,,1.415481386706233,0.4960369858890772,0.7336449027061462
46916,coil2000_insurance_policies,hydra_small,9822,85,16384,4911,3,7,ok,,1.935120813548565,1.1044888403266668,0.7151293158531189
46916,coil2000_insurance_policies,hydra,9822,85,16384,4911,3,8,ok,,1.0334515776485205,0.20256676338613033,0.5188023447990417
46916,coil2000_insurance_policies,hybrid_8l,9822,85,16384,4911,3,8,ok,,1.1365404091775417,0.2386233890429139,0.5200839638710022
46916,coil2000_insurance_policies,tabpfn,9822,85,16384,4911,3,8,ok,,1.3860576152801514,0.4962820000946522,0.7336449027061462
46916,coil2000_insurance_policies,hydra_small,9822,85,16384,4911,3,8,ok,,2.353112518787384,1.104766977019608,0.7151293158531189
46916,coil2000_insurance_policies,hybrid_8l,9822,85,16384,4911,3,9,ok,,1.4773447504267097,0.23830557707697153,0.5200839638710022
46916,coil2000_insurance_policies,tabpfn,9822,85,16384,4911,3,9,ok,,1.3540215259417892,0.4963378757238388,0.7336449027061462
46916,coil2000_insurance_policies,hydra_small,9822,85,16384,4911,3,9,ok,,2.3249452700838447,1.1053106570616364,0.7151293158531189
46916,coil2000_insurance_policies,hydra,9822,85,16384,4911,3,9,ok,,1.4428124437108636,0.20233110710978508,0.5188023447990417
46916,coil2000_insurance_policies,hybrid_8l,9822,85,16384,4911,3,10,ok,,1.4821489918977022,0.23850607685744762,0.5200839638710022
46916,coil2000_insurance_policies,hydra,9822,85,16384,4911,3,10,ok,,1.466085471212864,0.20267095230519772,0.5188023447990417
46916,coil2000_insurance_policies,hydra_small,9822,85,16384,4911,3,10,ok,,2.126044792123139,1.1049159793183208,0.7151293158531189
46916,coil2000_insurance_policies,tabpfn,9822,85,16384,4911,3,10,ok,,1.337598224170506,0.49603153485804796,0.7336449027061462
46916,coil2000_insurance_policies,hydra,9822,85,16384,4911,3,11,ok,,1.0494673885405064,0.20337918121367693,0.5188023447990417
46916,coil2000_insurance_policies,hybrid_8l,9822,85,16384,4911,3,11,ok,,1.081021362915635,0.23865160252898932,0.5200839638710022
46916,coil2000_insurance_policies,tabpfn,9822,85,16384,4911,3,11,ok,,1.3323885649442673,0.4967416999861598,0.7336449027061462
46916,coil2000_insurance_policies,hydra_small,9822,85,16384,4911,3,11,ok,,1.9564898973330855,1.1049905605614185,0.7151293158531189
46916,coil2000_insurance_policies,hydra,9822,85,16384,4911,3,12,ok,,1.0250810403376818,0.20255989115685225,0.5188023447990417
46916,coil2000_insurance_policies,hydra_small,9822,85,16384,4911,3,12,ok,,1.9323008824139833,1.1058564325794578,0.7151293158531189
46916,coil2000_insurance_policies,hybrid_8l,9822,85,16384,4911,3,12,ok,,1.063149898312986,0.23854785691946745,0.5200839638710022
46916,coil2000_insurance_policies,tabpfn,9822,85,16384,4911,3,12,ok,,1.3203733330592513,0.4961899146437645,0.7336449027061462
46916,coil2000_insurance_policies,hydra_small,9822,85,16384,4911,3,13,ok,,1.9301424035802484,1.1046029552817345,0.7151293158531189
46916,coil2000_insurance_policies,tabpfn,9822,85,16384,4911,3,13,ok,,1.3408289654180408,0.49632612336426973,0.7336449027061462
46916,coil2000_insurance_policies,hydra,9822,85,16384,4911,3,13,ok,,1.0271199028939009,0.20257140323519707,0.5188023447990417
46916,coil2000_insurance_policies,hybrid_8l,9822,85,16384,4911,3,13,ok,,1.0625497912988067,0.23847126122564077,0.5200839638710022
46916,coil2000_insurance_policies,hybrid_8l,9822,85,16384,4911,3,14,ok,,1.064186530187726,0.2388473441824317,0.5200839638710022
46916,coil2000_insurance_policies,hydra_small,9822,85,16384,4911,3,14,ok,,1.9343251781538129,1.1057487465441227,0.7151293158531189
46916,coil2000_insurance_policies,tabpfn,9822,85,16384,4911,3,14,ok,,1.3174861641600728,0.4961940227076411,0.7336449027061462
46916,coil2000_insurance_policies,hydra,9822,85,16384,4911,3,14,ok,,1.0262327818199992,0.2030736841261387,0.5188023447990417
46916,coil2000_insurance_policies,tabpfn,9822,85,16384,4911,3,15,ok,,1.3191384449601173,0.49638738948851824,0.7336449027061462
46916,coil2000_insurance_policies,hydra,9822,85,16384,4911,3,15,ok,,1.1081051817163825,0.20275436900556087,0.5188023447990417
46916,coil2000_insurance_policies,hybrid_8l,9822,85,16384,4911,3,15,ok,,1.0643400428816676,0.23855083156377077,0.5200839638710022
46916,coil2000_insurance_policies,hydra_small,9822,85,16384,4911,3,15,ok,,1.9299659002572298,1.1055086934939027,0.7151293158531189
46916,coil2000_insurance_policies,hybrid_8l,9822,85,16384,4911,4,1,ok,,1.0734605807811022,0.23880006559193134,0.5346173048019409
46916,coil2000_insurance_policies,hydra_small,9822,85,16384,4911,4,1,ok,,1.9386812411248684,1.1051681973040104,0.7117169499397278
46916,coil2000_insurance_policies,hydra,9822,85,16384,4911,4,1,ok,,1.0326269855722785,0.20260336343199015,0.5264841914176941
46916,coil2000_insurance_policies,tabpfn,9822,85,16384,4911,4,1,ok,,1.3275136705487967,0.49648286029696465,0.7177010774612427
46916,coil2000_insurance_policies,tabpfn,9822,85,16384,4911,4,2,ok,,1.3278012154623866,0.4964297506958246,0.7177010774612427
46916,coil2000_insurance_policies,hydra_small,9822,85,16384,4911,4,2,ok,,1.9379676897078753,1.1049876268953085,0.7117169499397278
46916,coil2000_insurance_policies,hydra,9822,85,16384,4911,4,2,ok,,1.0341645497828722,0.20285232551395893,0.5264841914176941
46916,coil2000_insurance_policies,hybrid_8l,9822,85,16384,4911,4,2,ok,,1.0695786867290735,0.23861596547067165,0.5346173048019409
46916,coil2000_insurance_policies,hydra_small,9822,85,16384,4911,4,3,ok,,1.9410543870180845,1.1057279594242573,0.7117169499397278
46916,coil2000_insurance_policies,tabpfn,9822,85,16384,4911,4,3,ok,,1.3296394981443882,0.49635006953030825,0.7177010774612427
46916,coil2000_insurance_policies,hydra,9822,85,16384,4911,4,3,ok,,1.034403351135552,0.20246141403913498,0.5264841914176941
46916,coil2000_insurance_policies,hybrid_8l,9822,85,16384,4911,4,3,ok,,1.0689986879006028,0.2386198341846466,0.5346173048019409
46916,coil2000_insurance_policies,hydra,9822,85,16384,4911,4,4,ok,,1.033086797222495,0.20255327876657248,0.5264841914176941
46916,coil2000_insurance_policies,hybrid_8l,9822,85,16384,4911,4,4,ok,,1.0687008053064346,0.23837598226964474,0.5346173048019409
46916,coil2000_insurance_policies,tabpfn,9822,85,16384,4911,4,4,ok,,1.328354344703257,0.4961708299815655,0.7177010774612427
46916,coil2000_insurance_policies,hydra_small,9822,85,16384,4911,4,4,ok,,1.9411754254251719,1.1047147093340755,0.7117169499397278
46916,coil2000_insurance_policies,tabpfn,9822,85,16384,4911,4,5,ok,,1.335258623585105,0.49638244044035673,0.7177010774612427
46916,coil2000_insurance_policies,hybrid_8l,9822,85,16384,4911,4,5,ok,,1.1027347082272172,0.2386233899742365,0.5346173048019409
46916,coil2000_insurance_policies,hydra,9822,85,16384,4911,4,5,ok,,1.0473171547055244,0.2026286916807294,0.5264841914176941
46916,coil2000_insurance_policies,hydra_small,9822,85,16384,4911,4,5,ok,,2.020774490199983,1.1757904570549726,0.7117169499397278
46916,coil2000_insurance_policies,hybrid_8l,9822,85,16384,4911,4,6,ok,,1.0797467594966292,0.2386144334450364,0.5346173048019409
46916,coil2000_insurance_policies,hydra_small,9822,85,16384,4911,4,6,ok,,1.9794613867998123,1.137171296402812,0.7117169499397278
46916,coil2000_insurance_policies,tabpfn,9822,85,16384,4911,4,6,ok,,1.4209321541711688,0.4967243578284979,0.7177010774612427
46916,coil2000_insurance_policies,hydra,9822,85,16384,4911,4,6,ok,,1.0402511302381754,0.20251282211393118,0.5264841914176941
46916,coil2000_insurance_policies,hydra,9822,85,16384,4911,4,7,ok,,1.036850007250905,0.20302040316164494,0.5264841914176941
46916,coil2000_insurance_policies,hydra_small,9822,85,16384,4911,4,7,ok,,1.9452266711741686,1.1046592947095633,0.7117169499397278
46916,coil2000_insurance_policies,tabpfn,9822,85,16384,4911,4,7,ok,,1.3314239587634802,0.4963453207165003,0.7177010774612427
46916,coil2000_insurance_policies,hybrid_8l,9822,85,16384,4911,4,7,ok,,1.0941973868757486,0.23877369426190853,0.5346173048019409
46916,coil2000_insurance_policies,hybrid_8l,9822,85,16384,4911,4,8,ok,,1.0768458545207977,0.23840207140892744,0.5346173048019409
46916,coil2000_insurance_policies,hydra_small,9822,85,16384,4911,4,8,ok,,1.9940677070990205,1.154481758363545,0.7117169499397278
46916,coil2000_insurance_policies,tabpfn,9822,85,16384,4911,4,8,ok,,1.3432440217584372,0.4964769994840026,0.7177010774612427
46916,coil2000_insurance_policies,hydra,9822,85,16384,4911,4,8,ok,,1.0450958171859384,0.2027101954445243,0.5264841914176941
46916,coil2000_insurance_policies,hybrid_8l,9822,85,16384,4911,4,9,ok,,1.080077487975359,0.23858504835516214,0.5346173048019409
46916,coil2000_insurance_policies,hydra,9822,85,16384,4911,4,9,ok,,1.0415492784231901,0.20287381578236818,0.5264841914176941
46916,coil2000_insurance_policies,hydra_small,9822,85,16384,4911,4,9,ok,,1.9486133875325322,1.1049632607027888,0.7117169499397278
46916,coil2000_insurance_policies,tabpfn,9822,85,16384,4911,4,9,ok,,1.336702149361372,0.4963072780519724,0.7177010774612427
46916,coil2000_insurance_policies,hydra_small,9822,85,16384,4911,4,10,ok,,1.9694070797413588,1.10445517860353,0.7117169499397278
46916,coil2000_insurance_policies,hybrid_8l,9822,85,16384,4911,4,10,ok,,1.0732869328930974,0.2386180004104972,0.5346173048019409
46916,coil2000_insurance_policies,tabpfn,9822,85,16384,4911,4,10,ok,,1.33333370834589,0.49672755412757397,0.7177010774612427
46916,coil2000_insurance_policies,hydra,9822,85,16384,4911,4,10,ok,,1.0401263339444995,0.20262592658400536,0.5264841914176941
46916,coil2000_insurance_policies,hydra,9822,85,16384,4911,4,11,ok,,1.0380916697904468,0.20287492778152227,0.5264841914176941
46916,coil2000_insurance_policies,hydra_small,9822,85,16384,4911,4,11,ok,,1.9488737415522337,1.1047655073925853,0.7117169499397278
46916,coil2000_insurance_policies,tabpfn,9822,85,16384,4911,4,11,ok,,1.334468168206513,0.49665642995387316,0.7177010774612427
46916,coil2000_insurance_policies,hybrid_8l,9822,85,16384,4911,4,11,ok,,1.0980354566127062,0.2387916585430503,0.5346173048019409
46916,coil2000_insurance_policies,hydra,9822,85,16384,4911,4,12,ok,,1.0506867496296763,0.20311808865517378,0.5264841914176941
46916,coil2000_insurance_policies,hydra_small,9822,85,16384,4911,4,12,ok,,1.9449495282024145,1.1047031683847308,0.7117169499397278
46916,coil2000_insurance_policies,hybrid_8l,9822,85,16384,4911,4,12,ok,,1.0741966078057885,0.23909106571227312,0.5346173048019409
46916,coil2000_insurance_policies,tabpfn,9822,85,16384,4911,4,12,ok,,1.3348876424133778,0.4963751472532749,0.7177010774612427
46916,coil2000_insurance_policies,hybrid_8l,9822,85,16384,4911,4,13,ok,,1.0765636609867215,0.23860431369394064,0.5346173048019409
46916,coil2000_insurance_policies,tabpfn,9822,85,16384,4911,4,13,ok,,1.351866747252643,0.49635260459035635,0.7177010774612427
46916,coil2000_insurance_policies,hydra_small,9822,85,16384,4911,4,13,ok,,1.9867202593013644,1.1046795034781098,0.7117169499397278
46916,coil2000_insurance_policies,hydra,9822,85,16384,4911,4,13,ok,,1.0400719614699483,0.20271144807338715,0.5264841914176941
46916,coil2000_insurance_policies,hydra,9822,85,16384,4911,4,14,ok,,1.077524822205305,0.20290492568165064,0.5264841914176941
46916,coil2000_insurance_policies,hydra_small,9822,85,16384,4911,4,14,ok,,1.948018272407353,1.1045142216607928,0.7117169499397278
46916,coil2000_insurance_policies,tabpfn,9822,85,16384,4911,4,14,ok,,1.337989137507975,0.4961862191557884,0.7177010774612427
46916,coil2000_insurance_policies,hybrid_8l,9822,85,16384,4911,4,14,ok,,1.0741733219474554,0.23873378988355398,0.5346173048019409
46916,coil2000_insurance_policies,hybrid_8l,9822,85,16384,4911,4,15,ok,,1.0752811217680573,0.23877918533980846,0.5346173048019409
46916,coil2000_insurance_policies,hydra_small,9822,85,16384,4911,4,15,ok,,1.945874440483749,1.1052042683586478,0.7117169499397278
46916,coil2000_insurance_policies,hydra,9822,85,16384,4911,4,15,ok,,1.0663200318813324,0.2024507112801075,0.5264841914176941
46916,coil2000_insurance_policies,tabpfn,9822,85,16384,4911,4,15,ok,,1.3378274971619248,0.4959551114588976,0.7177010774612427
46916,coil2000_insurance_policies,hybrid_8l,9822,85,16384,4911,5,1,ok,,1.0651148222386837,0.2387355174869299,0.5410045385360718
46916,coil2000_insurance_policies,hydra,9822,85,16384,4911,5,1,ok,,1.0312497597187757,0.20281633269041777,0.542374849319458
46916,coil2000_insurance_policies,tabpfn,9822,85,16384,4911,5,1,ok,,1.329429459758103,0.49623201508075,0.7235096096992493
46916,coil2000_insurance_policies,hydra_small,9822,85,16384,4911,5,1,ok,,1.9367258083075285,1.104388034902513,0.7264302968978882
46916,coil2000_insurance_policies,tabpfn,9822,85,16384,4911,5,2,ok,,1.332130130380392,0.4959871368482709,0.7235096096992493
46916,coil2000_insurance_policies,hydra,9822,85,16384,4911,5,2,ok,,1.033376189880073,0.20291452761739492,0.542374849319458
46916,coil2000_insurance_policies,hybrid_8l,9822,85,16384,4911,5,2,ok,,1.0893692094832659,0.23856673389673233,0.5410045385360718
46916,coil2000_insurance_policies,hydra_small,9822,85,16384,4911,5,2,ok,,2.0392886037006974,1.2071289755403996,0.7264302968978882
46916,coil2000_insurance_policies,tabpfn,9822,85,16384,4911,5,3,ok,,1.3739408468827605,0.49622952193021774,0.7235096096992493
46916,coil2000_insurance_policies,hydra_small,9822,85,16384,4911,5,3,ok,,1.9391171904280782,1.1051035933196545,0.7264302968978882
46916,coil2000_insurance_policies,hybrid_8l,9822,85,16384,4911,5,3,ok,,1.0702987601980567,0.2382513638585806,0.5410045385360718
46916,coil2000_insurance_policies,hydra,9822,85,16384,4911,5,3,ok,,1.0674560312181711,0.2025913018733263,0.542374849319458
46916,coil2000_insurance_policies,tabpfn,9822,85,16384,4911,5,4,ok,,1.3875436373054981,0.496314468793571,0.7235096096992493
46916,coil2000_insurance_policies,hydra,9822,85,16384,4911,5,4,ok,,1.0292388973757625,0.202482795342803,0.542374849319458
46916,coil2000_insurance_policies,hydra_small,9822,85,16384,4911,5,4,ok,,1.9332335339859128,1.104449669830501,0.7264302968978882
46916,coil2000_insurance_policies,hybrid_8l,9822,85,16384,4911,5,4,ok,,1.0656179143115878,0.23891775403171778,0.5410045385360718
46916,coil2000_insurance_policies,hydra,9822,85,16384,4911,5,5,ok,,1.398697104305029,0.2025731448084116,0.542374849319458
46916,coil2000_insurance_policies,hydra_small,9822,85,16384,4911,5,5,ok,,1.931753003038466,1.1041855607181787,0.7264302968978882
46916,coil2000_insurance_policies,tabpfn,9822,85,16384,4911,5,5,ok,,1.32277721632272,0.4962411215528846,0.7235096096992493
46916,coil2000_insurance_policies,hybrid_8l,9822,85,16384,4911,5,5,ok,,1.063780402764678,0.23838606476783752,0.5410045385360718
46916,coil2000_insurance_policies,hydra,9822,85,16384,4911,5,6,ok,,1.0271243210881948,0.20240103546530008,0.542374849319458
46916,coil2000_insurance_policies,hydra_small,9822,85,16384,4911,5,6,ok,,1.933909653685987,1.104164962656796,0.7264302968978882
46916,coil2000_insurance_policies,hybrid_8l,9822,85,16384,4911,5,6,ok,,1.1078083161264658,0.23855000268667936,0.5410045385360718
46916,coil2000_insurance_policies,tabpfn,9822,85,16384,4911,5,6,ok,,1.710459090769291,0.4959954200312495,0.7235096096992493
46916,coil2000_insurance_policies,hybrid_8l,9822,85,16384,4911,5,7,ok,,1.4983535073697567,0.23843342065811157,0.5410045385360718
46916,coil2000_insurance_policies,hydra_small,9822,85,16384,4911,5,7,ok,,2.3439652482047677,1.1044017784297466,0.7264302968978882
46916,coil2000_insurance_policies,hydra,9822,85,16384,4911,5,7,ok,,1.471171927638352,0.20241581182926893,0.542374849319458
46916,coil2000_insurance_policies,tabpfn,9822,85,16384,4911,5,7,ok,,1.7345173601061106,0.49633682146668434,0.7235096096992493
46916,coil2000_insurance_policies,hydra_small,9822,85,16384,4911,5,8,ok,,1.9983190158382058,1.1048851553350687,0.7264302968978882
46916,coil2000_insurance_policies,tabpfn,9822,85,16384,4911,5,8,ok,,1.3263224568217993,0.49657976906746626,0.7235096096992493
46916,coil2000_insurance_policies,hydra,9822,85,16384,4911,5,8,ok,,1.0305508077144623,0.20248106308281422,0.542374849319458
46916,coil2000_insurance_policies,hybrid_8l,9822,85,16384,4911,5,8,ok,,1.0665159728378057,0.23853983730077744,0.5410045385360718
46916,coil2000_insurance_policies,hydra,9822,85,16384,4911,5,9,ok,,1.028831104747951,0.20298844389617443,0.542374849319458
46916,coil2000_insurance_policies,tabpfn,9822,85,16384,4911,5,9,ok,,1.3205467397347093,0.49647657945752144,0.7235096096992493
46916,coil2000_insurance_policies,hydra_small,9822,85,16384,4911,5,9,ok,,1.9622808741405606,1.105279227718711,0.7264302968978882
46916,coil2000_insurance_policies,hybrid_8l,9822,85,16384,4911,5,9,ok,,1.0695780478417873,0.23885113559663296,0.5410045385360718
46916,coil2000_insurance_policies,hydra,9822,85,16384,4911,5,10,ok,,1.0285533890128136,0.20257361605763435,0.542374849319458
46916,coil2000_insurance_policies,tabpfn,9822,85,16384,4911,5,10,ok,,1.3400014620274305,0.4967401251196861,0.7235096096992493
46916,coil2000_insurance_policies,hybrid_8l,9822,85,16384,4911,5,10,ok,,1.478599775582552,0.23847141489386559,0.5410045385360718
46916,coil2000_insurance_policies,hydra_small,9822,85,16384,4911,5,10,ok,,2.345275721512735,1.1057015750557184,0.7264302968978882
46916,coil2000_insurance_policies,hydra_small,9822,85,16384,4911,5,11,ok,,2.3475204575806856,1.105277156457305,0.7264302968978882
46916,coil2000_insurance_policies,tabpfn,9822,85,16384,4911,5,11,ok,,1.3427641093730927,0.495786190032959,0.7235096096992493
46916,coil2000_insurance_policies,hybrid_8l,9822,85,16384,4911,5,11,ok,,1.4893806902691722,0.23876646161079407,0.5410045385360718
46916,coil2000_insurance_policies,hydra,9822,85,16384,4911,5,11,ok,,1.452816914767027,0.20262038055807352,0.542374849319458
46916,coil2000_insurance_policies,tabpfn,9822,85,16384,4911,5,12,ok,,1.41433718893677,0.49662868306040764,0.7235096096992493
46916,coil2000_insurance_policies,hydra_small,9822,85,16384,4911,5,12,ok,,2.3656045123934746,1.105435491539538,0.7264302968978882
46916,coil2000_insurance_policies,hybrid_8l,9822,85,16384,4911,5,12,ok,,1.4789854809641838,0.23889277782291174,0.5410045385360718
46916,coil2000_insurance_policies,hydra,9822,85,16384,4911,5,12,ok,,1.4519736720249057,0.2028476083651185,0.542374849319458
46916,coil2000_insurance_policies,tabpfn,9822,85,16384,4911,5,13,ok,,1.7517301430925727,0.49670094531029463,0.7235096096992493
46916,coil2000_insurance_policies,hybrid_8l,9822,85,16384,4911,5,13,ok,,1.481084599159658,0.2389130350202322,0.5410045385360718
46916,coil2000_insurance_policies,hydra,9822,85,16384,4911,5,13,ok,,1.426257960498333,0.20229266583919525,0.542374849319458
46916,coil2000_insurance_policies,hydra_small,9822,85,16384,4911,5,13,ok,,1.9479818660765886,1.105219486169517,0.7264302968978882
46916,coil2000_insurance_policies,hydra,9822,85,16384,4911,5,14,ok,,1.0295089865103364,0.20207726676017046,0.542374849319458
46916,coil2000_insurance_policies,tabpfn,9822,85,16384,4911,5,14,ok,,1.324754194356501,0.4964639600366354,0.7235096096992493
46916,coil2000_insurance_policies,hybrid_8l,9822,85,16384,4911,5,14,ok,,1.0619324957951903,0.23901201970875263,0.5410045385360718
46916,coil2000_insurance_policies,hydra_small,9822,85,16384,4911,5,14,ok,,1.9309682622551918,1.104624629020691,0.7264302968978882
46916,coil2000_insurance_policies,hydra,9822,85,16384,4911,5,15,ok,,1.027839013375342,0.20248755253851414,0.542374849319458
46916,coil2000_insurance_policies,tabpfn,9822,85,16384,4911,5,15,ok,,1.7115442408248782,0.4971009027212858,0.7235096096992493
46916,coil2000_insurance_policies,hybrid_8l,9822,85,16384,4911,5,15,ok,,1.0685936911031604,0.2385630952194333,0.5410045385360718
46916,coil2000_insurance_policies,hydra_small,9822,85,16384,4911,5,15,ok,,1.9958730610087514,1.1052581407129765,0.7264302968978882
46932,heloc,hydra,10459,23,16384,5229,1,1,ok,,0.5855937330052257,0.21692986320704222,0.7728077173233032
46932,heloc,tabpfn,10459,23,16384,5229,1,1,ok,,0.8182554636150599,0.5541416704654694,0.7935216426849365
46932,heloc,hybrid_8l,10459,23,16384,5229,1,1,ok,,0.5382566917687654,0.26283034961670637,0.7774468660354614
46932,heloc,hydra_small,10459,23,16384,5229,1,1,ok,,1.4933143658563495,1.2258189544081688,0.7913433313369751
46932,heloc,hybrid_8l,10459,23,16384,5229,1,2,ok,,0.7820906545966864,0.26308523025363684,0.7774468660354614
46932,heloc,tabpfn,10459,23,16384,5229,1,2,ok,,0.8180798552930355,0.5543715329840779,0.7935216426849365
46932,heloc,hydra,10459,23,16384,5229,1,2,ok,,0.4798345295712352,0.21607237588614225,0.7728077173233032
46932,heloc,hydra_small,10459,23,16384,5229,1,2,ok,,1.4980028457939625,1.2305321926251054,0.7913433313369751
46932,heloc,hybrid_8l,10459,23,16384,5229,1,3,ok,,0.5519117992371321,0.2626633010804653,0.7774468660354614
46932,heloc,hydra_small,10459,23,16384,5229,1,3,ok,,1.5057928655296564,1.2286378974094987,0.7913433313369751
46932,heloc,tabpfn,10459,23,16384,5229,1,3,ok,,0.8175729094073176,0.55419060587883,0.7935216426849365
46932,heloc,hydra,10459,23,16384,5229,1,3,ok,,0.5149734653532505,0.21599606052041054,0.7728077173233032
46932,heloc,hydra,10459,23,16384,5229,1,4,ok,,0.5979845384135842,0.21611066721379757,0.7728077173233032
46932,heloc,hybrid_8l,10459,23,16384,5229,1,4,ok,,0.5238390490412712,0.26261969562619925,0.7774468660354614
46932,heloc,hydra_small,10459,23,16384,5229,1,4,ok,,1.4931038469076157,1.2259727390483022,0.7913433313369751
46932,heloc,tabpfn,10459,23,16384,5229,1,4,ok,,0.8372122664004564,0.5537239778786898,0.7935216426849365
46932,heloc,hydra,10459,23,16384,5229,1,5,ok,,0.48325770255178213,0.21609411481767893,0.7728077173233032
46932,heloc,hydra_small,10459,23,16384,5229,1,5,ok,,1.5164473727345467,1.2248153490945697,0.7913433313369751
46932,heloc,tabpfn,10459,23,16384,5229,1,5,ok,,0.815446961671114,0.5534148095175624,0.7935216426849365
46932,heloc,hybrid_8l,10459,23,16384,5229,1,5,ok,,0.524126298725605,0.2624221099540591,0.7774468660354614
46932,heloc,hybrid_8l,10459,23,16384,5229,1,6,ok,,0.5989110181108117,0.26254309900105,0.7774468660354614
46932,heloc,tabpfn,10459,23,16384,5229,1,6,ok,,0.8201222494244576,0.5538865625858307,0.7935216426849365
46932,heloc,hydra,10459,23,16384,5229,1,6,ok,,0.5213538929820061,0.2158939139917493,0.7728077173233032
46932,heloc,hydra_small,10459,23,16384,5229,1,6,ok,,1.6348936334252357,1.224793660454452,0.7913433313369751
46932,heloc,hydra_small,10459,23,16384,5229,1,7,ok,,1.4928335640579462,1.2267157612368464,0.7913433313369751
46932,heloc,hybrid_8l,10459,23,16384,5229,1,7,ok,,0.5549606243148446,0.26300699543207884,0.7774468660354614
46932,heloc,tabpfn,10459,23,16384,5229,1,7,ok,,1.2271924912929535,0.5535707389935851,0.7935216426849365
46932,heloc,hydra,10459,23,16384,5229,1,7,ok,,0.8940473115071654,0.21578908432275057,0.7728077173233032
46932,heloc,tabpfn,10459,23,16384,5229,1,8,ok,,1.087736307643354,0.5534976292401552,0.7935216426849365
46932,heloc,hybrid_8l,10459,23,16384,5229,1,8,ok,,0.943055022507906,0.2626282274723053,0.7774468660354614
46932,heloc,hydra,10459,23,16384,5229,1,8,ok,,0.9001639196649194,0.21574890706688166,0.7728077173233032
46932,heloc,hydra_small,10459,23,16384,5229,1,8,ok,,1.9059471543878317,1.2273683240637183,0.7913433313369751
46932,heloc,hydra,10459,23,16384,5229,1,9,ok,,0.9088059654459357,0.21583846490830183,0.7728077173233032
46932,heloc,hybrid_8l,10459,23,16384,5229,1,9,ok,,0.937067006714642,0.2627587616443634,0.7774468660354614
46932,heloc,tabpfn,10459,23,16384,5229,1,9,ok,,0.8502440517768264,0.5534359067678452,0.7935216426849365
46932,heloc,hydra_small,10459,23,16384,5229,1,9,ok,,1.49077252112329,1.2247394938021898,0.7913433313369751
46932,heloc,hybrid_8l,10459,23,16384,5229,1,10,ok,,0.5253657950088382,0.2624389845877886,0.7774468660354614
46932,heloc,hydra_small,10459,23,16384,5229,1,10,ok,,1.490206453949213,1.2239701319485903,0.7913433313369751
46932,heloc,tabpfn,10459,23,16384,5229,1,10,ok,,1.2385669145733118,0.5536388577893376,0.7935216426849365
46932,heloc,hydra,10459,23,16384,5229,1,10,ok,,0.8942181477323174,0.21581901609897614,0.7728077173233032
46932,heloc,hydra_small,10459,23,16384,5229,1,11,ok,,1.7980635296553373,1.2262348784133792,0.7913433313369751
46932,heloc,tabpfn,10459,23,16384,5229,1,11,ok,,0.8164438121020794,0.5536373117938638,0.7935216426849365
46932,heloc,hydra,10459,23,16384,5229,1,11,ok,,0.479571376927197,0.21602090820670128,0.7728077173233032
46932,heloc,hybrid_8l,10459,23,16384,5229,1,11,ok,,0.5252670710906386,0.2626279005780816,0.7774468660354614
46932,heloc,tabpfn,10459,23,16384,5229,1,12,ok,,0.8164883935824037,0.5537361884489655,0.7935216426849365
46932,heloc,hydra_small,10459,23,16384,5229,1,12,ok,,1.495020099915564,1.2277840860188007,0.7913433313369751
46932,heloc,hydra,10459,23,16384,5229,1,12,ok,,0.4793332424014807,0.21596392896026373,0.7728077173233032
46932,heloc,hybrid_8l,10459,23,16384,5229,1,12,ok,,0.5237926645204425,0.26236200518906116,0.7774468660354614
46932,heloc,tabpfn,10459,23,16384,5229,1,13,ok,,0.8166688522323966,0.5537498816847801,0.7935216426849365
46932,heloc,hybrid_8l,10459,23,16384,5229,1,13,ok,,0.5251152897253633,0.26238026935607195,0.7774468660354614
46932,heloc,hydra_small,10459,23,16384,5229,1,13,ok,,1.4918142473325133,1.2260324703529477,0.7913433313369751
46932,heloc,hydra,10459,23,16384,5229,1,13,ok,,0.47884123772382736,0.21608856413513422,0.7728077173233032
46932,heloc,hydra,10459,23,16384,5229,1,14,ok,,0.4793040845543146,0.21578743308782578,0.7728077173233032
46932,heloc,hydra_small,10459,23,16384,5229,1,14,ok,,1.49126167409122,1.2258961470797658,0.7913433313369751
46932,heloc,hybrid_8l,10459,23,16384,5229,1,14,ok,,0.5249497247859836,0.2625980703160167,0.7774468660354614
46932,heloc,tabpfn,10459,23,16384,5229,1,14,ok,,0.8166648875921965,0.5540408780798316,0.7935216426849365
46932,heloc,hydra,10459,23,16384,5229,1,15,ok,,0.478073981590569,0.21586602088063955,0.7728077173233032
46932,heloc,tabpfn,10459,23,16384,5229,1,15,ok,,0.8375633340328932,0.5534152528271079,0.7935216426849365
46932,heloc,hydra_small,10459,23,16384,5229,1,15,ok,,1.4895580057054758,1.2239249842241406,0.7913433313369751
46932,heloc,hybrid_8l,10459,23,16384,5229,1,15,ok,,0.5234824903309345,0.26235521864145994,0.7774468660354614
46932,heloc,tabpfn,10459,23,16384,5229,2,1,ok,,1.204713111743331,0.5536690196022391,0.7921133637428284
46932,heloc,hydra,10459,23,16384,5229,2,1,ok,,0.4998704884201288,0.21582239586859941,0.7715405225753784
46932,heloc,hybrid_8l,10459,23,16384,5229,2,1,ok,,0.5220559937879443,0.26257728785276413,0.7816948294639587
46932,heloc,hydra_small,10459,23,16384,5229,2,1,ok,,1.8834953345358372,1.2273303605616093,0.7896705865859985
46932,heloc,tabpfn,10459,23,16384,5229,2,2,ok,,1.229133035056293,0.5536929415538907,0.7921133637428284
46932,heloc,hydra,10459,23,16384,5229,2,2,ok,,0.508812271989882,0.21588104590773582,0.7715405225753784
46932,heloc,hydra_small,10459,23,16384,5229,2,2,ok,,1.4873255090788007,1.2258580848574638,0.7896705865859985
46932,heloc,hybrid_8l,10459,23,16384,5229,2,2,ok,,0.9394244132563472,0.262359875254333,0.7816948294639587
46932,heloc,tabpfn,10459,23,16384,5229,2,3,ok,,1.2473299158737063,0.5537372222170234,0.7921133637428284
46932,heloc,hydra_small,10459,23,16384,5229,2,3,ok,,1.9014912815764546,1.2272199289873242,0.7896705865859985
46932,heloc,hydra,10459,23,16384,5229,2,3,ok,,0.8884057458490133,0.21585608646273613,0.7715405225753784
46932,heloc,hybrid_8l,10459,23,16384,5229,2,3,ok,,0.5217222440987825,0.26233495492488146,0.7816948294639587
46932,heloc,hydra_small,10459,23,16384,5229,2,4,ok,,1.4880760572850704,1.2253516223281622,0.7896705865859985
46932,heloc,hybrid_8l,10459,23,16384,5229,2,4,ok,,0.5252114161849022,0.26246617268770933,0.7816948294639587
46932,heloc,tabpfn,10459,23,16384,5229,2,4,ok,,0.9011217709630728,0.5534898703917861,0.7921133637428284
46932,heloc,hydra,10459,23,16384,5229,2,4,ok,,0.47705349512398243,0.21588562335819006,0.7715405225753784
46932,heloc,hybrid_8l,10459,23,16384,5229,2,5,ok,,0.5228735627606511,0.2626045448705554,0.7816948294639587
46932,heloc,tabpfn,10459,23,16384,5229,2,5,ok,,0.8156843259930611,0.5536918006837368,0.7921133637428284
46932,heloc,hydra,10459,23,16384,5229,2,5,ok,,0.5028488310053945,0.2157830074429512,0.7715405225753784
46932,heloc,hydra_small,10459,23,16384,5229,2,5,ok,,1.487917235121131,1.2255385583266616,0.7896705865859985
46932,heloc,hydra_small,10459,23,16384,5229,2,6,ok,,1.4899942791089416,1.2272377470508218,0.7896705865859985
46932,heloc,hydra,10459,23,16384,5229,2,6,ok,,0.6316636707633734,0.21605791710317135,0.7715405225753784
46932,heloc,tabpfn,10459,23,16384,5229,2,6,ok,,0.8138216100633144,0.553642163053155,0.7921133637428284
46932,heloc,hybrid_8l,10459,23,16384,5229,2,6,ok,,0.52115682605654,0.2623691875487566,0.7816948294639587
46932,heloc,hydra_small,10459,23,16384,5229,2,7,ok,,1.4902889002114534,1.226101047359407,0.7896705865859985
46932,heloc,hydra,10459,23,16384,5229,2,7,ok,,0.4758306620642543,0.215768838301301,0.7715405225753784
46932,heloc,hybrid_8l,10459,23,16384,5229,2,7,ok,,0.522926808334887,0.26268976368010044,0.7816948294639587
46932,heloc,tabpfn,10459,23,16384,5229,2,7,ok,,0.8413472725078464,0.5536898411810398,0.7921133637428284
46932,heloc,hybrid_8l,10459,23,16384,5229,2,8,ok,,0.5215237382799387,0.2622700668871403,0.7816948294639587
46932,heloc,hydra,10459,23,16384,5229,2,8,ok,,0.47560086473822594,0.21576045267283916,0.7715405225753784
46932,heloc,tabpfn,10459,23,16384,5229,2,8,ok,,0.8133072797209024,0.553721078671515,0.7921133637428284
46932,heloc,hydra_small,10459,23,16384,5229,2,8,ok,,1.4875590158626437,1.2249409900978208,0.7896705865859985
46932,heloc,hydra_small,10459,23,16384,5229,2,9,ok,,1.7893287390470505,1.2273636488243937,0.7896705865859985
46932,heloc,hydra,10459,23,16384,5229,2,9,ok,,0.4777507456019521,0.21587135083973408,0.7715405225753784
46932,heloc,hybrid_8l,10459,23,16384,5229,2,9,ok,,0.5223760092630982,0.2623122949153185,0.7816948294639587
46932,heloc,tabpfn,10459,23,16384,5229,2,9,ok,,0.8148020161315799,0.5538517031818628,0.7921133637428284
46932,heloc,hydra,10459,23,16384,5229,2,10,ok,,0.476599533110857,0.2159149032086134,0.7715405225753784
46932,heloc,tabpfn,10459,23,16384,5229,2,10,ok,,0.8131141262128949,0.5534269558265805,0.7921133637428284
46932,heloc,hydra_small,10459,23,16384,5229,2,10,ok,,1.488210067152977,1.2263689562678337,0.7896705865859985
46932,heloc,hybrid_8l,10459,23,16384,5229,2,10,ok,,0.9060568772256374,0.26248179469257593,0.7816948294639587
46932,heloc,hydra,10459,23,16384,5229,2,11,ok,,0.4756673937663436,0.2157109947875142,0.7715405225753784
46932,heloc,tabpfn,10459,23,16384,5229,2,11,ok,,0.813364015892148,0.5538593530654907,0.7921133637428284
46932,heloc,hydra_small,10459,23,16384,5229,2,11,ok,,1.4873438589274883,1.2253553997725248,0.7896705865859985
46932,heloc,hybrid_8l,10459,23,16384,5229,2,11,ok,,0.9286136543378234,0.26256877928972244,0.7816948294639587
46932,heloc,hybrid_8l,10459,23,16384,5229,2,12,ok,,0.9379062745720148,0.26261217053979635,0.7816948294639587
46932,heloc,hydra,10459,23,16384,5229,2,12,ok,,0.8912168573588133,0.2159341461956501,0.7715405225753784
46932,heloc,hydra_small,10459,23,16384,5229,2,12,ok,,1.9215254681184888,1.2233928320929408,0.7896705865859985
46932,heloc,tabpfn,10459,23,16384,5229,2,12,ok,,1.2277767984196544,0.5533679872751236,0.7921133637428284
46932,heloc,hydra,10459,23,16384,5229,2,13,ok,,0.8904942329972982,0.21585362311452627,0.7715405225753784
46932,heloc,hybrid_8l,10459,23,16384,5229,2,13,ok,,0.9356187824159861,0.2626119973137975,0.7816948294639587
46932,heloc,tabpfn,10459,23,16384,5229,2,13,ok,,1.2328647570684552,0.5536524429917336,0.7921133637428284
46932,heloc,hydra_small,10459,23,16384,5229,2,13,ok,,1.9046940626576543,1.2262790529057384,0.7896705865859985
46932,heloc,hydra,10459,23,16384,5229,2,14,ok,,0.8848093841224909,0.21620486676692963,0.7715405225753784
46932,heloc,hybrid_8l,10459,23,16384,5229,2,14,ok,,0.9453409910202026,0.2626626528799534,0.7816948294639587
46932,heloc,hydra_small,10459,23,16384,5229,2,14,ok,,1.9041067119687796,1.2267800057306886,0.7896705865859985
46932,heloc,tabpfn,10459,23,16384,5229,2,14,ok,,1.225932227447629,0.553671726025641,0.7921133637428284
46932,heloc,hydra_small,10459,23,16384,5229,2,15,ok,,1.9119323454797268,1.2242840109393,0.7896705865859985
46932,heloc,hybrid_8l,10459,23,16384,5229,2,15,ok,,0.9457210237160325,0.26241090428084135,0.7816948294639587
46932,heloc,tabpfn,10459,23,16384,5229,2,15,ok,,1.2327262479811907,0.5534440409392118,0.7921133637428284
46932,heloc,hydra,10459,23,16384,5229,2,15,ok,,0.8932999651879072,0.2158988444134593,0.7715405225753784
46932,heloc,tabpfn,10459,23,16384,5229,3,1,ok,,1.2356475610285997,0.5535901356488466,0.794722855091095
46932,heloc,hydra,10459,23,16384,5229,3,1,ok,,0.9007073612883687,0.21647684928029776,0.7670872807502747
46932,heloc,hybrid_8l,10459,23,16384,5229,3,1,ok,,0.6330841202288866,0.2629165593534708,0.7814258337020874
46932,heloc,hydra_small,10459,23,16384,5229,3,1,ok,,1.50210040807724,1.2291359156370163,0.786544144153595
46932,heloc,hydra_small,10459,23,16384,5229,3,2,ok,,1.738002497702837,1.2226311462000012,0.786544144153595
46932,heloc,hybrid_8l,10459,23,16384,5229,3,2,ok,,0.5319119887426496,0.2624048897996545,0.7814258337020874
46932,heloc,hydra,10459,23,16384,5229,3,2,ok,,0.4857666455209255,0.21576512046158314,0.7670872807502747
46932,heloc,tabpfn,10459,23,16384,5229,3,2,ok,,0.8241834295913577,0.5537660559639335,0.794722855091095
46932,heloc,hybrid_8l,10459,23,16384,5229,3,3,ok,,0.5317488191649318,0.26256315875798464,0.7814258337020874
46932,heloc,hydra,10459,23,16384,5229,3,3,ok,,0.4858166594058275,0.21587245259433985,0.7670872807502747
46932,heloc,tabpfn,10459,23,16384,5229,3,3,ok,,0.8246053475886583,0.5535894902423024,0.794722855091095
46932,heloc,hydra_small,10459,23,16384,5229,3,3,ok,,1.5004397183656693,1.2254961971193552,0.786544144153595
46932,heloc,tabpfn,10459,23,16384,5229,3,4,ok,,1.2179691810160875,0.553778626024723,0.794722855091095
46932,heloc,hydra,10459,23,16384,5229,3,4,ok,,0.8991836309432983,0.2162991799414158,0.7670872807502747
46932,heloc,hydra_small,10459,23,16384,5229,3,4,ok,,1.5139692230150104,1.2255206676200032,0.786544144153595
46932,heloc,hybrid_8l,10459,23,16384,5229,3,4,ok,,0.5335315326228738,0.2627348816022277,0.7814258337020874
46932,heloc,hydra_small,10459,23,16384,5229,3,5,ok,,1.518936381675303,1.2257269164547324,0.786544144153595
46932,heloc,tabpfn,10459,23,16384,5229,3,5,ok,,0.8251510541886091,0.55354627314955,0.794722855091095
46932,heloc,hydra,10459,23,16384,5229,3,5,ok,,0.4898028392344713,0.21596417389810085,0.7670872807502747
46932,heloc,hybrid_8l,10459,23,16384,5229,3,5,ok,,0.5343964798375964,0.2622971320524812,0.7814258337020874
46932,heloc,hydra,10459,23,16384,5229,3,6,ok,,0.4864375414326787,0.21592761389911175,0.7670872807502747
46932,heloc,tabpfn,10459,23,16384,5229,3,6,ok,,0.8250845363363624,0.5534597067162395,0.794722855091095
46932,heloc,hybrid_8l,10459,23,16384,5229,3,6,ok,,0.5328128170222044,0.26254905946552753,0.7814258337020874
46932,heloc,hydra_small,10459,23,16384,5229,3,6,ok,,1.500986353494227,1.227311891503632,0.786544144153595
46932,heloc,hybrid_8l,10459,23,16384,5229,3,7,ok,,0.5912712030112743,0.26266107987612486,0.7814258337020874
46932,heloc,hydra_small,10459,23,16384,5229,3,7,ok,,1.4998908834531903,1.2250433601439,0.786544144153595
46932,heloc,tabpfn,10459,23,16384,5229,3,7,ok,,0.831113887950778,0.5537926750257611,0.794722855091095
46932,heloc,hydra,10459,23,16384,5229,3,7,ok,,0.8981154523789883,0.2159770866855979,0.7670872807502747
46932,heloc,tabpfn,10459,23,16384,5229,3,8,ok,,1.238466875627637,0.5535384304821491,0.794722855091095
46932,heloc,hydra_small,10459,23,16384,5229,3,8,ok,,1.9147315062582493,1.2272886978462338,0.786544144153595
46932,heloc,hydra,10459,23,16384,5229,3,8,ok,,0.9003600534051657,0.21581877581775188,0.7670872807502747
46932,heloc,hybrid_8l,10459,23,16384,5229,3,8,ok,,0.9454368678852916,0.26230682618916035,0.7814258337020874
46932,heloc,hybrid_8l,10459,23,16384,5229,3,9,ok,,0.9496986838057637,0.2631179830059409,0.7814258337020874
46932,heloc,tabpfn,10459,23,16384,5229,3,9,ok,,1.2797666350379586,0.5539019564166665,0.794722855091095
46932,heloc,hydra_small,10459,23,16384,5229,3,9,ok,,1.9272827375680208,1.2280380800366402,0.786544144153595
46932,heloc,hydra,10459,23,16384,5229,3,9,ok,,0.8759381640702486,0.21632002387195826,0.7670872807502747
46932,heloc,hybrid_8l,10459,23,16384,5229,3,10,ok,,0.9482730953022838,0.2627292647957802,0.7814258337020874
46932,heloc,hydra,10459,23,16384,5229,3,10,ok,,0.899818648584187,0.2156729670241475,0.7670872807502747
46932,heloc,hydra_small,10459,23,16384,5229,3,10,ok,,1.9138877531513572,1.226430406793952,0.786544144153595
46932,heloc,tabpfn,10459,23,16384,5229,3,10,ok,,1.239997586235404,0.5536759225651622,0.794722855091095
46932,heloc,hybrid_8l,10459,23,16384,5229,3,11,ok,,0.539186111651361,0.262549732811749,0.7814258337020874
46932,heloc,hydra_small,10459,23,16384,5229,3,11,ok,,1.5188523856922984,1.2247229162603617,0.786544144153595
46932,heloc,tabpfn,10459,23,16384,5229,3,11,ok,,0.8544289246201515,0.5538044348359108,0.794722855091095
46932,heloc,hydra,10459,23,16384,5229,3,11,ok,,0.4869299801066518,0.21637284196913242,0.7670872807502747
46932,heloc,hybrid_8l,10459,23,16384,5229,3,12,ok,,0.5323059717193246,0.2626864109188318,0.7814258337020874
46932,heloc,tabpfn,10459,23,16384,5229,3,12,ok,,0.8237467557191849,0.5534055279567838,0.794722855091095
46932,heloc,hydra,10459,23,16384,5229,3,12,ok,,0.48713244125247,0.21659641526639462,0.7670872807502747
46932,heloc,hydra_small,10459,23,16384,5229,3,12,ok,,1.501899840310216,1.2287581358104944,0.786544144153595
46932,heloc,hydra_small,10459,23,16384,5229,3,13,ok,,1.5403044698759913,1.2236505448818207,0.786544144153595
46932,heloc,hydra,10459,23,16384,5229,3,13,ok,,0.5946364821866155,0.21619664691388607,0.7670872807502747
46932,heloc,hybrid_8l,10459,23,16384,5229,3,13,ok,,0.9404422622174025,0.26247863564640284,0.7814258337020874
46932,heloc,tabpfn,10459,23,16384,5229,3,13,ok,,1.2396969506517053,0.5540207102894783,0.794722855091095
46932,heloc,hydra,10459,23,16384,5229,3,14,ok,,0.8984185596928,0.21679084189236164,0.7670872807502747
46932,heloc,hybrid_8l,10459,23,16384,5229,3,14,ok,,0.9462908925488591,0.2631295174360275,0.7814258337020874
46932,heloc,hydra_small,10459,23,16384,5229,3,14,ok,,1.9093537759035826,1.2224689861759543,0.786544144153595
46932,heloc,tabpfn,10459,23,16384,5229,3,14,ok,,0.824189874343574,0.5535969641059637,0.794722855091095
46932,heloc,tabpfn,10459,23,16384,5229,3,15,ok,,0.8263874286785722,0.5537167591974139,0.794722855091095
46932,heloc,hydra,10459,23,16384,5229,3,15,ok,,0.48554529808461666,0.21574099268764257,0.7670872807502747
46932,heloc,hybrid_8l,10459,23,16384,5229,3,15,ok,,0.5398986926302314,0.2625178387388587,0.7814258337020874
46932,heloc,hydra_small,10459,23,16384,5229,3,15,ok,,1.497714868746698,1.225386319682002,0.786544144153595
46932,heloc,hydra,10459,23,16384,5229,4,1,ok,,0.47726875077933073,0.21591929905116558,0.7590690851211548
46932,heloc,hydra_small,10459,23,16384,5229,4,1,ok,,1.4897213885560632,1.227335070259869,0.7758750915527344
46932,heloc,tabpfn,10459,23,16384,5229,4,1,ok,,0.8141031051054597,0.5535829933360219,0.7784124612808228
46932,heloc,hybrid_8l,10459,23,16384,5229,4,1,ok,,0.5243138046935201,0.26226589921861887,0.7627420425415039
46932,heloc,hydra_small,10459,23,16384,5229,4,2,ok,,1.485150651074946,1.2223010063171387,0.7758750915527344
46932,heloc,tabpfn,10459,23,16384,5229,4,2,ok,,0.839062892831862,0.5533760488033295,0.7784124612808228
46932,heloc,hybrid_8l,10459,23,16384,5229,4,2,ok,,0.5216357680037618,0.2625773577019572,0.7627420425415039
46932,heloc,hydra,10459,23,16384,5229,4,2,ok,,0.47626916505396366,0.2158003021031618,0.7590690851211548
46932,heloc,hybrid_8l,10459,23,16384,5229,4,3,ok,,0.5219947686418891,0.2624178063124418,0.7627420425415039
46932,heloc,tabpfn,10459,23,16384,5229,4,3,ok,,0.870478636585176,0.5535816075280309,0.7784124612808228
46932,heloc,hydra_small,10459,23,16384,5229,4,3,ok,,1.5982216345146298,1.224579107016325,0.7758750915527344
46932,heloc,hydra,10459,23,16384,5229,4,3,ok,,0.4764578305184841,0.21578786801546812,0.7590690851211548
46932,heloc,tabpfn,10459,23,16384,5229,4,4,ok,,0.8971873894333839,0.5536520900204778,0.7784124612808228
46932,heloc,hydra,10459,23,16384,5229,4,4,ok,,0.4774217661470175,0.21600726153701544,0.7590690851211548
46932,heloc,hydra_small,10459,23,16384,5229,4,4,ok,,1.4895731890574098,1.2263891631737351,0.7758750915527344
46932,heloc,hybrid_8l,10459,23,16384,5229,4,4,ok,,0.5219605695456266,0.2624602038413286,0.7627420425415039
46932,heloc,hybrid_8l,10459,23,16384,5229,4,5,ok,,0.5410729693248868,0.2626258581876755,0.7627420425415039
46932,heloc,tabpfn,10459,23,16384,5229,4,5,ok,,0.814597349613905,0.553722339682281,0.7784124612808228
46932,heloc,hydra,10459,23,16384,5229,4,5,ok,,0.476273488253355,0.21596491150557995,0.7590690851211548
46932,heloc,hydra_small,10459,23,16384,5229,4,5,ok,,1.4900382850319147,1.22769592422992,0.7758750915527344
46932,heloc,hydra,10459,23,16384,5229,4,6,ok,,0.4771300395950675,0.21651975251734257,0.7590690851211548
46932,heloc,tabpfn,10459,23,16384,5229,4,6,ok,,0.8160987719893456,0.5536350719630718,0.7784124612808228
46932,heloc,hybrid_8l,10459,23,16384,5229,4,6,ok,,0.9116998333483934,0.262552828527987,0.7627420425415039
46932,heloc,hydra_small,10459,23,16384,5229,4,6,ok,,1.9016450764611363,1.2250735899433494,0.7758750915527344
46932,heloc,hydra,10459,23,16384,5229,4,7,ok,,0.8901113085448742,0.2159254951402545,0.7590690851211548
46932,heloc,tabpfn,10459,23,16384,5229,4,7,ok,,0.8134562009945512,0.553784703835845,0.7784124612808228
46932,heloc,hydra_small,10459,23,16384,5229,4,7,ok,,1.4874964263290167,1.224663677625358,0.7758750915527344
46932,heloc,hybrid_8l,10459,23,16384,5229,4,7,ok,,0.911328885704279,0.2628565225750208,0.7627420425415039
46932,heloc,hydra,10459,23,16384,5229,4,8,ok,,0.8879654696211219,0.2159567242488265,0.7590690851211548
46932,heloc,hybrid_8l,10459,23,16384,5229,4,8,ok,,0.934434300288558,0.2624988332390785,0.7627420425415039
46932,heloc,hydra_small,10459,23,16384,5229,4,8,ok,,1.7462263200432062,1.2262951154261827,0.7758750915527344
46932,heloc,tabpfn,10459,23,16384,5229,4,8,ok,,1.2017321242019534,0.5535708349198103,0.7784124612808228
46932,heloc,tabpfn,10459,23,16384,5229,4,9,ok,,1.228916228748858,0.5535932257771492,0.7784124612808228
46932,heloc,hydra,10459,23,16384,5229,4,9,ok,,0.8905950058251619,0.21630368940532207,0.7590690851211548
46932,heloc,hydra_small,10459,23,16384,5229,4,9,ok,,1.6039255829527974,1.2227228786796331,0.7758750915527344
46932,heloc,hybrid_8l,10459,23,16384,5229,4,9,ok,,0.9160411050543189,0.26242377888411283,0.7627420425415039
46932,heloc,tabpfn,10459,23,16384,5229,4,10,ok,,0.9868193939328194,0.5537051856517792,0.7784124612808228
46932,heloc,hybrid_8l,10459,23,16384,5229,4,10,ok,,0.5225936667993665,0.262220143340528,0.7627420425415039
46932,heloc,hydra,10459,23,16384,5229,4,10,ok,,0.4780259383842349,0.21595533844083548,0.7590690851211548
46932,heloc,hydra_small,10459,23,16384,5229,4,10,ok,,1.4921510759741068,1.2288399254903197,0.7758750915527344
46932,heloc,hydra,10459,23,16384,5229,4,11,ok,,0.9102768981829286,0.2159258835017681,0.7590690851211548
46932,heloc,hybrid_8l,10459,23,16384,5229,4,11,ok,,0.9432151261717081,0.26273921597748995,0.7627420425415039
46932,heloc,hydra_small,10459,23,16384,5229,4,11,ok,,1.9044618718326092,1.2265888238325715,0.7758750915527344
46932,heloc,tabpfn,10459,23,16384,5229,4,11,ok,,1.219179131090641,0.5536820078268647,0.7784124612808228
46932,heloc,hybrid_8l,10459,23,16384,5229,4,12,ok,,0.93858643155545,0.26247309148311615,0.7627420425415039
46932,heloc,tabpfn,10459,23,16384,5229,4,12,ok,,0.8155102850869298,0.554180821403861,0.7784124612808228
46932,heloc,hydra,10459,23,16384,5229,4,12,ok,,0.4754861509427428,0.21598805859684944,0.7590690851211548
46932,heloc,hydra_small,10459,23,16384,5229,4,12,ok,,1.9029704257845879,1.22786302305758,0.7758750915527344
46932,heloc,hydra_small,10459,23,16384,5229,4,13,ok,,1.901389166712761,1.2291172668337822,0.7758750915527344
46932,heloc,hybrid_8l,10459,23,16384,5229,4,13,ok,,0.676348683424294,0.26223489828407764,0.7627420425415039
46932,heloc,hydra,10459,23,16384,5229,4,13,ok,,0.4765330832451582,0.21589900832623243,0.7590690851211548
46932,heloc,tabpfn,10459,23,16384,5229,4,13,ok,,0.8151530725881457,0.5534017328172922,0.7784124612808228
46932,heloc,hydra,10459,23,16384,5229,4,14,ok,,0.479981386102736,0.215784952044487,0.7590690851211548
46932,heloc,hydra_small,10459,23,16384,5229,4,14,ok,,1.4880436807870865,1.2247444866225123,0.7758750915527344
46932,heloc,tabpfn,10459,23,16384,5229,4,14,ok,,0.8841159483417869,0.5539070079103112,0.7784124612808228
46932,heloc,hybrid_8l,10459,23,16384,5229,4,14,ok,,0.5816232906654477,0.26226156670600176,0.7627420425415039
46932,heloc,tabpfn,10459,23,16384,5229,4,15,ok,,0.9956652978435159,0.5539878904819489,0.7784124612808228
46932,heloc,hybrid_8l,10459,23,16384,5229,4,15,ok,,0.5275162141770124,0.26239534094929695,0.7627420425415039
46932,heloc,hydra,10459,23,16384,5229,4,15,ok,,0.47735071927309036,0.21597976051270962,0.7590690851211548
46932,heloc,hydra_small,10459,23,16384,5229,4,15,ok,,1.4936589123681188,1.2276401175186038,0.7758750915527344
46932,heloc,hybrid_8l,10459,23,16384,5229,5,1,ok,,0.6719055967405438,0.26265325862914324,0.7819139957427979
46932,heloc,hydra,10459,23,16384,5229,5,1,ok,,0.5070774611085653,0.21653955150395632,0.7775976061820984
46932,heloc,tabpfn,10459,23,16384,5229,5,1,ok,,0.849477562122047,0.5533795049414039,0.795825183391571
46932,heloc,hydra_small,10459,23,16384,5229,5,1,ok,,1.544241463765502,1.2256802786141634,0.7919250130653381
46932,heloc,hybrid_8l,10459,23,16384,5229,5,2,ok,,0.5400732681155205,0.26232068706303835,0.7819139957427979
46932,heloc,hydra_small,10459,23,16384,5229,5,2,ok,,1.4975603679195046,1.2267093574628234,0.7919250130653381
46932,heloc,hydra,10459,23,16384,5229,5,2,ok,,0.48378041107207537,0.21588320564478636,0.7775976061820984
46932,heloc,tabpfn,10459,23,16384,5229,5,2,ok,,0.8213161006569862,0.5536618884652853,0.795825183391571
46932,heloc,hydra_small,10459,23,16384,5229,5,3,ok,,1.501361407339573,1.2275763163343072,0.7919250130653381
46932,heloc,hydra,10459,23,16384,5229,5,3,ok,,0.5272519197314978,0.21594275906682014,0.7775976061820984
46932,heloc,tabpfn,10459,23,16384,5229,5,3,ok,,0.823741895146668,0.5538860913366079,0.795825183391571
46932,heloc,hybrid_8l,10459,23,16384,5229,5,3,ok,,0.531723371706903,0.26243712566792965,0.7819139957427979
46932,heloc,hydra_small,10459,23,16384,5229,5,4,ok,,1.4970075627788901,1.2263385858386755,0.7919250130653381
46932,heloc,tabpfn,10459,23,16384,5229,5,4,ok,,0.822562487795949,0.5539493886753917,0.795825183391571
46932,heloc,hydra,10459,23,16384,5229,5,4,ok,,0.4843018241226673,0.21604108344763517,0.7775976061820984
46932,heloc,hybrid_8l,10459,23,16384,5229,5,4,ok,,0.5303043304011226,0.262553496286273,0.7819139957427979
46932,heloc,hybrid_8l,10459,23,16384,5229,5,5,ok,,0.5301789622753859,0.2622534167021513,0.7819139957427979
46932,heloc,tabpfn,10459,23,16384,5229,5,5,ok,,0.8228640183806419,0.5536068072542548,0.795825183391571
46932,heloc,hydra_small,10459,23,16384,5229,5,5,ok,,1.4951253179460764,1.224630986340344,0.7919250130653381
46932,heloc,hydra,10459,23,16384,5229,5,5,ok,,0.4843182945623994,0.21594543103128672,0.7775976061820984
46932,heloc,hydra,10459,23,16384,5229,5,6,ok,,0.48434222023934126,0.21603175532072783,0.7775976061820984
46932,heloc,tabpfn,10459,23,16384,5229,5,6,ok,,0.8230098225176334,0.5536138992756605,0.795825183391571
46932,heloc,hybrid_8l,10459,23,16384,5229,5,6,ok,,0.5296470234170556,0.262629478238523,0.7819139957427979
46932,heloc,hydra_small,10459,23,16384,5229,5,6,ok,,1.495896794833243,1.2259149132296443,0.7919250130653381
46932,heloc,hydra,10459,23,16384,5229,5,7,ok,,0.4840942369773984,0.216449785977602,0.7775976061820984
46932,heloc,hybrid_8l,10459,23,16384,5229,5,7,ok,,0.5309550296515226,0.26262910664081573,0.7819139957427979
46932,heloc,hydra_small,10459,23,16384,5229,5,7,ok,,1.49802212882787,1.2280339058488607,0.7919250130653381
46932,heloc,tabpfn,10459,23,16384,5229,5,7,ok,,0.8215960189700127,0.553824046626687,0.795825183391571
46932,heloc,hydra_small,10459,23,16384,5229,5,8,ok,,1.497423131018877,1.2256570998579264,0.7919250130653381
46932,heloc,tabpfn,10459,23,16384,5229,5,8,ok,,0.8441575216129422,0.5539409965276718,0.795825183391571
46932,heloc,hybrid_8l,10459,23,16384,5229,5,8,ok,,0.5296101486310363,0.26256518345326185,0.7819139957427979
46932,heloc,hydra,10459,23,16384,5229,5,8,ok,,0.4821541979908943,0.21576702129095793,0.7775976061820984
46932,heloc,hydra,10459,23,16384,5229,5,9,ok,,0.4830533117055893,0.21585077978670597,0.7775976061820984
46932,heloc,tabpfn,10459,23,16384,5229,5,9,ok,,0.8208329491317272,0.5536641804501414,0.795825183391571
46932,heloc,hybrid_8l,10459,23,16384,5229,5,9,ok,,0.5283359931781888,0.26250339671969414,0.7819139957427979
46932,heloc,hydra_small,10459,23,16384,5229,5,9,ok,,1.4974554441869259,1.2285404773429036,0.7919250130653381
46932,heloc,hydra_small,10459,23,16384,5229,5,10,ok,,1.595897720195353,1.2239877181127667,0.7919250130653381
46932,heloc,hybrid_8l,10459,23,16384,5229,5,10,ok,,0.5514819929376245,0.26250105164945126,0.7819139957427979
46932,heloc,tabpfn,10459,23,16384,5229,5,10,ok,,0.8208006741479039,0.553766330704093,0.795825183391571
46932,heloc,hydra,10459,23,16384,5229,5,10,ok,,0.7419557319954038,0.21590952016413212,0.7775976061820984
46932,heloc,hybrid_8l,10459,23,16384,5229,5,11,ok,,0.5291576366871595,0.2624614667147398,0.7819139957427979
46932,heloc,hydra,10459,23,16384,5229,5,11,ok,,0.4828987158834934,0.21583701204508543,0.7775976061820984
46932,heloc,tabpfn,10459,23,16384,5229,5,11,ok,,0.8211060594767332,0.5535616129636765,0.795825183391571
46932,heloc,hydra_small,10459,23,16384,5229,5,11,ok,,1.4980397913604975,1.2274085255339742,0.7919250130653381
46932,heloc,tabpfn,10459,23,16384,5229,5,12,ok,,0.8276635250076652,0.5539707960560918,0.795825183391571
46932,heloc,hybrid_8l,10459,23,16384,5229,5,12,ok,,0.5295270048081875,0.2626026337966323,0.7819139957427979
46932,heloc,hydra,10459,23,16384,5229,5,12,ok,,0.48284537345170975,0.21606538351625204,0.7775976061820984
46932,heloc,hydra_small,10459,23,16384,5229,5,12,ok,,1.6894606109708548,1.2267097271978855,0.7919250130653381
46932,heloc,tabpfn,10459,23,16384,5229,5,13,ok,,1.236531738191843,0.5536345383152366,0.795825183391571
46932,heloc,hydra,10459,23,16384,5229,5,13,ok,,0.8923359662294388,0.2159256488084793,0.7775976061820984
46932,heloc,hybrid_8l,10459,23,16384,5229,5,13,ok,,0.5287734847515821,0.26250757090747356,0.7819139957427979
46932,heloc,hydra_small,10459,23,16384,5229,5,13,ok,,1.5541054662317038,1.2241126894950867,0.7919250130653381
46932,heloc,hydra_small,10459,23,16384,5229,5,14,ok,,1.496128466911614,1.226292829029262,0.7919250130653381
46932,heloc,tabpfn,10459,23,16384,5229,5,14,ok,,1.2413314962759614,0.5537724662572145,0.795825183391571
46932,heloc,hydra,10459,23,16384,5229,5,14,ok,,0.5109414216130972,0.21584034617990255,0.7775976061820984
46932,heloc,hybrid_8l,10459,23,16384,5229,5,14,ok,,0.5295695923268795,0.26266069151461124,0.7819139957427979
46932,heloc,tabpfn,10459,23,16384,5229,5,15,ok,,0.8204534538090229,0.5533876167610288,0.795825183391571
46932,heloc,hydra,10459,23,16384,5229,5,15,ok,,0.48269911110401154,0.21580378711223602,0.7775976061820984
46932,heloc,hydra_small,10459,23,16384,5229,5,15,ok,,1.49711212515831,1.2275337455794215,0.7919250130653381
46932,heloc,hybrid_8l,10459,23,16384,5229,5,15,ok,,0.5291349347680807,0.2626250423491001,0.7819139957427979
46979,jm1,hydra_small,10880,21,16384,5440,1,1,ok,,1.970979635603726,1.298927933908999,0.7295591235160828
46979,jm1,tabpfn,10880,21,16384,5440,1,1,ok,,0.856036439538002,0.5676230285316706,0.7379448413848877
46979,jm1,hydra,10880,21,16384,5440,1,1,ok,,0.8799334326758981,0.22544981446117163,0.6275787949562073
46979,jm1,hybrid_8l,10880,21,16384,5440,1,1,ok,,0.9391202116385102,0.27064097113907337,0.6923551559448242
46979,jm1,hydra_small,10880,21,16384,5440,1,2,ok,,1.5568617302924395,1.3007586281746626,0.7295591235160828
46979,jm1,hydra,10880,21,16384,5440,1,2,ok,,0.4793872721493244,0.22550431732088327,0.6275787949562073
46979,jm1,tabpfn,10880,21,16384,5440,1,2,ok,,0.82086765114218,0.5675322050228715,0.7379448413848877
46979,jm1,hybrid_8l,10880,21,16384,5440,1,2,ok,,0.5531627647578716,0.2705424325540662,0.6923551559448242
46979,jm1,tabpfn,10880,21,16384,5440,1,3,ok,,0.8210273440927267,0.5677584717050195,0.7379448413848877
46979,jm1,hydra_small,10880,21,16384,5440,1,3,ok,,1.5562985073775053,1.2999072913080454,0.7295591235160828
46979,jm1,hybrid_8l,10880,21,16384,5440,1,3,ok,,0.5555689223110676,0.270449317060411,0.6923551559448242
46979,jm1,hydra,10880,21,16384,5440,1,3,ok,,0.9034847468137741,0.22600247990339994,0.6275787949562073
46979,jm1,hybrid_8l,10880,21,16384,5440,1,4,ok,,0.9213860780000687,0.2704528523609042,0.6923551559448242
46979,jm1,hydra,10880,21,16384,5440,1,4,ok,,0.4804446930065751,0.22611584421247244,0.6275787949562073
46979,jm1,hydra_small,10880,21,16384,5440,1,4,ok,,1.5557234724983573,1.298340868204832,0.7295591235160828
46979,jm1,tabpfn,10880,21,16384,5440,1,4,ok,,0.8455912973731756,0.5674411682412028,0.7379448413848877
46979,jm1,hydra_small,10880,21,16384,5440,1,5,ok,,1.5582880582660437,1.3014053720980883,0.7295591235160828
46979,jm1,tabpfn,10880,21,16384,5440,1,5,ok,,0.8229317050427198,0.5675455136224627,0.7379448413848877
46979,jm1,hydra,10880,21,16384,5440,1,5,ok,,0.48359363805502653,0.2261125585064292,0.6275787949562073
46979,jm1,hybrid_8l,10880,21,16384,5440,1,5,ok,,0.5242212153971195,0.27055296022444963,0.6923551559448242
46979,jm1,hydra_small,10880,21,16384,5440,1,6,ok,,1.6291627697646618,1.301547598093748,0.7295591235160828
46979,jm1,tabpfn,10880,21,16384,5440,1,6,ok,,0.8229265939444304,0.5675193825736642,0.7379448413848877
46979,jm1,hybrid_8l,10880,21,16384,5440,1,6,ok,,0.5250621475279331,0.2708813026547432,0.6923551559448242
46979,jm1,hydra,10880,21,16384,5440,1,6,ok,,0.5181015282869339,0.2258676728233695,0.6275787949562073
46979,jm1,hydra_small,10880,21,16384,5440,1,7,ok,,1.5565118128433824,1.2999053215608,0.7295591235160828
46979,jm1,hybrid_8l,10880,21,16384,5440,1,7,ok,,0.5249684695154428,0.27065372932702303,0.6923551559448242
46979,jm1,hydra,10880,21,16384,5440,1,7,ok,,0.5336454520002007,0.22586011793464422,0.6275787949562073
46979,jm1,tabpfn,10880,21,16384,5440,1,7,ok,,0.8226755540817976,0.5675474740564823,0.7379448413848877
46979,jm1,tabpfn,10880,21,16384,5440,1,8,ok,,1.2018356593325734,0.5675614699721336,0.7379448413848877
46979,jm1,hydra,10880,21,16384,5440,1,8,ok,,0.47995314467698336,0.22569445427507162,0.6275787949562073
46979,jm1,hybrid_8l,10880,21,16384,5440,1,8,ok,,0.5249540898948908,0.2705741487443447,0.6923551559448242
46979,jm1,hydra_small,10880,21,16384,5440,1,8,ok,,1.6604128750041127,1.2982558403164148,0.7295591235160828
46979,jm1,hydra_small,10880,21,16384,5440,1,9,ok,,1.5554852597415447,1.2987227328121662,0.7295591235160828
46979,jm1,hybrid_8l,10880,21,16384,5440,1,9,ok,,0.6489710556343198,0.27073158603161573,0.6923551559448242
46979,jm1,hydra,10880,21,16384,5440,1,9,ok,,0.4795848662033677,0.22545835468918085,0.6275787949562073
46979,jm1,tabpfn,10880,21,16384,5440,1,9,ok,,0.8222264368087053,0.5676649725064635,0.7379448413848877
46979,jm1,hybrid_8l,10880,21,16384,5440,1,10,ok,,0.5232668211683631,0.27078288327902555,0.6923551559448242
46979,jm1,tabpfn,10880,21,16384,5440,1,10,ok,,1.2110608331859112,0.568114073947072,0.7379448413848877
46979,jm1,hydra_small,10880,21,16384,5440,1,10,ok,,1.9687718925997615,1.3006151430308819,0.7295591235160828
46979,jm1,hydra,10880,21,16384,5440,1,10,ok,,0.47999175544828176,0.22600389830768108,0.6275787949562073
46979,jm1,hybrid_8l,10880,21,16384,5440,1,11,ok,,0.5251208413392305,0.27059690933674574,0.6923551559448242
46979,jm1,hydra,10880,21,16384,5440,1,11,ok,,0.5029170671477914,0.2256430136039853,0.6275787949562073
46979,jm1,hydra_small,10880,21,16384,5440,1,11,ok,,1.5555458320304751,1.2985755549743772,0.7295591235160828
46979,jm1,tabpfn,10880,21,16384,5440,1,11,ok,,0.8235638868063688,0.5675095254555345,0.7379448413848877
46979,jm1,tabpfn,10880,21,16384,5440,1,12,ok,,0.8217054354026914,0.5674700606614351,0.7379448413848877
46979,jm1,hybrid_8l,10880,21,16384,5440,1,12,ok,,0.5237707225605845,0.2704323371872306,0.6923551559448242
46979,jm1,hydra,10880,21,16384,5440,1,12,ok,,0.47864914778620005,0.22531478200107813,0.6275787949562073
46979,jm1,hydra_small,10880,21,16384,5440,1,12,ok,,1.5632175635546446,1.3008056953549385,0.7295591235160828
46979,jm1,hydra_small,10880,21,16384,5440,1,13,ok,,1.5566008435562253,1.2996712839230895,0.7295591235160828
46979,jm1,tabpfn,10880,21,16384,5440,1,13,ok,,0.8227666625753045,0.5679618893191218,0.7379448413848877
46979,jm1,hybrid_8l,10880,21,16384,5440,1,13,ok,,0.5241214744746685,0.27075012866407633,0.6923551559448242
46979,jm1,hydra,10880,21,16384,5440,1,13,ok,,0.47896085772663355,0.22584872227162123,0.6275787949562073
46979,jm1,hydra,10880,21,16384,5440,1,14,ok,,0.47866043634712696,0.2258203076198697,0.6275787949562073
46979,jm1,tabpfn,10880,21,16384,5440,1,14,ok,,0.8216313803568482,0.5676223961636424,0.7379448413848877
46979,jm1,hydra_small,10880,21,16384,5440,1,14,ok,,1.5560561660677195,1.299722297117114,0.7295591235160828
46979,jm1,hybrid_8l,10880,21,16384,5440,1,14,ok,,0.5237405803054571,0.2705797152593732,0.6923551559448242
46979,jm1,hydra_small,10880,21,16384,5440,1,15,ok,,1.5552360489964485,1.2981334831565619,0.7295591235160828
46979,jm1,hydra,10880,21,16384,5440,1,15,ok,,0.5057728728279471,0.22565710823982954,0.6275787949562073
46979,jm1,hybrid_8l,10880,21,16384,5440,1,15,ok,,0.5239935591816902,0.27114606741815805,0.6923551559448242
46979,jm1,tabpfn,10880,21,16384,5440,1,15,ok,,0.8215870317071676,0.5676571074873209,0.7379448413848877
46979,jm1,tabpfn,10880,21,16384,5440,2,1,ok,,0.8155442113056779,0.567858318798244,0.7390428781509399
46979,jm1,hydra_small,10880,21,16384,5440,2,1,ok,,1.5487259570509195,1.2973909517750144,0.7247276902198792
46979,jm1,hybrid_8l,10880,21,16384,5440,2,1,ok,,0.5182804707437754,0.2706162128597498,0.6848803162574768
46979,jm1,hydra,10880,21,16384,5440,2,1,ok,,0.4746674466878176,0.2260126005858183,0.6093283295631409
46979,jm1,hydra,10880,21,16384,5440,2,2,ok,,0.4751832149922848,0.22557823825627565,0.6093283295631409
46979,jm1,hydra_small,10880,21,16384,5440,2,2,ok,,1.5647456403821707,1.3030066611245275,0.7247276902198792
46979,jm1,tabpfn,10880,21,16384,5440,2,2,ok,,0.8701206659898162,0.5678433086723089,0.7390428781509399
46979,jm1,hybrid_8l,10880,21,16384,5440,2,2,ok,,0.5848151100799441,0.27071923576295376,0.6848803162574768
46979,jm1,tabpfn,10880,21,16384,5440,2,3,ok,,0.8877330785617232,0.5676313070580363,0.7390428781509399
46979,jm1,hydra,10880,21,16384,5440,2,3,ok,,0.5081684282049537,0.2253289157524705,0.6093283295631409
46979,jm1,hydra_small,10880,21,16384,5440,2,3,ok,,1.9605769105255604,1.3007372850552201,0.7247276902198792
46979,jm1,hybrid_8l,10880,21,16384,5440,2,3,ok,,0.7173503134399652,0.2706052204594016,0.6848803162574768
46979,jm1,hydra,10880,21,16384,5440,2,4,ok,,0.47617593314498663,0.22578399535268545,0.6093283295631409
46979,jm1,hydra_small,10880,21,16384,5440,2,4,ok,,1.9538524122908711,1.2984504885971546,0.7247276902198792
46979,jm1,tabpfn,10880,21,16384,5440,2,4,ok,,1.2272722898051143,0.5677491966634989,0.7390428781509399
46979,jm1,hybrid_8l,10880,21,16384,5440,2,4,ok,,0.6453644214197993,0.2708688694983721,0.6848803162574768
46979,jm1,tabpfn,10880,21,16384,5440,2,5,ok,,0.874488546513021,0.5677227862179279,0.7390428781509399
46979,jm1,hybrid_8l,10880,21,16384,5440,2,5,ok,,0.518915418535471,0.2707868926227093,0.6848803162574768
46979,jm1,hydra_small,10880,21,16384,5440,2,5,ok,,1.551456704735756,1.3004519371315837,0.7247276902198792
46979,jm1,hydra,10880,21,16384,5440,2,5,ok,,0.8778282031416893,0.2254703203216195,0.6093283295631409
46979,jm1,hydra_small,10880,21,16384,5440,2,6,ok,,1.5495636640116572,1.2990555483847857,0.7247276902198792
46979,jm1,tabpfn,10880,21,16384,5440,2,6,ok,,0.817632494494319,0.5675700940191746,0.7390428781509399
46979,jm1,hydra,10880,21,16384,5440,2,6,ok,,0.47368577029556036,0.2255167281255126,0.6093283295631409
46979,jm1,hybrid_8l,10880,21,16384,5440,2,6,ok,,0.934184511192143,0.27074786741286516,0.6848803162574768
46979,jm1,tabpfn,10880,21,16384,5440,2,7,ok,,1.2307705394923687,0.567471326328814,0.7390428781509399
46979,jm1,hybrid_8l,10880,21,16384,5440,2,7,ok,,0.9336942611262202,0.2704682666808367,0.6848803162574768
46979,jm1,hydra_small,10880,21,16384,5440,2,7,ok,,1.9786265483126044,1.30017464235425,0.7247276902198792
46979,jm1,hydra,10880,21,16384,5440,2,7,ok,,0.9006824046373367,0.2260278658941388,0.6093283295631409
46979,jm1,hydra_small,10880,21,16384,5440,2,8,ok,,1.9668724611401558,1.2993160914629698,0.7247276902198792
46979,jm1,hybrid_8l,10880,21,16384,5440,2,8,ok,,0.9317420171573758,0.2707658503204584,0.6848803162574768
46979,jm1,tabpfn,10880,21,16384,5440,2,8,ok,,1.2568714320659637,0.5677158161997795,0.7390428781509399
46979,jm1,hydra,10880,21,16384,5440,2,8,ok,,0.889806130900979,0.2256905548274517,0.6093283295631409
46979,jm1,hydra_small,10880,21,16384,5440,2,9,ok,,1.9675530018284917,1.2991940965875983,0.7247276902198792
46979,jm1,hydra,10880,21,16384,5440,2,9,ok,,0.889447309076786,0.22577852103859186,0.6093283295631409
46979,jm1,tabpfn,10880,21,16384,5440,2,9,ok,,1.233916218392551,0.5677759069949389,0.7390428781509399
46979,jm1,hybrid_8l,10880,21,16384,5440,2,9,ok,,0.9425707617774606,0.2704708492383361,0.6848803162574768
46979,jm1,hydra,10880,21,16384,5440,2,10,ok,,0.8925432544201612,0.22602848522365093,0.6093283295631409
46979,jm1,hybrid_8l,10880,21,16384,5440,2,10,ok,,0.9356747725978494,0.2708078371360898,0.6848803162574768
46979,jm1,hydra_small,10880,21,16384,5440,2,10,ok,,1.970450564287603,1.2991612777113914,0.7247276902198792
46979,jm1,tabpfn,10880,21,16384,5440,2,10,ok,,1.1381671074777842,0.5679895598441362,0.7390428781509399
46979,jm1,hydra,10880,21,16384,5440,2,11,ok,,0.4745257953181863,0.22614921256899834,0.6093283295631409
46979,jm1,tabpfn,10880,21,16384,5440,2,11,ok,,0.8164159562438726,0.5675768880173564,0.7390428781509399
46979,jm1,hydra_small,10880,21,16384,5440,2,11,ok,,1.5496751656755805,1.2984499363228679,0.7247276902198792
46979,jm1,hybrid_8l,10880,21,16384,5440,2,11,ok,,0.581912993453443,0.2707755547016859,0.6848803162574768
46979,jm1,tabpfn,10880,21,16384,5440,2,12,ok,,0.8153668660670519,0.5673397481441498,0.7390428781509399
46979,jm1,hydra_small,10880,21,16384,5440,2,12,ok,,1.5577955590561032,1.2996452497318387,0.7247276902198792
46979,jm1,hydra,10880,21,16384,5440,2,12,ok,,0.4981069667264819,0.22596995159983635,0.6093283295631409
46979,jm1,hybrid_8l,10880,21,16384,5440,2,12,ok,,0.5182201787829399,0.27056900318711996,0.6848803162574768
46979,jm1,hydra,10880,21,16384,5440,2,13,ok,,0.4727513203397393,0.22564172931015491,0.6093283295631409
46979,jm1,hydra_small,10880,21,16384,5440,2,13,ok,,1.5508924862369895,1.299844142049551,0.7247276902198792
46979,jm1,tabpfn,10880,21,16384,5440,2,13,ok,,0.8157274564728141,0.5677340421825647,0.7390428781509399
46979,jm1,hybrid_8l,10880,21,16384,5440,2,13,ok,,0.5217039501294494,0.2709850911051035,0.6848803162574768
46979,jm1,hybrid_8l,10880,21,16384,5440,2,14,ok,,0.5209932420402765,0.27082175202667713,0.6848803162574768
46979,jm1,tabpfn,10880,21,16384,5440,2,14,ok,,0.8145965225994587,0.5677280398085713,0.7390428781509399
46979,jm1,hydra_small,10880,21,16384,5440,2,14,ok,,1.5577008621767163,1.301279528066516,0.7247276902198792
46979,jm1,hydra,10880,21,16384,5440,2,14,ok,,0.4759815577417612,0.22567905019968748,0.6093283295631409
46979,jm1,hydra,10880,21,16384,5440,2,15,ok,,0.4765710663050413,0.2267214860767126,0.6093283295631409
46979,jm1,hybrid_8l,10880,21,16384,5440,2,15,ok,,0.5199147779494524,0.27075877133756876,0.6848803162574768
46979,jm1,tabpfn,10880,21,16384,5440,2,15,ok,,0.8197100907564163,0.5674321679398417,0.7390428781509399
46979,jm1,hydra_small,10880,21,16384,5440,2,15,ok,,1.5495322393253446,1.2987100956961513,0.7247276902198792
46979,jm1,tabpfn,10880,21,16384,5440,3,1,ok,,0.8168125580996275,0.5678286980837584,0.7319812774658203
46979,jm1,hybrid_8l,10880,21,16384,5440,3,1,ok,,0.5189058752730489,0.2706138351932168,0.6918321251869202
46979,jm1,hydra_small,10880,21,16384,5440,3,1,ok,,1.55271577835083,1.3007930796593428,0.7209239602088928
46979,jm1,hydra,10880,21,16384,5440,3,1,ok,,0.47528201155364513,0.22579007782042027,0.6131752729415894
46979,jm1,tabpfn,10880,21,16384,5440,3,2,ok,,0.8170354273170233,0.5676420433446765,0.7319812774658203
46979,jm1,hybrid_8l,10880,21,16384,5440,3,2,ok,,0.5188317317515612,0.2705371882766485,0.6918321251869202
46979,jm1,hydra_small,10880,21,16384,5440,3,2,ok,,1.5581237208098173,1.299790507182479,0.7209239602088928
46979,jm1,hydra,10880,21,16384,5440,3,2,ok,,0.47498824167996645,0.22586880810558796,0.6131752729415894
46979,jm1,tabpfn,10880,21,16384,5440,3,3,ok,,0.8176955273374915,0.5674022762104869,0.7319812774658203
46979,jm1,hybrid_8l,10880,21,16384,5440,3,3,ok,,0.5206671180203557,0.27049634139984846,0.6918321251869202
46979,jm1,hydra,10880,21,16384,5440,3,3,ok,,0.4748434266075492,0.22527817822992802,0.6131752729415894
46979,jm1,hydra_small,10880,21,16384,5440,3,3,ok,,1.5501097310334444,1.2993872482329607,0.7209239602088928
46979,jm1,tabpfn,10880,21,16384,5440,3,4,ok,,0.8366296626627445,0.5676721567288041,0.7319812774658203
46979,jm1,hybrid_8l,10880,21,16384,5440,3,4,ok,,0.5181416124105453,0.2707410054281354,0.6918321251869202
46979,jm1,hydra,10880,21,16384,5440,3,4,ok,,0.4736919552087784,0.2259563123807311,0.6131752729415894
46979,jm1,hydra_small,10880,21,16384,5440,3,4,ok,,1.5492643676698208,1.2986197834834456,0.7209239602088928
46979,jm1,tabpfn,10880,21,16384,5440,3,5,ok,,0.8163197049871087,0.5675112307071686,0.7319812774658203
46979,jm1,hybrid_8l,10880,21,16384,5440,3,5,ok,,0.5182613078504801,0.27057229448109865,0.6918321251869202
46979,jm1,hydra_small,10880,21,16384,5440,3,5,ok,,1.5513975452631712,1.3009840389713645,0.7209239602088928
46979,jm1,hydra,10880,21,16384,5440,3,5,ok,,0.47442492190748453,0.22603626362979412,0.6131752729415894
46979,jm1,hybrid_8l,10880,21,16384,5440,3,6,ok,,0.5184359177947044,0.2709038835018873,0.6918321251869202
46979,jm1,tabpfn,10880,21,16384,5440,3,6,ok,,0.8167031910270452,0.567713612690568,0.7319812774658203
46979,jm1,hydra,10880,21,16384,5440,3,6,ok,,0.47574597503989935,0.225392603315413,0.6131752729415894
46979,jm1,hydra_small,10880,21,16384,5440,3,6,ok,,1.5547068333253264,1.3013725625351071,0.7209239602088928
46979,jm1,tabpfn,10880,21,16384,5440,3,7,ok,,0.8173864837735891,0.5676517244428396,0.7319812774658203
46979,jm1,hybrid_8l,10880,21,16384,5440,3,7,ok,,0.5222080340608954,0.2709572119638324,0.6918321251869202
46979,jm1,hydra_small,10880,21,16384,5440,3,7,ok,,1.9625055203214288,1.299524137750268,0.7209239602088928
46979,jm1,hydra,10880,21,16384,5440,3,7,ok,,0.47718506027013063,0.22598944418132305,0.6131752729415894
46979,jm1,hydra,10880,21,16384,5440,3,8,ok,,0.474791974760592,0.22590625565499067,0.6131752729415894
46979,jm1,hybrid_8l,10880,21,16384,5440,3,8,ok,,0.9201754741370678,0.27099107578396797,0.6918321251869202
46979,jm1,hydra_small,10880,21,16384,5440,3,8,ok,,1.573808110319078,1.3002113373950124,0.7209239602088928
46979,jm1,tabpfn,10880,21,16384,5440,3,8,ok,,0.8159433351829648,0.5677941218018532,0.7319812774658203
46979,jm1,hybrid_8l,10880,21,16384,5440,3,9,ok,,0.7341504283249378,0.27050404343754053,0.6918321251869202
46979,jm1,tabpfn,10880,21,16384,5440,3,9,ok,,1.2473758067935705,0.567603881470859,0.7319812774658203
46979,jm1,hydra,10880,21,16384,5440,3,9,ok,,0.888842367567122,0.22588350158184767,0.6131752729415894
46979,jm1,hydra_small,10880,21,16384,5440,3,9,ok,,1.9400126161053777,1.3004804411903024,0.7209239602088928
46979,jm1,hybrid_8l,10880,21,16384,5440,3,10,ok,,0.5449325498193502,0.27080899849534035,0.6918321251869202
46979,jm1,tabpfn,10880,21,16384,5440,3,10,ok,,0.8169791949912906,0.5676144389435649,0.7319812774658203
46979,jm1,hydra,10880,21,16384,5440,3,10,ok,,0.5339849861338735,0.2259382251650095,0.6131752729415894
46979,jm1,hydra_small,10880,21,16384,5440,3,10,ok,,1.5513114724308252,1.298892268911004,0.7209239602088928
46979,jm1,hydra,10880,21,16384,5440,3,11,ok,,0.5160946547985077,0.22557998541742563,0.6131752729415894
46979,jm1,hybrid_8l,10880,21,16384,5440,3,11,ok,,0.9374689552932978,0.27083197329193354,0.6918321251869202
46979,jm1,hydra_small,10880,21,16384,5440,3,11,ok,,1.970912209711969,1.3007594840601087,0.7209239602088928
46979,jm1,tabpfn,10880,21,16384,5440,3,11,ok,,1.226724285632372,0.567725908011198,0.7319812774658203
46979,jm1,hydra_small,10880,21,16384,5440,3,12,ok,,1.9607874099165201,1.299563154578209,0.7209239602088928
46979,jm1,hybrid_8l,10880,21,16384,5440,3,12,ok,,0.9513520980253816,0.2707549650222063,0.6918321251869202
46979,jm1,tabpfn,10880,21,16384,5440,3,12,ok,,1.1499492339789867,0.5677598807960749,0.7319812774658203
46979,jm1,hydra,10880,21,16384,5440,3,12,ok,,0.8940677111968398,0.22530443221330643,0.6131752729415894
46979,jm1,hybrid_8l,10880,21,16384,5440,3,13,ok,,0.9382586758583784,0.27055033668875694,0.6918321251869202
46979,jm1,tabpfn,10880,21,16384,5440,3,13,ok,,1.2358974814414978,0.5675067193806171,0.7319812774658203
46979,jm1,hydra_small,10880,21,16384,5440,3,13,ok,,2.0025453362613916,1.2977407053112984,0.7209239602088928
46979,jm1,hydra,10880,21,16384,5440,3,13,ok,,0.9069498982280493,0.2252491870895028,0.6131752729415894
46979,jm1,hydra,10880,21,16384,5440,3,14,ok,,0.8947431175038218,0.22611592896282673,0.6131752729415894
46979,jm1,hydra_small,10880,21,16384,5440,3,14,ok,,2.0126117961481214,1.3006961615756154,0.7209239602088928
46979,jm1,hybrid_8l,10880,21,16384,5440,3,14,ok,,0.9450561525300145,0.27092348225414753,0.6918321251869202
46979,jm1,tabpfn,10880,21,16384,5440,3,14,ok,,1.2314810678362846,0.567518999800086,0.7319812774658203
46979,jm1,hydra_small,10880,21,16384,5440,3,15,ok,,1.9664679048582911,1.298988793976605,0.7209239602088928
46979,jm1,hydra,10880,21,16384,5440,3,15,ok,,0.9107940578833222,0.22587950993329287,0.6131752729415894
46979,jm1,hybrid_8l,10880,21,16384,5440,3,15,ok,,0.5192789314314723,0.27057541254907846,0.6918321251869202
46979,jm1,tabpfn,10880,21,16384,5440,3,15,ok,,0.8172010518610477,0.5675037605687976,0.7319812774658203
46979,jm1,hydra,10880,21,16384,5440,4,1,ok,,0.4899623794481158,0.22583111841231585,0.6057484745979309
46979,jm1,tabpfn,10880,21,16384,5440,4,1,ok,,0.8166328137740493,0.5674930894747376,0.740971028804779
46979,jm1,hydra_small,10880,21,16384,5440,4,1,ok,,1.5745376152917743,1.300066251307726,0.7289401292800903
46979,jm1,hybrid_8l,10880,21,16384,5440,4,1,ok,,0.5197146954014897,0.27039027120918036,0.695225179195404
46979,jm1,hydra_small,10880,21,16384,5440,4,2,ok,,1.5501033645123243,1.2987578809261322,0.7289401292800903
46979,jm1,hybrid_8l,10880,21,16384,5440,4,2,ok,,0.9327713763341308,0.27076242584735155,0.695225179195404
46979,jm1,hydra,10880,21,16384,5440,4,2,ok,,0.49833391048014164,0.22581661026924849,0.6057484745979309
46979,jm1,tabpfn,10880,21,16384,5440,4,2,ok,,0.8451216025277972,0.5677472185343504,0.740971028804779
46979,jm1,hybrid_8l,10880,21,16384,5440,4,3,ok,,0.5199865875765681,0.2707371776923537,0.695225179195404
46979,jm1,hydra,10880,21,16384,5440,4,3,ok,,0.4985378570854664,0.2256825352087617,0.6057484745979309
46979,jm1,tabpfn,10880,21,16384,5440,4,3,ok,,0.818729292601347,0.5677997572347522,0.740971028804779
46979,jm1,hydra_small,10880,21,16384,5440,4,3,ok,,1.6601119674742222,1.299419448710978,0.7289401292800903
46979,jm1,hybrid_8l,10880,21,16384,5440,4,4,ok,,0.5457051107659936,0.2705665435642004,0.695225179195404
46979,jm1,hydra,10880,21,16384,5440,4,4,ok,,0.4826104864478111,0.22585840802639723,0.6057484745979309
46979,jm1,hydra_small,10880,21,16384,5440,4,4,ok,,1.548784226179123,1.2979056080803275,0.7289401292800903
46979,jm1,tabpfn,10880,21,16384,5440,4,4,ok,,1.2318634670227766,0.5675033843144774,0.740971028804779
46979,jm1,hydra,10880,21,16384,5440,4,5,ok,,0.8842911990359426,0.22578705288469791,0.6057484745979309
46979,jm1,hybrid_8l,10880,21,16384,5440,4,5,ok,,0.5387978302314878,0.27066174428910017,0.695225179195404
46979,jm1,tabpfn,10880,21,16384,5440,4,5,ok,,0.8178522158414125,0.5677792960777879,0.740971028804779
46979,jm1,hydra_small,10880,21,16384,5440,4,5,ok,,1.5509234545752406,1.2997160339727998,0.7289401292800903
46979,jm1,hydra,10880,21,16384,5440,4,6,ok,,0.47447968553751707,0.2251092279329896,0.6057484745979309
46979,jm1,hydra_small,10880,21,16384,5440,4,6,ok,,1.551476120017469,1.3000155808404088,0.7289401292800903
46979,jm1,tabpfn,10880,21,16384,5440,4,6,ok,,0.8180734738707542,0.5674983533099294,0.740971028804779
46979,jm1,hybrid_8l,10880,21,16384,5440,4,6,ok,,0.6088137775659561,0.27063628379255533,0.695225179195404
46979,jm1,tabpfn,10880,21,16384,5440,4,7,ok,,0.8169070621952415,0.5675723515450954,0.740971028804779
46979,jm1,hydra_small,10880,21,16384,5440,4,7,ok,,1.575290541164577,1.3003828041255474,0.7289401292800903
46979,jm1,hybrid_8l,10880,21,16384,5440,4,7,ok,,0.520349221304059,0.27072714548557997,0.695225179195404
46979,jm1,hydra,10880,21,16384,5440,4,7,ok,,0.4757023826241493,0.22597261238843203,0.6057484745979309
46979,jm1,tabpfn,10880,21,16384,5440,4,8,ok,,0.8168703112751245,0.5676769996061921,0.740971028804779
46979,jm1,hybrid_8l,10880,21,16384,5440,4,8,ok,,0.518867933191359,0.27048829291015863,0.695225179195404
46979,jm1,hydra,10880,21,16384,5440,4,8,ok,,0.5249703861773014,0.22564225643873215,0.6057484745979309
46979,jm1,hydra_small,10880,21,16384,5440,4,8,ok,,1.6007221760228276,1.2998212352395058,0.7289401292800903
46979,jm1,tabpfn,10880,21,16384,5440,4,9,ok,,0.8164685685187578,0.5675671696662903,0.740971028804779
46979,jm1,hydra,10880,21,16384,5440,4,9,ok,,0.47948543820530176,0.22601999156177044,0.6057484745979309
46979,jm1,hybrid_8l,10880,21,16384,5440,4,9,ok,,0.5281188609078526,0.27061623334884644,0.695225179195404
46979,jm1,hydra_small,10880,21,16384,5440,4,9,ok,,1.6492400355637074,1.2998666698113084,0.7289401292800903
46979,jm1,hydra,10880,21,16384,5440,4,10,ok,,0.47634517680853605,0.22670446895062923,0.6057484745979309
46979,jm1,tabpfn,10880,21,16384,5440,4,10,ok,,0.8175557870417833,0.5675072455778718,0.740971028804779
46979,jm1,hybrid_8l,10880,21,16384,5440,4,10,ok,,0.5393326990306377,0.27051252871751785,0.695225179195404
46979,jm1,hydra_small,10880,21,16384,5440,4,10,ok,,1.5520941969007254,1.3002647403627634,0.7289401292800903
46979,jm1,hydra_small,10880,21,16384,5440,4,11,ok,,1.5555579494684935,1.298670418560505,0.7289401292800903
46979,jm1,hybrid_8l,10880,21,16384,5440,4,11,ok,,0.5295024504885077,0.2709228042513132,0.695225179195404
46979,jm1,hydra,10880,21,16384,5440,4,11,ok,,0.47546271327883005,0.22595683112740517,0.6057484745979309
46979,jm1,tabpfn,10880,21,16384,5440,4,11,ok,,0.8892148854210973,0.567876011133194,0.740971028804779
46979,jm1,hydra,10880,21,16384,5440,4,12,ok,,0.47332728654146194,0.2258476736024022,0.6057484745979309
46979,jm1,hydra_small,10880,21,16384,5440,4,12,ok,,1.552586516365409,1.3012889483943582,0.7289401292800903
46979,jm1,tabpfn,10880,21,16384,5440,4,12,ok,,0.8172708731144667,0.5678905472159386,0.740971028804779
46979,jm1,hybrid_8l,10880,21,16384,5440,4,12,ok,,0.5182190584018826,0.2712532998993993,0.695225179195404
46979,jm1,hybrid_8l,10880,21,16384,5440,4,13,ok,,0.5556506849825382,0.27045410592108965,0.695225179195404
46979,jm1,hydra,10880,21,16384,5440,4,13,ok,,0.8603980308398604,0.22563140466809273,0.6057484745979309
46979,jm1,tabpfn,10880,21,16384,5440,4,13,ok,,0.8989350823685527,0.5676045566797256,0.740971028804779
46979,jm1,hydra_small,10880,21,16384,5440,4,13,ok,,1.5563921220600605,1.300378618761897,0.7289401292800903
46979,jm1,tabpfn,10880,21,16384,5440,4,14,ok,,0.8179900124669075,0.5677152341231704,0.740971028804779
46979,jm1,hydra_small,10880,21,16384,5440,4,14,ok,,1.5514535615220666,1.2995992712676525,0.7289401292800903
46979,jm1,hybrid_8l,10880,21,16384,5440,4,14,ok,,0.5185988266021013,0.27062469720840454,0.695225179195404
46979,jm1,hydra,10880,21,16384,5440,4,14,ok,,0.4761474281549454,0.22603610903024673,0.6057484745979309
46979,jm1,hydra,10880,21,16384,5440,4,15,ok,,0.4754573004320264,0.2263079760596156,0.6057484745979309
46979,jm1,hydra_small,10880,21,16384,5440,4,15,ok,,1.5500058149918914,1.2985937530174851,0.7289401292800903
46979,jm1,tabpfn,10880,21,16384,5440,4,15,ok,,0.8180497325956821,0.5680455891415477,0.740971028804779
46979,jm1,hybrid_8l,10880,21,16384,5440,4,15,ok,,0.6104325642809272,0.2709600031375885,0.695225179195404
46979,jm1,tabpfn,10880,21,16384,5440,5,1,ok,,0.8242918811738491,0.5676493886858225,0.7274147868156433
46979,jm1,hydra_small,10880,21,16384,5440,5,1,ok,,1.5668518533930182,1.3003320442512631,0.7144775986671448
46979,jm1,hydra,10880,21,16384,5440,5,1,ok,,0.4851628690958023,0.22609299700707197,0.6118402481079102
46979,jm1,hybrid_8l,10880,21,16384,5440,5,1,ok,,0.5243199458345771,0.27094110660254955,0.6832937598228455
46979,jm1,hybrid_8l,10880,21,16384,5440,5,2,ok,,0.7027274444699287,0.2708071516826749,0.6832937598228455
46979,jm1,hydra,10880,21,16384,5440,5,2,ok,,0.5032024616375566,0.2253564614802599,0.6118402481079102
46979,jm1,hydra_small,10880,21,16384,5440,5,2,ok,,1.5801740624010563,1.3010770427063107,0.7144775986671448
46979,jm1,tabpfn,10880,21,16384,5440,5,2,ok,,0.8233249047771096,0.5681550242006779,0.7274147868156433
46979,jm1,hydra,10880,21,16384,5440,5,3,ok,,0.8956653773784637,0.22550921980291605,0.6118402481079102
46979,jm1,hybrid_8l,10880,21,16384,5440,5,3,ok,,0.9407998286187649,0.2704643113538623,0.6832937598228455
46979,jm1,tabpfn,10880,21,16384,5440,5,3,ok,,1.2382233226671815,0.5677474606782198,0.7274147868156433
46979,jm1,hydra_small,10880,21,16384,5440,5,3,ok,,1.6538676843047142,1.3000709619373083,0.7144775986671448
46979,jm1,hydra,10880,21,16384,5440,5,4,ok,,0.873732928186655,0.22552991937845945,0.6118402481079102
46979,jm1,hybrid_8l,10880,21,16384,5440,5,4,ok,,0.5501142386347055,0.2705409061163664,0.6832937598228455
46979,jm1,tabpfn,10880,21,16384,5440,5,4,ok,,0.8225433025509119,0.5676424000412226,0.7274147868156433
46979,jm1,hydra_small,10880,21,16384,5440,5,4,ok,,1.55917710904032,1.3010367201641202,0.7144775986671448
46979,jm1,hybrid_8l,10880,21,16384,5440,5,5,ok,,0.5330004785209894,0.27105277590453625,0.6832937598228455
46979,jm1,hydra,10880,21,16384,5440,5,5,ok,,0.48104836978018284,0.22611384466290474,0.6118402481079102
46979,jm1,hydra_small,10880,21,16384,5440,5,5,ok,,1.55720847658813,1.299167145974934,0.7144775986671448
46979,jm1,tabpfn,10880,21,16384,5440,5,5,ok,,0.8492271602153778,0.5678991451859474,0.7274147868156433
46979,jm1,tabpfn,10880,21,16384,5440,5,6,ok,,0.8233868470415473,0.5678517455235124,0.7274147868156433
46979,jm1,hydra,10880,21,16384,5440,5,6,ok,,0.48502594511955976,0.22528449352830648,0.6118402481079102
46979,jm1,hydra_small,10880,21,16384,5440,5,6,ok,,1.9482033755630255,1.300266514532268,0.7144775986671448
46979,jm1,hybrid_8l,10880,21,16384,5440,5,6,ok,,0.5244716070592403,0.270480340346694,0.6832937598228455
46979,jm1,hybrid_8l,10880,21,16384,5440,5,7,ok,,0.9405243396759033,0.27047722414135933,0.6832937598228455
46979,jm1,hydra_small,10880,21,16384,5440,5,7,ok,,1.6080130161717534,1.2979780863970518,0.7144775986671448
46979,jm1,hydra,10880,21,16384,5440,5,7,ok,,0.48494095262140036,0.22575089614838362,0.6118402481079102
46979,jm1,tabpfn,10880,21,16384,5440,5,7,ok,,0.8229509880766273,0.5678064171224833,0.7274147868156433
46979,jm1,hybrid_8l,10880,21,16384,5440,5,8,ok,,0.941150514408946,0.27035060338675976,0.6832937598228455
46979,jm1,tabpfn,10880,21,16384,5440,5,8,ok,,0.8234962401911616,0.567710755392909,0.7274147868156433
46979,jm1,hydra_small,10880,21,16384,5440,5,8,ok,,1.5601920299232006,1.3003055229783058,0.7144775986671448
46979,jm1,hydra,10880,21,16384,5440,5,8,ok,,0.5137037606909871,0.22550350613892078,0.6118402481079102
46979,jm1,hybrid_8l,10880,21,16384,5440,5,9,ok,,0.5259087570011616,0.27057593036442995,0.6832937598228455
46979,jm1,tabpfn,10880,21,16384,5440,5,9,ok,,0.8231077631935477,0.5678214645013213,0.7274147868156433
46979,jm1,hydra_small,10880,21,16384,5440,5,9,ok,,1.5580344889312983,1.2993684448301792,0.7144775986671448
46979,jm1,hydra,10880,21,16384,5440,5,9,ok,,0.8946922309696674,0.22569934651255608,0.6118402481079102
46979,jm1,tabpfn,10880,21,16384,5440,5,10,ok,,1.2412271378561854,0.5680432431399822,0.7274147868156433
46979,jm1,hydra,10880,21,16384,5440,5,10,ok,,0.9037937251850963,0.22592370118945837,0.6118402481079102
46979,jm1,hybrid_8l,10880,21,16384,5440,5,10,ok,,0.5481822900474072,0.2707732133567333,0.6832937598228455
46979,jm1,hydra_small,10880,21,16384,5440,5,10,ok,,1.6439345385879278,1.3002256453037262,0.7144775986671448
46979,jm1,hydra_small,10880,21,16384,5440,5,11,ok,,1.557896009646356,1.30004289932549,0.7144775986671448
46979,jm1,tabpfn,10880,21,16384,5440,5,11,ok,,0.891692484728992,0.5678766844794154,0.7274147868156433
46979,jm1,hybrid_8l,10880,21,16384,5440,5,11,ok,,0.934496489353478,0.2704650182276964,0.6832937598228455
46979,jm1,hydra,10880,21,16384,5440,5,11,ok,,0.5254861637949944,0.22542446479201317,0.6118402481079102
46979,jm1,hydra_small,10880,21,16384,5440,5,12,ok,,1.9513089386746287,1.2983677620068192,0.7144775986671448
46979,jm1,hybrid_8l,10880,21,16384,5440,5,12,ok,,0.9410147676244378,0.2705529537051916,0.6832937598228455
46979,jm1,tabpfn,10880,21,16384,5440,5,12,ok,,1.2418677741661668,0.5673794914036989,0.7274147868156433
46979,jm1,hydra,10880,21,16384,5440,5,12,ok,,0.5297878831624985,0.22563746757805347,0.6118402481079102
46979,jm1,hybrid_8l,10880,21,16384,5440,5,13,ok,,0.5265664495527744,0.27081240620464087,0.6832937598228455
46979,jm1,tabpfn,10880,21,16384,5440,5,13,ok,,1.2493634847924113,0.567830947227776,0.7274147868156433
46979,jm1,hydra_small,10880,21,16384,5440,5,13,ok,,1.859378100372851,1.3006619233638048,0.7144775986671448
46979,jm1,hydra,10880,21,16384,5440,5,13,ok,,0.6415561707690358,0.22559450659900904,0.6118402481079102
46979,jm1,hybrid_8l,10880,21,16384,5440,5,14,ok,,0.5274188229814172,0.2705576419830322,0.6832937598228455
46979,jm1,hydra,10880,21,16384,5440,5,14,ok,,0.481115797534585,0.22548229433596134,0.6118402481079102
46979,jm1,tabpfn,10880,21,16384,5440,5,14,ok,,0.8269491316750646,0.5679651303216815,0.7274147868156433
46979,jm1,hydra_small,10880,21,16384,5440,5,14,ok,,1.5581639157608151,1.301775791682303,0.7144775986671448
46979,jm1,hydra_small,10880,21,16384,5440,5,15,ok,,1.9720911737531424,1.2986675519496202,0.7144775986671448
46979,jm1,hydra,10880,21,16384,5440,5,15,ok,,0.5081848064437509,0.2258571544662118,0.6118402481079102
46979,jm1,tabpfn,10880,21,16384,5440,5,15,ok,,1.235289723612368,0.5674337316304445,0.7274147868156433
46979,jm1,hybrid_8l,10880,21,16384,5440,5,15,ok,,0.9403411950916052,0.27076651714742184,0.6832937598228455
46947,online_shoppers_intention,hybrid_8l,12330,17,16384,6165,1,1,ok,,0.5842770356684923,0.33800618164241314,0.8922271132469177
46947,online_shoppers_intention,tabpfn,12330,17,16384,6165,1,1,ok,,0.9533427683636546,0.7339224731549621,0.9134228825569153
46947,online_shoppers_intention,hydra,12330,17,16384,6165,1,1,ok,,0.4796007750555873,0.2609766060486436,0.7558097243309021
46947,online_shoppers_intention,hydra_small,12330,17,16384,6165,1,1,ok,,1.7406686693429947,1.4959534937515855,0.9064269661903381
46947,online_shoppers_intention,hydra_small,12330,17,16384,6165,1,2,ok,,1.725414713844657,1.494448060169816,0.9064269661903381
46947,online_shoppers_intention,hydra,12330,17,16384,6165,1,2,ok,,0.47999908961355686,0.2611103290691972,0.7558097243309021
46947,online_shoppers_intention,hybrid_8l,12330,17,16384,6165,1,2,ok,,0.559088216163218,0.338382575660944,0.8922271132469177
46947,online_shoppers_intention,tabpfn,12330,17,16384,6165,1,2,ok,,0.9523963434621692,0.7338671060279012,0.9134228825569153
46947,online_shoppers_intention,hydra_small,12330,17,16384,6165,1,3,ok,,1.718016853556037,1.4962653117254376,0.9064269661903381
46947,online_shoppers_intention,hybrid_8l,12330,17,16384,6165,1,3,ok,,0.5575840752571821,0.3387104161083698,0.8922271132469177
46947,online_shoppers_intention,hydra,12330,17,16384,6165,1,3,ok,,0.48051455430686474,0.2613033652305603,0.7558097243309021
46947,online_shoppers_intention,tabpfn,12330,17,16384,6165,1,3,ok,,0.9541559061035514,0.7339685261249542,0.9134228825569153
46947,online_shoppers_intention,tabpfn,12330,17,16384,6165,1,4,ok,,0.9536609267815948,0.7342237886041403,0.9134228825569153
46947,online_shoppers_intention,hybrid_8l,12330,17,16384,6165,1,4,ok,,0.5582040883600712,0.33838822413235903,0.8922271132469177
46947,online_shoppers_intention,hydra_small,12330,17,16384,6165,1,4,ok,,1.7377099534496665,1.4988379310816526,0.9064269661903381
46947,online_shoppers_intention,hydra,12330,17,16384,6165,1,4,ok,,0.48912866599857807,0.2614949978888035,0.7558097243309021
46947,online_shoppers_intention,hydra_small,12330,17,16384,6165,1,5,ok,,1.7965203346684575,1.495237928815186,0.9064269661903381
46947,online_shoppers_intention,hydra,12330,17,16384,6165,1,5,ok,,0.48188230488449335,0.2609994690865278,0.7558097243309021
46947,online_shoppers_intention,hybrid_8l,12330,17,16384,6165,1,5,ok,,0.5584496529772878,0.3381453938782215,0.8922271132469177
46947,online_shoppers_intention,tabpfn,12330,17,16384,6165,1,5,ok,,0.9607624802738428,0.7339905649423599,0.9134228825569153
46947,online_shoppers_intention,tabpfn,12330,17,16384,6165,1,6,ok,,0.9542245613411069,0.7341240579262376,0.9134228825569153
46947,online_shoppers_intention,hydra,12330,17,16384,6165,1,6,ok,,0.48177241533994675,0.26153869926929474,0.7558097243309021
46947,online_shoppers_intention,hydra_small,12330,17,16384,6165,1,6,ok,,1.7368315132334828,1.4967626426368952,0.9064269661903381
46947,online_shoppers_intention,hybrid_8l,12330,17,16384,6165,1,6,ok,,0.9668914508074522,0.338916452601552,0.8922271132469177
46947,online_shoppers_intention,hydra_small,12330,17,16384,6165,1,7,ok,,2.0227699112147093,1.498219762928784,0.9064269661903381
46947,online_shoppers_intention,hydra,12330,17,16384,6165,1,7,ok,,0.48129774536937475,0.2613409850746393,0.7558097243309021
46947,online_shoppers_intention,tabpfn,12330,17,16384,6165,1,7,ok,,0.9541363911703229,0.73418671451509,0.9134228825569153
46947,online_shoppers_intention,hybrid_8l,12330,17,16384,6165,1,7,ok,,0.558755530975759,0.33813280798494816,0.8922271132469177
46947,online_shoppers_intention,hybrid_8l,12330,17,16384,6165,1,8,ok,,0.5576478913426399,0.3381296209990978,0.8922271132469177
46947,online_shoppers_intention,hydra_small,12330,17,16384,6165,1,8,ok,,1.7627133065834641,1.4960919469594955,0.9064269661903381
46947,online_shoppers_intention,tabpfn,12330,17,16384,6165,1,8,ok,,0.9806820070371032,0.7339960811659694,0.9134228825569153
46947,online_shoppers_intention,hydra,12330,17,16384,6165,1,8,ok,,0.4957856247201562,0.26139128021895885,0.7558097243309021
46947,online_shoppers_intention,hydra,12330,17,16384,6165,1,9,ok,,0.5068839536979795,0.26179729774594307,0.7558097243309021
46947,online_shoppers_intention,tabpfn,12330,17,16384,6165,1,9,ok,,0.9579188646748662,0.7338801911100745,0.9134228825569153
46947,online_shoppers_intention,hydra_small,12330,17,16384,6165,1,9,ok,,1.7467637825757265,1.497227255254984,0.9064269661903381
46947,online_shoppers_intention,hybrid_8l,12330,17,16384,6165,1,9,ok,,0.5572323622182012,0.3378430772572756,0.8922271132469177
46947,online_shoppers_intention,tabpfn,12330,17,16384,6165,1,10,ok,,1.3718819934874773,0.7339550536125898,0.9134228825569153
46947,online_shoppers_intention,hybrid_8l,12330,17,16384,6165,1,10,ok,,0.5568738123402,0.3385212318971753,0.8922271132469177
46947,online_shoppers_intention,hydra,12330,17,16384,6165,1,10,ok,,0.4918160419911146,0.26092456467449665,0.7558097243309021
46947,online_shoppers_intention,hydra_small,12330,17,16384,6165,1,10,ok,,1.71590684261173,1.4945519119501114,0.9064269661903381
46947,online_shoppers_intention,hydra,12330,17,16384,6165,1,11,ok,,0.4826608542352915,0.261064849793911,0.7558097243309021
46947,online_shoppers_intention,hybrid_8l,12330,17,16384,6165,1,11,ok,,0.5678200414404273,0.33847765903919935,0.8922271132469177
46947,online_shoppers_intention,tabpfn,12330,17,16384,6165,1,11,ok,,0.9719281559810042,0.7343229381367564,0.9134228825569153
46947,online_shoppers_intention,hydra_small,12330,17,16384,6165,1,11,ok,,1.7199899554252625,1.4956707106903195,0.9064269661903381
46947,online_shoppers_intention,hydra,12330,17,16384,6165,1,12,ok,,0.4810207858681679,0.2610688069835305,0.7558097243309021
46947,online_shoppers_intention,hydra_small,12330,17,16384,6165,1,12,ok,,1.720198797993362,1.4982220232486725,0.9064269661903381
46947,online_shoppers_intention,hybrid_8l,12330,17,16384,6165,1,12,ok,,0.5593936238437891,0.3387796701863408,0.8922271132469177
46947,online_shoppers_intention,tabpfn,12330,17,16384,6165,1,12,ok,,0.9551958600059152,0.7341411001980305,0.9134228825569153
46947,online_shoppers_intention,hybrid_8l,12330,17,16384,6165,1,13,ok,,0.5763832163065672,0.33846363238990307,0.8922271132469177
46947,online_shoppers_intention,hydra,12330,17,16384,6165,1,13,ok,,0.48179528303444386,0.26055078487843275,0.7558097243309021
46947,online_shoppers_intention,tabpfn,12330,17,16384,6165,1,13,ok,,0.9549080338329077,0.7343477224931121,0.9134228825569153
46947,online_shoppers_intention,hydra_small,12330,17,16384,6165,1,13,ok,,1.7921763649210334,1.4977181646972895,0.9064269661903381
46947,online_shoppers_intention,hydra_small,12330,17,16384,6165,1,14,ok,,1.7348113507032394,1.4962785560637712,0.9064269661903381
46947,online_shoppers_intention,hydra,12330,17,16384,6165,1,14,ok,,0.482012502849102,0.2618136964738369,0.7558097243309021
46947,online_shoppers_intention,hybrid_8l,12330,17,16384,6165,1,14,ok,,0.5593447498977184,0.3380719590932131,0.8922271132469177
46947,online_shoppers_intention,tabpfn,12330,17,16384,6165,1,14,ok,,0.9542622677981853,0.7340341163799167,0.9134228825569153
46947,online_shoppers_intention,hydra,12330,17,16384,6165,1,15,ok,,0.4793317234143615,0.2611249601468444,0.7558097243309021
46947,online_shoppers_intention,hybrid_8l,12330,17,16384,6165,1,15,ok,,0.5551528967916965,0.33815101720392704,0.8922271132469177
46947,online_shoppers_intention,tabpfn,12330,17,16384,6165,1,15,ok,,0.9525590790435672,0.7339762365445495,0.9134228825569153
46947,online_shoppers_intention,hydra_small,12330,17,16384,6165,1,15,ok,,1.7178633222356439,1.4972279500216246,0.9064269661903381
46947,online_shoppers_intention,hydra,12330,17,16384,6165,2,1,ok,,0.48437462840229273,0.26167223788797855,0.7602522373199463
46947,online_shoppers_intention,hydra_small,12330,17,16384,6165,2,1,ok,,1.7234544046223164,1.4979625912383199,0.9031133651733398
46947,online_shoppers_intention,tabpfn,12330,17,16384,6165,2,1,ok,,0.9590731794014573,0.7343657305464149,0.9151299595832825
46947,online_shoppers_intention,hybrid_8l,12330,17,16384,6165,2,1,ok,,0.5608257055282593,0.3384147575125098,0.894153892993927
46947,online_shoppers_intention,hydra_small,12330,17,16384,6165,2,2,ok,,1.7255941778421402,1.4993038307875395,0.9031133651733398
46947,online_shoppers_intention,hybrid_8l,12330,17,16384,6165,2,2,ok,,0.5836654789745808,0.3383866026997566,0.894153892993927
46947,online_shoppers_intention,hydra,12330,17,16384,6165,2,2,ok,,0.48620568588376045,0.2618451761081815,0.7602522373199463
46947,online_shoppers_intention,tabpfn,12330,17,16384,6165,2,2,ok,,0.9582105837762356,0.7341295331716537,0.9151299595832825
46947,online_shoppers_intention,hydra,12330,17,16384,6165,2,3,ok,,0.48874218109995127,0.2610256113111973,0.7602522373199463
46947,online_shoppers_intention,tabpfn,12330,17,16384,6165,2,3,ok,,0.9773413222283125,0.7339695291593671,0.9151299595832825
46947,online_shoppers_intention,hydra_small,12330,17,16384,6165,2,3,ok,,1.7358460677787662,1.4969884604215622,0.9031133651733398
46947,online_shoppers_intention,hybrid_8l,12330,17,16384,6165,2,3,ok,,0.5599719043821096,0.33835882879793644,0.894153892993927
46947,online_shoppers_intention,tabpfn,12330,17,16384,6165,2,4,ok,,0.9572272375226021,0.7342743761837482,0.9151299595832825
46947,online_shoppers_intention,hydra_small,12330,17,16384,6165,2,4,ok,,1.7587879253551364,1.498929314315319,0.9031133651733398
46947,online_shoppers_intention,hydra,12330,17,16384,6165,2,4,ok,,0.4853822737932205,0.2614364391192794,0.7602522373199463
46947,online_shoppers_intention,hybrid_8l,12330,17,16384,6165,2,4,ok,,0.5601174989715219,0.33814778830856085,0.894153892993927
46947,online_shoppers_intention,tabpfn,12330,17,16384,6165,2,5,ok,,0.9576750649139285,0.7340754484757781,0.9151299595832825
46947,online_shoppers_intention,hybrid_8l,12330,17,16384,6165,2,5,ok,,0.5603828905150294,0.3382637584581971,0.894153892993927
46947,online_shoppers_intention,hydra,12330,17,16384,6165,2,5,ok,,0.4830925241112709,0.2616749005392194,0.7602522373199463
46947,online_shoppers_intention,hydra_small,12330,17,16384,6165,2,5,ok,,1.7222523149102926,1.496900076046586,0.9031133651733398
46947,online_shoppers_intention,hybrid_8l,12330,17,16384,6165,2,6,ok,,0.5609949715435505,0.33825189620256424,0.894153892993927
46947,online_shoppers_intention,hydra,12330,17,16384,6165,2,6,ok,,0.48502473440021276,0.2615784276276827,0.7602522373199463
46947,online_shoppers_intention,tabpfn,12330,17,16384,6165,2,6,ok,,0.9585252245888114,0.7348195873200893,0.9151299595832825
46947,online_shoppers_intention,hydra_small,12330,17,16384,6165,2,6,ok,,1.7268220400437713,1.5000334111973643,0.9031133651733398
46947,online_shoppers_intention,hydra_small,12330,17,16384,6165,2,7,ok,,1.7229557344689965,1.4975289637222886,0.9031133651733398
46947,online_shoppers_intention,hybrid_8l,12330,17,16384,6165,2,7,ok,,0.6162901697680354,0.33876668009907007,0.894153892993927
46947,online_shoppers_intention,tabpfn,12330,17,16384,6165,2,7,ok,,1.0970875043421984,0.7339140987023711,0.9151299595832825
46947,online_shoppers_intention,hydra,12330,17,16384,6165,2,7,ok,,0.4840113027021289,0.2616087654605508,0.7602522373199463
46947,online_shoppers_intention,tabpfn,12330,17,16384,6165,2,8,ok,,0.954948304221034,0.7338161431252956,0.9151299595832825
46947,online_shoppers_intention,hydra,12330,17,16384,6165,2,8,ok,,0.4824848808348179,0.2619124501943588,0.7602522373199463
46947,online_shoppers_intention,hybrid_8l,12330,17,16384,6165,2,8,ok,,0.5589933758601546,0.3378485506400466,0.894153892993927
46947,online_shoppers_intention,hydra_small,12330,17,16384,6165,2,8,ok,,1.7208163356408477,1.4950015814974904,0.9031133651733398
46947,online_shoppers_intention,tabpfn,12330,17,16384,6165,2,9,ok,,0.9565551280975342,0.7338953511789441,0.9151299595832825
46947,online_shoppers_intention,hydra_small,12330,17,16384,6165,2,9,ok,,1.7203982323408127,1.4957337668165565,0.9031133651733398
46947,online_shoppers_intention,hydra,12330,17,16384,6165,2,9,ok,,0.4839622089639306,0.261346367187798,0.7602522373199463
46947,online_shoppers_intention,hybrid_8l,12330,17,16384,6165,2,9,ok,,0.5593156646937132,0.33793129585683346,0.894153892993927
46947,online_shoppers_intention,hybrid_8l,12330,17,16384,6165,2,10,ok,,0.5610096957534552,0.3380659017711878,0.894153892993927
46947,online_shoppers_intention,tabpfn,12330,17,16384,6165,2,10,ok,,0.9561891919001937,0.7342022322118282,0.9151299595832825
46947,online_shoppers_intention,hydra_small,12330,17,16384,6165,2,10,ok,,1.7210861118510365,1.497184693813324,0.9031133651733398
46947,online_shoppers_intention,hydra,12330,17,16384,6165,2,10,ok,,0.4837713362649083,0.2604546770453453,0.7602522373199463
46947,online_shoppers_intention,hydra,12330,17,16384,6165,2,11,ok,,0.4832285372540355,0.2611908419057727,0.7602522373199463
46947,online_shoppers_intention,tabpfn,12330,17,16384,6165,2,11,ok,,0.9576266538351774,0.7339921621605754,0.9151299595832825
46947,online_shoppers_intention,hydra_small,12330,17,16384,6165,2,11,ok,,1.7198044918477535,1.494821334257722,0.9031133651733398
46947,online_shoppers_intention,hybrid_8l,12330,17,16384,6165,2,11,ok,,0.5587901277467608,0.33786935824900866,0.894153892993927
46947,online_shoppers_intention,hydra,12330,17,16384,6165,2,12,ok,,0.48531168419867754,0.2619454311206937,0.7602522373199463
46947,online_shoppers_intention,hybrid_8l,12330,17,16384,6165,2,12,ok,,0.5620727781206369,0.33824091125279665,0.894153892993927
46947,online_shoppers_intention,tabpfn,12330,17,16384,6165,2,12,ok,,0.9576948517933488,0.7339336704462767,0.9151299595832825
46947,online_shoppers_intention,hydra_small,12330,17,16384,6165,2,12,ok,,1.7222845060750842,1.4961277060210705,0.9031133651733398
46947,online_shoppers_intention,hybrid_8l,12330,17,16384,6165,2,13,ok,,0.561079915612936,0.3379528662189841,0.894153892993927
46947,online_shoppers_intention,hydra_small,12330,17,16384,6165,2,13,ok,,1.7225644355639815,1.495850058272481,0.9031133651733398
46947,online_shoppers_intention,tabpfn,12330,17,16384,6165,2,13,ok,,0.9604459423571825,0.7343154428526759,0.9151299595832825
46947,online_shoppers_intention,hydra,12330,17,16384,6165,2,13,ok,,0.4870453467592597,0.2620144207030535,0.7602522373199463
46947,online_shoppers_intention,hybrid_8l,12330,17,16384,6165,2,14,ok,,0.5615865141153336,0.33825694024562836,0.894153892993927
46947,online_shoppers_intention,hydra,12330,17,16384,6165,2,14,ok,,0.48585668485611677,0.2612722543999553,0.7602522373199463
46947,online_shoppers_intention,tabpfn,12330,17,16384,6165,2,14,ok,,0.9575224937871099,0.7341490956023335,0.9151299595832825
46947,online_shoppers_intention,hydra_small,12330,17,16384,6165,2,14,ok,,1.7272693570703268,1.496069360524416,0.9031133651733398
46947,online_shoppers_intention,hydra,12330,17,16384,6165,2,15,ok,,0.5050434283912182,0.26156869623810053,0.7602522373199463
46947,online_shoppers_intention,hydra_small,12330,17,16384,6165,2,15,ok,,1.7258132956922054,1.4982364252209663,0.9031133651733398
46947,online_shoppers_intention,tabpfn,12330,17,16384,6165,2,15,ok,,0.9589127032086253,0.7339054336771369,0.9151299595832825
46947,online_shoppers_intention,hybrid_8l,12330,17,16384,6165,2,15,ok,,0.5633787186816335,0.3380024582147598,0.894153892993927
46947,online_shoppers_intention,hydra_small,12330,17,16384,6165,3,1,ok,,1.721162392757833,1.4955476401373744,0.9069041609764099
46947,online_shoppers_intention,hybrid_8l,12330,17,16384,6165,3,1,ok,,0.5701925782486796,0.3382890811190009,0.8973308801651001
46947,online_shoppers_intention,tabpfn,12330,17,16384,6165,3,1,ok,,0.9572611842304468,0.7336644250899553,0.9196447730064392
46947,online_shoppers_intention,hydra,12330,17,16384,6165,3,1,ok,,0.4850469185039401,0.2619615104049444,0.7505152821540833
46947,online_shoppers_intention,hydra,12330,17,16384,6165,3,2,ok,,0.4875999754294753,0.26134464144706726,0.7505152821540833
46947,online_shoppers_intention,hybrid_8l,12330,17,16384,6165,3,2,ok,,0.559521147981286,0.338420438580215,0.8973308801651001
46947,online_shoppers_intention,tabpfn,12330,17,16384,6165,3,2,ok,,0.9565518787130713,0.7341943085193634,0.9196447730064392
46947,online_shoppers_intention,hydra_small,12330,17,16384,6165,3,2,ok,,1.7249714443460107,1.4977052342146635,0.9069041609764099
46947,online_shoppers_intention,tabpfn,12330,17,16384,6165,3,3,ok,,0.9605459962040186,0.7343826647847891,0.9196447730064392
46947,online_shoppers_intention,hybrid_8l,12330,17,16384,6165,3,3,ok,,0.5859650215134025,0.3383384235203266,0.8973308801651001
46947,online_shoppers_intention,hydra_small,12330,17,16384,6165,3,3,ok,,1.7203690223395824,1.4979291874915361,0.9069041609764099
46947,online_shoppers_intention,hydra,12330,17,16384,6165,3,3,ok,,0.5060287015512586,0.2615980701521039,0.7505152821540833
46947,online_shoppers_intention,hydra,12330,17,16384,6165,3,4,ok,,0.4856836637482047,0.2615896640345454,0.7505152821540833
46947,online_shoppers_intention,hydra_small,12330,17,16384,6165,3,4,ok,,1.7470459062606096,1.4968322860077024,0.9069041609764099
46947,online_shoppers_intention,hybrid_8l,12330,17,16384,6165,3,4,ok,,0.5603434341028333,0.3386651426553726,0.8973308801651001
46947,online_shoppers_intention,tabpfn,12330,17,16384,6165,3,4,ok,,0.9564432688057423,0.7339587993919849,0.9196447730064392
46947,online_shoppers_intention,hydra,12330,17,16384,6165,3,5,ok,,0.4841592451557517,0.2620354788377881,0.7505152821540833
46947,online_shoppers_intention,tabpfn,12330,17,16384,6165,3,5,ok,,0.9531892035156488,0.7339633284136653,0.9196447730064392
46947,online_shoppers_intention,hybrid_8l,12330,17,16384,6165,3,5,ok,,0.5563712567090988,0.33804868441075087,0.8973308801651001
46947,online_shoppers_intention,hydra_small,12330,17,16384,6165,3,5,ok,,1.7516358001157641,1.4984186189249158,0.9069041609764099
46947,online_shoppers_intention,hybrid_8l,12330,17,16384,6165,3,6,ok,,0.5675354804843664,0.33826208766549826,0.8973308801651001
46947,online_shoppers_intention,hydra,12330,17,16384,6165,3,6,ok,,0.48819366842508316,0.26204715948551893,0.7505152821540833
46947,online_shoppers_intention,hydra_small,12330,17,16384,6165,3,6,ok,,1.7349299946799874,1.4972787778824568,0.9069041609764099
46947,online_shoppers_intention,tabpfn,12330,17,16384,6165,3,6,ok,,0.9566192198544741,0.7341897655278444,0.9196447730064392
46947,online_shoppers_intention,tabpfn,12330,17,16384,6165,3,7,ok,,0.9582639271393418,0.7335458751767874,0.9196447730064392
46947,online_shoppers_intention,hybrid_8l,12330,17,16384,6165,3,7,ok,,0.5608595600351691,0.3384344941005111,0.8973308801651001
46947,online_shoppers_intention,hydra,12330,17,16384,6165,3,7,ok,,0.4848963003605604,0.2613505497574806,0.7505152821540833
46947,online_shoppers_intention,hydra_small,12330,17,16384,6165,3,7,ok,,1.7225566767156124,1.4969346337020397,0.9069041609764099
46947,online_shoppers_intention,hydra,12330,17,16384,6165,3,8,ok,,0.4845687197521329,0.2613655775785446,0.7505152821540833
46947,online_shoppers_intention,hybrid_8l,12330,17,16384,6165,3,8,ok,,0.558999746106565,0.33785310108214617,0.8973308801651001
46947,online_shoppers_intention,hydra_small,12330,17,16384,6165,3,8,ok,,1.7208082620054483,1.4968446008861065,0.9069041609764099
46947,online_shoppers_intention,tabpfn,12330,17,16384,6165,3,8,ok,,0.9618616895750165,0.7339799553155899,0.9196447730064392
46947,online_shoppers_intention,tabpfn,12330,17,16384,6165,3,9,ok,,0.9549307283014059,0.733716195449233,0.9196447730064392
46947,online_shoppers_intention,hybrid_8l,12330,17,16384,6165,3,9,ok,,0.5583868846297264,0.33812349382787943,0.8973308801651001
46947,online_shoppers_intention,hydra,12330,17,16384,6165,3,9,ok,,0.483542213216424,0.2618443937972188,0.7505152821540833
46947,online_shoppers_intention,hydra_small,12330,17,16384,6165,3,9,ok,,1.722495554946363,1.4988348698243499,0.9069041609764099
46947,online_shoppers_intention,tabpfn,12330,17,16384,6165,3,10,ok,,0.9550844775512815,0.7335996441543102,0.9196447730064392
46947,online_shoppers_intention,hybrid_8l,12330,17,16384,6165,3,10,ok,,0.5602017305791378,0.3378244061022997,0.8973308801651001
46947,online_shoppers_intention,hydra,12330,17,16384,6165,3,10,ok,,0.4841131241992116,0.26138847041875124,0.7505152821540833
46947,online_shoppers_intention,hydra_small,12330,17,16384,6165,3,10,ok,,1.7274853186681867,1.498411886394024,0.9069041609764099
46947,online_shoppers_intention,hybrid_8l,12330,17,16384,6165,3,11,ok,,0.5876940805464983,0.3381381807848811,0.8973308801651001
46947,online_shoppers_intention,tabpfn,12330,17,16384,6165,3,11,ok,,0.9563179137185216,0.7340743420645595,0.9196447730064392
46947,online_shoppers_intention,hydra_small,12330,17,16384,6165,3,11,ok,,1.7199660381302238,1.4951061895117164,0.9069041609764099
46947,online_shoppers_intention,hydra,12330,17,16384,6165,3,11,ok,,0.4831321844831109,0.26096471678465605,0.7505152821540833
46947,online_shoppers_intention,hybrid_8l,12330,17,16384,6165,3,12,ok,,0.5596675891429186,0.3379692304879427,0.8973308801651001
46947,online_shoppers_intention,hydra,12330,17,16384,6165,3,12,ok,,0.4821976227685809,0.2607660796493292,0.7505152821540833
46947,online_shoppers_intention,tabpfn,12330,17,16384,6165,3,12,ok,,0.9582177307456732,0.7335498472675681,0.9196447730064392
46947,online_shoppers_intention,hydra_small,12330,17,16384,6165,3,12,ok,,1.7179182562977076,1.4945017425343394,0.9069041609764099
46947,online_shoppers_intention,hydra,12330,17,16384,6165,3,13,ok,,0.48299806006252766,0.2604161584749818,0.7505152821540833
46947,online_shoppers_intention,hydra_small,12330,17,16384,6165,3,13,ok,,1.7213586624711752,1.496166756376624,0.9069041609764099
46947,online_shoppers_intention,tabpfn,12330,17,16384,6165,3,13,ok,,0.9556606654077768,0.7337629701942205,0.9196447730064392
46947,online_shoppers_intention,hybrid_8l,12330,17,16384,6165,3,13,ok,,0.5585666801780462,0.3381804395467043,0.8973308801651001
46947,online_shoppers_intention,hydra,12330,17,16384,6165,3,14,ok,,0.4837266393005848,0.26199155300855637,0.7505152821540833
46947,online_shoppers_intention,hydra_small,12330,17,16384,6165,3,14,ok,,1.7222939729690552,1.4975298466160893,0.9069041609764099
46947,online_shoppers_intention,tabpfn,12330,17,16384,6165,3,14,ok,,0.9565148716792464,0.733926348388195,0.9196447730064392
46947,online_shoppers_intention,hybrid_8l,12330,17,16384,6165,3,14,ok,,0.560194393619895,0.3379873624071479,0.8973308801651001
46947,online_shoppers_intention,hybrid_8l,12330,17,16384,6165,3,15,ok,,0.5613410361111164,0.3381442194804549,0.8973308801651001
46947,online_shoppers_intention,tabpfn,12330,17,16384,6165,3,15,ok,,0.9600152233615518,0.7342749079689384,0.9196447730064392
46947,online_shoppers_intention,hydra,12330,17,16384,6165,3,15,ok,,0.48229374270886183,0.2606349317356944,0.7505152821540833
46947,online_shoppers_intention,hydra_small,12330,17,16384,6165,3,15,ok,,1.7255130782723427,1.4999914979562163,0.9069041609764099
46947,online_shoppers_intention,tabpfn,12330,17,16384,6165,4,1,ok,,0.9511904316022992,0.7336607538163662,0.927858293056488
46947,online_shoppers_intention,hybrid_8l,12330,17,16384,6165,4,1,ok,,0.5627008723095059,0.3381414841860533,0.900787889957428
46947,online_shoppers_intention,hydra,12330,17,16384,6165,4,1,ok,,0.47724487632513046,0.26178042124956846,0.7239903807640076
46947,online_shoppers_intention,hydra_small,12330,17,16384,6165,4,1,ok,,1.7232982395216823,1.4987452141940594,0.9149637818336487
46947,online_shoppers_intention,hydra_small,12330,17,16384,6165,4,2,ok,,1.715935087762773,1.4954290399327874,0.9149637818336487
46947,online_shoppers_intention,hydra,12330,17,16384,6165,4,2,ok,,0.476616233587265,0.2607460208237171,0.7239903807640076
46947,online_shoppers_intention,hybrid_8l,12330,17,16384,6165,4,2,ok,,0.5548010626807809,0.33829005528241396,0.900787889957428
46947,online_shoppers_intention,tabpfn,12330,17,16384,6165,4,2,ok,,0.9497553110122681,0.7341079190373421,0.927858293056488
46947,online_shoppers_intention,hydra,12330,17,16384,6165,4,3,ok,,0.4781343201175332,0.26201382279396057,0.7239903807640076
46947,online_shoppers_intention,hybrid_8l,12330,17,16384,6165,4,3,ok,,0.5529452860355377,0.3379682954400778,0.900787889957428
46947,online_shoppers_intention,tabpfn,12330,17,16384,6165,4,3,ok,,0.9511441113427281,0.7343236971646547,0.927858293056488
46947,online_shoppers_intention,hydra_small,12330,17,16384,6165,4,3,ok,,1.7164627835154533,1.4967184700071812,0.9149637818336487
46947,online_shoppers_intention,tabpfn,12330,17,16384,6165,4,4,ok,,0.9495664909482002,0.7334386184811592,0.927858293056488
46947,online_shoppers_intention,hydra_small,12330,17,16384,6165,4,4,ok,,1.716254347935319,1.4958570273593068,0.9149637818336487
46947,online_shoppers_intention,hybrid_8l,12330,17,16384,6165,4,4,ok,,0.5552730048075318,0.33821038249880075,0.900787889957428
46947,online_shoppers_intention,hydra,12330,17,16384,6165,4,4,ok,,0.4792270492762327,0.2609350485727191,0.7239903807640076
46947,online_shoppers_intention,hydra_small,12330,17,16384,6165,4,5,ok,,1.7127219336107373,1.4962817803025246,0.9149637818336487
46947,online_shoppers_intention,hybrid_8l,12330,17,16384,6165,4,5,ok,,0.5549136437475681,0.33796893525868654,0.900787889957428
46947,online_shoppers_intention,tabpfn,12330,17,16384,6165,4,5,ok,,0.9531060457229614,0.7340615577995777,0.927858293056488
46947,online_shoppers_intention,hydra,12330,17,16384,6165,4,5,ok,,0.49927743896842003,0.26071850676089525,0.7239903807640076
46947,online_shoppers_intention,hybrid_8l,12330,17,16384,6165,4,6,ok,,0.5541224544867873,0.33866408187896013,0.900787889957428
46947,online_shoppers_intention,hydra_small,12330,17,16384,6165,4,6,ok,,1.7154148947447538,1.4970134645700455,0.9149637818336487
46947,online_shoppers_intention,tabpfn,12330,17,16384,6165,4,6,ok,,0.9689873848110437,0.7332819402217865,0.927858293056488
46947,online_shoppers_intention,hydra,12330,17,16384,6165,4,6,ok,,0.5874765394255519,0.26109574269503355,0.7239903807640076
46947,online_shoppers_intention,tabpfn,12330,17,16384,6165,4,7,ok,,0.9493340170010924,0.7336478726938367,0.927858293056488
46947,online_shoppers_intention,hybrid_8l,12330,17,16384,6165,4,7,ok,,0.5522406976670027,0.338211914524436,0.900787889957428
46947,online_shoppers_intention,hydra,12330,17,16384,6165,4,7,ok,,0.4819191489368677,0.2613076735287905,0.7239903807640076
46947,online_shoppers_intention,hydra_small,12330,17,16384,6165,4,7,ok,,1.7919135931879282,1.4950177306309342,0.9149637818336487
46947,online_shoppers_intention,hydra_small,12330,17,16384,6165,4,8,ok,,1.710344061255455,1.492762316018343,0.9149637818336487
46947,online_shoppers_intention,hybrid_8l,12330,17,16384,6165,4,8,ok,,0.5780765796080232,0.3377265650779009,0.900787889957428
46947,online_shoppers_intention,hydra,12330,17,16384,6165,4,8,ok,,0.4811774529516697,0.2604833608493209,0.7239903807640076
46947,online_shoppers_intention,tabpfn,12330,17,16384,6165,4,8,ok,,0.9744152864441276,0.7338468572124839,0.927858293056488
46947,online_shoppers_intention,tabpfn,12330,17,16384,6165,4,9,ok,,0.9495170405134559,0.7337894989177585,0.927858293056488
46947,online_shoppers_intention,hydra,12330,17,16384,6165,4,9,ok,,0.4765678094699979,0.26075535640120506,0.7239903807640076
46947,online_shoppers_intention,hydra_small,12330,17,16384,6165,4,9,ok,,1.7140595484524965,1.4964322578161955,0.9149637818336487
46947,online_shoppers_intention,hybrid_8l,12330,17,16384,6165,4,9,ok,,0.5713982945308089,0.33804246317595243,0.900787889957428
46947,online_shoppers_intention,tabpfn,12330,17,16384,6165,4,10,ok,,0.9532688781619072,0.7340655820444226,0.927858293056488
46947,online_shoppers_intention,hybrid_8l,12330,17,16384,6165,4,10,ok,,0.5597253981977701,0.33822808414697647,0.900787889957428
46947,online_shoppers_intention,hydra_small,12330,17,16384,6165,4,10,ok,,1.83202822227031,1.4978176597505808,0.9149637818336487
46947,online_shoppers_intention,hydra,12330,17,16384,6165,4,10,ok,,0.8181416615843773,0.2622531931847334,0.7239903807640076
46947,online_shoppers_intention,hybrid_8l,12330,17,16384,6165,4,11,ok,,0.5528570935130119,0.33788174763321877,0.900787889957428
46947,online_shoppers_intention,hydra,12330,17,16384,6165,4,11,ok,,0.496127056889236,0.2618055948987603,0.7239903807640076
46947,online_shoppers_intention,hydra_small,12330,17,16384,6165,4,11,ok,,2.1336730886250734,1.496672697365284,0.9149637818336487
46947,online_shoppers_intention,tabpfn,12330,17,16384,6165,4,11,ok,,1.0568001167848706,0.7342540454119444,0.927858293056488
46947,online_shoppers_intention,hydra,12330,17,16384,6165,4,12,ok,,0.4761384632438421,0.26195210311561823,0.7239903807640076
46947,online_shoppers_intention,tabpfn,12330,17,16384,6165,4,12,ok,,0.9501611171290278,0.7341340389102697,0.927858293056488
46947,online_shoppers_intention,hydra_small,12330,17,16384,6165,4,12,ok,,1.7175489319488406,1.4955812273547053,0.9149637818336487
46947,online_shoppers_intention,hybrid_8l,12330,17,16384,6165,4,12,ok,,0.6056910771876574,0.3383812429383397,0.900787889957428
46947,online_shoppers_intention,hydra,12330,17,16384,6165,4,13,ok,,0.653283360414207,0.2613278701901436,0.7239903807640076
46947,online_shoppers_intention,hydra_small,12330,17,16384,6165,4,13,ok,,1.7850982658565044,1.4977607363834977,0.9149637818336487
46947,online_shoppers_intention,hybrid_8l,12330,17,16384,6165,4,13,ok,,0.5992451338097453,0.33873617462813854,0.900787889957428
46947,online_shoppers_intention,tabpfn,12330,17,16384,6165,4,13,ok,,0.9487836053594947,0.7341300891712308,0.927858293056488
46947,online_shoppers_intention,tabpfn,12330,17,16384,6165,4,14,ok,,1.351014063693583,0.7344210417941213,0.927858293056488
46947,online_shoppers_intention,hybrid_8l,12330,17,16384,6165,4,14,ok,,0.9685152303427458,0.3380103996023536,0.900787889957428
46947,online_shoppers_intention,hydra_small,12330,17,16384,6165,4,14,ok,,2.133856606669724,1.4968647565692663,0.9149637818336487
46947,online_shoppers_intention,hydra,12330,17,16384,6165,4,14,ok,,0.476175582036376,0.26133751682937145,0.7239903807640076
46947,online_shoppers_intention,hydra_small,12330,17,16384,6165,4,15,ok,,1.7153615206480026,1.4977742582559586,0.9149637818336487
46947,online_shoppers_intention,hybrid_8l,12330,17,16384,6165,4,15,ok,,0.5517876837402582,0.33863076474517584,0.900787889957428
46947,online_shoppers_intention,hydra,12330,17,16384,6165,4,15,ok,,0.6293595489114523,0.2614199426025152,0.7239903807640076
46947,online_shoppers_intention,tabpfn,12330,17,16384,6165,4,15,ok,,0.9479087656363845,0.7338875085115433,0.927858293056488
46947,online_shoppers_intention,hybrid_8l,12330,17,16384,6165,5,1,ok,,0.5555598512291908,0.33843483310192823,0.8942835927009583
46947,online_shoppers_intention,hydra,12330,17,16384,6165,5,1,ok,,0.4787237895652652,0.2619870472699404,0.7536283731460571
46947,online_shoppers_intention,hydra_small,12330,17,16384,6165,5,1,ok,,1.7171368831768632,1.4979511303827167,0.9122552275657654
46947,online_shoppers_intention,tabpfn,12330,17,16384,6165,5,1,ok,,1.3242610795423388,0.7343565057963133,0.9183099269866943
46947,online_shoppers_intention,hydra,12330,17,16384,6165,5,2,ok,,0.47994986176490784,0.2618359513580799,0.7536283731460571
46947,online_shoppers_intention,hydra_small,12330,17,16384,6165,5,2,ok,,1.7196431485936046,1.4984984556213021,0.9122552275657654
46947,online_shoppers_intention,hybrid_8l,12330,17,16384,6165,5,2,ok,,0.5558873396366835,0.33809643145650625,0.8942835927009583
46947,online_shoppers_intention,tabpfn,12330,17,16384,6165,5,2,ok,,0.9759800583124161,0.7340929564088583,0.9183099269866943
46947,online_shoppers_intention,hybrid_8l,12330,17,16384,6165,5,3,ok,,0.9678637720644474,0.338711797259748,0.8942835927009583
46947,online_shoppers_intention,hydra,12330,17,16384,6165,5,3,ok,,0.8919320330023766,0.26171138416975737,0.7536283731460571
46947,online_shoppers_intention,tabpfn,12330,17,16384,6165,5,3,ok,,1.3593931812793016,0.7351489262655377,0.9183099269866943
46947,online_shoppers_intention,hydra_small,12330,17,16384,6165,5,3,ok,,1.8192151738330722,1.4960121121257544,0.9122552275657654
46947,online_shoppers_intention,hydra_small,12330,17,16384,6165,5,4,ok,,1.9919799510389566,1.4977214587852359,0.9122552275657654
46947,online_shoppers_intention,hydra,12330,17,16384,6165,5,4,ok,,0.47856344282627106,0.26122440211474895,0.7536283731460571
46947,online_shoppers_intention,tabpfn,12330,17,16384,6165,5,4,ok,,0.9522116025909781,0.7337163910269737,0.9183099269866943
46947,online_shoppers_intention,hybrid_8l,12330,17,16384,6165,5,4,ok,,0.5546068819239736,0.33793972339481115,0.8942835927009583
46947,online_shoppers_intention,hydra,12330,17,16384,6165,5,5,ok,,0.4920935286208987,0.2618082370609045,0.7536283731460571
46947,online_shoppers_intention,hydra_small,12330,17,16384,6165,5,5,ok,,1.7145543601363897,1.4943149434402585,0.9122552275657654
46947,online_shoppers_intention,hybrid_8l,12330,17,16384,6165,5,5,ok,,0.9750143168494105,0.3382780337706208,0.8942835927009583
46947,online_shoppers_intention,tabpfn,12330,17,16384,6165,5,5,ok,,1.3726108307018876,0.7338987849652767,0.9183099269866943
46947,online_shoppers_intention,tabpfn,12330,17,16384,6165,5,6,ok,,1.3819754123687744,0.7339870911091566,0.9183099269866943
46947,online_shoppers_intention,hydra_small,12330,17,16384,6165,5,6,ok,,2.1332449885085225,1.4973092544823885,0.9122552275657654
46947,online_shoppers_intention,hydra,12330,17,16384,6165,5,6,ok,,0.8923875028267503,0.26179415080696344,0.7536283731460571
46947,online_shoppers_intention,hybrid_8l,12330,17,16384,6165,5,6,ok,,0.9180926447734237,0.33901071175932884,0.8942835927009583
46947,online_shoppers_intention,hybrid_8l,12330,17,16384,6165,5,7,ok,,0.5580863626673818,0.3390965536236763,0.8942835927009583
46947,online_shoppers_intention,hydra_small,12330,17,16384,6165,5,7,ok,,1.718465375714004,1.4977122163400054,0.9122552275657654
46947,online_shoppers_intention,hydra,12330,17,16384,6165,5,7,ok,,0.8680798150599003,0.2619651537388563,0.7536283731460571
46947,online_shoppers_intention,tabpfn,12330,17,16384,6165,5,7,ok,,1.3611754598096013,0.7341876802965999,0.9183099269866943
46947,online_shoppers_intention,hydra_small,12330,17,16384,6165,5,8,ok,,2.132307877764106,1.4965294832363725,0.9122552275657654
46947,online_shoppers_intention,hybrid_8l,12330,17,16384,6165,5,8,ok,,0.685388240031898,0.33786976896226406,0.8942835927009583
46947,online_shoppers_intention,tabpfn,12330,17,16384,6165,5,8,ok,,0.9523482164368033,0.7338976701721549,0.9183099269866943
46947,online_shoppers_intention,hydra,12330,17,16384,6165,5,8,ok,,0.5204390715807676,0.2626138022169471,0.7536283731460571
46947,online_shoppers_intention,hydra_small,12330,17,16384,6165,5,9,ok,,1.7148625738918781,1.494039191864431,0.9122552275657654
46947,online_shoppers_intention,hybrid_8l,12330,17,16384,6165,5,9,ok,,0.9756189053878188,0.33870505075901747,0.8942835927009583
46947,online_shoppers_intention,hydra,12330,17,16384,6165,5,9,ok,,0.8971188832074404,0.26187225710600615,0.7536283731460571
46947,online_shoppers_intention,tabpfn,12330,17,16384,6165,5,9,ok,,0.9546035882085562,0.7341683013364673,0.9183099269866943
46947,online_shoppers_intention,hybrid_8l,12330,17,16384,6165,5,10,ok,,0.5552518414333463,0.3383451998233795,0.8942835927009583
46947,online_shoppers_intention,hydra_small,12330,17,16384,6165,5,10,ok,,1.718037928454578,1.4977188827469945,0.9122552275657654
46947,online_shoppers_intention,tabpfn,12330,17,16384,6165,5,10,ok,,0.9517591083422303,0.7339021870866418,0.9183099269866943
46947,online_shoppers_intention,hydra,12330,17,16384,6165,5,10,ok,,0.47856834903359413,0.2624683966860175,0.7536283731460571
46947,online_shoppers_intention,tabpfn,12330,17,16384,6165,5,11,ok,,0.951296841725707,0.7341370107606053,0.9183099269866943
46947,online_shoppers_intention,hybrid_8l,12330,17,16384,6165,5,11,ok,,0.5597555125132203,0.3378741452470422,0.8942835927009583
46947,online_shoppers_intention,hydra_small,12330,17,16384,6165,5,11,ok,,1.720340828411281,1.5008171005174518,0.9122552275657654
46947,online_shoppers_intention,hydra,12330,17,16384,6165,5,11,ok,,0.47865738719701767,0.26225449051707983,0.7536283731460571
46947,online_shoppers_intention,tabpfn,12330,17,16384,6165,5,12,ok,,0.9513560030609369,0.7340220622718334,0.9183099269866943
46947,online_shoppers_intention,hydra,12330,17,16384,6165,5,12,ok,,0.47767539508640766,0.2612535944208503,0.7536283731460571
46947,online_shoppers_intention,hydra_small,12330,17,16384,6165,5,12,ok,,1.7164788600057364,1.4967430895194411,0.9122552275657654
46947,online_shoppers_intention,hybrid_8l,12330,17,16384,6165,5,12,ok,,0.5897333296015859,0.3381663588806987,0.8942835927009583
46947,online_shoppers_intention,tabpfn,12330,17,16384,6165,5,13,ok,,0.9512471659108996,0.734170594252646,0.9183099269866943
46947,online_shoppers_intention,hydra_small,12330,17,16384,6165,5,13,ok,,1.7170706484466791,1.4984007691964507,0.9122552275657654
46947,online_shoppers_intention,hybrid_8l,12330,17,16384,6165,5,13,ok,,0.5544851357117295,0.3380590360611677,0.8942835927009583
46947,online_shoppers_intention,hydra,12330,17,16384,6165,5,13,ok,,0.5006801206618547,0.2612427622079849,0.7536283731460571
46947,online_shoppers_intention,hydra_small,12330,17,16384,6165,5,14,ok,,2.1513608023524284,1.4966886239126325,0.9122552275657654
46947,online_shoppers_intention,hybrid_8l,12330,17,16384,6165,5,14,ok,,1.0273443637415767,0.3381598060950637,0.8942835927009583
46947,online_shoppers_intention,hydra,12330,17,16384,6165,5,14,ok,,0.5049287108704448,0.26170873548835516,0.7536283731460571
46947,online_shoppers_intention,tabpfn,12330,17,16384,6165,5,14,ok,,1.0355301229283214,0.7341499226167798,0.9183099269866943
46947,online_shoppers_intention,tabpfn,12330,17,16384,6165,5,15,ok,,0.9518240559846163,0.7335537420585752,0.9183099269866943
46947,online_shoppers_intention,hydra_small,12330,17,16384,6165,5,15,ok,,1.7157308273017406,1.4944923603907228,0.9122552275657654
46947,online_shoppers_intention,hybrid_8l,12330,17,16384,6165,5,15,ok,,0.6724299928173423,0.33811191469430923,0.8942835927009583
46947,online_shoppers_intention,hydra,12330,17,16384,6165,5,15,ok,,0.4801387106999755,0.26085944660007954,0.7536283731460571
46937,in_vehicle_coupon_recommendation,hydra_small,12684,24,16384,6342,1,1,ok,,1.8793675350025296,1.5433531543239951,0.6583791971206665
46937,in_vehicle_coupon_recommendation,hydra,12684,24,16384,6342,1,1,ok,,0.6222173534333706,0.2694909404963255,0.583767831325531
46937,in_vehicle_coupon_recommendation,hybrid_8l,12684,24,16384,6342,1,1,ok,,0.720682293176651,0.3493972271680832,0.3959842622280121
46937,in_vehicle_coupon_recommendation,tabpfn,12684,24,16384,6342,1,1,ok,,1.4418121054768562,0.7555912248790264,0.690796971321106
46937,in_vehicle_coupon_recommendation,hydra,12684,24,16384,6342,1,2,ok,,0.5945545919239521,0.26917227637022734,0.583767831325531
46937,in_vehicle_coupon_recommendation,tabpfn,12684,24,16384,6342,1,2,ok,,1.078497378155589,0.7550090104341507,0.690796971321106
46937,in_vehicle_coupon_recommendation,hydra_small,12684,24,16384,6342,1,2,ok,,1.868891153484583,1.5428131492808461,0.6583791971206665
46937,in_vehicle_coupon_recommendation,hybrid_8l,12684,24,16384,6342,1,2,ok,,0.673303185030818,0.34983852226287127,0.3959842622280121
46937,in_vehicle_coupon_recommendation,hybrid_8l,12684,24,16384,6342,1,3,ok,,0.6736349230632186,0.35007401928305626,0.3959842622280121
46937,in_vehicle_coupon_recommendation,hydra_small,12684,24,16384,6342,1,3,ok,,1.8730910988524556,1.5436145653948188,0.6583791971206665
46937,in_vehicle_coupon_recommendation,tabpfn,12684,24,16384,6342,1,3,ok,,1.0762452287599444,0.7558109797537327,0.690796971321106
46937,in_vehicle_coupon_recommendation,hydra,12684,24,16384,6342,1,3,ok,,0.5905746603384614,0.26958015840500593,0.583767831325531
46937,in_vehicle_coupon_recommendation,hydra_small,12684,24,16384,6342,1,4,ok,,1.868473557755351,1.5448150495067239,0.6583791971206665
46937,in_vehicle_coupon_recommendation,hydra,12684,24,16384,6342,1,4,ok,,0.5909065790474415,0.2694423859938979,0.583767831325531
46937,in_vehicle_coupon_recommendation,tabpfn,12684,24,16384,6342,1,4,ok,,1.0802027266472578,0.7553084269165993,0.690796971321106
46937,in_vehicle_coupon_recommendation,hybrid_8l,12684,24,16384,6342,1,4,ok,,0.6781313214451075,0.3489810870960355,0.3959842622280121
46937,in_vehicle_coupon_recommendation,hydra_small,12684,24,16384,6342,1,5,ok,,1.940604149363935,1.541489495895803,0.6583791971206665
46937,in_vehicle_coupon_recommendation,tabpfn,12684,24,16384,6342,1,5,ok,,1.0911859553307295,0.7551212711259723,0.690796971321106
46937,in_vehicle_coupon_recommendation,hydra,12684,24,16384,6342,1,5,ok,,0.6147060701623559,0.26961092557758093,0.583767831325531
46937,in_vehicle_coupon_recommendation,hybrid_8l,12684,24,16384,6342,1,5,ok,,0.6698171785101295,0.34889857936650515,0.3959842622280121
46937,in_vehicle_coupon_recommendation,hybrid_8l,12684,24,16384,6342,1,6,ok,,0.7043919255957007,0.34903384651988745,0.3959842622280121
46937,in_vehicle_coupon_recommendation,tabpfn,12684,24,16384,6342,1,6,ok,,1.145192519761622,0.7547918660566211,0.690796971321106
46937,in_vehicle_coupon_recommendation,hydra,12684,24,16384,6342,1,6,ok,,0.9809916019439697,0.2697665998712182,0.583767831325531
46937,in_vehicle_coupon_recommendation,hydra_small,12684,24,16384,6342,1,6,ok,,2.28000714443624,1.5407677553594112,0.6583791971206665
46937,in_vehicle_coupon_recommendation,hydra_small,12684,24,16384,6342,1,7,ok,,2.2785162581130862,1.5422162087634206,0.6583791971206665
46937,in_vehicle_coupon_recommendation,hybrid_8l,12684,24,16384,6342,1,7,ok,,0.6709384210407734,0.34840082563459873,0.3959842622280121
46937,in_vehicle_coupon_recommendation,tabpfn,12684,24,16384,6342,1,7,ok,,1.0776208210736513,0.7552862819284201,0.690796971321106
46937,in_vehicle_coupon_recommendation,hydra,12684,24,16384,6342,1,7,ok,,0.6163035547360778,0.269000087864697,0.583767831325531
46937,in_vehicle_coupon_recommendation,hydra,12684,24,16384,6342,1,8,ok,,0.5992374792695045,0.2692333487793803,0.583767831325531
46937,in_vehicle_coupon_recommendation,tabpfn,12684,24,16384,6342,1,8,ok,,1.498797481879592,0.7554012890905142,0.690796971321106
46937,in_vehicle_coupon_recommendation,hydra_small,12684,24,16384,6342,1,8,ok,,1.90123151242733,1.5404911478981376,0.6583791971206665
46937,in_vehicle_coupon_recommendation,hybrid_8l,12684,24,16384,6342,1,8,ok,,1.0887902723625302,0.3488861359655857,0.3959842622280121
46937,in_vehicle_coupon_recommendation,hybrid_8l,12684,24,16384,6342,1,9,ok,,1.1024699490517378,0.348532535135746,0.3959842622280121
46937,in_vehicle_coupon_recommendation,hydra,12684,24,16384,6342,1,9,ok,,1.0126245617866516,0.26922608632594347,0.583767831325531
46937,in_vehicle_coupon_recommendation,tabpfn,12684,24,16384,6342,1,9,ok,,1.5019543012604117,0.7552800988778472,0.690796971321106
46937,in_vehicle_coupon_recommendation,hydra_small,12684,24,16384,6342,1,9,ok,,2.286150745116174,1.5421183668076992,0.6583791971206665
46937,in_vehicle_coupon_recommendation,hydra_small,12684,24,16384,6342,1,10,ok,,1.8648982597514987,1.5415496388450265,0.6583791971206665
46937,in_vehicle_coupon_recommendation,hybrid_8l,12684,24,16384,6342,1,10,ok,,0.7039920939132571,0.3486714381724596,0.3959842622280121
46937,in_vehicle_coupon_recommendation,tabpfn,12684,24,16384,6342,1,10,ok,,1.0949426554143429,0.7549654506146908,0.690796971321106
46937,in_vehicle_coupon_recommendation,hydra,12684,24,16384,6342,1,10,ok,,0.611331102438271,0.2699349168688059,0.583767831325531
46937,in_vehicle_coupon_recommendation,tabpfn,12684,24,16384,6342,1,11,ok,,1.0766158616170287,0.7551288399845362,0.690796971321106
46937,in_vehicle_coupon_recommendation,hydra,12684,24,16384,6342,1,11,ok,,0.6028779251500964,0.26875302754342556,0.583767831325531
46937,in_vehicle_coupon_recommendation,hybrid_8l,12684,24,16384,6342,1,11,ok,,0.6868318282067776,0.34867629688233137,0.3959842622280121
46937,in_vehicle_coupon_recommendation,hydra_small,12684,24,16384,6342,1,11,ok,,1.9466859260573983,1.5409217970445752,0.6583791971206665
46937,in_vehicle_coupon_recommendation,hydra_small,12684,24,16384,6342,1,12,ok,,1.8716614786535501,1.543330400250852,0.6583791971206665
46937,in_vehicle_coupon_recommendation,tabpfn,12684,24,16384,6342,1,12,ok,,1.0849788561463356,0.7551185488700867,0.690796971321106
46937,in_vehicle_coupon_recommendation,hybrid_8l,12684,24,16384,6342,1,12,ok,,1.0900968424975872,0.3494223803281784,0.3959842622280121
46937,in_vehicle_coupon_recommendation,hydra,12684,24,16384,6342,1,12,ok,,1.0117715308442712,0.2704088846221566,0.583767831325531
46937,in_vehicle_coupon_recommendation,hydra,12684,24,16384,6342,1,13,ok,,1.0069691212847829,0.26943303644657135,0.583767831325531
46937,in_vehicle_coupon_recommendation,hydra_small,12684,24,16384,6342,1,13,ok,,2.2905109161511064,1.542892599478364,0.6583791971206665
46937,in_vehicle_coupon_recommendation,hybrid_8l,12684,24,16384,6342,1,13,ok,,1.0858623972162604,0.3489533895626664,0.3959842622280121
46937,in_vehicle_coupon_recommendation,tabpfn,12684,24,16384,6342,1,13,ok,,1.083238205872476,0.7548047741875052,0.690796971321106
46937,in_vehicle_coupon_recommendation,hydra_small,12684,24,16384,6342,1,14,ok,,1.8704279959201813,1.5454650800675154,0.6583791971206665
46937,in_vehicle_coupon_recommendation,hydra,12684,24,16384,6342,1,14,ok,,0.6166257504373789,0.2689315555617213,0.583767831325531
46937,in_vehicle_coupon_recommendation,tabpfn,12684,24,16384,6342,1,14,ok,,1.078463887795806,0.7549675824120641,0.690796971321106
46937,in_vehicle_coupon_recommendation,hybrid_8l,12684,24,16384,6342,1,14,ok,,0.669698073528707,0.3488208185881376,0.3959842622280121
46937,in_vehicle_coupon_recommendation,hybrid_8l,12684,24,16384,6342,1,15,ok,,0.6690005119889975,0.3484682012349367,0.3959842622280121
46937,in_vehicle_coupon_recommendation,hydra_small,12684,24,16384,6342,1,15,ok,,1.8630631994456053,1.5412126211449504,0.6583791971206665
46937,in_vehicle_coupon_recommendation,tabpfn,12684,24,16384,6342,1,15,ok,,1.075741058215499,0.7551197884604335,0.690796971321106
46937,in_vehicle_coupon_recommendation,hydra,12684,24,16384,6342,1,15,ok,,0.5892652096226811,0.2688677944242954,0.583767831325531
46937,in_vehicle_coupon_recommendation,tabpfn,12684,24,16384,6342,2,1,ok,,1.0890074530616403,0.7549696741625667,0.6985670328140259
46937,in_vehicle_coupon_recommendation,hybrid_8l,12684,24,16384,6342,2,1,ok,,0.6837586425244808,0.3490522177889943,0.37548503279685974
46937,in_vehicle_coupon_recommendation,hydra,12684,24,16384,6342,2,1,ok,,0.603763660416007,0.26877714321017265,0.5994009375572205
46937,in_vehicle_coupon_recommendation,hydra_small,12684,24,16384,6342,2,1,ok,,1.878441484645009,1.540388678200543,0.6721775531768799
46937,in_vehicle_coupon_recommendation,hydra_small,12684,24,16384,6342,2,2,ok,,1.8785827606916428,1.5400594538077712,0.6721775531768799
46937,in_vehicle_coupon_recommendation,hydra,12684,24,16384,6342,2,2,ok,,0.6213999539613724,0.2685746792703867,0.5994009375572205
46937,in_vehicle_coupon_recommendation,hybrid_8l,12684,24,16384,6342,2,2,ok,,0.6838512271642685,0.3492174493148923,0.37548503279685974
46937,in_vehicle_coupon_recommendation,tabpfn,12684,24,16384,6342,2,2,ok,,1.0909846182912588,0.755709545686841,0.6985670328140259
46937,in_vehicle_coupon_recommendation,tabpfn,12684,24,16384,6342,2,3,ok,,1.0906203771010041,0.755200088955462,0.6985670328140259
46937,in_vehicle_coupon_recommendation,hybrid_8l,12684,24,16384,6342,2,3,ok,,0.7474142974242568,0.34828929975628853,0.37548503279685974
46937,in_vehicle_coupon_recommendation,hydra,12684,24,16384,6342,2,3,ok,,0.6272190976887941,0.2684821914881468,0.5994009375572205
46937,in_vehicle_coupon_recommendation,hydra_small,12684,24,16384,6342,2,3,ok,,1.883622326888144,1.542512227781117,0.6721775531768799
46937,in_vehicle_coupon_recommendation,hydra_small,12684,24,16384,6342,2,4,ok,,1.9798848610371351,1.5417441315948963,0.6721775531768799
46937,in_vehicle_coupon_recommendation,hydra,12684,24,16384,6342,2,4,ok,,0.6293169027194381,0.2696302877739072,0.5994009375572205
46937,in_vehicle_coupon_recommendation,tabpfn,12684,24,16384,6342,2,4,ok,,1.0905120596289635,0.7551308562979102,0.6985670328140259
46937,in_vehicle_coupon_recommendation,hybrid_8l,12684,24,16384,6342,2,4,ok,,0.7131264917552471,0.34879740327596664,0.37548503279685974
46937,in_vehicle_coupon_recommendation,tabpfn,12684,24,16384,6342,2,5,ok,,1.0898117627948523,0.7551118498668075,0.6985670328140259
46937,in_vehicle_coupon_recommendation,hydra,12684,24,16384,6342,2,5,ok,,0.6200718553736806,0.2708545867353678,0.5994009375572205
46937,in_vehicle_coupon_recommendation,hybrid_8l,12684,24,16384,6342,2,5,ok,,0.7038415698334575,0.34872544649988413,0.37548503279685974
46937,in_vehicle_coupon_recommendation,hydra_small,12684,24,16384,6342,2,5,ok,,1.878592542372644,1.5417310446500778,0.6721775531768799
46937,in_vehicle_coupon_recommendation,hydra_small,12684,24,16384,6342,2,6,ok,,1.8951161382719874,1.5406164024025202,0.6721775531768799
46937,in_vehicle_coupon_recommendation,hybrid_8l,12684,24,16384,6342,2,6,ok,,0.6932345125824213,0.34904940892010927,0.37548503279685974
46937,in_vehicle_coupon_recommendation,hydra,12684,24,16384,6342,2,6,ok,,0.6076845237985253,0.26881254836916924,0.5994009375572205
46937,in_vehicle_coupon_recommendation,tabpfn,12684,24,16384,6342,2,6,ok,,1.0888979490846395,0.7551227500662208,0.6985670328140259
46937,in_vehicle_coupon_recommendation,hydra,12684,24,16384,6342,2,7,ok,,0.6388402944430709,0.26978552248328924,0.5994009375572205
46937,in_vehicle_coupon_recommendation,hydra_small,12684,24,16384,6342,2,7,ok,,1.8878823509439826,1.5410683881491423,0.6721775531768799
46937,in_vehicle_coupon_recommendation,hybrid_8l,12684,24,16384,6342,2,7,ok,,0.682592598721385,0.3488410450518131,0.37548503279685974
46937,in_vehicle_coupon_recommendation,tabpfn,12684,24,16384,6342,2,7,ok,,1.0884230891242623,0.7553328778594732,0.6985670328140259
46937,in_vehicle_coupon_recommendation,hybrid_8l,12684,24,16384,6342,2,8,ok,,0.6825694553554058,0.3492351910099387,0.37548503279685974
46937,in_vehicle_coupon_recommendation,hydra_small,12684,24,16384,6342,2,8,ok,,1.8785698153078556,1.5425983937457204,0.6721775531768799
46937,in_vehicle_coupon_recommendation,hydra,12684,24,16384,6342,2,8,ok,,0.6028451239690185,0.26817250344902277,0.5994009375572205
46937,in_vehicle_coupon_recommendation,tabpfn,12684,24,16384,6342,2,8,ok,,1.0893532000482082,0.7548914700746536,0.6985670328140259
46937,in_vehicle_coupon_recommendation,hydra_small,12684,24,16384,6342,2,9,ok,,1.8859279537573457,1.5425596600398421,0.6721775531768799
46937,in_vehicle_coupon_recommendation,tabpfn,12684,24,16384,6342,2,9,ok,,1.1016871081665158,0.7548987437039614,0.6985670328140259
46937,in_vehicle_coupon_recommendation,hybrid_8l,12684,24,16384,6342,2,9,ok,,0.6831465167924762,0.3491638442501426,0.37548503279685974
46937,in_vehicle_coupon_recommendation,hydra,12684,24,16384,6342,2,9,ok,,0.6162965800613165,0.2697513960301876,0.5994009375572205
46937,in_vehicle_coupon_recommendation,tabpfn,12684,24,16384,6342,2,10,ok,,1.090265958569944,0.7554765772074461,0.6985670328140259
46937,in_vehicle_coupon_recommendation,hydra,12684,24,16384,6342,2,10,ok,,0.6025386024266481,0.26864658296108246,0.5994009375572205
46937,in_vehicle_coupon_recommendation,hybrid_8l,12684,24,16384,6342,2,10,ok,,0.7278936570510268,0.34891219809651375,0.37548503279685974
46937,in_vehicle_coupon_recommendation,hydra_small,12684,24,16384,6342,2,10,ok,,2.2625140910968184,1.5440874509513378,0.6721775531768799
46937,in_vehicle_coupon_recommendation,hybrid_8l,12684,24,16384,6342,2,11,ok,,0.7354246247559786,0.3483427995815873,0.37548503279685974
46937,in_vehicle_coupon_recommendation,tabpfn,12684,24,16384,6342,2,11,ok,,1.090364302508533,0.7551718289032578,0.6985670328140259
46937,in_vehicle_coupon_recommendation,hydra,12684,24,16384,6342,2,11,ok,,0.6086271274834871,0.2695605745539069,0.5994009375572205
46937,in_vehicle_coupon_recommendation,hydra_small,12684,24,16384,6342,2,11,ok,,1.9841019455343485,1.5453502628952265,0.6721775531768799
46937,in_vehicle_coupon_recommendation,hydra,12684,24,16384,6342,2,12,ok,,0.604613202624023,0.2700869906693697,0.5994009375572205
46937,in_vehicle_coupon_recommendation,tabpfn,12684,24,16384,6342,2,12,ok,,1.1261605136096478,0.7568062245845795,0.6985670328140259
46937,in_vehicle_coupon_recommendation,hybrid_8l,12684,24,16384,6342,2,12,ok,,0.6841220138594508,0.3498138152062893,0.37548503279685974
46937,in_vehicle_coupon_recommendation,hydra_small,12684,24,16384,6342,2,12,ok,,1.880226856097579,1.543561170808971,0.6721775531768799
46937,in_vehicle_coupon_recommendation,hydra_small,12684,24,16384,6342,2,13,ok,,1.8782097734510899,1.5426713936030865,0.6721775531768799
46937,in_vehicle_coupon_recommendation,hybrid_8l,12684,24,16384,6342,2,13,ok,,0.6822695825248957,0.3498829957097769,0.37548503279685974
46937,in_vehicle_coupon_recommendation,hydra,12684,24,16384,6342,2,13,ok,,0.6016964232549071,0.26885849330574274,0.5994009375572205
46937,in_vehicle_coupon_recommendation,tabpfn,12684,24,16384,6342,2,13,ok,,1.0895999316126108,0.7554215397685766,0.6985670328140259
46937,in_vehicle_coupon_recommendation,hybrid_8l,12684,24,16384,6342,2,14,ok,,0.6831796262413263,0.3491737022995949,0.37548503279685974
46937,in_vehicle_coupon_recommendation,tabpfn,12684,24,16384,6342,2,14,ok,,1.0893967058509588,0.7550481632351875,0.6985670328140259
46937,in_vehicle_coupon_recommendation,hydra_small,12684,24,16384,6342,2,14,ok,,1.8779462212696671,1.5418141288682818,0.6721775531768799
46937,in_vehicle_coupon_recommendation,hydra,12684,24,16384,6342,2,14,ok,,0.6029249420389533,0.26938003208488226,0.5994009375572205
46937,in_vehicle_coupon_recommendation,tabpfn,12684,24,16384,6342,2,15,ok,,1.0894620092585683,0.754955074749887,0.6985670328140259
46937,in_vehicle_coupon_recommendation,hydra_small,12684,24,16384,6342,2,15,ok,,1.9279890935868025,1.5429965676739812,0.6721775531768799
46937,in_vehicle_coupon_recommendation,hybrid_8l,12684,24,16384,6342,2,15,ok,,0.7056564018130302,0.34872121550142765,0.37548503279685974
46937,in_vehicle_coupon_recommendation,hydra,12684,24,16384,6342,2,15,ok,,0.6084216665476561,0.2699136706069112,0.5994009375572205
46937,in_vehicle_coupon_recommendation,hydra_small,12684,24,16384,6342,3,1,ok,,1.8714503608644009,1.5441410643979907,0.6698930263519287
46937,in_vehicle_coupon_recommendation,tabpfn,12684,24,16384,6342,3,1,ok,,1.0806801989674568,0.7550750626251101,0.6904841065406799
46937,in_vehicle_coupon_recommendation,hybrid_8l,12684,24,16384,6342,3,1,ok,,0.6729173911735415,0.3487200317904353,0.38973063230514526
46937,in_vehicle_coupon_recommendation,hydra,12684,24,16384,6342,3,1,ok,,0.7232673866674304,0.2701881621032953,0.5879645943641663
46937,in_vehicle_coupon_recommendation,hybrid_8l,12684,24,16384,6342,3,2,ok,,0.6761664478108287,0.3487294800579548,0.38973063230514526
46937,in_vehicle_coupon_recommendation,hydra_small,12684,24,16384,6342,3,2,ok,,1.8965216409415007,1.545356466434896,0.6698930263519287
46937,in_vehicle_coupon_recommendation,tabpfn,12684,24,16384,6342,3,2,ok,,1.0810862574726343,0.7550867330282927,0.6904841065406799
46937,in_vehicle_coupon_recommendation,hydra,12684,24,16384,6342,3,2,ok,,0.6168571161106229,0.27026290260255337,0.5879645943641663
46937,in_vehicle_coupon_recommendation,hydra_small,12684,24,16384,6342,3,3,ok,,1.9014836605638266,1.5449231239035726,0.6698930263519287
46937,in_vehicle_coupon_recommendation,tabpfn,12684,24,16384,6342,3,3,ok,,1.1025360664352775,0.7560085691511631,0.6904841065406799
46937,in_vehicle_coupon_recommendation,hydra,12684,24,16384,6342,3,3,ok,,0.5944904293864965,0.26961368322372437,0.5879645943641663
46937,in_vehicle_coupon_recommendation,hybrid_8l,12684,24,16384,6342,3,3,ok,,0.6735099134966731,0.349461586214602,0.38973063230514526
46937,in_vehicle_coupon_recommendation,hydra,12684,24,16384,6342,3,4,ok,,0.9656021948903799,0.2696147635579109,0.5879645943641663
46937,in_vehicle_coupon_recommendation,hydra_small,12684,24,16384,6342,3,4,ok,,1.8717496823519468,1.5440701059997082,0.6698930263519287
46937,in_vehicle_coupon_recommendation,hybrid_8l,12684,24,16384,6342,3,4,ok,,0.7291533881798387,0.35008329432457685,0.38973063230514526
46937,in_vehicle_coupon_recommendation,tabpfn,12684,24,16384,6342,3,4,ok,,1.0811591623350978,0.7550567844882607,0.6904841065406799
46937,in_vehicle_coupon_recommendation,hydra,12684,24,16384,6342,3,5,ok,,0.5952884405851364,0.26922225020825863,0.5879645943641663
46937,in_vehicle_coupon_recommendation,tabpfn,12684,24,16384,6342,3,5,ok,,1.15574074909091,0.7550831837579608,0.6904841065406799
46937,in_vehicle_coupon_recommendation,hybrid_8l,12684,24,16384,6342,3,5,ok,,0.6739207413047552,0.3500583562999964,0.38973063230514526
46937,in_vehicle_coupon_recommendation,hydra_small,12684,24,16384,6342,3,5,ok,,2.150679091922939,1.5423388136550784,0.6698930263519287
46937,in_vehicle_coupon_recommendation,hydra,12684,24,16384,6342,3,6,ok,,0.6202769353985786,0.2697279676795006,0.5879645943641663
46937,in_vehicle_coupon_recommendation,hybrid_8l,12684,24,16384,6342,3,6,ok,,0.672126229852438,0.3482561018317938,0.38973063230514526
46937,in_vehicle_coupon_recommendation,tabpfn,12684,24,16384,6342,3,6,ok,,1.1169810919091105,0.7558284560218453,0.6904841065406799
46937,in_vehicle_coupon_recommendation,hydra_small,12684,24,16384,6342,3,6,ok,,1.8736171862110496,1.5446757301688194,0.6698930263519287
46937,in_vehicle_coupon_recommendation,hydra_small,12684,24,16384,6342,3,7,ok,,1.8704026946797967,1.5434036096557975,0.6698930263519287
46937,in_vehicle_coupon_recommendation,hybrid_8l,12684,24,16384,6342,3,7,ok,,0.6742973532527685,0.34894024673849344,0.38973063230514526
46937,in_vehicle_coupon_recommendation,tabpfn,12684,24,16384,6342,3,7,ok,,1.1448072399944067,0.7551939636468887,0.6904841065406799
46937,in_vehicle_coupon_recommendation,hydra,12684,24,16384,6342,3,7,ok,,0.5945224268361926,0.270013309083879,0.5879645943641663
46937,in_vehicle_coupon_recommendation,hydra,12684,24,16384,6342,3,8,ok,,0.5947314137592912,0.26923618745058775,0.5879645943641663
46937,in_vehicle_coupon_recommendation,tabpfn,12684,24,16384,6342,3,8,ok,,1.0802410608157516,0.7549905367195606,0.6904841065406799
46937,in_vehicle_coupon_recommendation,hydra_small,12684,24,16384,6342,3,8,ok,,2.2899159910157323,1.544066964648664,0.6698930263519287
46937,in_vehicle_coupon_recommendation,hybrid_8l,12684,24,16384,6342,3,8,ok,,0.6859746351838112,0.3491585608571768,0.38973063230514526
46937,in_vehicle_coupon_recommendation,hydra_small,12684,24,16384,6342,3,9,ok,,1.894470812752843,1.5435883663594723,0.6698930263519287
46937,in_vehicle_coupon_recommendation,hydra,12684,24,16384,6342,3,9,ok,,0.5950465090572834,0.2685796217992902,0.5879645943641663
46937,in_vehicle_coupon_recommendation,hybrid_8l,12684,24,16384,6342,3,9,ok,,0.6738938968628645,0.34922182001173496,0.38973063230514526
46937,in_vehicle_coupon_recommendation,tabpfn,12684,24,16384,6342,3,9,ok,,1.0795959569513798,0.7549367342144251,0.6904841065406799
46937,in_vehicle_coupon_recommendation,tabpfn,12684,24,16384,6342,3,10,ok,,1.1421255581080914,0.7554542142897844,0.6904841065406799
46937,in_vehicle_coupon_recommendation,hybrid_8l,12684,24,16384,6342,3,10,ok,,0.7598932636901736,0.3486290257424116,0.38973063230514526
46937,in_vehicle_coupon_recommendation,hydra,12684,24,16384,6342,3,10,ok,,0.6353509407490492,0.2688252264633775,0.5879645943641663
46937,in_vehicle_coupon_recommendation,hydra_small,12684,24,16384,6342,3,10,ok,,1.8734057694673538,1.5452382890507579,0.6698930263519287
46937,in_vehicle_coupon_recommendation,hydra_small,12684,24,16384,6342,3,11,ok,,1.8746510883793235,1.5459030689671636,0.6698930263519287
46937,in_vehicle_coupon_recommendation,tabpfn,12684,24,16384,6342,3,11,ok,,1.1253346027806401,0.755891902372241,0.6904841065406799
46937,in_vehicle_coupon_recommendation,hydra,12684,24,16384,6342,3,11,ok,,0.59725839830935,0.2699886215850711,0.5879645943641663
46937,in_vehicle_coupon_recommendation,hybrid_8l,12684,24,16384,6342,3,11,ok,,0.675956922583282,0.34971864987164736,0.38973063230514526
46937,in_vehicle_coupon_recommendation,hydra_small,12684,24,16384,6342,3,12,ok,,1.9006990678608418,1.546991990879178,0.6698930263519287
46937,in_vehicle_coupon_recommendation,tabpfn,12684,24,16384,6342,3,12,ok,,1.086867120116949,0.755703023634851,0.6904841065406799
46937,in_vehicle_coupon_recommendation,hybrid_8l,12684,24,16384,6342,3,12,ok,,1.0855615958571434,0.3486750731244683,0.38973063230514526
46937,in_vehicle_coupon_recommendation,hydra,12684,24,16384,6342,3,12,ok,,1.008836549706757,0.27006110828369856,0.5879645943641663
46937,in_vehicle_coupon_recommendation,hybrid_8l,12684,24,16384,6342,3,13,ok,,0.744513712823391,0.34949282370507717,0.38973063230514526
46937,in_vehicle_coupon_recommendation,tabpfn,12684,24,16384,6342,3,13,ok,,1.0860254848375916,0.7550228741019964,0.6904841065406799
46937,in_vehicle_coupon_recommendation,hydra,12684,24,16384,6342,3,13,ok,,0.5963812163099647,0.2703499551862478,0.5879645943641663
46937,in_vehicle_coupon_recommendation,hydra_small,12684,24,16384,6342,3,13,ok,,1.871214591898024,1.5418591639027,0.6698930263519287
46937,in_vehicle_coupon_recommendation,hydra,12684,24,16384,6342,3,14,ok,,0.7210921477526426,0.26891209091991186,0.5879645943641663
46937,in_vehicle_coupon_recommendation,tabpfn,12684,24,16384,6342,3,14,ok,,1.0804876806214452,0.7549960529431701,0.6904841065406799
46937,in_vehicle_coupon_recommendation,hydra_small,12684,24,16384,6342,3,14,ok,,1.9166624080389738,1.5467567220330238,0.6698930263519287
46937,in_vehicle_coupon_recommendation,hybrid_8l,12684,24,16384,6342,3,14,ok,,0.6942928424105048,0.34962581284344196,0.38973063230514526
46937,in_vehicle_coupon_recommendation,hydra_small,12684,24,16384,6342,3,15,ok,,1.873008729889989,1.5459184935316443,0.6698930263519287
46937,in_vehicle_coupon_recommendation,tabpfn,12684,24,16384,6342,3,15,ok,,1.1838270518928766,0.7551248958334327,0.6904841065406799
46937,in_vehicle_coupon_recommendation,hybrid_8l,12684,24,16384,6342,3,15,ok,,0.6744250990450382,0.34873797092586756,0.38973063230514526
46937,in_vehicle_coupon_recommendation,hydra,12684,24,16384,6342,3,15,ok,,0.5937753776088357,0.26938137877732515,0.5879645943641663
46937,in_vehicle_coupon_recommendation,hydra_small,12684,24,16384,6342,4,1,ok,,1.8715732786804438,1.543384370394051,0.6838572025299072
46937,in_vehicle_coupon_recommendation,tabpfn,12684,24,16384,6342,4,1,ok,,1.4683845238760114,0.755323613062501,0.6927940845489502
46937,in_vehicle_coupon_recommendation,hydra,12684,24,16384,6342,4,1,ok,,1.098482834175229,0.2690618643537164,0.5863552689552307
46937,in_vehicle_coupon_recommendation,hybrid_8l,12684,24,16384,6342,4,1,ok,,1.0067329406738281,0.348146409727633,0.38182732462882996
46937,in_vehicle_coupon_recommendation,hybrid_8l,12684,24,16384,6342,4,2,ok,,0.6731065809726715,0.3486465783789754,0.38182732462882996
46937,in_vehicle_coupon_recommendation,hydra_small,12684,24,16384,6342,4,2,ok,,1.8681278582662344,1.5420099748298526,0.6838572025299072
46937,in_vehicle_coupon_recommendation,hydra,12684,24,16384,6342,4,2,ok,,0.5946755735203624,0.2707695597782731,0.5863552689552307
46937,in_vehicle_coupon_recommendation,tabpfn,12684,24,16384,6342,4,2,ok,,1.078460207208991,0.7548528797924519,0.6927940845489502
46937,in_vehicle_coupon_recommendation,hybrid_8l,12684,24,16384,6342,4,3,ok,,1.056918853893876,0.3488343935459852,0.38182732462882996
46937,in_vehicle_coupon_recommendation,hydra_small,12684,24,16384,6342,4,3,ok,,2.308958198875189,1.5458302022889256,0.6838572025299072
46937,in_vehicle_coupon_recommendation,hydra,12684,24,16384,6342,4,3,ok,,1.016917766071856,0.2694228971377015,0.5863552689552307
46937,in_vehicle_coupon_recommendation,tabpfn,12684,24,16384,6342,4,3,ok,,1.2749800495803356,0.7560364408418536,0.6927940845489502
46937,in_vehicle_coupon_recommendation,hydra_small,12684,24,16384,6342,4,4,ok,,2.00586352404207,1.5456893630325794,0.6838572025299072
46937,in_vehicle_coupon_recommendation,hydra,12684,24,16384,6342,4,4,ok,,1.0712406877428293,0.26923684496432543,0.5863552689552307
46937,in_vehicle_coupon_recommendation,tabpfn,12684,24,16384,6342,4,4,ok,,1.5165438624098897,0.7548518367111683,0.6927940845489502
46937,in_vehicle_coupon_recommendation,hybrid_8l,12684,24,16384,6342,4,4,ok,,1.1008735001087189,0.34884194750338793,0.38182732462882996
46937,in_vehicle_coupon_recommendation,hydra,12684,24,16384,6342,4,5,ok,,1.047839680686593,0.2688458748161793,0.5863552689552307
46937,in_vehicle_coupon_recommendation,tabpfn,12684,24,16384,6342,4,5,ok,,1.4881501561030746,0.7550037037581205,0.6927940845489502
46937,in_vehicle_coupon_recommendation,hybrid_8l,12684,24,16384,6342,4,5,ok,,0.6977429343387485,0.3487866623327136,0.38182732462882996
46937,in_vehicle_coupon_recommendation,hydra_small,12684,24,16384,6342,4,5,ok,,1.867789982818067,1.5412299409508705,0.6838572025299072
46937,in_vehicle_coupon_recommendation,hydra,12684,24,16384,6342,4,6,ok,,0.8517536483705044,0.26930212788283825,0.5863552689552307
46937,in_vehicle_coupon_recommendation,hybrid_8l,12684,24,16384,6342,4,6,ok,,0.670530166476965,0.3486282015219331,0.38182732462882996
46937,in_vehicle_coupon_recommendation,tabpfn,12684,24,16384,6342,4,6,ok,,1.0771804796531796,0.7550471946597099,0.6927940845489502
46937,in_vehicle_coupon_recommendation,hydra_small,12684,24,16384,6342,4,6,ok,,2.1622358663007617,1.543687186203897,0.6838572025299072
46937,in_vehicle_coupon_recommendation,hydra_small,12684,24,16384,6342,4,7,ok,,1.8684003660455346,1.5430678017437458,0.6838572025299072
46937,in_vehicle_coupon_recommendation,hybrid_8l,12684,24,16384,6342,4,7,ok,,1.086198853328824,0.34856153558939695,0.38182732462882996
46937,in_vehicle_coupon_recommendation,tabpfn,12684,24,16384,6342,4,7,ok,,1.368104139342904,0.755063695833087,0.6927940845489502
46937,in_vehicle_coupon_recommendation,hydra,12684,24,16384,6342,4,7,ok,,0.5916799129918218,0.2687751892954111,0.5863552689552307
46937,in_vehicle_coupon_recommendation,hydra_small,12684,24,16384,6342,4,8,ok,,1.8706543743610382,1.5398451751098037,0.6838572025299072
46937,in_vehicle_coupon_recommendation,hydra,12684,24,16384,6342,4,8,ok,,0.591592718847096,0.26929639652371407,0.5863552689552307
46937,in_vehicle_coupon_recommendation,hybrid_8l,12684,24,16384,6342,4,8,ok,,0.6711862683296204,0.34941095393151045,0.38182732462882996
46937,in_vehicle_coupon_recommendation,tabpfn,12684,24,16384,6342,4,8,ok,,1.5089308135211468,0.7549742553383112,0.6927940845489502
46937,in_vehicle_coupon_recommendation,hybrid_8l,12684,24,16384,6342,4,9,ok,,1.1016779085621238,0.34888425655663013,0.38182732462882996
46937,in_vehicle_coupon_recommendation,hydra_small,12684,24,16384,6342,4,9,ok,,2.278741916641593,1.5397734669968486,0.6838572025299072
46937,in_vehicle_coupon_recommendation,hydra,12684,24,16384,6342,4,9,ok,,1.0034018214792013,0.2693888423964381,0.5863552689552307
46937,in_vehicle_coupon_recommendation,tabpfn,12684,24,16384,6342,4,9,ok,,1.4997367709875107,0.7551161935552955,0.6927940845489502
46937,in_vehicle_coupon_recommendation,hydra_small,12684,24,16384,6342,4,10,ok,,2.286100385710597,1.5402668006718159,0.6838572025299072
46937,in_vehicle_coupon_recommendation,hydra,12684,24,16384,6342,4,10,ok,,0.9709369223564863,0.26977966260164976,0.5863552689552307
46937,in_vehicle_coupon_recommendation,hybrid_8l,12684,24,16384,6342,4,10,ok,,0.6724799266085029,0.3487159078940749,0.38182732462882996
46937,in_vehicle_coupon_recommendation,tabpfn,12684,24,16384,6342,4,10,ok,,1.0800158465281129,0.7553381724283099,0.6927940845489502
46937,in_vehicle_coupon_recommendation,hydra_small,12684,24,16384,6342,4,11,ok,,2.284399992786348,1.5424790093675256,0.6838572025299072
46937,in_vehicle_coupon_recommendation,hydra,12684,24,16384,6342,4,11,ok,,0.9980932427570224,0.26774431485682726,0.5863552689552307
46937,in_vehicle_coupon_recommendation,hybrid_8l,12684,24,16384,6342,4,11,ok,,0.7101489761844277,0.3490123674273491,0.38182732462882996
46937,in_vehicle_coupon_recommendation,tabpfn,12684,24,16384,6342,4,11,ok,,1.1098279068246484,0.7547562001273036,0.6927940845489502
46937,in_vehicle_coupon_recommendation,hydra_small,12684,24,16384,6342,4,12,ok,,2.2752739507704973,1.5401449874043465,0.6838572025299072
46937,in_vehicle_coupon_recommendation,hydra,12684,24,16384,6342,4,12,ok,,0.9405353805050254,0.26904457807540894,0.5863552689552307
46937,in_vehicle_coupon_recommendation,hybrid_8l,12684,24,16384,6342,4,12,ok,,0.6719038356095552,0.3491539256647229,0.38182732462882996
46937,in_vehicle_coupon_recommendation,tabpfn,12684,24,16384,6342,4,12,ok,,1.4672381049022079,0.7551292758435011,0.6927940845489502
46937,in_vehicle_coupon_recommendation,hybrid_8l,12684,24,16384,6342,4,13,ok,,0.6739237522706389,0.348994723521173,0.38182732462882996
46937,in_vehicle_coupon_recommendation,hydra,12684,24,16384,6342,4,13,ok,,1.0078938091173768,0.2691888604313135,0.5863552689552307
46937,in_vehicle_coupon_recommendation,tabpfn,12684,24,16384,6342,4,13,ok,,1.492963083088398,0.755161396227777,0.6927940845489502
46937,in_vehicle_coupon_recommendation,hydra_small,12684,24,16384,6342,4,13,ok,,2.2868426153436303,1.5410186387598515,0.6838572025299072
46937,in_vehicle_coupon_recommendation,tabpfn,12684,24,16384,6342,4,14,ok,,1.565841007977724,0.7550767362117767,0.6927940845489502
46937,in_vehicle_coupon_recommendation,hybrid_8l,12684,24,16384,6342,4,14,ok,,1.0875915260985494,0.34881662484258413,0.38182732462882996
46937,in_vehicle_coupon_recommendation,hydra_small,12684,24,16384,6342,4,14,ok,,2.2821112498641014,1.5418833261355758,0.6838572025299072
46937,in_vehicle_coupon_recommendation,hydra,12684,24,16384,6342,4,14,ok,,1.0152163924649358,0.27177733555436134,0.5863552689552307
46937,in_vehicle_coupon_recommendation,hydra,12684,24,16384,6342,4,15,ok,,1.0066141234710813,0.2693066047504544,0.5863552689552307
46937,in_vehicle_coupon_recommendation,tabpfn,12684,24,16384,6342,4,15,ok,,1.5102678770199418,0.7552449628710747,0.6927940845489502
46937,in_vehicle_coupon_recommendation,hydra_small,12684,24,16384,6342,4,15,ok,,2.2978304186835885,1.5411629909649491,0.6838572025299072
46937,in_vehicle_coupon_recommendation,hybrid_8l,12684,24,16384,6342,4,15,ok,,1.0126859759911895,0.34839274175465107,0.38182732462882996
46937,in_vehicle_coupon_recommendation,hybrid_8l,12684,24,16384,6342,5,1,ok,,0.6798101235181093,0.34818452782928944,0.3568401336669922
46937,in_vehicle_coupon_recommendation,hydra,12684,24,16384,6342,5,1,ok,,0.8595196045935154,0.26935752015560865,0.5683804750442505
46937,in_vehicle_coupon_recommendation,hydra_small,12684,24,16384,6342,5,1,ok,,1.8806634936481714,1.5415401542559266,0.6880295276641846
46937,in_vehicle_coupon_recommendation,tabpfn,12684,24,16384,6342,5,1,ok,,1.0867316145449877,0.7550070229917765,0.7069736123085022
46937,in_vehicle_coupon_recommendation,hydra,12684,24,16384,6342,5,2,ok,,1.0081618428230286,0.269353742711246,0.5683804750442505
46937,in_vehicle_coupon_recommendation,tabpfn,12684,24,16384,6342,5,2,ok,,1.0848980899900198,0.7550686076283455,0.7069736123085022
46937,in_vehicle_coupon_recommendation,hybrid_8l,12684,24,16384,6342,5,2,ok,,1.0940669905394316,0.3494008416309953,0.3568401336669922
46937,in_vehicle_coupon_recommendation,hydra_small,12684,24,16384,6342,5,2,ok,,2.2779351407662034,1.5437490874901414,0.6880295276641846
46937,in_vehicle_coupon_recommendation,hydra,12684,24,16384,6342,5,3,ok,,0.6471307268366218,0.26839813217520714,0.5683804750442505
46937,in_vehicle_coupon_recommendation,hybrid_8l,12684,24,16384,6342,5,3,ok,,0.7395496051758528,0.34896353352814913,0.3568401336669922
46937,in_vehicle_coupon_recommendation,tabpfn,12684,24,16384,6342,5,3,ok,,1.085887223482132,0.7553598284721375,0.7069736123085022
46937,in_vehicle_coupon_recommendation,hydra_small,12684,24,16384,6342,5,3,ok,,2.2697924319654703,1.5430532479658723,0.6880295276641846
46937,in_vehicle_coupon_recommendation,hydra_small,12684,24,16384,6342,5,4,ok,,1.8950513992458582,1.5427869632840157,0.6880295276641846
46937,in_vehicle_coupon_recommendation,hybrid_8l,12684,24,16384,6342,5,4,ok,,1.094281205907464,0.34881293773651123,0.3568401336669922
46937,in_vehicle_coupon_recommendation,hydra,12684,24,16384,6342,5,4,ok,,1.0175599977374077,0.2697041258215904,0.5683804750442505
46937,in_vehicle_coupon_recommendation,tabpfn,12684,24,16384,6342,5,4,ok,,1.4955355189740658,0.7552182516083121,0.7069736123085022
46937,in_vehicle_coupon_recommendation,hybrid_8l,12684,24,16384,6342,5,5,ok,,0.7410742416977882,0.348935479298234,0.3568401336669922
46937,in_vehicle_coupon_recommendation,hydra,12684,24,16384,6342,5,5,ok,,0.5981766553595662,0.26946604531258345,0.5683804750442505
46937,in_vehicle_coupon_recommendation,hydra_small,12684,24,16384,6342,5,5,ok,,1.8779353704303503,1.5447394298389554,0.6880295276641846
46937,in_vehicle_coupon_recommendation,tabpfn,12684,24,16384,6342,5,5,ok,,1.4712019246071577,0.7550023412331939,0.7069736123085022
46937,in_vehicle_coupon_recommendation,tabpfn,12684,24,16384,6342,5,6,ok,,1.086009742692113,0.7553827408701181,0.7069736123085022
46937,in_vehicle_coupon_recommendation,hydra,12684,24,16384,6342,5,6,ok,,1.016182848252356,0.27042464073747396,0.5683804750442505
46937,in_vehicle_coupon_recommendation,hydra_small,12684,24,16384,6342,5,6,ok,,2.293902666307986,1.5443862602114677,0.6880295276641846
46937,in_vehicle_coupon_recommendation,hybrid_8l,12684,24,16384,6342,5,6,ok,,0.7191760232672095,0.34861484076827765,0.3568401336669922
46937,in_vehicle_coupon_recommendation,hydra_small,12684,24,16384,6342,5,7,ok,,1.8752576438710093,1.5413061026483774,0.6880295276641846
46937,in_vehicle_coupon_recommendation,tabpfn,12684,24,16384,6342,5,7,ok,,1.2518093585968018,0.755034570582211,0.7069736123085022
46937,in_vehicle_coupon_recommendation,hybrid_8l,12684,24,16384,6342,5,7,ok,,0.9054330382496119,0.349487223662436,0.3568401336669922
46937,in_vehicle_coupon_recommendation,hydra,12684,24,16384,6342,5,7,ok,,0.621140512637794,0.269811830483377,0.5683804750442505
46937,in_vehicle_coupon_recommendation,tabpfn,12684,24,16384,6342,5,8,ok,,1.1295951278880239,0.7553036995232105,0.7069736123085022
46937,in_vehicle_coupon_recommendation,hydra_small,12684,24,16384,6342,5,8,ok,,1.8763529267162085,1.542176109738648,0.6880295276641846
46937,in_vehicle_coupon_recommendation,hybrid_8l,12684,24,16384,6342,5,8,ok,,0.7903061863034964,0.3487267028540373,0.3568401336669922
46937,in_vehicle_coupon_recommendation,hydra,12684,24,16384,6342,5,8,ok,,0.7511138217523694,0.2691937983036041,0.5683804750442505
46937,in_vehicle_coupon_recommendation,tabpfn,12684,24,16384,6342,5,9,ok,,1.0877506379038095,0.7549952352419496,0.7069736123085022
46937,in_vehicle_coupon_recommendation,hydra_small,12684,24,16384,6342,5,9,ok,,1.87337766867131,1.5397955505177379,0.6880295276641846
46937,in_vehicle_coupon_recommendation,hybrid_8l,12684,24,16384,6342,5,9,ok,,0.6811537239700556,0.3494754210114479,0.3568401336669922
46937,in_vehicle_coupon_recommendation,hydra,12684,24,16384,6342,5,9,ok,,0.6365658156573772,0.2695554932579398,0.5683804750442505
46937,in_vehicle_coupon_recommendation,hydra_small,12684,24,16384,6342,5,10,ok,,1.8879842115566134,1.5437508216127753,0.6880295276641846
46937,in_vehicle_coupon_recommendation,tabpfn,12684,24,16384,6342,5,10,ok,,1.0898463279008865,0.7552947225049138,0.7069736123085022
46937,in_vehicle_coupon_recommendation,hybrid_8l,12684,24,16384,6342,5,10,ok,,0.6793974759057164,0.348765105009079,0.3568401336669922
46937,in_vehicle_coupon_recommendation,hydra,12684,24,16384,6342,5,10,ok,,0.5993960537016392,0.26938324701040983,0.5683804750442505
46937,in_vehicle_coupon_recommendation,hydra,12684,24,16384,6342,5,11,ok,,0.6009810464456677,0.2693362198770046,0.5683804750442505
46937,in_vehicle_coupon_recommendation,hydra_small,12684,24,16384,6342,5,11,ok,,1.8774586487561464,1.5443585012108088,0.6880295276641846
46937,in_vehicle_coupon_recommendation,hybrid_8l,12684,24,16384,6342,5,11,ok,,0.7054872754961252,0.3491855822503567,0.3568401336669922
46937,in_vehicle_coupon_recommendation,tabpfn,12684,24,16384,6342,5,11,ok,,1.0918568363413215,0.7551399981603026,0.7069736123085022
46937,in_vehicle_coupon_recommendation,hydra,12684,24,16384,6342,5,12,ok,,1.0061028264462948,0.26987084094434977,0.5683804750442505
46937,in_vehicle_coupon_recommendation,hydra_small,12684,24,16384,6342,5,12,ok,,1.9658186864107847,1.5457875290885568,0.6880295276641846
46937,in_vehicle_coupon_recommendation,tabpfn,12684,24,16384,6342,5,12,ok,,1.0878029745072126,0.7556382417678833,0.7069736123085022
46937,in_vehicle_coupon_recommendation,hybrid_8l,12684,24,16384,6342,5,12,ok,,0.7380817392840981,0.34886528458446264,0.3568401336669922
46937,in_vehicle_coupon_recommendation,hybrid_8l,12684,24,16384,6342,5,13,ok,,0.8585107950493693,0.34925430081784725,0.3568401336669922
46937,in_vehicle_coupon_recommendation,hydra_small,12684,24,16384,6342,5,13,ok,,1.8797296779230237,1.5469719804823399,0.6880295276641846
46937,in_vehicle_coupon_recommendation,hydra,12684,24,16384,6342,5,13,ok,,1.0182936815544963,0.2696485994383693,0.5683804750442505
46937,in_vehicle_coupon_recommendation,tabpfn,12684,24,16384,6342,5,13,ok,,1.4987918371334672,0.756117639131844,0.7069736123085022
46937,in_vehicle_coupon_recommendation,hydra,12684,24,16384,6342,5,14,ok,,0.6907701110467315,0.2698475066572428,0.5683804750442505
46937,in_vehicle_coupon_recommendation,hydra_small,12684,24,16384,6342,5,14,ok,,2.2679790686815977,1.546399476006627,0.6880295276641846
46937,in_vehicle_coupon_recommendation,tabpfn,12684,24,16384,6342,5,14,ok,,1.09968804102391,0.7554967617616057,0.7069736123085022
46937,in_vehicle_coupon_recommendation,hybrid_8l,12684,24,16384,6342,5,14,ok,,0.678740318864584,0.348862417973578,0.3568401336669922
46937,in_vehicle_coupon_recommendation,hybrid_8l,12684,24,16384,6342,5,15,ok,,0.6793528189882636,0.34901684056967497,0.3568401336669922
46937,in_vehicle_coupon_recommendation,hydra,12684,24,16384,6342,5,15,ok,,0.6005529826506972,0.27005013916641474,0.5683804750442505
46937,in_vehicle_coupon_recommendation,hydra_small,12684,24,16384,6342,5,15,ok,,1.8797925552353263,1.5463656401261687,0.6880295276641846
46937,in_vehicle_coupon_recommendation,tabpfn,12684,24,16384,6342,5,15,ok,,1.1135277207940817,0.7564219143241644,0.7069736123085022
46935,HR_Analytics_Job_Change_of_Data_Scientists,hybrid_8l,19093,12,16384,9546,1,1,ok,,1.3419306362047791,0.6682773251086473,0.7529342770576477
46935,HR_Analytics_Job_Change_of_Data_Scientists,hydra_small,19093,12,16384,9546,1,1,ok,,2.684193318709731,2.4041647044941783,0.7798413038253784
46935,HR_Analytics_Job_Change_of_Data_Scientists,tabpfn,19093,12,16384,9546,1,1,ok,,1.849392575211823,1.5476390114054084,0.7910956144332886
46935,HR_Analytics_Job_Change_of_Data_Scientists,hydra,19093,12,16384,9546,1,1,ok,,0.7500879848375916,0.4251929549500346,0.5459131002426147
46935,HR_Analytics_Job_Change_of_Data_Scientists,hydra_small,19093,12,16384,9546,1,2,ok,,3.0681400960311294,2.40228761639446,0.7798413038253784
46935,HR_Analytics_Job_Change_of_Data_Scientists,tabpfn,19093,12,16384,9546,1,2,ok,,1.806082190014422,1.5482189785689116,0.7910956144332886
46935,HR_Analytics_Job_Change_of_Data_Scientists,hybrid_8l,19093,12,16384,9546,1,2,ok,,0.9066218826919794,0.6665508225560188,0.7529342770576477
46935,HR_Analytics_Job_Change_of_Data_Scientists,hydra,19093,12,16384,9546,1,2,ok,,0.6669572331011295,0.42591562401503325,0.5459131002426147
46935,HR_Analytics_Job_Change_of_Data_Scientists,hybrid_8l,19093,12,16384,9546,1,3,ok,,0.9068524297326803,0.667280925437808,0.7529342770576477
46935,HR_Analytics_Job_Change_of_Data_Scientists,hydra,19093,12,16384,9546,1,3,ok,,0.7000951962545514,0.42829728592187166,0.5459131002426147
46935,HR_Analytics_Job_Change_of_Data_Scientists,tabpfn,19093,12,16384,9546,1,3,ok,,1.82824682071805,1.5486586606130004,0.7910956144332886
46935,HR_Analytics_Job_Change_of_Data_Scientists,hydra_small,19093,12,16384,9546,1,3,ok,,2.6460020756348968,2.4033194882795215,0.7798413038253784
46935,HR_Analytics_Job_Change_of_Data_Scientists,tabpfn,19093,12,16384,9546,1,4,ok,,1.7883666828274727,1.5483030369505286,0.7910956144332886
46935,HR_Analytics_Job_Change_of_Data_Scientists,hydra_small,19093,12,16384,9546,1,4,ok,,2.6446021711453795,2.4015910401940346,0.7798413038253784
46935,HR_Analytics_Job_Change_of_Data_Scientists,hybrid_8l,19093,12,16384,9546,1,4,ok,,0.9087636200711131,0.6680379193276167,0.7529342770576477
46935,HR_Analytics_Job_Change_of_Data_Scientists,hydra,19093,12,16384,9546,1,4,ok,,0.6672914549708366,0.4270263072103262,0.5459131002426147
46935,HR_Analytics_Job_Change_of_Data_Scientists,hydra,19093,12,16384,9546,1,5,ok,,1.054685584269464,0.42629023268818855,0.5459131002426147
46935,HR_Analytics_Job_Change_of_Data_Scientists,hydra_small,19093,12,16384,9546,1,5,ok,,2.789195687510073,2.401070924475789,0.7798413038253784
46935,HR_Analytics_Job_Change_of_Data_Scientists,hybrid_8l,19093,12,16384,9546,1,5,ok,,0.9877402884885669,0.6671392163261771,0.7529342770576477
46935,HR_Analytics_Job_Change_of_Data_Scientists,tabpfn,19093,12,16384,9546,1,5,ok,,1.8225107500329614,1.5473091714084148,0.7910956144332886
46935,HR_Analytics_Job_Change_of_Data_Scientists,hydra_small,19093,12,16384,9546,1,6,ok,,2.641511330381036,2.3991638692095876,0.7798413038253784
46935,HR_Analytics_Job_Change_of_Data_Scientists,tabpfn,19093,12,16384,9546,1,6,ok,,1.79973413515836,1.5464327782392502,0.7910956144332886
46935,HR_Analytics_Job_Change_of_Data_Scientists,hydra,19093,12,16384,9546,1,6,ok,,0.7130440566688776,0.4254321763291955,0.5459131002426147
46935,HR_Analytics_Job_Change_of_Data_Scientists,hybrid_8l,19093,12,16384,9546,1,6,ok,,0.9271487398073077,0.6669850219041109,0.7529342770576477
46935,HR_Analytics_Job_Change_of_Data_Scientists,hybrid_8l,19093,12,16384,9546,1,7,ok,,0.908070394769311,0.6674119718372822,0.7529342770576477
46935,HR_Analytics_Job_Change_of_Data_Scientists,tabpfn,19093,12,16384,9546,1,7,ok,,1.8852154882624745,1.5472376747056842,0.7910956144332886
46935,HR_Analytics_Job_Change_of_Data_Scientists,hydra_small,19093,12,16384,9546,1,7,ok,,2.6439499892294407,2.4013112653046846,0.7798413038253784
46935,HR_Analytics_Job_Change_of_Data_Scientists,hydra,19093,12,16384,9546,1,7,ok,,0.6687270319089293,0.42843485344201326,0.5459131002426147
46935,HR_Analytics_Job_Change_of_Data_Scientists,tabpfn,19093,12,16384,9546,1,8,ok,,1.7877456694841385,1.5466334586963058,0.7910956144332886
46935,HR_Analytics_Job_Change_of_Data_Scientists,hydra_small,19093,12,16384,9546,1,8,ok,,2.6817042157053947,2.3978615775704384,0.7798413038253784
46935,HR_Analytics_Job_Change_of_Data_Scientists,hybrid_8l,19093,12,16384,9546,1,8,ok,,0.9069740260019898,0.667164851911366,0.7529342770576477
46935,HR_Analytics_Job_Change_of_Data_Scientists,hydra,19093,12,16384,9546,1,8,ok,,0.76227075047791,0.42553649190813303,0.5459131002426147
46935,HR_Analytics_Job_Change_of_Data_Scientists,hydra,19093,12,16384,9546,1,9,ok,,0.6943999733775854,0.42577417381107807,0.5459131002426147
46935,HR_Analytics_Job_Change_of_Data_Scientists,tabpfn,19093,12,16384,9546,1,9,ok,,1.7889063283801079,1.5476796189323068,0.7910956144332886
46935,HR_Analytics_Job_Change_of_Data_Scientists,hybrid_8l,19093,12,16384,9546,1,9,ok,,0.9082889566197991,0.6674891775473952,0.7529342770576477
46935,HR_Analytics_Job_Change_of_Data_Scientists,hydra_small,19093,12,16384,9546,1,9,ok,,3.0170673141255975,2.4014486707746983,0.7798413038253784
46935,HR_Analytics_Job_Change_of_Data_Scientists,hydra,19093,12,16384,9546,1,10,ok,,0.6669114222750068,0.4259186973795295,0.5459131002426147
46935,HR_Analytics_Job_Change_of_Data_Scientists,tabpfn,19093,12,16384,9546,1,10,ok,,2.0978992050513625,1.5472518168389797,0.7910956144332886
46935,HR_Analytics_Job_Change_of_Data_Scientists,hybrid_8l,19093,12,16384,9546,1,10,ok,,1.3456865195184946,0.6668411884456873,0.7529342770576477
46935,HR_Analytics_Job_Change_of_Data_Scientists,hydra_small,19093,12,16384,9546,1,10,ok,,2.853765979409218,2.402471996843815,0.7798413038253784
46935,HR_Analytics_Job_Change_of_Data_Scientists,hydra,19093,12,16384,9546,1,11,ok,,0.7086909469217062,0.4267872618511319,0.5459131002426147
46935,HR_Analytics_Job_Change_of_Data_Scientists,hybrid_8l,19093,12,16384,9546,1,11,ok,,0.9129161424934864,0.6668990282341838,0.7529342770576477
46935,HR_Analytics_Job_Change_of_Data_Scientists,tabpfn,19093,12,16384,9546,1,11,ok,,1.7877717642113566,1.5471266284585,0.7910956144332886
46935,HR_Analytics_Job_Change_of_Data_Scientists,hydra_small,19093,12,16384,9546,1,11,ok,,2.7306118300184608,2.399408952333033,0.7798413038253784
46935,HR_Analytics_Job_Change_of_Data_Scientists,hydra_small,19093,12,16384,9546,1,12,ok,,3.06884350348264,2.4017491955310106,0.7798413038253784
46935,HR_Analytics_Job_Change_of_Data_Scientists,tabpfn,19093,12,16384,9546,1,12,ok,,2.23264426831156,1.5474018771201372,0.7910956144332886
46935,HR_Analytics_Job_Change_of_Data_Scientists,hydra,19093,12,16384,9546,1,12,ok,,1.0092498352751136,0.42595725879073143,0.5459131002426147
46935,HR_Analytics_Job_Change_of_Data_Scientists,hybrid_8l,19093,12,16384,9546,1,12,ok,,0.9083784939721227,0.6669990662485361,0.7529342770576477
46935,HR_Analytics_Job_Change_of_Data_Scientists,hydra_small,19093,12,16384,9546,1,13,ok,,2.686768950894475,2.401090335100889,0.7798413038253784
46935,HR_Analytics_Job_Change_of_Data_Scientists,hybrid_8l,19093,12,16384,9546,1,13,ok,,1.0642883498221636,0.6674946546554565,0.7529342770576477
46935,HR_Analytics_Job_Change_of_Data_Scientists,tabpfn,19093,12,16384,9546,1,13,ok,,1.8621590845286846,1.546878564171493,0.7910956144332886
46935,HR_Analytics_Job_Change_of_Data_Scientists,hydra,19093,12,16384,9546,1,13,ok,,0.6685060113668442,0.42731946893036366,0.5459131002426147
46935,HR_Analytics_Job_Change_of_Data_Scientists,hybrid_8l,19093,12,16384,9546,1,14,ok,,0.9080719333142042,0.6671454031020403,0.7529342770576477
46935,HR_Analytics_Job_Change_of_Data_Scientists,tabpfn,19093,12,16384,9546,1,14,ok,,1.7885403465479612,1.5473106727004051,0.7910956144332886
46935,HR_Analytics_Job_Change_of_Data_Scientists,hydra_small,19093,12,16384,9546,1,14,ok,,2.6965428963303566,2.399423544295132,0.7798413038253784
46935,HR_Analytics_Job_Change_of_Data_Scientists,hydra,19093,12,16384,9546,1,14,ok,,0.6829316318035126,0.42567052505910397,0.5459131002426147
46935,HR_Analytics_Job_Change_of_Data_Scientists,hydra_small,19093,12,16384,9546,1,15,ok,,2.6463188817724586,2.402805931866169,0.7798413038253784
46935,HR_Analytics_Job_Change_of_Data_Scientists,hybrid_8l,19093,12,16384,9546,1,15,ok,,0.9239926049485803,0.6668069204315543,0.7529342770576477
46935,HR_Analytics_Job_Change_of_Data_Scientists,hydra,19093,12,16384,9546,1,15,ok,,0.6656850064173341,0.4243449131026864,0.5459131002426147
46935,HR_Analytics_Job_Change_of_Data_Scientists,tabpfn,19093,12,16384,9546,1,15,ok,,1.788305982016027,1.546346445567906,0.7910956144332886
46935,HR_Analytics_Job_Change_of_Data_Scientists,hybrid_8l,19093,12,16384,9546,2,1,ok,,0.8988177478313446,0.6666788486763835,0.7539330720901489
46935,HR_Analytics_Job_Change_of_Data_Scientists,hydra_small,19093,12,16384,9546,2,1,ok,,2.628820987418294,2.391731819137931,0.7687239050865173
46935,HR_Analytics_Job_Change_of_Data_Scientists,hydra,19093,12,16384,9546,2,1,ok,,0.6561453118920326,0.42402113880962133,0.553429365158081
46935,HR_Analytics_Job_Change_of_Data_Scientists,tabpfn,19093,12,16384,9546,2,1,ok,,1.7790181627497077,1.546489555388689,0.7872703671455383
46935,HR_Analytics_Job_Change_of_Data_Scientists,hydra_small,19093,12,16384,9546,2,2,ok,,2.626944672316313,2.3928393153473735,0.7687239050865173
46935,HR_Analytics_Job_Change_of_Data_Scientists,hybrid_8l,19093,12,16384,9546,2,2,ok,,0.8982194624841213,0.6665377002209425,0.7539330720901489
46935,HR_Analytics_Job_Change_of_Data_Scientists,hydra,19093,12,16384,9546,2,2,ok,,0.6577570447698236,0.42602814082056284,0.553429365158081
46935,HR_Analytics_Job_Change_of_Data_Scientists,tabpfn,19093,12,16384,9546,2,2,ok,,1.7784633906558156,1.5472034262493253,0.7872703671455383
46935,HR_Analytics_Job_Change_of_Data_Scientists,hybrid_8l,19093,12,16384,9546,2,3,ok,,0.8976647322997451,0.6665715938434005,0.7539330720901489
46935,HR_Analytics_Job_Change_of_Data_Scientists,tabpfn,19093,12,16384,9546,2,3,ok,,1.819499014876783,1.5461603691801429,0.7872703671455383
46935,HR_Analytics_Job_Change_of_Data_Scientists,hydra_small,19093,12,16384,9546,2,3,ok,,2.6268692249432206,2.3923181649297476,0.7687239050865173
46935,HR_Analytics_Job_Change_of_Data_Scientists,hydra,19093,12,16384,9546,2,3,ok,,0.6575418757274747,0.42702791467309,0.553429365158081
46935,HR_Analytics_Job_Change_of_Data_Scientists,hybrid_8l,19093,12,16384,9546,2,4,ok,,0.9001506408676505,0.667628426104784,0.7539330720901489
46935,HR_Analytics_Job_Change_of_Data_Scientists,hydra,19093,12,16384,9546,2,4,ok,,0.6651228591799736,0.42633481230586767,0.553429365158081
46935,HR_Analytics_Job_Change_of_Data_Scientists,hydra_small,19093,12,16384,9546,2,4,ok,,2.63120708335191,2.3972792737185955,0.7687239050865173
46935,HR_Analytics_Job_Change_of_Data_Scientists,tabpfn,19093,12,16384,9546,2,4,ok,,1.7796293357387185,1.547002182342112,0.7872703671455383
46935,HR_Analytics_Job_Change_of_Data_Scientists,hydra,19093,12,16384,9546,2,5,ok,,0.65854936465621,0.4263213565573096,0.553429365158081
46935,HR_Analytics_Job_Change_of_Data_Scientists,hybrid_8l,19093,12,16384,9546,2,5,ok,,0.9791429294273257,0.6666992846876383,0.7539330720901489
46935,HR_Analytics_Job_Change_of_Data_Scientists,hydra_small,19093,12,16384,9546,2,5,ok,,2.670748175121844,2.3935733111575246,0.7687239050865173
46935,HR_Analytics_Job_Change_of_Data_Scientists,tabpfn,19093,12,16384,9546,2,5,ok,,1.8163244780153036,1.5468329805880785,0.7872703671455383
46935,HR_Analytics_Job_Change_of_Data_Scientists,hydra_small,19093,12,16384,9546,2,6,ok,,2.656380453146994,2.3959465865045786,0.7687239050865173
46935,HR_Analytics_Job_Change_of_Data_Scientists,hybrid_8l,19093,12,16384,9546,2,6,ok,,0.8998596789315343,0.6679705623537302,0.7539330720901489
46935,HR_Analytics_Job_Change_of_Data_Scientists,hydra,19093,12,16384,9546,2,6,ok,,0.6632254533469677,0.4270534226670861,0.553429365158081
46935,HR_Analytics_Job_Change_of_Data_Scientists,tabpfn,19093,12,16384,9546,2,6,ok,,2.1687660608440638,1.5473832720890641,0.7872703671455383
46935,HR_Analytics_Job_Change_of_Data_Scientists,hydra_small,19093,12,16384,9546,2,7,ok,,3.066072892397642,2.402774952352047,0.7687239050865173
46935,HR_Analytics_Job_Change_of_Data_Scientists,hydra,19093,12,16384,9546,2,7,ok,,1.110349841415882,0.42732017766684294,0.553429365158081
46935,HR_Analytics_Job_Change_of_Data_Scientists,tabpfn,19093,12,16384,9546,2,7,ok,,2.2389911571517587,1.5483037745580077,0.7872703671455383
46935,HR_Analytics_Job_Change_of_Data_Scientists,hybrid_8l,19093,12,16384,9546,2,7,ok,,1.39887491799891,0.6681119194254279,0.7539330720901489
46935,HR_Analytics_Job_Change_of_Data_Scientists,hydra_small,19093,12,16384,9546,2,8,ok,,3.0612582564353943,2.3994321255013347,0.7687239050865173
46935,HR_Analytics_Job_Change_of_Data_Scientists,hydra,19093,12,16384,9546,2,8,ok,,0.8438559025526047,0.426835248246789,0.553429365158081
46935,HR_Analytics_Job_Change_of_Data_Scientists,tabpfn,19093,12,16384,9546,2,8,ok,,2.1757195610553026,1.5479656932875514,0.7872703671455383
46935,HR_Analytics_Job_Change_of_Data_Scientists,hybrid_8l,19093,12,16384,9546,2,8,ok,,1.3398244511336088,0.6678081443533301,0.7539330720901489
46935,HR_Analytics_Job_Change_of_Data_Scientists,tabpfn,19093,12,16384,9546,2,9,ok,,2.209874431602657,1.5476572588086128,0.7872703671455383
46935,HR_Analytics_Job_Change_of_Data_Scientists,hybrid_8l,19093,12,16384,9546,2,9,ok,,1.2687758533284068,0.6671051913872361,0.7539330720901489
46935,HR_Analytics_Job_Change_of_Data_Scientists,hydra_small,19093,12,16384,9546,2,9,ok,,2.6394678028300405,2.4018642716109753,0.7687239050865173
46935,HR_Analytics_Job_Change_of_Data_Scientists,hydra,19093,12,16384,9546,2,9,ok,,0.9248031927272677,0.4278315659612417,0.553429365158081
46935,HR_Analytics_Job_Change_of_Data_Scientists,hydra_small,19093,12,16384,9546,2,10,ok,,2.6335915084928274,2.399671535938978,0.7687239050865173
46935,HR_Analytics_Job_Change_of_Data_Scientists,tabpfn,19093,12,16384,9546,2,10,ok,,2.203534606844187,1.5467690136283636,0.7872703671455383
46935,HR_Analytics_Job_Change_of_Data_Scientists,hybrid_8l,19093,12,16384,9546,2,10,ok,,1.339835318736732,0.6674456456676126,0.7539330720901489
46935,HR_Analytics_Job_Change_of_Data_Scientists,hydra,19093,12,16384,9546,2,10,ok,,1.1604876788333058,0.42755965050309896,0.553429365158081
46935,HR_Analytics_Job_Change_of_Data_Scientists,hydra,19093,12,16384,9546,2,11,ok,,1.0958581827580929,0.42729916609823704,0.553429365158081
46935,HR_Analytics_Job_Change_of_Data_Scientists,tabpfn,19093,12,16384,9546,2,11,ok,,2.1926404237747192,1.5481440778821707,0.7872703671455383
46935,HR_Analytics_Job_Change_of_Data_Scientists,hydra_small,19093,12,16384,9546,2,11,ok,,2.696923753246665,2.401221049018204,0.7687239050865173
46935,HR_Analytics_Job_Change_of_Data_Scientists,hybrid_8l,19093,12,16384,9546,2,11,ok,,0.9441436650231481,0.6670894511044025,0.7539330720901489
46935,HR_Analytics_Job_Change_of_Data_Scientists,hydra_small,19093,12,16384,9546,2,12,ok,,2.63717195764184,2.397502902895212,0.7687239050865173
46935,HR_Analytics_Job_Change_of_Data_Scientists,hydra,19093,12,16384,9546,2,12,ok,,0.657923074439168,0.4272919325158,0.553429365158081
46935,HR_Analytics_Job_Change_of_Data_Scientists,tabpfn,19093,12,16384,9546,2,12,ok,,1.7783964006230235,1.5468176137655973,0.7872703671455383
46935,HR_Analytics_Job_Change_of_Data_Scientists,hybrid_8l,19093,12,16384,9546,2,12,ok,,0.9023224106058478,0.6671660859137774,0.7539330720901489
46935,HR_Analytics_Job_Change_of_Data_Scientists,hydra_small,19093,12,16384,9546,2,13,ok,,2.6270338594913483,2.3928668797016144,0.7687239050865173
46935,HR_Analytics_Job_Change_of_Data_Scientists,tabpfn,19093,12,16384,9546,2,13,ok,,1.77864221483469,1.5465485928580165,0.7872703671455383
46935,HR_Analytics_Job_Change_of_Data_Scientists,hybrid_8l,19093,12,16384,9546,2,13,ok,,0.898060655221343,0.6673915525898337,0.7539330720901489
46935,HR_Analytics_Job_Change_of_Data_Scientists,hydra,19093,12,16384,9546,2,13,ok,,0.7323907874524593,0.4269589204341173,0.553429365158081
46935,HR_Analytics_Job_Change_of_Data_Scientists,tabpfn,19093,12,16384,9546,2,14,ok,,1.881479107774794,1.5464881481602788,0.7872703671455383
46935,HR_Analytics_Job_Change_of_Data_Scientists,hybrid_8l,19093,12,16384,9546,2,14,ok,,0.9014656860381365,0.666989890858531,0.7539330720901489
46935,HR_Analytics_Job_Change_of_Data_Scientists,hydra_small,19093,12,16384,9546,2,14,ok,,2.6300678346306086,2.3957534059882164,0.7687239050865173
46935,HR_Analytics_Job_Change_of_Data_Scientists,hydra,19093,12,16384,9546,2,14,ok,,0.6579739693552256,0.42642029095441103,0.553429365158081
46935,HR_Analytics_Job_Change_of_Data_Scientists,hydra,19093,12,16384,9546,2,15,ok,,0.6563406651839614,0.42561270017176867,0.553429365158081
46935,HR_Analytics_Job_Change_of_Data_Scientists,hybrid_8l,19093,12,16384,9546,2,15,ok,,0.8979566879570484,0.6667427625507116,0.7539330720901489
46935,HR_Analytics_Job_Change_of_Data_Scientists,hydra_small,19093,12,16384,9546,2,15,ok,,2.632630128413439,2.394591301679611,0.7687239050865173
46935,HR_Analytics_Job_Change_of_Data_Scientists,tabpfn,19093,12,16384,9546,2,15,ok,,1.7778660217300057,1.546595960855484,0.7872703671455383
46935,HR_Analytics_Job_Change_of_Data_Scientists,hydra,19093,12,16384,9546,3,1,ok,,0.7160737533122301,0.42595216259360313,0.5489455461502075
46935,HR_Analytics_Job_Change_of_Data_Scientists,tabpfn,19093,12,16384,9546,3,1,ok,,2.0343994069844484,1.5459985882043839,0.7856566309928894
46935,HR_Analytics_Job_Change_of_Data_Scientists,hydra_small,19093,12,16384,9546,3,1,ok,,2.6885701389983296,2.395621132105589,0.7720200419425964
46935,HR_Analytics_Job_Change_of_Data_Scientists,hybrid_8l,19093,12,16384,9546,3,1,ok,,1.0020318860188127,0.6659635659307241,0.749908447265625
46935,HR_Analytics_Job_Change_of_Data_Scientists,hydra_small,19093,12,16384,9546,3,2,ok,,3.0656648874282837,2.394200049340725,0.7720200419425964
46935,HR_Analytics_Job_Change_of_Data_Scientists,tabpfn,19093,12,16384,9546,3,2,ok,,1.7936816345900297,1.5461350874975324,0.7856566309928894
46935,HR_Analytics_Job_Change_of_Data_Scientists,hybrid_8l,19093,12,16384,9546,3,2,ok,,0.9041977999731898,0.6674223598092794,0.749908447265625
46935,HR_Analytics_Job_Change_of_Data_Scientists,hydra,19093,12,16384,9546,3,2,ok,,0.6642218250781298,0.4271574569866061,0.5489455461502075
46935,HR_Analytics_Job_Change_of_Data_Scientists,hybrid_8l,19093,12,16384,9546,3,3,ok,,0.9039879515767097,0.666806623339653,0.749908447265625
46935,HR_Analytics_Job_Change_of_Data_Scientists,hydra_small,19093,12,16384,9546,3,3,ok,,2.6408313708379865,2.399028465151787,0.7720200419425964
46935,HR_Analytics_Job_Change_of_Data_Scientists,tabpfn,19093,12,16384,9546,3,3,ok,,1.7892120657488704,1.5482551120221615,0.7856566309928894
46935,HR_Analytics_Job_Change_of_Data_Scientists,hydra,19093,12,16384,9546,3,3,ok,,0.664921160787344,0.42611050326377153,0.5489455461502075
46935,HR_Analytics_Job_Change_of_Data_Scientists,tabpfn,19093,12,16384,9546,3,4,ok,,1.7850693464279175,1.5468498077243567,0.7856566309928894
46935,HR_Analytics_Job_Change_of_Data_Scientists,hydra_small,19093,12,16384,9546,3,4,ok,,2.6344502801075578,2.395251316949725,0.7720200419425964
46935,HR_Analytics_Job_Change_of_Data_Scientists,hybrid_8l,19093,12,16384,9546,3,4,ok,,1.1855227835476398,0.6678184987977147,0.749908447265625
46935,HR_Analytics_Job_Change_of_Data_Scientists,hydra,19093,12,16384,9546,3,4,ok,,0.8434058837592602,0.42707467917352915,0.5489455461502075
46935,HR_Analytics_Job_Change_of_Data_Scientists,tabpfn,19093,12,16384,9546,3,5,ok,,1.7847972195595503,1.5465865889564157,0.7856566309928894
46935,HR_Analytics_Job_Change_of_Data_Scientists,hybrid_8l,19093,12,16384,9546,3,5,ok,,0.9042772399261594,0.6671777348965406,0.749908447265625
46935,HR_Analytics_Job_Change_of_Data_Scientists,hydra_small,19093,12,16384,9546,3,5,ok,,3.0254341484978795,2.3975103246048093,0.7720200419425964
46935,HR_Analytics_Job_Change_of_Data_Scientists,hydra,19093,12,16384,9546,3,5,ok,,1.0578820770606399,0.4278716901317239,0.5489455461502075
46935,HR_Analytics_Job_Change_of_Data_Scientists,tabpfn,19093,12,16384,9546,3,6,ok,,2.2152958745136857,1.5480954572558403,0.7856566309928894
46935,HR_Analytics_Job_Change_of_Data_Scientists,hybrid_8l,19093,12,16384,9546,3,6,ok,,1.0686076860874891,0.6686154473572969,0.749908447265625
46935,HR_Analytics_Job_Change_of_Data_Scientists,hydra,19093,12,16384,9546,3,6,ok,,0.6652075815945864,0.42718655057251453,0.5489455461502075
46935,HR_Analytics_Job_Change_of_Data_Scientists,hydra_small,19093,12,16384,9546,3,6,ok,,2.6365964021533728,2.395789723843336,0.7720200419425964
46935,HR_Analytics_Job_Change_of_Data_Scientists,hydra,19093,12,16384,9546,3,7,ok,,0.6646824665367603,0.42707044165581465,0.5489455461502075
46935,HR_Analytics_Job_Change_of_Data_Scientists,hydra_small,19093,12,16384,9546,3,7,ok,,2.6374558405950665,2.3961633406579494,0.7720200419425964
46935,HR_Analytics_Job_Change_of_Data_Scientists,hybrid_8l,19093,12,16384,9546,3,7,ok,,0.9088904485106468,0.6682041175663471,0.749908447265625
46935,HR_Analytics_Job_Change_of_Data_Scientists,tabpfn,19093,12,16384,9546,3,7,ok,,1.786308710463345,1.546951969154179,0.7856566309928894
46935,HR_Analytics_Job_Change_of_Data_Scientists,hydra,19093,12,16384,9546,3,8,ok,,1.0579374013468623,0.4276383863762021,0.5489455461502075
46935,HR_Analytics_Job_Change_of_Data_Scientists,tabpfn,19093,12,16384,9546,3,8,ok,,1.7864137077704072,1.547555722296238,0.7856566309928894
46935,HR_Analytics_Job_Change_of_Data_Scientists,hydra_small,19093,12,16384,9546,3,8,ok,,3.0023017982020974,2.398701908066869,0.7720200419425964
46935,HR_Analytics_Job_Change_of_Data_Scientists,hybrid_8l,19093,12,16384,9546,3,8,ok,,1.070194261148572,0.6677841916680336,0.749908447265625
46935,HR_Analytics_Job_Change_of_Data_Scientists,hydra_small,19093,12,16384,9546,3,9,ok,,2.645278386771679,2.4013930866494775,0.7720200419425964
46935,HR_Analytics_Job_Change_of_Data_Scientists,tabpfn,19093,12,16384,9546,3,9,ok,,1.7942539118230343,1.5475996537134051,0.7856566309928894
46935,HR_Analytics_Job_Change_of_Data_Scientists,hydra,19093,12,16384,9546,3,9,ok,,0.6642064126208425,0.42708479706197977,0.5489455461502075
46935,HR_Analytics_Job_Change_of_Data_Scientists,hybrid_8l,19093,12,16384,9546,3,9,ok,,0.9050328191369772,0.667364776134491,0.749908447265625
46935,HR_Analytics_Job_Change_of_Data_Scientists,hybrid_8l,19093,12,16384,9546,3,10,ok,,1.2521079014986753,0.6672249417752028,0.749908447265625
46935,HR_Analytics_Job_Change_of_Data_Scientists,tabpfn,19093,12,16384,9546,3,10,ok,,1.782689942047,1.5457547772675753,0.7856566309928894
46935,HR_Analytics_Job_Change_of_Data_Scientists,hydra,19093,12,16384,9546,3,10,ok,,0.6621931092813611,0.4255244918167591,0.5489455461502075
46935,HR_Analytics_Job_Change_of_Data_Scientists,hydra_small,19093,12,16384,9546,3,10,ok,,2.6373784989118576,2.398535531014204,0.7720200419425964
46935,HR_Analytics_Job_Change_of_Data_Scientists,hybrid_8l,19093,12,16384,9546,3,11,ok,,0.9043019330129027,0.6677456982433796,0.749908447265625
46935,HR_Analytics_Job_Change_of_Data_Scientists,hydra_small,19093,12,16384,9546,3,11,ok,,2.6343629341572523,2.39469541516155,0.7720200419425964
46935,HR_Analytics_Job_Change_of_Data_Scientists,hydra,19093,12,16384,9546,3,11,ok,,0.6639107838273048,0.42629602178931236,0.5489455461502075
46935,HR_Analytics_Job_Change_of_Data_Scientists,tabpfn,19093,12,16384,9546,3,11,ok,,1.7837464418262243,1.5462762964889407,0.7856566309928894
46935,HR_Analytics_Job_Change_of_Data_Scientists,hybrid_8l,19093,12,16384,9546,3,12,ok,,0.9996146010234952,0.6661680601537228,0.749908447265625
46935,HR_Analytics_Job_Change_of_Data_Scientists,tabpfn,19093,12,16384,9546,3,12,ok,,1.7853033104911447,1.5466521577909589,0.7856566309928894
46935,HR_Analytics_Job_Change_of_Data_Scientists,hydra,19093,12,16384,9546,3,12,ok,,1.0475738737732172,0.42590010166168213,0.5489455461502075
46935,HR_Analytics_Job_Change_of_Data_Scientists,hydra_small,19093,12,16384,9546,3,12,ok,,2.6362041803076863,2.3973676851019263,0.7720200419425964
46935,HR_Analytics_Job_Change_of_Data_Scientists,hybrid_8l,19093,12,16384,9546,3,13,ok,,1.135074590332806,0.6665301145985723,0.749908447265625
46935,HR_Analytics_Job_Change_of_Data_Scientists,tabpfn,19093,12,16384,9546,3,13,ok,,1.9059009915217757,1.5466339820995927,0.7856566309928894
46935,HR_Analytics_Job_Change_of_Data_Scientists,hydra,19093,12,16384,9546,3,13,ok,,0.6661106403917074,0.42726349364966154,0.5489455461502075
46935,HR_Analytics_Job_Change_of_Data_Scientists,hydra_small,19093,12,16384,9546,3,13,ok,,2.6364129735156894,2.395304604433477,0.7720200419425964
46935,HR_Analytics_Job_Change_of_Data_Scientists,tabpfn,19093,12,16384,9546,3,14,ok,,1.78739298786968,1.547573721036315,0.7856566309928894
46935,HR_Analytics_Job_Change_of_Data_Scientists,hybrid_8l,19093,12,16384,9546,3,14,ok,,0.917917788028717,0.668707950040698,0.749908447265625
46935,HR_Analytics_Job_Change_of_Data_Scientists,hydra,19093,12,16384,9546,3,14,ok,,0.6643702620640397,0.4256929773837328,0.5489455461502075
46935,HR_Analytics_Job_Change_of_Data_Scientists,hydra_small,19093,12,16384,9546,3,14,ok,,2.6402405351400375,2.399071912281215,0.7720200419425964
46935,HR_Analytics_Job_Change_of_Data_Scientists,hydra,19093,12,16384,9546,3,15,ok,,1.0949164563789964,0.4264994766563177,0.5489455461502075
46935,HR_Analytics_Job_Change_of_Data_Scientists,hydra_small,19093,12,16384,9546,3,15,ok,,2.6828572945669293,2.399493028409779,0.7720200419425964
46935,HR_Analytics_Job_Change_of_Data_Scientists,tabpfn,19093,12,16384,9546,3,15,ok,,1.7857879363000393,1.5476231025531888,0.7856566309928894
46935,HR_Analytics_Job_Change_of_Data_Scientists,hybrid_8l,19093,12,16384,9546,3,15,ok,,0.9036686802282929,0.6671526627615094,0.749908447265625
46935,HR_Analytics_Job_Change_of_Data_Scientists,tabpfn,19093,12,16384,9546,4,1,ok,,1.7781083062291145,1.5460191452875733,0.7914023399353027
46935,HR_Analytics_Job_Change_of_Data_Scientists,hybrid_8l,19093,12,16384,9546,4,1,ok,,0.8988001374527812,0.66790656093508,0.7605366706848145
46935,HR_Analytics_Job_Change_of_Data_Scientists,hydra,19093,12,16384,9546,4,1,ok,,1.0802956251427531,0.42538756038993597,0.5561082363128662
46935,HR_Analytics_Job_Change_of_Data_Scientists,hydra_small,19093,12,16384,9546,4,1,ok,,3.060284006409347,2.394698512740433,0.7820491194725037
46935,HR_Analytics_Job_Change_of_Data_Scientists,tabpfn,19093,12,16384,9546,4,2,ok,,2.209831979125738,1.5462064892053604,0.7914023399353027
46935,HR_Analytics_Job_Change_of_Data_Scientists,hybrid_8l,19093,12,16384,9546,4,2,ok,,0.9349351478740573,0.6670337272807956,0.7605366706848145
46935,HR_Analytics_Job_Change_of_Data_Scientists,hydra,19093,12,16384,9546,4,2,ok,,0.6567346854135394,0.42645934969186783,0.5561082363128662
46935,HR_Analytics_Job_Change_of_Data_Scientists,hydra_small,19093,12,16384,9546,4,2,ok,,2.6341351438313723,2.3998811710625887,0.7820491194725037
46935,HR_Analytics_Job_Change_of_Data_Scientists,hydra,19093,12,16384,9546,4,3,ok,,1.088396891951561,0.4273932399228215,0.5561082363128662
46935,HR_Analytics_Job_Change_of_Data_Scientists,hybrid_8l,19093,12,16384,9546,4,3,ok,,1.0075572552159429,0.6667784638702869,0.7605366706848145
46935,HR_Analytics_Job_Change_of_Data_Scientists,hydra_small,19093,12,16384,9546,4,3,ok,,2.6331364195793867,2.399520547129214,0.7820491194725037
46935,HR_Analytics_Job_Change_of_Data_Scientists,tabpfn,19093,12,16384,9546,4,3,ok,,2.217272543348372,1.5471590012311935,0.7914023399353027
46935,HR_Analytics_Job_Change_of_Data_Scientists,tabpfn,19093,12,16384,9546,4,4,ok,,2.217320245690644,1.5477311257272959,0.7914023399353027
46935,HR_Analytics_Job_Change_of_Data_Scientists,hydra_small,19093,12,16384,9546,4,4,ok,,2.8723641941323876,2.395261245779693,0.7820491194725037
46935,HR_Analytics_Job_Change_of_Data_Scientists,hydra,19093,12,16384,9546,4,4,ok,,0.6986781386658549,0.4265750087797642,0.5561082363128662
46935,HR_Analytics_Job_Change_of_Data_Scientists,hybrid_8l,19093,12,16384,9546,4,4,ok,,0.8974707061424851,0.666468876414001,0.7605366706848145
46935,HR_Analytics_Job_Change_of_Data_Scientists,hydra_small,19093,12,16384,9546,4,5,ok,,2.632861346937716,2.3987620575353503,0.7820491194725037
46935,HR_Analytics_Job_Change_of_Data_Scientists,hydra,19093,12,16384,9546,4,5,ok,,0.6579820169135928,0.42592092882841825,0.5561082363128662
46935,HR_Analytics_Job_Change_of_Data_Scientists,hybrid_8l,19093,12,16384,9546,4,5,ok,,0.8979489216580987,0.66708077583462,0.7605366706848145
46935,HR_Analytics_Job_Change_of_Data_Scientists,tabpfn,19093,12,16384,9546,4,5,ok,,1.807131658308208,1.5471400553360581,0.7914023399353027
46935,HR_Analytics_Job_Change_of_Data_Scientists,hybrid_8l,19093,12,16384,9546,4,6,ok,,0.8985503418371081,0.6674275314435363,0.7605366706848145
46935,HR_Analytics_Job_Change_of_Data_Scientists,tabpfn,19093,12,16384,9546,4,6,ok,,1.7795565947890282,1.5464232359081507,0.7914023399353027
46935,HR_Analytics_Job_Change_of_Data_Scientists,hydra,19093,12,16384,9546,4,6,ok,,0.7085767416283488,0.4259087070822716,0.5561082363128662
46935,HR_Analytics_Job_Change_of_Data_Scientists,hydra_small,19093,12,16384,9546,4,6,ok,,2.627617008984089,2.3939109444618225,0.7820491194725037
46935,HR_Analytics_Job_Change_of_Data_Scientists,tabpfn,19093,12,16384,9546,4,7,ok,,1.8422262165695429,1.5461818082258105,0.7914023399353027
46935,HR_Analytics_Job_Change_of_Data_Scientists,hydra,19093,12,16384,9546,4,7,ok,,0.6972364168614149,0.4274095306172967,0.5561082363128662
46935,HR_Analytics_Job_Change_of_Data_Scientists,hybrid_8l,19093,12,16384,9546,4,7,ok,,0.9047106327489018,0.6671517388895154,0.7605366706848145
46935,HR_Analytics_Job_Change_of_Data_Scientists,hydra_small,19093,12,16384,9546,4,7,ok,,2.626344515942037,2.3926104800775647,0.7820491194725037
46935,HR_Analytics_Job_Change_of_Data_Scientists,hybrid_8l,19093,12,16384,9546,4,8,ok,,1.3349650213494897,0.6664820704609156,0.7605366706848145
46935,HR_Analytics_Job_Change_of_Data_Scientists,hydra,19093,12,16384,9546,4,8,ok,,1.0483678514137864,0.4236745834350586,0.5561082363128662
46935,HR_Analytics_Job_Change_of_Data_Scientists,hydra_small,19093,12,16384,9546,4,8,ok,,2.6293516727164388,2.395072253420949,0.7820491194725037
46935,HR_Analytics_Job_Change_of_Data_Scientists,tabpfn,19093,12,16384,9546,4,8,ok,,1.7791886553168297,1.5468415962532163,0.7914023399353027
46935,HR_Analytics_Job_Change_of_Data_Scientists,hybrid_8l,19093,12,16384,9546,4,9,ok,,1.1351162120699883,0.6672791698947549,0.7605366706848145
46935,HR_Analytics_Job_Change_of_Data_Scientists,tabpfn,19093,12,16384,9546,4,9,ok,,2.209586805664003,1.5474089421331882,0.7914023399353027
46935,HR_Analytics_Job_Change_of_Data_Scientists,hydra,19093,12,16384,9546,4,9,ok,,0.6583885662257671,0.426234963349998,0.5561082363128662
46935,HR_Analytics_Job_Change_of_Data_Scientists,hydra_small,19093,12,16384,9546,4,9,ok,,2.6326897963881493,2.3989171655848622,0.7820491194725037
46935,HR_Analytics_Job_Change_of_Data_Scientists,hydra,19093,12,16384,9546,4,10,ok,,1.104066165164113,0.42702192533761263,0.5561082363128662
46935,HR_Analytics_Job_Change_of_Data_Scientists,hybrid_8l,19093,12,16384,9546,4,10,ok,,0.9406467042863369,0.6675972221419215,0.7605366706848145
46935,HR_Analytics_Job_Change_of_Data_Scientists,tabpfn,19093,12,16384,9546,4,10,ok,,1.7777439272031188,1.5467199152335525,0.7914023399353027
46935,HR_Analytics_Job_Change_of_Data_Scientists,hydra_small,19093,12,16384,9546,4,10,ok,,2.6344432467594743,2.400529650039971,0.7820491194725037
46935,HR_Analytics_Job_Change_of_Data_Scientists,tabpfn,19093,12,16384,9546,4,11,ok,,1.7789429379627109,1.5473044011741877,0.7914023399353027
46935,HR_Analytics_Job_Change_of_Data_Scientists,hydra,19093,12,16384,9546,4,11,ok,,0.6568144122138619,0.4269095007330179,0.5561082363128662
46935,HR_Analytics_Job_Change_of_Data_Scientists,hybrid_8l,19093,12,16384,9546,4,11,ok,,0.8975588511675596,0.6670078756287694,0.7605366706848145
46935,HR_Analytics_Job_Change_of_Data_Scientists,hydra_small,19093,12,16384,9546,4,11,ok,,2.6317315082997084,2.398896524682641,0.7820491194725037
46935,HR_Analytics_Job_Change_of_Data_Scientists,hydra_small,19093,12,16384,9546,4,12,ok,,2.6356545593589544,2.4015274196863174,0.7820491194725037
46935,HR_Analytics_Job_Change_of_Data_Scientists,tabpfn,19093,12,16384,9546,4,12,ok,,1.7782154083251953,1.547392969019711,0.7914023399353027
46935,HR_Analytics_Job_Change_of_Data_Scientists,hydra,19093,12,16384,9546,4,12,ok,,0.6564561333507299,0.4250190993770957,0.5561082363128662
46935,HR_Analytics_Job_Change_of_Data_Scientists,hybrid_8l,19093,12,16384,9546,4,12,ok,,1.2867226097732782,0.665742127224803,0.7605366706848145
46935,HR_Analytics_Job_Change_of_Data_Scientists,hydra_small,19093,12,16384,9546,4,13,ok,,3.112008244730532,2.397616507485509,0.7820491194725037
46935,HR_Analytics_Job_Change_of_Data_Scientists,hydra,19093,12,16384,9546,4,13,ok,,1.0879889838397503,0.42612090706825256,0.5561082363128662
46935,HR_Analytics_Job_Change_of_Data_Scientists,tabpfn,19093,12,16384,9546,4,13,ok,,2.1718528922647238,1.5466931723058224,0.7914023399353027
46935,HR_Analytics_Job_Change_of_Data_Scientists,hybrid_8l,19093,12,16384,9546,4,13,ok,,0.8985003335401416,0.6674521658569574,0.7605366706848145
46935,HR_Analytics_Job_Change_of_Data_Scientists,hydra,19093,12,16384,9546,4,14,ok,,0.6594605660066009,0.42636629194021225,0.5561082363128662
46935,HR_Analytics_Job_Change_of_Data_Scientists,tabpfn,19093,12,16384,9546,4,14,ok,,2.206307999789715,1.5474341260269284,0.7914023399353027
46935,HR_Analytics_Job_Change_of_Data_Scientists,hydra_small,19093,12,16384,9546,4,14,ok,,3.065746236592531,2.4013086017221212,0.7820491194725037
46935,HR_Analytics_Job_Change_of_Data_Scientists,hybrid_8l,19093,12,16384,9546,4,14,ok,,1.2843911312520504,0.6666076257824898,0.7605366706848145
46935,HR_Analytics_Job_Change_of_Data_Scientists,hybrid_8l,19093,12,16384,9546,4,15,ok,,1.283697265200317,0.6674131825566292,0.7605366706848145
46935,HR_Analytics_Job_Change_of_Data_Scientists,tabpfn,19093,12,16384,9546,4,15,ok,,1.7781544514000416,1.5469786217436194,0.7914023399353027
46935,HR_Analytics_Job_Change_of_Data_Scientists,hydra,19093,12,16384,9546,4,15,ok,,1.0886545134708285,0.42776784766465425,0.5561082363128662
46935,HR_Analytics_Job_Change_of_Data_Scientists,hydra_small,19093,12,16384,9546,4,15,ok,,2.8711698967963457,2.400636156089604,0.7820491194725037
46935,HR_Analytics_Job_Change_of_Data_Scientists,hydra,19093,12,16384,9546,5,1,ok,,0.8182251360267401,0.42517086677253246,0.5498939752578735
46935,HR_Analytics_Job_Change_of_Data_Scientists,hybrid_8l,19093,12,16384,9546,5,1,ok,,0.9087526863440871,0.6665527010336518,0.7377520203590393
46935,HR_Analytics_Job_Change_of_Data_Scientists,tabpfn,19093,12,16384,9546,5,1,ok,,1.7857780242338777,1.5459918603301048,0.7801868915557861
46935,HR_Analytics_Job_Change_of_Data_Scientists,hydra_small,19093,12,16384,9546,5,1,ok,,2.6396865528076887,2.397914077155292,0.7577093839645386
46935,HR_Analytics_Job_Change_of_Data_Scientists,hybrid_8l,19093,12,16384,9546,5,2,ok,,0.9063984444364905,0.6676822416484356,0.7377520203590393
46935,HR_Analytics_Job_Change_of_Data_Scientists,tabpfn,19093,12,16384,9546,5,2,ok,,1.8103453675284982,1.5461784545332193,0.7801868915557861
46935,HR_Analytics_Job_Change_of_Data_Scientists,hydra,19093,12,16384,9546,5,2,ok,,0.7138987621292472,0.4264322267845273,0.5498939752578735
46935,HR_Analytics_Job_Change_of_Data_Scientists,hydra_small,19093,12,16384,9546,5,2,ok,,2.638427156023681,2.39654572494328,0.7577093839645386
46935,HR_Analytics_Job_Change_of_Data_Scientists,hydra_small,19093,12,16384,9546,5,3,ok,,2.636815291829407,2.3953109150752425,0.7577093839645386
46935,HR_Analytics_Job_Change_of_Data_Scientists,hybrid_8l,19093,12,16384,9546,5,3,ok,,1.0531688015908003,0.6660765586420894,0.7377520203590393
46935,HR_Analytics_Job_Change_of_Data_Scientists,hydra,19093,12,16384,9546,5,3,ok,,0.6656888639554381,0.42487653717398643,0.5498939752578735
46935,HR_Analytics_Job_Change_of_Data_Scientists,tabpfn,19093,12,16384,9546,5,3,ok,,1.7865993371233344,1.5460370955988765,0.7801868915557861
46935,HR_Analytics_Job_Change_of_Data_Scientists,hydra_small,19093,12,16384,9546,5,4,ok,,2.638400735333562,2.3943458758294582,0.7577093839645386
46935,HR_Analytics_Job_Change_of_Data_Scientists,hydra,19093,12,16384,9546,5,4,ok,,0.6747589381411672,0.4252376612275839,0.5498939752578735
46935,HR_Analytics_Job_Change_of_Data_Scientists,tabpfn,19093,12,16384,9546,5,4,ok,,1.836332249455154,1.546227976679802,0.7801868915557861
46935,HR_Analytics_Job_Change_of_Data_Scientists,hybrid_8l,19093,12,16384,9546,5,4,ok,,0.9104038439691067,0.6661585830152035,0.7377520203590393
46935,HR_Analytics_Job_Change_of_Data_Scientists,hydra_small,19093,12,16384,9546,5,5,ok,,2.6767057348042727,2.394060122780502,0.7577093839645386
46935,HR_Analytics_Job_Change_of_Data_Scientists,hybrid_8l,19093,12,16384,9546,5,5,ok,,0.9075658852234483,0.6678928900510073,0.7377520203590393
46935,HR_Analytics_Job_Change_of_Data_Scientists,tabpfn,19093,12,16384,9546,5,5,ok,,1.8241853844374418,1.5463494146242738,0.7801868915557861
46935,HR_Analytics_Job_Change_of_Data_Scientists,hydra,19093,12,16384,9546,5,5,ok,,0.7067790422588587,0.42447520699352026,0.5498939752578735
46935,HR_Analytics_Job_Change_of_Data_Scientists,hydra_small,19093,12,16384,9546,5,6,ok,,2.6384509280323982,2.3950475538149476,0.7577093839645386
46935,HR_Analytics_Job_Change_of_Data_Scientists,hybrid_8l,19093,12,16384,9546,5,6,ok,,1.1685696756467223,0.6672087823972106,0.7377520203590393
46935,HR_Analytics_Job_Change_of_Data_Scientists,hydra,19093,12,16384,9546,5,6,ok,,0.6664383048191667,0.4261024110019207,0.5498939752578735
46935,HR_Analytics_Job_Change_of_Data_Scientists,tabpfn,19093,12,16384,9546,5,6,ok,,1.7863421477377415,1.5463880486786366,0.7801868915557861
46935,HR_Analytics_Job_Change_of_Data_Scientists,hybrid_8l,19093,12,16384,9546,5,7,ok,,0.9052405999973416,0.666461106389761,0.7377520203590393
46935,HR_Analytics_Job_Change_of_Data_Scientists,hydra_small,19093,12,16384,9546,5,7,ok,,2.640307583846152,2.397170264273882,0.7577093839645386
46935,HR_Analytics_Job_Change_of_Data_Scientists,tabpfn,19093,12,16384,9546,5,7,ok,,1.78585996478796,1.5460597360506654,0.7801868915557861
46935,HR_Analytics_Job_Change_of_Data_Scientists,hydra,19093,12,16384,9546,5,7,ok,,0.6670293333008885,0.4263741848990321,0.5498939752578735
46935,HR_Analytics_Job_Change_of_Data_Scientists,hybrid_8l,19093,12,16384,9546,5,8,ok,,0.9059900902211666,0.6656238194555044,0.7377520203590393
46935,HR_Analytics_Job_Change_of_Data_Scientists,hydra_small,19093,12,16384,9546,5,8,ok,,3.0770590463653207,2.3932557059451938,0.7577093839645386
46935,HR_Analytics_Job_Change_of_Data_Scientists,hydra,19093,12,16384,9546,5,8,ok,,0.6639528442174196,0.4243956860154867,0.5498939752578735
46935,HR_Analytics_Job_Change_of_Data_Scientists,tabpfn,19093,12,16384,9546,5,8,ok,,1.785357621498406,1.545962581411004,0.7801868915557861
46935,HR_Analytics_Job_Change_of_Data_Scientists,tabpfn,19093,12,16384,9546,5,9,ok,,1.9255571579560637,1.5460934489965439,0.7801868915557861
46935,HR_Analytics_Job_Change_of_Data_Scientists,hydra_small,19093,12,16384,9546,5,9,ok,,3.0321321599185467,2.393393214792013,0.7577093839645386
46935,HR_Analytics_Job_Change_of_Data_Scientists,hybrid_8l,19093,12,16384,9546,5,9,ok,,0.9053913652896881,0.6671344209462404,0.7377520203590393
46935,HR_Analytics_Job_Change_of_Data_Scientists,hydra,19093,12,16384,9546,5,9,ok,,0.7069490719586611,0.4257658524438739,0.5498939752578735
46935,HR_Analytics_Job_Change_of_Data_Scientists,hydra,19093,12,16384,9546,5,10,ok,,0.6649350533261895,0.4249404380097985,0.5498939752578735
46935,HR_Analytics_Job_Change_of_Data_Scientists,hybrid_8l,19093,12,16384,9546,5,10,ok,,0.9048719704151154,0.6659852834418416,0.7377520203590393
46935,HR_Analytics_Job_Change_of_Data_Scientists,hydra_small,19093,12,16384,9546,5,10,ok,,3.0631166910752654,2.3929820749908686,0.7577093839645386
46935,HR_Analytics_Job_Change_of_Data_Scientists,tabpfn,19093,12,16384,9546,5,10,ok,,1.8251670002937317,1.5464685186743736,0.7801868915557861
46935,HR_Analytics_Job_Change_of_Data_Scientists,hydra_small,19093,12,16384,9546,5,11,ok,,2.6356482915580273,2.3944839108735323,0.7577093839645386
46935,HR_Analytics_Job_Change_of_Data_Scientists,tabpfn,19093,12,16384,9546,5,11,ok,,1.785170916467905,1.5460592033341527,0.7801868915557861
46935,HR_Analytics_Job_Change_of_Data_Scientists,hydra,19093,12,16384,9546,5,11,ok,,0.6726477770134807,0.4263473339378834,0.5498939752578735
46935,HR_Analytics_Job_Change_of_Data_Scientists,hybrid_8l,19093,12,16384,9546,5,11,ok,,0.9064817000180483,0.6662681298330426,0.7377520203590393
46935,HR_Analytics_Job_Change_of_Data_Scientists,tabpfn,19093,12,16384,9546,5,12,ok,,1.7889184644445777,1.5459716757759452,0.7801868915557861
46935,HR_Analytics_Job_Change_of_Data_Scientists,hydra,19093,12,16384,9546,5,12,ok,,0.7027680398896337,0.4269759338349104,0.5498939752578735
46935,HR_Analytics_Job_Change_of_Data_Scientists,hybrid_8l,19093,12,16384,9546,5,12,ok,,0.944109127856791,0.6670459629967809,0.7377520203590393
46935,HR_Analytics_Job_Change_of_Data_Scientists,hydra_small,19093,12,16384,9546,5,12,ok,,2.635974540375173,2.3934488482773304,0.7577093839645386
46935,HR_Analytics_Job_Change_of_Data_Scientists,hydra,19093,12,16384,9546,5,13,ok,,0.6660793116316199,0.4252244755625725,0.5498939752578735
46935,HR_Analytics_Job_Change_of_Data_Scientists,tabpfn,19093,12,16384,9546,5,13,ok,,1.7861012378707528,1.5462293652817607,0.7801868915557861
46935,HR_Analytics_Job_Change_of_Data_Scientists,hybrid_8l,19093,12,16384,9546,5,13,ok,,0.9075190247967839,0.6660864651203156,0.7377520203590393
46935,HR_Analytics_Job_Change_of_Data_Scientists,hydra_small,19093,12,16384,9546,5,13,ok,,2.637768317013979,2.3952968884259462,0.7577093839645386
46935,HR_Analytics_Job_Change_of_Data_Scientists,hydra_small,19093,12,16384,9546,5,14,ok,,3.0623574191704392,2.3946929052472115,0.7577093839645386
46935,HR_Analytics_Job_Change_of_Data_Scientists,hydra,19093,12,16384,9546,5,14,ok,,0.6683266889303923,0.4263455392792821,0.5498939752578735
46935,HR_Analytics_Job_Change_of_Data_Scientists,hybrid_8l,19093,12,16384,9546,5,14,ok,,0.904595073312521,0.6658400679007173,0.7377520203590393
46935,HR_Analytics_Job_Change_of_Data_Scientists,tabpfn,19093,12,16384,9546,5,14,ok,,1.7958551859483123,1.546257116831839,0.7801868915557861
46935,HR_Analytics_Job_Change_of_Data_Scientists,hybrid_8l,19093,12,16384,9546,5,15,ok,,1.3375764563679695,0.6662634089589119,0.7377520203590393
46935,HR_Analytics_Job_Change_of_Data_Scientists,tabpfn,19093,12,16384,9546,5,15,ok,,2.014177822507918,1.5460396343842149,0.7801868915557861
46935,HR_Analytics_Job_Change_of_Data_Scientists,hydra,19093,12,16384,9546,5,15,ok,,0.6639663884416223,0.4257008582353592,0.5498939752578735
46935,HR_Analytics_Job_Change_of_Data_Scientists,hydra_small,19093,12,16384,9546,5,15,ok,,2.6346923084929585,2.3932240596041083,0.7577093839645386
46919,credit_card_clients_default,hydra,30000,23,16384,15000,1,1,ok,,1.334816507063806,0.7159388223662972,0.5217396020889282
46919,credit_card_clients_default,hydra_small,30000,23,16384,15000,1,1,ok,,4.533108017407358,3.9108041441068053,0.7421988248825073
46919,credit_card_clients_default,hybrid_8l,30000,23,16384,15000,1,1,ok,,2.1941226478666067,1.4664143361151218,0.6897374391555786
46919,credit_card_clients_default,tabpfn,30000,23,16384,15000,1,1,ok,,4.308214561082423,3.6420370247215033,0.7801953554153442
46919,credit_card_clients_default,tabpfn,30000,23,16384,15000,1,2,ok,,4.288812431506813,3.6432051369920373,0.7801953554153442
46919,credit_card_clients_default,hydra,30000,23,16384,15000,1,2,ok,,1.3374746013432741,0.7162318881601095,0.5217396020889282
46919,credit_card_clients_default,hydra_small,30000,23,16384,15000,1,2,ok,,4.795125964097679,3.9090602062642574,0.7421988248825073
46919,credit_card_clients_default,hybrid_8l,30000,23,16384,15000,1,2,ok,,2.4703536024317145,1.4666048269718885,0.6897374391555786
46919,credit_card_clients_default,hydra_small,30000,23,16384,15000,1,3,ok,,4.976187054999173,3.9099621837958694,0.7421988248825073
46919,credit_card_clients_default,hybrid_8l,30000,23,16384,15000,1,3,ok,,2.507494837976992,1.4666200652718544,0.6897374391555786
46919,credit_card_clients_default,hydra,30000,23,16384,15000,1,3,ok,,1.4114593183621764,0.7153415204957128,0.5217396020889282
46919,credit_card_clients_default,tabpfn,30000,23,16384,15000,1,3,ok,,4.26040346454829,3.6422586692497134,0.7801953554153442
46919,credit_card_clients_default,hybrid_8l,30000,23,16384,15000,1,4,ok,,2.4968936629593372,1.466593743301928,0.6897374391555786
46919,credit_card_clients_default,hydra_small,30000,23,16384,15000,1,4,ok,,4.979134685359895,3.9086966114118695,0.7421988248825073
46919,credit_card_clients_default,hydra,30000,23,16384,15000,1,4,ok,,1.751219104975462,0.7155938670039177,0.5217396020889282
46919,credit_card_clients_default,tabpfn,30000,23,16384,15000,1,4,ok,,4.6898779179900885,3.6460966877639294,0.7801953554153442
46919,credit_card_clients_default,hybrid_8l,30000,23,16384,15000,1,5,ok,,2.513089054264128,1.467224637977779,0.6897374391555786
46919,credit_card_clients_default,hydra_small,30000,23,16384,15000,1,5,ok,,5.000491383485496,3.909373360686004,0.7421988248825073
46919,credit_card_clients_default,tabpfn,30000,23,16384,15000,1,5,ok,,4.688072524033487,3.641728650778532,0.7801953554153442
46919,credit_card_clients_default,hydra,30000,23,16384,15000,1,5,ok,,1.564824216067791,0.7153660655021667,0.5217396020889282
46919,credit_card_clients_default,tabpfn,30000,23,16384,15000,1,6,ok,,4.365168722346425,3.6422349186614156,0.7801953554153442
46919,credit_card_clients_default,hybrid_8l,30000,23,16384,15000,1,6,ok,,2.441083572804928,1.4669056329876184,0.6897374391555786
46919,credit_card_clients_default,hydra,30000,23,16384,15000,1,6,ok,,1.3795649101957679,0.7157568950206041,0.5217396020889282
46919,credit_card_clients_default,hydra_small,30000,23,16384,15000,1,6,ok,,4.6083173006772995,3.9110392332077026,0.7421988248825073
46919,credit_card_clients_default,hybrid_8l,30000,23,16384,15000,1,7,ok,,2.518817514181137,1.4674352258443832,0.6897374391555786
46919,credit_card_clients_default,hydra,30000,23,16384,15000,1,7,ok,,1.3680099388584495,0.7160894647240639,0.5217396020889282
46919,credit_card_clients_default,tabpfn,30000,23,16384,15000,1,7,ok,,4.303376838564873,3.6416368735954165,0.7801953554153442
46919,credit_card_clients_default,hydra_small,30000,23,16384,15000,1,7,ok,,4.534975577145815,3.9082206608727574,0.7421988248825073
46919,credit_card_clients_default,hydra_small,30000,23,16384,15000,1,8,ok,,4.541168588213623,3.908517211675644,0.7421988248825073
46919,credit_card_clients_default,hydra,30000,23,16384,15000,1,8,ok,,1.348256804049015,0.7167176250368357,0.5217396020889282
46919,credit_card_clients_default,hybrid_8l,30000,23,16384,15000,1,8,ok,,2.099172337912023,1.466289835050702,0.6897374391555786
46919,credit_card_clients_default,tabpfn,30000,23,16384,15000,1,8,ok,,4.262493710964918,3.64201442617923,0.7801953554153442
46919,credit_card_clients_default,hydra_small,30000,23,16384,15000,1,9,ok,,4.554014042019844,3.9099180540069938,0.7421988248825073
46919,credit_card_clients_default,hydra,30000,23,16384,15000,1,9,ok,,1.3369346829131246,0.7154049286618829,0.5217396020889282
46919,credit_card_clients_default,hybrid_8l,30000,23,16384,15000,1,9,ok,,2.5188959687948227,1.4667702838778496,0.6897374391555786
46919,credit_card_clients_default,tabpfn,30000,23,16384,15000,1,9,ok,,4.6854038676247,3.6417717626318336,0.7801953554153442
46919,credit_card_clients_default,hybrid_8l,30000,23,16384,15000,1,10,ok,,2.5291275922209024,1.4663789821788669,0.6897374391555786
46919,credit_card_clients_default,hydra_small,30000,23,16384,15000,1,10,ok,,4.5712609542533755,3.9102564128115773,0.7421988248825073
46919,credit_card_clients_default,tabpfn,30000,23,16384,15000,1,10,ok,,4.470632156357169,3.6414092937484384,0.7801953554153442
46919,credit_card_clients_default,hydra,30000,23,16384,15000,1,10,ok,,1.3942341785877943,0.7150018531829119,0.5217396020889282
46919,credit_card_clients_default,tabpfn,30000,23,16384,15000,1,11,ok,,4.324602051638067,3.6430901773273945,0.7801953554153442
46919,credit_card_clients_default,hybrid_8l,30000,23,16384,15000,1,11,ok,,2.1528550293296576,1.4674815386533737,0.6897374391555786
46919,credit_card_clients_default,hydra,30000,23,16384,15000,1,11,ok,,1.4076145179569721,0.7159737842157483,0.5217396020889282
46919,credit_card_clients_default,hydra_small,30000,23,16384,15000,1,11,ok,,5.003451130352914,3.913408641703427,0.7421988248825073
46919,credit_card_clients_default,hybrid_8l,30000,23,16384,15000,1,12,ok,,2.5057883309200406,1.4675156632438302,0.6897374391555786
46919,credit_card_clients_default,hydra,30000,23,16384,15000,1,12,ok,,1.7523848144337535,0.7153884554281831,0.5217396020889282
46919,credit_card_clients_default,hydra_small,30000,23,16384,15000,1,12,ok,,4.965264832600951,3.9106907304376364,0.7421988248825073
46919,credit_card_clients_default,tabpfn,30000,23,16384,15000,1,12,ok,,4.724496291950345,3.643568812869489,0.7801953554153442
46919,credit_card_clients_default,tabpfn,30000,23,16384,15000,1,13,ok,,4.297136393375695,3.646066963672638,0.7801953554153442
46919,credit_card_clients_default,hydra,30000,23,16384,15000,1,13,ok,,1.3594388347119093,0.7151210587471724,0.5217396020889282
46919,credit_card_clients_default,hybrid_8l,30000,23,16384,15000,1,13,ok,,2.086220994591713,1.4677412817254663,0.6897374391555786
46919,credit_card_clients_default,hydra_small,30000,23,16384,15000,1,13,ok,,4.546835880726576,3.9087617229670286,0.7421988248825073
46919,credit_card_clients_default,tabpfn,30000,23,16384,15000,1,14,ok,,4.38647423684597,3.6418250054121017,0.7801953554153442
46919,credit_card_clients_default,hydra_small,30000,23,16384,15000,1,14,ok,,4.690407223068178,3.9096013233065605,0.7421988248825073
46919,credit_card_clients_default,hydra,30000,23,16384,15000,1,14,ok,,1.7740155328065157,0.7151167690753937,0.5217396020889282
46919,credit_card_clients_default,hybrid_8l,30000,23,16384,15000,1,14,ok,,2.1200244771316648,1.4674855237826705,0.6897374391555786
46919,credit_card_clients_default,hydra_small,30000,23,16384,15000,1,15,ok,,4.531335522420704,3.910941520705819,0.7421988248825073
46919,credit_card_clients_default,hydra,30000,23,16384,15000,1,15,ok,,1.3463321514427662,0.715712278150022,0.5217396020889282
46919,credit_card_clients_default,tabpfn,30000,23,16384,15000,1,15,ok,,4.264159951359034,3.6459117559716105,0.7801953554153442
46919,credit_card_clients_default,hybrid_8l,30000,23,16384,15000,1,15,ok,,2.0991704054176807,1.4681627163663507,0.6897374391555786
46919,credit_card_clients_default,hydra_small,30000,23,16384,15000,2,1,ok,,4.586095856502652,3.9105005729943514,0.754846453666687
46919,credit_card_clients_default,hybrid_8l,30000,23,16384,15000,2,1,ok,,2.485422202385962,1.4679982149973512,0.6988680362701416
46919,credit_card_clients_default,tabpfn,30000,23,16384,15000,2,1,ok,,4.281683348119259,3.643624611198902,0.7767302393913269
46919,credit_card_clients_default,hydra,30000,23,16384,15000,2,1,ok,,1.3725957786664367,0.715212058275938,0.5281155705451965
46919,credit_card_clients_default,tabpfn,30000,23,16384,15000,2,2,ok,,4.237123576924205,3.6432982310652733,0.7767302393913269
46919,credit_card_clients_default,hydra,30000,23,16384,15000,2,2,ok,,1.3215301018208265,0.7147805811837316,0.5281155705451965
46919,credit_card_clients_default,hybrid_8l,30000,23,16384,15000,2,2,ok,,2.060028538107872,1.4691038485616446,0.6988680362701416
46919,credit_card_clients_default,hydra_small,30000,23,16384,15000,2,2,ok,,4.50630630645901,3.912625544704497,0.754846453666687
46919,credit_card_clients_default,hydra,30000,23,16384,15000,2,3,ok,,1.732906797900796,0.716266917064786,0.5281155705451965
46919,credit_card_clients_default,hybrid_8l,30000,23,16384,15000,2,3,ok,,2.4811425916850567,1.468226557597518,0.6988680362701416
46919,credit_card_clients_default,tabpfn,30000,23,16384,15000,2,3,ok,,4.625397780910134,3.6426221979781985,0.7767302393913269
46919,credit_card_clients_default,hydra_small,30000,23,16384,15000,2,3,ok,,4.902151324786246,3.9099099095910788,0.754846453666687
46919,credit_card_clients_default,hydra_small,30000,23,16384,15000,2,4,ok,,4.510903182439506,3.9122628765180707,0.754846453666687
46919,credit_card_clients_default,hydra,30000,23,16384,15000,2,4,ok,,1.3541534384712577,0.7155039310455322,0.5281155705451965
46919,credit_card_clients_default,hybrid_8l,30000,23,16384,15000,2,4,ok,,2.0746082393452525,1.468540390022099,0.6988680362701416
46919,credit_card_clients_default,tabpfn,30000,23,16384,15000,2,4,ok,,4.239637713879347,3.6445012260228395,0.7767302393913269
46919,credit_card_clients_default,hydra_small,30000,23,16384,15000,2,5,ok,,4.92673971503973,3.913324074819684,0.754846453666687
46919,credit_card_clients_default,tabpfn,30000,23,16384,15000,2,5,ok,,4.278730886988342,3.64706505369395,0.7767302393913269
46919,credit_card_clients_default,hydra,30000,23,16384,15000,2,5,ok,,1.3128075152635574,0.7158928578719497,0.5281155705451965
46919,credit_card_clients_default,hybrid_8l,30000,23,16384,15000,2,5,ok,,2.1010207775980234,1.4665509900078177,0.6988680362701416
46919,credit_card_clients_default,hybrid_8l,30000,23,16384,15000,2,6,ok,,2.1019864566624165,1.4684112146496773,0.6988680362701416
46919,credit_card_clients_default,tabpfn,30000,23,16384,15000,2,6,ok,,4.237644241191447,3.6445305990055203,0.7767302393913269
46919,credit_card_clients_default,hydra,30000,23,16384,15000,2,6,ok,,1.5761134782806039,0.7159501807764173,0.5281155705451965
46919,credit_card_clients_default,hydra_small,30000,23,16384,15000,2,6,ok,,4.506425986997783,3.910867501050234,0.754846453666687
46919,credit_card_clients_default,tabpfn,30000,23,16384,15000,2,7,ok,,4.659643325023353,3.6441160179674625,0.7767302393913269
46919,credit_card_clients_default,hydra,30000,23,16384,15000,2,7,ok,,1.729629929177463,0.7143562231212854,0.5281155705451965
46919,credit_card_clients_default,hybrid_8l,30000,23,16384,15000,2,7,ok,,2.0589360492303967,1.4680932071059942,0.6988680362701416
46919,credit_card_clients_default,hydra_small,30000,23,16384,15000,2,7,ok,,4.506517398171127,3.9107257444411516,0.754846453666687
46919,credit_card_clients_default,hydra_small,30000,23,16384,15000,2,8,ok,,4.506628607399762,3.9121538270264864,0.754846453666687
46919,credit_card_clients_default,hydra,30000,23,16384,15000,2,8,ok,,1.7279156828299165,0.7157739819958806,0.5281155705451965
46919,credit_card_clients_default,tabpfn,30000,23,16384,15000,2,8,ok,,4.237976825796068,3.644395767711103,0.7767302393913269
46919,credit_card_clients_default,hybrid_8l,30000,23,16384,15000,2,8,ok,,2.0601878315210342,1.4686351735144854,0.6988680362701416
46919,credit_card_clients_default,hybrid_8l,30000,23,16384,15000,2,9,ok,,2.085382423363626,1.468372918665409,0.6988680362701416
46919,credit_card_clients_default,hydra_small,30000,23,16384,15000,2,9,ok,,4.504086614586413,3.9096871353685856,0.754846453666687
46919,credit_card_clients_default,tabpfn,30000,23,16384,15000,2,9,ok,,4.26557392347604,3.6419709771871567,0.7767302393913269
46919,credit_card_clients_default,hydra,30000,23,16384,15000,2,9,ok,,1.3075239723548293,0.7158160554245114,0.5281155705451965
46919,credit_card_clients_default,hydra,30000,23,16384,15000,2,10,ok,,1.334847966209054,0.7157144909724593,0.5281155705451965
46919,credit_card_clients_default,hybrid_8l,30000,23,16384,15000,2,10,ok,,2.0722616966813803,1.46748885512352,0.6988680362701416
46919,credit_card_clients_default,hydra_small,30000,23,16384,15000,2,10,ok,,4.522178873419762,3.9082627529278398,0.754846453666687
46919,credit_card_clients_default,tabpfn,30000,23,16384,15000,2,10,ok,,4.330922417342663,3.6468363543972373,0.7767302393913269
46919,credit_card_clients_default,hydra,30000,23,16384,15000,2,11,ok,,1.7319358540698886,0.7158426968380809,0.5281155705451965
46919,credit_card_clients_default,hybrid_8l,30000,23,16384,15000,2,11,ok,,2.067842128686607,1.4679523380473256,0.6988680362701416
46919,credit_card_clients_default,tabpfn,30000,23,16384,15000,2,11,ok,,4.264397284016013,3.6441009929403663,0.7767302393913269
46919,credit_card_clients_default,hydra_small,30000,23,16384,15000,2,11,ok,,4.650887510739267,3.9091884093359113,0.754846453666687
46919,credit_card_clients_default,tabpfn,30000,23,16384,15000,2,12,ok,,4.662190836854279,3.6430122843012214,0.7767302393913269
46919,credit_card_clients_default,hydra,30000,23,16384,15000,2,12,ok,,1.4271697280928493,0.7154396902769804,0.5281155705451965
46919,credit_card_clients_default,hydra_small,30000,23,16384,15000,2,12,ok,,4.899650284089148,3.91180585231632,0.754846453666687
46919,credit_card_clients_default,hybrid_8l,30000,23,16384,15000,2,12,ok,,2.232928411103785,1.4675014531239867,0.6988680362701416
46919,credit_card_clients_default,hydra_small,30000,23,16384,15000,2,13,ok,,4.926149262115359,3.9082859279587865,0.754846453666687
46919,credit_card_clients_default,hydra,30000,23,16384,15000,2,13,ok,,1.7081720996648073,0.7165868673473597,0.5281155705451965
46919,credit_card_clients_default,tabpfn,30000,23,16384,15000,2,13,ok,,4.234298122115433,3.643108899705112,0.7767302393913269
46919,credit_card_clients_default,hybrid_8l,30000,23,16384,15000,2,13,ok,,2.09568087477237,1.4670432098209858,0.6988680362701416
46919,credit_card_clients_default,tabpfn,30000,23,16384,15000,2,14,ok,,4.237196407280862,3.643533682450652,0.7767302393913269
46919,credit_card_clients_default,hybrid_8l,30000,23,16384,15000,2,14,ok,,2.153103208169341,1.4677407843992114,0.6988680362701416
46919,credit_card_clients_default,hydra,30000,23,16384,15000,2,14,ok,,1.3074694266542792,0.715576103888452,0.5281155705451965
46919,credit_card_clients_default,hydra_small,30000,23,16384,15000,2,14,ok,,4.588505748659372,3.9111954923719168,0.754846453666687
46919,credit_card_clients_default,hydra_small,30000,23,16384,15000,2,15,ok,,4.543607024475932,3.9096767622977495,0.754846453666687
46919,credit_card_clients_default,hybrid_8l,30000,23,16384,15000,2,15,ok,,2.111957859247923,1.4670266192406416,0.6988680362701416
46919,credit_card_clients_default,tabpfn,30000,23,16384,15000,2,15,ok,,4.283042964525521,3.644145082682371,0.7767302393913269
46919,credit_card_clients_default,hydra,30000,23,16384,15000,2,15,ok,,1.4497148394584656,0.71556581184268,0.5281155705451965
46919,credit_card_clients_default,tabpfn,30000,23,16384,15000,3,1,ok,,4.375192483887076,3.6417550863698125,0.7747785449028015
46919,credit_card_clients_default,hybrid_8l,30000,23,16384,15000,3,1,ok,,2.2215760992839932,1.4658285081386566,0.6871479749679565
46919,credit_card_clients_default,hydra_small,30000,23,16384,15000,3,1,ok,,4.612078867852688,3.910169491544366,0.7405810356140137
46919,credit_card_clients_default,hydra,30000,23,16384,15000,3,1,ok,,1.3498591016978025,0.7149257343262434,0.5197820663452148
46919,credit_card_clients_default,tabpfn,30000,23,16384,15000,3,2,ok,,4.2494021859019995,3.638886693865061,0.7747785449028015
46919,credit_card_clients_default,hybrid_8l,30000,23,16384,15000,3,2,ok,,2.1976586375385523,1.4659220650792122,0.6871479749679565
46919,credit_card_clients_default,hydra,30000,23,16384,15000,3,2,ok,,1.3218934452161193,0.7150829629972577,0.5197820663452148
46919,credit_card_clients_default,hydra_small,30000,23,16384,15000,3,2,ok,,4.556523661129177,3.906799335964024,0.7405810356140137
46919,credit_card_clients_default,hydra_small,30000,23,16384,15000,3,3,ok,,4.567909718491137,3.9106948925182223,0.7405810356140137
46919,credit_card_clients_default,hydra,30000,23,16384,15000,3,3,ok,,1.8140871794894338,0.7160687679424882,0.5197820663452148
46919,credit_card_clients_default,tabpfn,30000,23,16384,15000,3,3,ok,,4.287450446747243,3.64387041144073,0.7747785449028015
46919,credit_card_clients_default,hybrid_8l,30000,23,16384,15000,3,3,ok,,2.076341839507222,1.4675017362460494,0.6871479749679565
46919,credit_card_clients_default,hydra,30000,23,16384,15000,3,4,ok,,1.3265692684799433,0.7161910021677613,0.5197820663452148
46919,credit_card_clients_default,hybrid_8l,30000,23,16384,15000,3,4,ok,,2.0742353657260537,1.468271137215197,0.6871479749679565
46919,credit_card_clients_default,tabpfn,30000,23,16384,15000,3,4,ok,,4.270093663595617,3.6433291090652347,0.7747785449028015
46919,credit_card_clients_default,hydra_small,30000,23,16384,15000,3,4,ok,,4.648226769641042,3.9100808603689075,0.7405810356140137
46919,credit_card_clients_default,hydra,30000,23,16384,15000,3,5,ok,,1.7428906112909317,0.7156760916113853,0.5197820663452148
46919,credit_card_clients_default,hybrid_8l,30000,23,16384,15000,3,5,ok,,2.49174474272877,1.4674043441191316,0.6871479749679565
46919,credit_card_clients_default,hydra_small,30000,23,16384,15000,3,5,ok,,4.9543024860322475,3.906578757800162,0.7405810356140137
46919,credit_card_clients_default,tabpfn,30000,23,16384,15000,3,5,ok,,4.2612189231440425,3.640445291996002,0.7747785449028015
46919,credit_card_clients_default,hybrid_8l,30000,23,16384,15000,3,6,ok,,2.092823219485581,1.4669920383021235,0.6871479749679565
46919,credit_card_clients_default,hydra_small,30000,23,16384,15000,3,6,ok,,4.5203498871997,3.908991578966379,0.7405810356140137
46919,credit_card_clients_default,hydra,30000,23,16384,15000,3,6,ok,,1.320421952754259,0.7153700301423669,0.5197820663452148
46919,credit_card_clients_default,tabpfn,30000,23,16384,15000,3,6,ok,,4.336351474747062,3.6410257164388895,0.7747785449028015
46919,credit_card_clients_default,hydra,30000,23,16384,15000,3,7,ok,,1.3218113640323281,0.7156867254525423,0.5197820663452148
46919,credit_card_clients_default,hybrid_8l,30000,23,16384,15000,3,7,ok,,2.075087010860443,1.46688471455127,0.6871479749679565
46919,credit_card_clients_default,hydra_small,30000,23,16384,15000,3,7,ok,,4.515129114501178,3.9081568010151386,0.7405810356140137
46919,credit_card_clients_default,tabpfn,30000,23,16384,15000,3,7,ok,,4.276827908121049,3.642759940586984,0.7747785449028015
46919,credit_card_clients_default,hybrid_8l,30000,23,16384,15000,3,8,ok,,2.113800285384059,1.46761913318187,0.6871479749679565
46919,credit_card_clients_default,tabpfn,30000,23,16384,15000,3,8,ok,,4.294704480096698,3.6424510907381773,0.7747785449028015
46919,credit_card_clients_default,hydra,30000,23,16384,15000,3,8,ok,,1.3615126684308052,0.7166967103257775,0.5197820663452148
46919,credit_card_clients_default,hydra_small,30000,23,16384,15000,3,8,ok,,4.933534684590995,3.9111248394474387,0.7405810356140137
46919,credit_card_clients_default,hydra_small,30000,23,16384,15000,3,9,ok,,4.961735441349447,3.9112309934571385,0.7405810356140137
46919,credit_card_clients_default,hybrid_8l,30000,23,16384,15000,3,9,ok,,2.384858388453722,1.4675748525187373,0.6871479749679565
46919,credit_card_clients_default,hydra,30000,23,16384,15000,3,9,ok,,1.375053989700973,0.715882764197886,0.5197820663452148
46919,credit_card_clients_default,tabpfn,30000,23,16384,15000,3,9,ok,,4.250718737021089,3.6413805540651083,0.7747785449028015
46919,credit_card_clients_default,hydra,30000,23,16384,15000,3,10,ok,,1.3571638287976384,0.7156143290922046,0.5197820663452148
46919,credit_card_clients_default,tabpfn,30000,23,16384,15000,3,10,ok,,4.246669891290367,3.641476970165968,0.7747785449028015
46919,credit_card_clients_default,hydra_small,30000,23,16384,15000,3,10,ok,,4.515469175763428,3.907714012078941,0.7405810356140137
46919,credit_card_clients_default,hybrid_8l,30000,23,16384,15000,3,10,ok,,2.0771984281018376,1.4669194864109159,0.6871479749679565
46919,credit_card_clients_default,hydra,30000,23,16384,15000,3,11,ok,,1.628598339855671,0.7157665966078639,0.5197820663452148
46919,credit_card_clients_default,hydra_small,30000,23,16384,15000,3,11,ok,,4.552216925658286,3.9108539801090956,0.7405810356140137
46919,credit_card_clients_default,tabpfn,30000,23,16384,15000,3,11,ok,,4.676472505554557,3.642427467741072,0.7747785449028015
46919,credit_card_clients_default,hybrid_8l,30000,23,16384,15000,3,11,ok,,2.5028436118736863,1.4688448291271925,0.6871479749679565
46919,credit_card_clients_default,hybrid_8l,30000,23,16384,15000,3,12,ok,,2.305556139908731,1.4683612892404199,0.6871479749679565
46919,credit_card_clients_default,hydra_small,30000,23,16384,15000,3,12,ok,,4.5299426363781095,3.912377788685262,0.7405810356140137
46919,credit_card_clients_default,hydra,30000,23,16384,15000,3,12,ok,,1.7049202620983124,0.7154715182259679,0.5197820663452148
46919,credit_card_clients_default,tabpfn,30000,23,16384,15000,3,12,ok,,4.321799363009632,3.6453149002045393,0.7747785449028015
46919,credit_card_clients_default,hydra_small,30000,23,16384,15000,3,13,ok,,4.92239682842046,3.911104179918766,0.7405810356140137
46919,credit_card_clients_default,hydra,30000,23,16384,15000,3,13,ok,,1.741189050488174,0.7161732381209731,0.5197820663452148
46919,credit_card_clients_default,tabpfn,30000,23,16384,15000,3,13,ok,,4.252697957679629,3.64269276894629,0.7747785449028015
46919,credit_card_clients_default,hybrid_8l,30000,23,16384,15000,3,13,ok,,2.5040343264117837,1.4675894305109978,0.6871479749679565
46919,credit_card_clients_default,hydra_small,30000,23,16384,15000,3,14,ok,,4.5726971141994,3.9123737839981914,0.7405810356140137
46919,credit_card_clients_default,hydra,30000,23,16384,15000,3,14,ok,,1.3989687552675605,0.7151236673817039,0.5197820663452148
46919,credit_card_clients_default,hybrid_8l,30000,23,16384,15000,3,14,ok,,2.146625787951052,1.4690211899578571,0.6871479749679565
46919,credit_card_clients_default,tabpfn,30000,23,16384,15000,3,14,ok,,4.3998613357543945,3.6426335610449314,0.7747785449028015
46919,credit_card_clients_default,hybrid_8l,30000,23,16384,15000,3,15,ok,,2.514940882101655,1.4682065742090344,0.6871479749679565
46919,credit_card_clients_default,hydra_small,30000,23,16384,15000,3,15,ok,,4.520328075625002,3.9107687203213573,0.7405810356140137
46919,credit_card_clients_default,hydra,30000,23,16384,15000,3,15,ok,,1.321916644461453,0.7154698809608817,0.5197820663452148
46919,credit_card_clients_default,tabpfn,30000,23,16384,15000,3,15,ok,,4.262085758149624,3.6429814863950014,0.7747785449028015
46919,credit_card_clients_default,tabpfn,30000,23,16384,15000,4,1,ok,,4.295155372470617,3.640767101198435,0.772553026676178
46919,credit_card_clients_default,hydra_small,30000,23,16384,15000,4,1,ok,,4.6077900640666485,3.9104896262288094,0.7380467653274536
46919,credit_card_clients_default,hybrid_8l,30000,23,16384,15000,4,1,ok,,2.1761584794148803,1.46718068420887,0.6905957460403442
46919,credit_card_clients_default,hydra,30000,23,16384,15000,4,1,ok,,1.6540969843044877,0.7165643814951181,0.5180267691612244
46919,credit_card_clients_default,hybrid_8l,30000,23,16384,15000,4,2,ok,,2.1763339024037123,1.4671759279444814,0.6905957460403442
46919,credit_card_clients_default,hydra_small,30000,23,16384,15000,4,2,ok,,4.6038821414113045,3.906666995026171,0.7380467653274536
46919,credit_card_clients_default,tabpfn,30000,23,16384,15000,4,2,ok,,4.265777027234435,3.6456589410081506,0.772553026676178
46919,credit_card_clients_default,hydra,30000,23,16384,15000,4,2,ok,,1.3447362994775176,0.7153929620981216,0.5180267691612244
46919,credit_card_clients_default,hybrid_8l,30000,23,16384,15000,4,3,ok,,2.088628669269383,1.4679220616817474,0.6905957460403442
46919,credit_card_clients_default,tabpfn,30000,23,16384,15000,4,3,ok,,4.276332606561482,3.642603329382837,0.772553026676178
46919,credit_card_clients_default,hydra,30000,23,16384,15000,4,3,ok,,1.3637036243453622,0.7160586165264249,0.5180267691612244
46919,credit_card_clients_default,hydra_small,30000,23,16384,15000,4,3,ok,,4.532913458533585,3.9118223479017615,0.7380467653274536
46919,credit_card_clients_default,hybrid_8l,30000,23,16384,15000,4,4,ok,,2.085477058775723,1.468483286909759,0.6905957460403442
46919,credit_card_clients_default,hydra,30000,23,16384,15000,4,4,ok,,1.3792358497157693,0.7161516565829515,0.5180267691612244
46919,credit_card_clients_default,hydra_small,30000,23,16384,15000,4,4,ok,,4.532423292286694,3.910233964212239,0.7380467653274536
46919,credit_card_clients_default,tabpfn,30000,23,16384,15000,4,4,ok,,4.299730567261577,3.6449079550802708,0.772553026676178
46919,credit_card_clients_default,hydra,30000,23,16384,15000,4,5,ok,,1.3328127032145858,0.7161624496802688,0.5180267691612244
46919,credit_card_clients_default,tabpfn,30000,23,16384,15000,4,5,ok,,4.259587410837412,3.642451098188758,0.772553026676178
46919,credit_card_clients_default,hybrid_8l,30000,23,16384,15000,4,5,ok,,2.1032360969111323,1.4674816317856312,0.6905957460403442
46919,credit_card_clients_default,hydra_small,30000,23,16384,15000,4,5,ok,,4.582693364471197,3.911600936204195,0.7380467653274536
46919,credit_card_clients_default,hybrid_8l,30000,23,16384,15000,4,6,ok,,2.085548350587487,1.4682666482403874,0.6905957460403442
46919,credit_card_clients_default,tabpfn,30000,23,16384,15000,4,6,ok,,4.2651830688118935,3.6414060378447175,0.772553026676178
46919,credit_card_clients_default,hydra,30000,23,16384,15000,4,6,ok,,1.416987145319581,0.7150124572217464,0.5180267691612244
46919,credit_card_clients_default,hydra_small,30000,23,16384,15000,4,6,ok,,4.531427367590368,3.90897742472589,0.7380467653274536
46919,credit_card_clients_default,hydra_small,30000,23,16384,15000,4,7,ok,,4.612996894866228,3.9095260659232736,0.7380467653274536
46919,credit_card_clients_default,hybrid_8l,30000,23,16384,15000,4,7,ok,,2.0965178040787578,1.4654430821537971,0.6905957460403442
46919,credit_card_clients_default,hydra,30000,23,16384,15000,4,7,ok,,1.428506487980485,0.7165750889107585,0.5180267691612244
46919,credit_card_clients_default,tabpfn,30000,23,16384,15000,4,7,ok,,4.273216224275529,3.6413486525416374,0.772553026676178
46919,credit_card_clients_default,hybrid_8l,30000,23,16384,15000,4,8,ok,,2.1369628980755806,1.4675788879394531,0.6905957460403442
46919,credit_card_clients_default,hydra,30000,23,16384,15000,4,8,ok,,1.6863790703937411,0.715078997425735,0.5180267691612244
46919,credit_card_clients_default,hydra_small,30000,23,16384,15000,4,8,ok,,4.86534396186471,3.9080162718892097,0.7380467653274536
46919,credit_card_clients_default,tabpfn,30000,23,16384,15000,4,8,ok,,4.2675643572583795,3.6439796509221196,0.772553026676178
46919,credit_card_clients_default,hydra,30000,23,16384,15000,4,9,ok,,1.3343243524432182,0.7162574036046863,0.5180267691612244
46919,credit_card_clients_default,hybrid_8l,30000,23,16384,15000,4,9,ok,,2.092887667939067,1.4672954715788364,0.6905957460403442
46919,credit_card_clients_default,tabpfn,30000,23,16384,15000,4,9,ok,,4.300994432531297,3.646045621484518,0.772553026676178
46919,credit_card_clients_default,hydra_small,30000,23,16384,15000,4,9,ok,,4.558095439337194,3.909390263259411,0.7380467653274536
46919,credit_card_clients_default,hybrid_8l,30000,23,16384,15000,4,10,ok,,2.3489276310428977,1.4675632119178772,0.6905957460403442
46919,credit_card_clients_default,hydra_small,30000,23,16384,15000,4,10,ok,,4.530940419062972,3.908755164593458,0.7380467653274536
46919,credit_card_clients_default,tabpfn,30000,23,16384,15000,4,10,ok,,4.6820676969364285,3.6415107920765877,0.772553026676178
46919,credit_card_clients_default,hydra,30000,23,16384,15000,4,10,ok,,1.4286035122349858,0.7153668198734522,0.5180267691612244
46919,credit_card_clients_default,hydra_small,30000,23,16384,15000,4,11,ok,,4.530400102026761,3.9082386987283826,0.7380467653274536
46919,credit_card_clients_default,hybrid_8l,30000,23,16384,15000,4,11,ok,,2.0847406033426523,1.466343717649579,0.6905957460403442
46919,credit_card_clients_default,hydra,30000,23,16384,15000,4,11,ok,,1.431932382285595,0.7165328841656446,0.5180267691612244
46919,credit_card_clients_default,tabpfn,30000,23,16384,15000,4,11,ok,,4.2617504028603435,3.6409476697444916,0.772553026676178
46919,credit_card_clients_default,hydra_small,30000,23,16384,15000,4,12,ok,,4.587819518521428,3.911742345429957,0.7380467653274536
46919,credit_card_clients_default,tabpfn,30000,23,16384,15000,4,12,ok,,4.301862616091967,3.641737677156925,0.772553026676178
46919,credit_card_clients_default,hydra,30000,23,16384,15000,4,12,ok,,1.3394922278821468,0.7150497045367956,0.5180267691612244
46919,credit_card_clients_default,hybrid_8l,30000,23,16384,15000,4,12,ok,,2.092781118117273,1.4666961934417486,0.6905957460403442
46919,credit_card_clients_default,tabpfn,30000,23,16384,15000,4,13,ok,,4.682753878645599,3.6427833335474133,0.772553026676178
46919,credit_card_clients_default,hybrid_8l,30000,23,16384,15000,4,13,ok,,2.1772397439926863,1.4673096565529704,0.6905957460403442
46919,credit_card_clients_default,hydra_small,30000,23,16384,15000,4,13,ok,,4.530767700634897,3.907938321121037,0.7380467653274536
46919,credit_card_clients_default,hydra,30000,23,16384,15000,4,13,ok,,1.3784636463969946,0.713922468945384,0.5180267691612244
46919,credit_card_clients_default,hydra_small,30000,23,16384,15000,4,14,ok,,4.528294211253524,3.9087661299854517,0.7380467653274536
46919,credit_card_clients_default,hybrid_8l,30000,23,16384,15000,4,14,ok,,2.0862049609422684,1.4661062909290195,0.6905957460403442
46919,credit_card_clients_default,tabpfn,30000,23,16384,15000,4,14,ok,,4.257873923517764,3.6398900924250484,0.772553026676178
46919,credit_card_clients_default,hydra,30000,23,16384,15000,4,14,ok,,1.3304681554436684,0.7139423293992877,0.5180267691612244
46919,credit_card_clients_default,hydra_small,30000,23,16384,15000,4,15,ok,,4.531196525320411,3.9108429048210382,0.7380467653274536
46919,credit_card_clients_default,hybrid_8l,30000,23,16384,15000,4,15,ok,,2.0982163418084383,1.467611938714981,0.6905957460403442
46919,credit_card_clients_default,tabpfn,30000,23,16384,15000,4,15,ok,,4.260988152585924,3.643415126018226,0.772553026676178
46919,credit_card_clients_default,hydra,30000,23,16384,15000,4,15,ok,,1.5555279906839132,0.7150036226958036,0.5180267691612244
46919,credit_card_clients_default,hydra_small,30000,23,16384,15000,5,1,ok,,4.523262224160135,3.909349917434156,0.746175229549408
46919,credit_card_clients_default,hybrid_8l,30000,23,16384,15000,5,1,ok,,2.210989495739341,1.4676221534609795,0.690072238445282
46919,credit_card_clients_default,tabpfn,30000,23,16384,15000,5,1,ok,,4.266077264212072,3.6433036364614964,0.7717296481132507
46919,credit_card_clients_default,hydra,30000,23,16384,15000,5,1,ok,,1.3644801443442702,0.7157637970522046,0.5133614540100098
46919,credit_card_clients_default,hydra_small,30000,23,16384,15000,5,2,ok,,4.916529639624059,3.9117616275325418,0.746175229549408
46919,credit_card_clients_default,hybrid_8l,30000,23,16384,15000,5,2,ok,,2.509046812541783,1.4688775269314647,0.690072238445282
46919,credit_card_clients_default,tabpfn,30000,23,16384,15000,5,2,ok,,4.255901557393372,3.6449701981619,0.7717296481132507
46919,credit_card_clients_default,hydra,30000,23,16384,15000,5,2,ok,,1.6353280050680041,0.714745850302279,0.5133614540100098
46919,credit_card_clients_default,hybrid_8l,30000,23,16384,15000,5,3,ok,,2.4984188256785274,1.467921075411141,0.690072238445282
46919,credit_card_clients_default,hydra_small,30000,23,16384,15000,5,3,ok,,4.9269089084118605,3.9117624210193753,0.746175229549408
46919,credit_card_clients_default,hydra,30000,23,16384,15000,5,3,ok,,1.7562611987814307,0.7154995836317539,0.5133614540100098
46919,credit_card_clients_default,tabpfn,30000,23,16384,15000,5,3,ok,,4.6845334796234965,3.643197076395154,0.7717296481132507
46919,credit_card_clients_default,hydra,30000,23,16384,15000,5,4,ok,,1.3748209616169333,0.715620119124651,0.5133614540100098
46919,credit_card_clients_default,hybrid_8l,30000,23,16384,15000,5,4,ok,,2.1144673293456435,1.4676615074276924,0.690072238445282
46919,credit_card_clients_default,tabpfn,30000,23,16384,15000,5,4,ok,,4.253784149885178,3.641115829348564,0.7717296481132507
46919,credit_card_clients_default,hydra_small,30000,23,16384,15000,5,4,ok,,4.520564687438309,3.9096741285175085,0.746175229549408
46919,credit_card_clients_default,hydra,30000,23,16384,15000,5,5,ok,,1.328321791253984,0.7139828698709607,0.5133614540100098
46919,credit_card_clients_default,tabpfn,30000,23,16384,15000,5,5,ok,,4.254607236944139,3.641342223621905,0.7717296481132507
46919,credit_card_clients_default,hydra_small,30000,23,16384,15000,5,5,ok,,4.6122746877372265,3.908912026323378,0.746175229549408
46919,credit_card_clients_default,hybrid_8l,30000,23,16384,15000,5,5,ok,,2.0782622070983052,1.4660573238506913,0.690072238445282
46919,credit_card_clients_default,hybrid_8l,30000,23,16384,15000,5,6,ok,,2.075242261402309,1.4660982694476843,0.690072238445282
46919,credit_card_clients_default,tabpfn,30000,23,16384,15000,5,6,ok,,4.251238734461367,3.6430683890357614,0.7717296481132507
46919,credit_card_clients_default,hydra,30000,23,16384,15000,5,6,ok,,1.4123400300741196,0.7153328293934464,0.5133614540100098
46919,credit_card_clients_default,hydra_small,30000,23,16384,15000,5,6,ok,,4.770932089537382,3.909397575072944,0.746175229549408
46919,credit_card_clients_default,tabpfn,30000,23,16384,15000,5,7,ok,,5.027894154191017,3.6423791451379657,0.7717296481132507
46919,credit_card_clients_default,hydra,30000,23,16384,15000,5,7,ok,,1.9370669396594167,0.7168624801561236,0.5133614540100098
46919,credit_card_clients_default,hydra_small,30000,23,16384,15000,5,7,ok,,5.111408882774413,3.90808476600796,0.746175229549408
46919,credit_card_clients_default,hybrid_8l,30000,23,16384,15000,5,7,ok,,2.436916124075651,1.4666167767718434,0.690072238445282
46919,credit_card_clients_default,tabpfn,30000,23,16384,15000,5,8,ok,,4.298385355621576,3.643578262999654,0.7717296481132507
46919,credit_card_clients_default,hydra_small,30000,23,16384,15000,5,8,ok,,4.527271023020148,3.9099992429837584,0.746175229549408
46919,credit_card_clients_default,hydra,30000,23,16384,15000,5,8,ok,,1.487689159810543,0.7154579320922494,0.5133614540100098
46919,credit_card_clients_default,hybrid_8l,30000,23,16384,15000,5,8,ok,,2.0819554086774588,1.4669102607294917,0.690072238445282
46919,credit_card_clients_default,tabpfn,30000,23,16384,15000,5,9,ok,,4.251561246812344,3.638535547070205,0.7717296481132507
46919,credit_card_clients_default,hydra_small,30000,23,16384,15000,5,9,ok,,4.527724425308406,3.9095264365896583,0.746175229549408
46919,credit_card_clients_default,hydra,30000,23,16384,15000,5,9,ok,,1.3344812374562025,0.7150024622678757,0.5133614540100098
46919,credit_card_clients_default,hybrid_8l,30000,23,16384,15000,5,9,ok,,2.080513209104538,1.466903637163341,0.690072238445282
46919,credit_card_clients_default,tabpfn,30000,23,16384,15000,5,10,ok,,4.295894085429609,3.6415368067100644,0.7717296481132507
46919,credit_card_clients_default,hybrid_8l,30000,23,16384,15000,5,10,ok,,2.1164370672777295,1.4665911085903645,0.690072238445282
46919,credit_card_clients_default,hydra,30000,23,16384,15000,5,10,ok,,1.3769229957833886,0.7161977244541049,0.5133614540100098
46919,credit_card_clients_default,hydra_small,30000,23,16384,15000,5,10,ok,,4.526414327323437,3.9118036925792694,0.746175229549408
46919,credit_card_clients_default,tabpfn,30000,23,16384,15000,5,11,ok,,4.395708879455924,3.643291031010449,0.7717296481132507
46919,credit_card_clients_default,hydra_small,30000,23,16384,15000,5,11,ok,,4.555841435678303,3.9067904399707913,0.746175229549408
46919,credit_card_clients_default,hydra,30000,23,16384,15000,5,11,ok,,1.3276010984554887,0.7160749342292547,0.5133614540100098
46919,credit_card_clients_default,hybrid_8l,30000,23,16384,15000,5,11,ok,,2.0827935179695487,1.4683008715510368,0.690072238445282
46919,credit_card_clients_default,hybrid_8l,30000,23,16384,15000,5,12,ok,,2.0777938310056925,1.4661095682531595,0.690072238445282
46919,credit_card_clients_default,hydra,30000,23,16384,15000,5,12,ok,,1.3259070152416825,0.7145172087475657,0.5133614540100098
46919,credit_card_clients_default,hydra_small,30000,23,16384,15000,5,12,ok,,4.554577169008553,3.9085298189893365,0.746175229549408
46919,credit_card_clients_default,tabpfn,30000,23,16384,15000,5,12,ok,,4.264152446761727,3.641001908108592,0.7717296481132507
46919,credit_card_clients_default,hybrid_8l,30000,23,16384,15000,5,13,ok,,2.0981077700853348,1.4652677215635777,0.690072238445282
46919,credit_card_clients_default,hydra,30000,23,16384,15000,5,13,ok,,1.4041745299473405,0.7151187937706709,0.5133614540100098
46919,credit_card_clients_default,tabpfn,30000,23,16384,15000,5,13,ok,,4.25881040468812,3.6420650370419025,0.7717296481132507
46919,credit_card_clients_default,hydra_small,30000,23,16384,15000,5,13,ok,,4.558348500169814,3.907916598021984,0.746175229549408
46919,credit_card_clients_default,hydra,30000,23,16384,15000,5,14,ok,,1.325501979328692,0.7150504300370812,0.5133614540100098
46919,credit_card_clients_default,hydra_small,30000,23,16384,15000,5,14,ok,,4.9460602374747396,3.9076934615150094,0.746175229549408
46919,credit_card_clients_default,hybrid_8l,30000,23,16384,15000,5,14,ok,,2.0822333861142397,1.4682212322950363,0.690072238445282
46919,credit_card_clients_default,tabpfn,30000,23,16384,15000,5,14,ok,,4.353729900904,3.6456935852766037,0.7717296481132507
46919,credit_card_clients_default,hydra_small,30000,23,16384,15000,5,15,ok,,4.588172219693661,3.9109210716560483,0.746175229549408
46919,credit_card_clients_default,tabpfn,30000,23,16384,15000,5,15,ok,,4.261259902268648,3.645178582519293,0.7717296481132507
46919,credit_card_clients_default,hybrid_8l,30000,23,16384,15000,5,15,ok,,2.1250659842044115,1.4683353556320071,0.690072238445282
46919,credit_card_clients_default,hydra,30000,23,16384,15000,5,15,ok,,1.433464546687901,0.7153474437072873,0.5133614540100098
46905,Amazon_employee_access,hydra,32769,9,16384,16384,1,1,ok,,1.0849060416221619,0.7668429538607597,0.513858437538147
46905,Amazon_employee_access,tabpfn,32769,9,16384,16384,1,1,ok,,4.530385732650757,4.19906809926033,0.61738121509552
46905,Amazon_employee_access,hydra_small,32769,9,16384,16384,1,1,ok,,4.630407587625086,4.216583979316056,0.5588456988334656
46905,Amazon_employee_access,hybrid_8l,32769,9,16384,16384,1,1,ok,,1.9850185438990593,1.6679104594513774,0.5249174237251282
46905,Amazon_employee_access,hydra_small,32769,9,16384,16384,1,2,ok,,4.536810638383031,4.214034715667367,0.5588456988334656
46905,Amazon_employee_access,hydra,32769,9,16384,16384,1,2,ok,,1.1722118807956576,0.7669661212712526,0.513858437538147
46905,Amazon_employee_access,hybrid_8l,32769,9,16384,16384,1,2,ok,,1.9857538091018796,1.665557723492384,0.5249174237251282
46905,Amazon_employee_access,tabpfn,32769,9,16384,16384,1,2,ok,,4.575914369896054,4.192785150371492,0.61738121509552
46905,Amazon_employee_access,tabpfn,32769,9,16384,16384,1,3,ok,,4.545194146223366,4.197881346568465,0.61738121509552
46905,Amazon_employee_access,hydra,32769,9,16384,16384,1,3,ok,,1.090025445446372,0.7676815623417497,0.513858437538147
46905,Amazon_employee_access,hybrid_8l,32769,9,16384,16384,1,3,ok,,1.9915376463904977,1.6694880118593574,0.5249174237251282
46905,Amazon_employee_access,hydra_small,32769,9,16384,16384,1,3,ok,,4.544649725779891,4.215505065396428,0.5588456988334656
46905,Amazon_employee_access,hydra_small,32769,9,16384,16384,1,4,ok,,4.670766847208142,4.21520082000643,0.5588456988334656
46905,Amazon_employee_access,hydra,32769,9,16384,16384,1,4,ok,,1.1105405120179057,0.7664955500513315,0.513858437538147
46905,Amazon_employee_access,hybrid_8l,32769,9,16384,16384,1,4,ok,,1.9842089675366879,1.6683510364964604,0.5249174237251282
46905,Amazon_employee_access,tabpfn,32769,9,16384,16384,1,4,ok,,4.683381523936987,4.196602479554713,0.61738121509552
46905,Amazon_employee_access,hydra_small,32769,9,16384,16384,1,5,ok,,4.613599471747875,4.21191695984453,0.5588456988334656
46905,Amazon_employee_access,hybrid_8l,32769,9,16384,16384,1,5,ok,,1.9929941929876804,1.6672244211658835,0.5249174237251282
46905,Amazon_employee_access,hydra,32769,9,16384,16384,1,5,ok,,1.0859538856893778,0.7658708905801177,0.513858437538147
46905,Amazon_employee_access,tabpfn,32769,9,16384,16384,1,5,ok,,4.51741056330502,4.198731359094381,0.61738121509552
46905,Amazon_employee_access,hydra_small,32769,9,16384,16384,1,6,ok,,4.540190699510276,4.218848379328847,0.5588456988334656
46905,Amazon_employee_access,hybrid_8l,32769,9,16384,16384,1,6,ok,,1.9899755902588367,1.6711023598909378,0.5249174237251282
46905,Amazon_employee_access,hydra,32769,9,16384,16384,1,6,ok,,1.1001562206074595,0.7644662540405989,0.513858437538147
46905,Amazon_employee_access,tabpfn,32769,9,16384,16384,1,6,ok,,5.790759909898043,4.19959285389632,0.61738121509552
46905,Amazon_employee_access,hydra,32769,9,16384,16384,1,7,ok,,2.1765383845195174,0.7674245974048972,0.513858437538147
46905,Amazon_employee_access,hydra_small,32769,9,16384,16384,1,7,ok,,4.540434506721795,4.215358584187925,0.5588456988334656
46905,Amazon_employee_access,tabpfn,32769,9,16384,16384,1,7,ok,,4.645369870588183,4.198617531917989,0.61738121509552
46905,Amazon_employee_access,hybrid_8l,32769,9,16384,16384,1,7,ok,,1.9875620575621724,1.6687432629987597,0.5249174237251282
46905,Amazon_employee_access,tabpfn,32769,9,16384,16384,1,8,ok,,4.528988513164222,4.202167856507003,0.61738121509552
46905,Amazon_employee_access,hydra,32769,9,16384,16384,1,8,ok,,1.0858377953991294,0.7661476209759712,0.513858437538147
46905,Amazon_employee_access,hydra_small,32769,9,16384,16384,1,8,ok,,4.533787636086345,4.213655113242567,0.5588456988334656
46905,Amazon_employee_access,hybrid_8l,32769,9,16384,16384,1,8,ok,,1.9874448534101248,1.6668008137494326,0.5249174237251282
46905,Amazon_employee_access,tabpfn,32769,9,16384,16384,1,9,ok,,4.522315262816846,4.202599782496691,0.61738121509552
46905,Amazon_employee_access,hydra_small,32769,9,16384,16384,1,9,ok,,4.68291422445327,4.2118334993720055,0.5588456988334656
46905,Amazon_employee_access,hybrid_8l,32769,9,16384,16384,1,9,ok,,1.9885410824790597,1.6700582774356008,0.5249174237251282
46905,Amazon_employee_access,hydra,32769,9,16384,16384,1,9,ok,,1.2999285366386175,0.7671984853222966,0.513858437538147
46905,Amazon_employee_access,hydra_small,32769,9,16384,16384,1,10,ok,,4.590867436490953,4.216168809682131,0.5588456988334656
46905,Amazon_employee_access,hybrid_8l,32769,9,16384,16384,1,10,ok,,1.9866414153948426,1.6677089696750045,0.5249174237251282
46905,Amazon_employee_access,tabpfn,32769,9,16384,16384,1,10,ok,,4.590744199231267,4.200949368998408,0.61738121509552
46905,Amazon_employee_access,hydra,32769,9,16384,16384,1,10,ok,,1.0935517782345414,0.7666875924915075,0.513858437538147
46905,Amazon_employee_access,hydra_small,32769,9,16384,16384,1,11,ok,,4.538577629253268,4.215446177870035,0.5588456988334656
46905,Amazon_employee_access,hydra,32769,9,16384,16384,1,11,ok,,1.1276975581422448,0.7655732603743672,0.513858437538147
46905,Amazon_employee_access,hybrid_8l,32769,9,16384,16384,1,11,ok,,2.1131704626604915,1.668418905697763,0.5249174237251282
46905,Amazon_employee_access,tabpfn,32769,9,16384,16384,1,11,ok,,4.951978694647551,4.200124761089683,0.61738121509552
46905,Amazon_employee_access,hydra,32769,9,16384,16384,1,12,ok,,1.464205919764936,0.7663779621943831,0.513858437538147
46905,Amazon_employee_access,hydra_small,32769,9,16384,16384,1,12,ok,,4.538537382148206,4.216301211155951,0.5588456988334656
46905,Amazon_employee_access,hybrid_8l,32769,9,16384,16384,1,12,ok,,1.9905374962836504,1.668659321963787,0.5249174237251282
46905,Amazon_employee_access,tabpfn,32769,9,16384,16384,1,12,ok,,4.52529385779053,4.19484980404377,0.61738121509552
46905,Amazon_employee_access,tabpfn,32769,9,16384,16384,1,13,ok,,5.6339444918558,4.193987398408353,0.61738121509552
46905,Amazon_employee_access,hydra_small,32769,9,16384,16384,1,13,ok,,5.865352800115943,4.21248160302639,0.5588456988334656
46905,Amazon_employee_access,hydra,32769,9,16384,16384,1,13,ok,,2.11604758631438,0.7660329509526491,0.513858437538147
46905,Amazon_employee_access,hybrid_8l,32769,9,16384,16384,1,13,ok,,3.2502512047067285,1.6669242298230529,0.5249174237251282
46905,Amazon_employee_access,hybrid_8l,32769,9,16384,16384,1,14,ok,,3.2580913342535496,1.6679439498111606,0.5249174237251282
46905,Amazon_employee_access,tabpfn,32769,9,16384,16384,1,14,ok,,4.519325594417751,4.196674068458378,0.61738121509552
46905,Amazon_employee_access,hydra,32769,9,16384,16384,1,14,ok,,1.3276752280071378,0.7678988426923752,0.513858437538147
46905,Amazon_employee_access,hydra_small,32769,9,16384,16384,1,14,ok,,4.540684895589948,4.21242050640285,0.5588456988334656
46905,Amazon_employee_access,hydra_small,32769,9,16384,16384,1,15,ok,,4.541080006398261,4.2162378607317805,0.5588456988334656
46905,Amazon_employee_access,tabpfn,32769,9,16384,16384,1,15,ok,,4.528285293839872,4.196400965563953,0.61738121509552
46905,Amazon_employee_access,hybrid_8l,32769,9,16384,16384,1,15,ok,,1.9947522543370724,1.66679716296494,0.5249174237251282
46905,Amazon_employee_access,hydra,32769,9,16384,16384,1,15,ok,,1.1421402459964156,0.7682330496609211,0.513858437538147
46905,Amazon_employee_access,tabpfn,32769,9,16384,16384,2,1,ok,,4.492862340062857,4.196524439379573,0.6321783065795898
46905,Amazon_employee_access,hybrid_8l,32769,9,16384,16384,2,1,ok,,1.9654464488849044,1.6690675588324666,0.5293704867362976
46905,Amazon_employee_access,hydra_small,32769,9,16384,16384,2,1,ok,,4.509379715658724,4.210889456793666,0.5690577030181885
46905,Amazon_employee_access,hydra,32769,9,16384,16384,2,1,ok,,1.0646583028137684,0.767388878390193,0.5127828121185303
46905,Amazon_employee_access,tabpfn,32769,9,16384,16384,2,2,ok,,4.4946293476969,4.1966369822621346,0.6321783065795898
46905,Amazon_employee_access,hydra,32769,9,16384,16384,2,2,ok,,1.099300853908062,0.7668365091085434,0.5127828121185303
46905,Amazon_employee_access,hydra_small,32769,9,16384,16384,2,2,ok,,4.5250603798776865,4.2170269107446074,0.5690577030181885
46905,Amazon_employee_access,hybrid_8l,32769,9,16384,16384,2,2,ok,,1.9656940149143338,1.6681679040193558,0.5293704867362976
46905,Amazon_employee_access,hybrid_8l,32769,9,16384,16384,2,3,ok,,1.9641019571572542,1.6682692151516676,0.5293704867362976
46905,Amazon_employee_access,tabpfn,32769,9,16384,16384,2,3,ok,,4.4887723652645946,4.194069975987077,0.6321783065795898
46905,Amazon_employee_access,hydra,32769,9,16384,16384,2,3,ok,,1.061265466734767,0.7657144898548722,0.5127828121185303
46905,Amazon_employee_access,hydra_small,32769,9,16384,16384,2,3,ok,,4.517351960763335,4.213221717625856,0.5690577030181885
46905,Amazon_employee_access,hybrid_8l,32769,9,16384,16384,2,4,ok,,1.9656676044687629,1.6676069227978587,0.5293704867362976
46905,Amazon_employee_access,hydra_small,32769,9,16384,16384,2,4,ok,,4.514104877598584,4.213311437517405,0.5690577030181885
46905,Amazon_employee_access,hydra,32769,9,16384,16384,2,4,ok,,1.0581545270979404,0.7664428157731891,0.5127828121185303
46905,Amazon_employee_access,tabpfn,32769,9,16384,16384,2,4,ok,,4.497504363767803,4.200564716942608,0.6321783065795898
46905,Amazon_employee_access,hydra_small,32769,9,16384,16384,2,5,ok,,4.531401948072016,4.215475665405393,0.5690577030181885
46905,Amazon_employee_access,tabpfn,32769,9,16384,16384,2,5,ok,,4.497803948819637,4.2003578236326575,0.6321783065795898
46905,Amazon_employee_access,hydra,32769,9,16384,16384,2,5,ok,,1.0619168104603887,0.767431084997952,0.5127828121185303
46905,Amazon_employee_access,hybrid_8l,32769,9,16384,16384,2,5,ok,,1.9701568055897951,1.6671256888657808,0.5293704867362976
46905,Amazon_employee_access,hydra_small,32769,9,16384,16384,2,6,ok,,4.581370600499213,4.2165893372148275,0.5690577030181885
46905,Amazon_employee_access,hydra,32769,9,16384,16384,2,6,ok,,1.059664649888873,0.7675186078995466,0.5127828121185303
46905,Amazon_employee_access,hybrid_8l,32769,9,16384,16384,2,6,ok,,1.9668976357206702,1.6696197092533112,0.5293704867362976
46905,Amazon_employee_access,tabpfn,32769,9,16384,16384,2,6,ok,,4.527692438103259,4.2026964807882905,0.6321783065795898
46905,Amazon_employee_access,tabpfn,32769,9,16384,16384,2,7,ok,,4.494906987994909,4.202038346789777,0.6321783065795898
46905,Amazon_employee_access,hydra,32769,9,16384,16384,2,7,ok,,1.0677386056631804,0.7674810541793704,0.5127828121185303
46905,Amazon_employee_access,hydra_small,32769,9,16384,16384,2,7,ok,,4.512873533181846,4.215642958879471,0.5690577030181885
46905,Amazon_employee_access,hybrid_8l,32769,9,16384,16384,2,7,ok,,1.9651980744674802,1.6689366362988949,0.5293704867362976
46905,Amazon_employee_access,tabpfn,32769,9,16384,16384,2,8,ok,,4.5423996821045876,4.200325165875256,0.6321783065795898
46905,Amazon_employee_access,hybrid_8l,32769,9,16384,16384,2,8,ok,,1.9719824949279428,1.6687939018011093,0.5293704867362976
46905,Amazon_employee_access,hydra,32769,9,16384,16384,2,8,ok,,1.0628241272643209,0.7685611769556999,0.5127828121185303
46905,Amazon_employee_access,hydra_small,32769,9,16384,16384,2,8,ok,,4.512817617505789,4.217048022896051,0.5690577030181885
46905,Amazon_employee_access,hydra_small,32769,9,16384,16384,2,9,ok,,4.5147755509242415,4.218131419271231,0.5690577030181885
46905,Amazon_employee_access,tabpfn,32769,9,16384,16384,2,9,ok,,4.49472816940397,4.198044743388891,0.6321783065795898
46905,Amazon_employee_access,hydra,32769,9,16384,16384,2,9,ok,,1.0979324067011476,0.7664246866479516,0.5127828121185303
46905,Amazon_employee_access,hybrid_8l,32769,9,16384,16384,2,9,ok,,1.961062703281641,1.6684447322040796,0.5293704867362976
46905,Amazon_employee_access,tabpfn,32769,9,16384,16384,2,10,ok,,4.4907658798620105,4.197428175248206,0.6321783065795898
46905,Amazon_employee_access,hydra_small,32769,9,16384,16384,2,10,ok,,4.508983734063804,4.213490423746407,0.5690577030181885
46905,Amazon_employee_access,hydra,32769,9,16384,16384,2,10,ok,,1.083692961372435,0.7685371860861778,0.5127828121185303
46905,Amazon_employee_access,hybrid_8l,32769,9,16384,16384,2,10,ok,,1.963100085966289,1.6690939953550696,0.5293704867362976
46905,Amazon_employee_access,hydra,32769,9,16384,16384,2,11,ok,,1.0600626058876514,0.7662019906565547,0.5127828121185303
46905,Amazon_employee_access,tabpfn,32769,9,16384,16384,2,11,ok,,4.495122125372291,4.200664539821446,0.6321783065795898
46905,Amazon_employee_access,hydra_small,32769,9,16384,16384,2,11,ok,,4.5212107030674815,4.217493342235684,0.5690577030181885
46905,Amazon_employee_access,hybrid_8l,32769,9,16384,16384,2,11,ok,,1.9881721558049321,1.6715082740411162,0.5293704867362976
46905,Amazon_employee_access,hybrid_8l,32769,9,16384,16384,2,12,ok,,1.9693075707182288,1.6704060649499297,0.5293704867362976
46905,Amazon_employee_access,hydra_small,32769,9,16384,16384,2,12,ok,,4.514076634310186,4.215920340269804,0.5690577030181885
46905,Amazon_employee_access,tabpfn,32769,9,16384,16384,2,12,ok,,4.497046018019319,4.200175330974162,0.6321783065795898
46905,Amazon_employee_access,hydra,32769,9,16384,16384,2,12,ok,,1.862983980216086,0.7671800078824162,0.5127828121185303
46905,Amazon_employee_access,hybrid_8l,32769,9,16384,16384,2,13,ok,,1.96820810995996,1.6691275648772717,0.5293704867362976
46905,Amazon_employee_access,hydra,32769,9,16384,16384,2,13,ok,,1.079667535610497,0.767668392509222,0.5127828121185303
46905,Amazon_employee_access,tabpfn,32769,9,16384,16384,2,13,ok,,4.494902344420552,4.19723557960242,0.6321783065795898
46905,Amazon_employee_access,hydra_small,32769,9,16384,16384,2,13,ok,,4.510732172988355,4.214566882699728,0.5690577030181885
46905,Amazon_employee_access,hydra_small,32769,9,16384,16384,2,14,ok,,4.510374308563769,4.214715549722314,0.5690577030181885
46905,Amazon_employee_access,hydra,32769,9,16384,16384,2,14,ok,,1.0845543099567294,0.7671552365645766,0.5127828121185303
46905,Amazon_employee_access,hybrid_8l,32769,9,16384,16384,2,14,ok,,1.9613005807623267,1.6682906718924642,0.5293704867362976
46905,Amazon_employee_access,tabpfn,32769,9,16384,16384,2,14,ok,,4.500356277450919,4.198120016604662,0.6321783065795898
46905,Amazon_employee_access,hydra_small,32769,9,16384,16384,2,15,ok,,4.516943550668657,4.216502972878516,0.5690577030181885
46905,Amazon_employee_access,hydra,32769,9,16384,16384,2,15,ok,,1.0700833573937416,0.7664675414562225,0.5127828121185303
46905,Amazon_employee_access,hybrid_8l,32769,9,16384,16384,2,15,ok,,1.9837040342390537,1.6698007676750422,0.5293704867362976
46905,Amazon_employee_access,tabpfn,32769,9,16384,16384,2,15,ok,,4.5000506322830915,4.200328998267651,0.6321783065795898
46905,Amazon_employee_access,hybrid_8l,32769,9,16384,16384,3,1,ok,,1.9723899438977242,1.6698245396837592,0.5083755850791931
46905,Amazon_employee_access,hydra_small,32769,9,16384,16384,3,1,ok,,4.539138489402831,4.214960624463856,0.5476129055023193
46905,Amazon_employee_access,tabpfn,32769,9,16384,16384,3,1,ok,,4.505236204713583,4.202062038704753,0.6214547753334045
46905,Amazon_employee_access,hydra,32769,9,16384,16384,3,1,ok,,1.0667119231075048,0.7660362403839827,0.47899505496025085
46905,Amazon_employee_access,tabpfn,32769,9,16384,16384,3,2,ok,,4.512709168717265,4.200620440766215,0.6214547753334045
46905,Amazon_employee_access,hydra,32769,9,16384,16384,3,2,ok,,1.0681641940027475,0.7664170302450657,0.47899505496025085
46905,Amazon_employee_access,hybrid_8l,32769,9,16384,16384,3,2,ok,,1.9704466126859188,1.668794659897685,0.5083755850791931
46905,Amazon_employee_access,hydra_small,32769,9,16384,16384,3,2,ok,,4.523609563708305,4.217373417690396,0.5476129055023193
46905,Amazon_employee_access,hydra_small,32769,9,16384,16384,3,3,ok,,4.519630621187389,4.215922293253243,0.5476129055023193
46905,Amazon_employee_access,tabpfn,32769,9,16384,16384,3,3,ok,,4.5020916108042,4.199836948886514,0.6214547753334045
46905,Amazon_employee_access,hybrid_8l,32769,9,16384,16384,3,3,ok,,1.9745532758533955,1.671129958704114,0.5083755850791931
46905,Amazon_employee_access,hydra,32769,9,16384,16384,3,3,ok,,1.085356393828988,0.7673867447301745,0.47899505496025085
46905,Amazon_employee_access,hydra_small,32769,9,16384,16384,3,4,ok,,4.527690228074789,4.213979569263756,0.5476129055023193
46905,Amazon_employee_access,tabpfn,32769,9,16384,16384,3,4,ok,,4.51713509298861,4.202251652255654,0.6214547753334045
46905,Amazon_employee_access,hydra,32769,9,16384,16384,3,4,ok,,1.1365984855219722,0.7648067241534591,0.47899505496025085
46905,Amazon_employee_access,hybrid_8l,32769,9,16384,16384,3,4,ok,,1.9711099546402693,1.6688166996464133,0.5083755850791931
46905,Amazon_employee_access,tabpfn,32769,9,16384,16384,3,5,ok,,4.5000568041577935,4.1979625364765525,0.6214547753334045
46905,Amazon_employee_access,hydra,32769,9,16384,16384,3,5,ok,,1.075309131294489,0.7672314764931798,0.47899505496025085
46905,Amazon_employee_access,hydra_small,32769,9,16384,16384,3,5,ok,,4.5251532811671495,4.215957468375564,0.5476129055023193
46905,Amazon_employee_access,hybrid_8l,32769,9,16384,16384,3,5,ok,,2.0328360171988606,1.6680206675082445,0.5083755850791931
46905,Amazon_employee_access,tabpfn,32769,9,16384,16384,3,6,ok,,4.512102426029742,4.199956553056836,0.6214547753334045
46905,Amazon_employee_access,hydra,32769,9,16384,16384,3,6,ok,,1.0751389162614942,0.7663372596725821,0.47899505496025085
46905,Amazon_employee_access,hydra_small,32769,9,16384,16384,3,6,ok,,4.520188661292195,4.2134360782802105,0.5476129055023193
46905,Amazon_employee_access,hybrid_8l,32769,9,16384,16384,3,6,ok,,1.9737213319167495,1.6701759556308389,0.5083755850791931
46905,Amazon_employee_access,hydra,32769,9,16384,16384,3,7,ok,,1.0822187084704638,0.7677409090101719,0.47899505496025085
46905,Amazon_employee_access,hybrid_8l,32769,9,16384,16384,3,7,ok,,1.982566149905324,1.6702337451279163,0.5083755850791931
46905,Amazon_employee_access,tabpfn,32769,9,16384,16384,3,7,ok,,4.50734537653625,4.1996508883312345,0.6214547753334045
46905,Amazon_employee_access,hydra_small,32769,9,16384,16384,3,7,ok,,4.523208445869386,4.2173267947509885,0.5476129055023193
46905,Amazon_employee_access,tabpfn,32769,9,16384,16384,3,8,ok,,4.506854246370494,4.198500600643456,0.6214547753334045
46905,Amazon_employee_access,hybrid_8l,32769,9,16384,16384,3,8,ok,,2.0008188765496016,1.667818141169846,0.5083755850791931
46905,Amazon_employee_access,hydra_small,32769,9,16384,16384,3,8,ok,,4.555300424806774,4.215553094632924,0.5476129055023193
46905,Amazon_employee_access,hydra,32769,9,16384,16384,3,8,ok,,1.0782602028921247,0.7666444880887866,0.47899505496025085
46905,Amazon_employee_access,tabpfn,32769,9,16384,16384,3,9,ok,,4.761217977851629,4.4558412451297045,0.6214547753334045
46905,Amazon_employee_access,hydra_small,32769,9,16384,16384,3,9,ok,,4.525729974731803,4.2145726485177875,0.5476129055023193
46905,Amazon_employee_access,hybrid_8l,32769,9,16384,16384,3,9,ok,,2.000336244702339,1.6704950472339988,0.5083755850791931
46905,Amazon_employee_access,hydra,32769,9,16384,16384,3,9,ok,,1.0698217507451773,0.765486060641706,0.47899505496025085
46905,Amazon_employee_access,hybrid_8l,32769,9,16384,16384,3,10,ok,,1.971197672188282,1.6668378869071603,0.5083755850791931
46905,Amazon_employee_access,hydra,32769,9,16384,16384,3,10,ok,,1.0718912715092301,0.7665294064208865,0.47899505496025085
46905,Amazon_employee_access,tabpfn,32769,9,16384,16384,3,10,ok,,4.546344784088433,4.201036329381168,0.6214547753334045
46905,Amazon_employee_access,hydra_small,32769,9,16384,16384,3,10,ok,,4.534800135530531,4.215122516267002,0.5476129055023193
46905,Amazon_employee_access,tabpfn,32769,9,16384,16384,3,11,ok,,4.5574901830405,4.201417504809797,0.6214547753334045
46905,Amazon_employee_access,hybrid_8l,32769,9,16384,16384,3,11,ok,,1.9804835207760334,1.6697224359959364,0.5083755850791931
46905,Amazon_employee_access,hydra,32769,9,16384,16384,3,11,ok,,1.0706545636057854,0.7681164909154177,0.47899505496025085
46905,Amazon_employee_access,hydra_small,32769,9,16384,16384,3,11,ok,,4.521274406462908,4.217779770493507,0.5476129055023193
46905,Amazon_employee_access,tabpfn,32769,9,16384,16384,3,12,ok,,4.508724370971322,4.203432000242174,0.6214547753334045
46905,Amazon_employee_access,hydra,32769,9,16384,16384,3,12,ok,,1.0749974800273776,0.7656237659975886,0.47899505496025085
46905,Amazon_employee_access,hybrid_8l,32769,9,16384,16384,3,12,ok,,1.968714876100421,1.6675904728472233,0.5083755850791931
46905,Amazon_employee_access,hydra_small,32769,9,16384,16384,3,12,ok,,4.525680512189865,4.215165635570884,0.5476129055023193
46905,Amazon_employee_access,hydra_small,32769,9,16384,16384,3,13,ok,,4.51942980568856,4.212228638119996,0.5476129055023193
46905,Amazon_employee_access,hybrid_8l,32769,9,16384,16384,3,13,ok,,1.9678346440196037,1.6659209746867418,0.5083755850791931
46905,Amazon_employee_access,hydra,32769,9,16384,16384,3,13,ok,,1.0722214886918664,0.7638439927250147,0.47899505496025085
46905,Amazon_employee_access,tabpfn,32769,9,16384,16384,3,13,ok,,4.500896533019841,4.19640580099076,0.6214547753334045
46905,Amazon_employee_access,hydra,32769,9,16384,16384,3,14,ok,,1.073924464173615,0.7653477704152465,0.47899505496025085
46905,Amazon_employee_access,hydra_small,32769,9,16384,16384,3,14,ok,,4.5227084858343005,4.217974543571472,0.5476129055023193
46905,Amazon_employee_access,tabpfn,32769,9,16384,16384,3,14,ok,,4.504246762022376,4.20013467874378,0.6214547753334045
46905,Amazon_employee_access,hybrid_8l,32769,9,16384,16384,3,14,ok,,1.9701282931491733,1.6675683315843344,0.5083755850791931
46905,Amazon_employee_access,hydra_small,32769,9,16384,16384,3,15,ok,,4.522976123727858,4.216297988779843,0.5476129055023193
46905,Amazon_employee_access,hydra,32769,9,16384,16384,3,15,ok,,1.0697610918432474,0.7663879096508026,0.47899505496025085
46905,Amazon_employee_access,hybrid_8l,32769,9,16384,16384,3,15,ok,,1.9733927445486188,1.6700741052627563,0.5083755850791931
46905,Amazon_employee_access,tabpfn,32769,9,16384,16384,3,15,ok,,4.505645799450576,4.201342495158315,0.6214547753334045
46905,Amazon_employee_access,hydra,32769,9,16384,16384,4,1,ok,,1.0766516858711839,0.7684912737458944,0.5099942684173584
46905,Amazon_employee_access,hybrid_8l,32769,9,16384,16384,4,1,ok,,1.972322746179998,1.6687598628923297,0.5346952080726624
46905,Amazon_employee_access,tabpfn,32769,9,16384,16384,4,1,ok,,4.504058927297592,4.201894534751773,0.6305597424507141
46905,Amazon_employee_access,hydra_small,32769,9,16384,16384,4,1,ok,,4.528838403522968,4.218819729983807,0.5578845143318176
46905,Amazon_employee_access,tabpfn,32769,9,16384,16384,4,2,ok,,4.5095905708149076,4.2016594633460045,0.6305597424507141
46905,Amazon_employee_access,hydra,32769,9,16384,16384,4,2,ok,,1.0692261131480336,0.7665143245831132,0.5099942684173584
46905,Amazon_employee_access,hybrid_8l,32769,9,16384,16384,4,2,ok,,1.9676246885210276,1.668183476664126,0.5346952080726624
46905,Amazon_employee_access,hydra_small,32769,9,16384,16384,4,2,ok,,4.518359809182584,4.216539511457086,0.5578845143318176
46905,Amazon_employee_access,hybrid_8l,32769,9,16384,16384,4,3,ok,,1.9668346075341105,1.6674228329211473,0.5346952080726624
46905,Amazon_employee_access,tabpfn,32769,9,16384,16384,4,3,ok,,4.519514233805239,4.200156384147704,0.6305597424507141
46905,Amazon_employee_access,hydra_small,32769,9,16384,16384,4,3,ok,,4.517760775983334,4.212536609731615,0.5578845143318176
46905,Amazon_employee_access,hydra,32769,9,16384,16384,4,3,ok,,1.0803444562479854,0.7660954892635345,0.5099942684173584
46905,Amazon_employee_access,hybrid_8l,32769,9,16384,16384,4,4,ok,,1.9715946028009057,1.669604554772377,0.5346952080726624
46905,Amazon_employee_access,hydra,32769,9,16384,16384,4,4,ok,,1.0675549823790789,0.7673057215288281,0.5099942684173584
46905,Amazon_employee_access,tabpfn,32769,9,16384,16384,4,4,ok,,4.504249528981745,4.200652274303138,0.6305597424507141
46905,Amazon_employee_access,hydra_small,32769,9,16384,16384,4,4,ok,,4.525863167829812,4.218470632098615,0.5578845143318176
46905,Amazon_employee_access,tabpfn,32769,9,16384,16384,4,5,ok,,4.500047940760851,4.200484940782189,0.6305597424507141
46905,Amazon_employee_access,hybrid_8l,32769,9,16384,16384,4,5,ok,,1.966671789996326,1.6680547129362822,0.5346952080726624
46905,Amazon_employee_access,hydra_small,32769,9,16384,16384,4,5,ok,,4.5258313193917274,4.215039722621441,0.5578845143318176
46905,Amazon_employee_access,hydra,32769,9,16384,16384,4,5,ok,,1.0651879822835326,0.7644930891692638,0.5099942684173584
46905,Amazon_employee_access,hydra_small,32769,9,16384,16384,4,6,ok,,4.520435671322048,4.2187003353610635,0.5578845143318176
46905,Amazon_employee_access,tabpfn,32769,9,16384,16384,4,6,ok,,4.500651270151138,4.198882102034986,0.6305597424507141
46905,Amazon_employee_access,hydra,32769,9,16384,16384,4,6,ok,,1.0632417742162943,0.7646627398207784,0.5099942684173584
46905,Amazon_employee_access,hybrid_8l,32769,9,16384,16384,4,6,ok,,1.9665665552020073,1.6685826377943158,0.5346952080726624
46905,Amazon_employee_access,hybrid_8l,32769,9,16384,16384,4,7,ok,,1.9728607200086117,1.6698809769004583,0.5346952080726624
46905,Amazon_employee_access,hydra,32769,9,16384,16384,4,7,ok,,1.0622749216854572,0.7644868567585945,0.5099942684173584
46905,Amazon_employee_access,hydra_small,32769,9,16384,16384,4,7,ok,,4.516810230910778,4.215299632400274,0.5578845143318176
46905,Amazon_employee_access,tabpfn,32769,9,16384,16384,4,7,ok,,4.49884311389178,4.1974126771092415,0.6305597424507141
46905,Amazon_employee_access,hydra,32769,9,16384,16384,4,8,ok,,1.0765209021046758,0.7663248684257269,0.5099942684173584
46905,Amazon_employee_access,hybrid_8l,32769,9,16384,16384,4,8,ok,,1.9722312046214938,1.6696228450164199,0.5346952080726624
46905,Amazon_employee_access,tabpfn,32769,9,16384,16384,4,8,ok,,4.503324420191348,4.200241643004119,0.6305597424507141
46905,Amazon_employee_access,hydra_small,32769,9,16384,16384,4,8,ok,,4.527951448224485,4.217974209226668,0.5578845143318176
46905,Amazon_employee_access,tabpfn,32769,9,16384,16384,4,9,ok,,4.504313717596233,4.199702554382384,0.6305597424507141
46905,Amazon_employee_access,hybrid_8l,32769,9,16384,16384,4,9,ok,,1.9730756394565105,1.6687289969995618,0.5346952080726624
46905,Amazon_employee_access,hydra_small,32769,9,16384,16384,4,9,ok,,4.5222295597195625,4.2179798213765025,0.5578845143318176
46905,Amazon_employee_access,hydra,32769,9,16384,16384,4,9,ok,,1.0669115306809545,0.7677718456834555,0.5099942684173584
46905,Amazon_employee_access,tabpfn,32769,9,16384,16384,4,10,ok,,4.503579817712307,4.196147381328046,0.6305597424507141
46905,Amazon_employee_access,hydra,32769,9,16384,16384,4,10,ok,,1.0828283494338393,0.7668770710006356,0.5099942684173584
46905,Amazon_employee_access,hybrid_8l,32769,9,16384,16384,4,10,ok,,1.9699563132598996,1.6672510132193565,0.5346952080726624
46905,Amazon_employee_access,hydra_small,32769,9,16384,16384,4,10,ok,,4.520387931726873,4.21273738052696,0.5578845143318176
46905,Amazon_employee_access,hybrid_8l,32769,9,16384,16384,4,11,ok,,1.9751587603241205,1.6666307970881462,0.5346952080726624
46905,Amazon_employee_access,hydra,32769,9,16384,16384,4,11,ok,,1.0693097040057182,0.7644885228946805,0.5099942684173584
46905,Amazon_employee_access,tabpfn,32769,9,16384,16384,4,11,ok,,4.4987419825047255,4.195633569732308,0.6305597424507141
46905,Amazon_employee_access,hydra_small,32769,9,16384,16384,4,11,ok,,4.524805163033307,4.21729420684278,0.5578845143318176
46905,Amazon_employee_access,hydra_small,32769,9,16384,16384,4,12,ok,,4.526257181540132,4.215466180816293,0.5578845143318176
46905,Amazon_employee_access,tabpfn,32769,9,16384,16384,4,12,ok,,4.50548873655498,4.200311393477023,0.6305597424507141
46905,Amazon_employee_access,hydra,32769,9,16384,16384,4,12,ok,,1.0640974640846252,0.7659932319074869,0.5099942684173584
46905,Amazon_employee_access,hybrid_8l,32769,9,16384,16384,4,12,ok,,1.9682906502857804,1.6671766359359026,0.5346952080726624
46905,Amazon_employee_access,hybrid_8l,32769,9,16384,16384,4,13,ok,,1.9672230565920472,1.6684098206460476,0.5346952080726624
46905,Amazon_employee_access,tabpfn,32769,9,16384,16384,4,13,ok,,4.497588592581451,4.19788019079715,0.6305597424507141
46905,Amazon_employee_access,hydra_small,32769,9,16384,16384,4,13,ok,,4.517367005348206,4.214609647169709,0.5578845143318176
46905,Amazon_employee_access,hydra,32769,9,16384,16384,4,13,ok,,1.063293058425188,0.765455792658031,0.5099942684173584
46905,Amazon_employee_access,tabpfn,32769,9,16384,16384,4,14,ok,,4.501638219691813,4.202391303144395,0.6305597424507141
46905,Amazon_employee_access,hybrid_8l,32769,9,16384,16384,4,14,ok,,1.9673369973897934,1.6687954375520349,0.5346952080726624
46905,Amazon_employee_access,hydra_small,32769,9,16384,16384,4,14,ok,,4.519728321582079,4.212918656878173,0.5578845143318176
46905,Amazon_employee_access,hydra,32769,9,16384,16384,4,14,ok,,1.0676391711458564,0.7662499761208892,0.5099942684173584
46905,Amazon_employee_access,hydra,32769,9,16384,16384,4,15,ok,,1.0659490088000894,0.7663359688594937,0.5099942684173584
46905,Amazon_employee_access,tabpfn,32769,9,16384,16384,4,15,ok,,4.511217120103538,4.19971040636301,0.6305597424507141
46905,Amazon_employee_access,hydra_small,32769,9,16384,16384,4,15,ok,,4.519013429991901,4.214938726276159,0.5578845143318176
46905,Amazon_employee_access,hybrid_8l,32769,9,16384,16384,4,15,ok,,1.9790834886953235,1.6692372411489487,0.5346952080726624
46905,Amazon_employee_access,hybrid_8l,32769,9,16384,16384,5,1,ok,,1.980543665587902,1.667344244197011,0.5229279398918152
46905,Amazon_employee_access,hydra,32769,9,16384,16384,5,1,ok,,1.075691295787692,0.7645243341103196,0.5069195032119751
46905,Amazon_employee_access,hydra_small,32769,9,16384,16384,5,1,ok,,4.529875645413995,4.215588361956179,0.5615032315254211
46905,Amazon_employee_access,tabpfn,32769,9,16384,16384,5,1,ok,,4.508753981441259,4.199633228592575,0.6258559226989746
46905,Amazon_employee_access,tabpfn,32769,9,16384,16384,5,2,ok,,4.511446983553469,4.203594662249088,0.6258559226989746
46905,Amazon_employee_access,hybrid_8l,32769,9,16384,16384,5,2,ok,,1.9757688837125897,1.6680440967902541,0.5229279398918152
46905,Amazon_employee_access,hydra_small,32769,9,16384,16384,5,2,ok,,4.53353347722441,4.211178478784859,0.5615032315254211
46905,Amazon_employee_access,hydra,32769,9,16384,16384,5,2,ok,,1.0762693770229816,0.7656236356124282,0.5069195032119751
46905,Amazon_employee_access,hybrid_8l,32769,9,16384,16384,5,3,ok,,1.9740210808813572,1.667712246067822,0.5229279398918152
46905,Amazon_employee_access,hydra,32769,9,16384,16384,5,3,ok,,1.0747258923947811,0.7655957723036408,0.5069195032119751
46905,Amazon_employee_access,hydra_small,32769,9,16384,16384,5,3,ok,,4.519801584072411,4.209848703816533,0.5615032315254211
46905,Amazon_employee_access,tabpfn,32769,9,16384,16384,5,3,ok,,4.510292874649167,4.199607288464904,0.6258559226989746
46905,Amazon_employee_access,hydra_small,32769,9,16384,16384,5,4,ok,,4.525660492479801,4.212696659378707,0.5615032315254211
46905,Amazon_employee_access,hybrid_8l,32769,9,16384,16384,5,4,ok,,1.9742847671732306,1.6682134233415127,0.5229279398918152
46905,Amazon_employee_access,hydra,32769,9,16384,16384,5,4,ok,,1.084303729236126,0.7683418737724423,0.5069195032119751
46905,Amazon_employee_access,tabpfn,32769,9,16384,16384,5,4,ok,,4.507271733134985,4.1975483084097505,0.6258559226989746
46905,Amazon_employee_access,hybrid_8l,32769,9,16384,16384,5,5,ok,,1.9812927525490522,1.6700886441394687,0.5229279398918152
46905,Amazon_employee_access,tabpfn,32769,9,16384,16384,5,5,ok,,4.509173292666674,4.198239466175437,0.6258559226989746
46905,Amazon_employee_access,hydra_small,32769,9,16384,16384,5,5,ok,,4.543581044301391,4.215436637401581,0.5615032315254211
46905,Amazon_employee_access,hydra,32769,9,16384,16384,5,5,ok,,1.0777029292657971,0.7671304577961564,0.5069195032119751
46905,Amazon_employee_access,hydra_small,32769,9,16384,16384,5,6,ok,,4.5383330173790455,4.219083906151354,0.5615032315254211
46905,Amazon_employee_access,hydra,32769,9,16384,16384,5,6,ok,,1.0755348494276404,0.7664428437128663,0.5069195032119751
46905,Amazon_employee_access,hybrid_8l,32769,9,16384,16384,5,6,ok,,1.9819623082876205,1.6682416815310717,0.5229279398918152
46905,Amazon_employee_access,tabpfn,32769,9,16384,16384,5,6,ok,,4.51203927397728,4.200970943085849,0.6258559226989746
46905,Amazon_employee_access,hydra,32769,9,16384,16384,5,7,ok,,1.073733326047659,0.7658816203474998,0.5069195032119751
46905,Amazon_employee_access,hybrid_8l,32769,9,16384,16384,5,7,ok,,1.9764957474544644,1.6677404902875423,0.5229279398918152
46905,Amazon_employee_access,tabpfn,32769,9,16384,16384,5,7,ok,,4.509160826914012,4.201789029873908,0.6258559226989746
46905,Amazon_employee_access,hydra_small,32769,9,16384,16384,5,7,ok,,4.520435727201402,4.21132973395288,0.5615032315254211
46905,Amazon_employee_access,hydra,32769,9,16384,16384,5,8,ok,,1.073669963516295,0.7667927443981171,0.5069195032119751
46905,Amazon_employee_access,hybrid_8l,32769,9,16384,16384,5,8,ok,,1.9775937562808394,1.6703013200312853,0.5229279398918152
46905,Amazon_employee_access,tabpfn,32769,9,16384,16384,5,8,ok,,4.507326486520469,4.2011623764410615,0.6258559226989746
46905,Amazon_employee_access,hydra_small,32769,9,16384,16384,5,8,ok,,4.526545298285782,4.2157329535111785,0.5615032315254211
46905,Amazon_employee_access,hybrid_8l,32769,9,16384,16384,5,9,ok,,1.9725266639143229,1.666361222974956,0.5229279398918152
46905,Amazon_employee_access,hydra,32769,9,16384,16384,5,9,ok,,1.0738184042274952,0.766715438105166,0.5069195032119751
46905,Amazon_employee_access,tabpfn,32769,9,16384,16384,5,9,ok,,4.532621305435896,4.199768219143152,0.6258559226989746
46905,Amazon_employee_access,hydra_small,32769,9,16384,16384,5,9,ok,,4.524689273908734,4.213715674355626,0.5615032315254211
46905,Amazon_employee_access,hydra,32769,9,16384,16384,5,10,ok,,1.0978490049019456,0.7664405861869454,0.5069195032119751
46905,Amazon_employee_access,hybrid_8l,32769,9,16384,16384,5,10,ok,,1.9753632955253124,1.6685367822647095,0.5229279398918152
46905,Amazon_employee_access,hydra_small,32769,9,16384,16384,5,10,ok,,4.528879929333925,4.217542081139982,0.5615032315254211
46905,Amazon_employee_access,tabpfn,32769,9,16384,16384,5,10,ok,,4.511265464127064,4.2014908362179995,0.6258559226989746
46905,Amazon_employee_access,hydra_small,32769,9,16384,16384,5,11,ok,,4.536911834962666,4.216827562078834,0.5615032315254211
46905,Amazon_employee_access,hybrid_8l,32769,9,16384,16384,5,11,ok,,1.9786894544959068,1.6704489719122648,0.5229279398918152
46905,Amazon_employee_access,tabpfn,32769,9,16384,16384,5,11,ok,,4.5433138916268945,4.19816311635077,0.6258559226989746
46905,Amazon_employee_access,hydra,32769,9,16384,16384,5,11,ok,,1.0740606598556042,0.767304752022028,0.5069195032119751
46905,Amazon_employee_access,hydra_small,32769,9,16384,16384,5,12,ok,,4.531388062983751,4.219516863115132,0.5615032315254211
46905,Amazon_employee_access,hybrid_8l,32769,9,16384,16384,5,12,ok,,1.9757344424724579,1.6694846041500568,0.5229279398918152
46905,Amazon_employee_access,hydra,32769,9,16384,16384,5,12,ok,,1.0818692026659846,0.7673297775909305,0.5069195032119751
46905,Amazon_employee_access,tabpfn,32769,9,16384,16384,5,12,ok,,4.532745321281254,4.19869162235409,0.6258559226989746
46905,Amazon_employee_access,hydra,32769,9,16384,16384,5,13,ok,,1.0766172129660845,0.7672316329553723,0.5069195032119751
46905,Amazon_employee_access,hydra_small,32769,9,16384,16384,5,13,ok,,4.524503231979907,4.214423126541078,0.5615032315254211
46905,Amazon_employee_access,hybrid_8l,32769,9,16384,16384,5,13,ok,,1.975043911486864,1.6691080275923014,0.5229279398918152
46905,Amazon_employee_access,tabpfn,32769,9,16384,16384,5,13,ok,,4.511905800551176,4.196456081233919,0.6258559226989746
46905,Amazon_employee_access,hybrid_8l,32769,9,16384,16384,5,14,ok,,1.9773974996060133,1.669062971137464,0.5229279398918152
46905,Amazon_employee_access,hydra_small,32769,9,16384,16384,5,14,ok,,4.528446808457375,4.214557385072112,0.5615032315254211
46905,Amazon_employee_access,hydra,32769,9,16384,16384,5,14,ok,,1.0742237055674195,0.7664817301556468,0.5069195032119751
46905,Amazon_employee_access,tabpfn,32769,9,16384,16384,5,14,ok,,4.505242981016636,4.1982316905632615,0.6258559226989746
46905,Amazon_employee_access,hydra,32769,9,16384,16384,5,15,ok,,1.074250353500247,0.7669223239645362,0.5069195032119751
46905,Amazon_employee_access,tabpfn,32769,9,16384,16384,5,15,ok,,4.510671094059944,4.199377559125423,0.6258559226989746
46905,Amazon_employee_access,hybrid_8l,32769,9,16384,16384,5,15,ok,,1.9779426977038383,1.6710398932918906,0.5229279398918152
46905,Amazon_employee_access,hydra_small,32769,9,16384,16384,5,15,ok,,4.526778739877045,4.211299224756658,0.5615032315254211
46910,bank-marketing,tabpfn,45211,13,16384,16384,1,1,ok,,4.570786020718515,4.194684432819486,0.7397676110267639
46910,bank-marketing,hydra_small,45211,13,16384,16384,1,1,ok,,4.5913521545007825,4.214344319887459,0.7080912590026855
46910,bank-marketing,hybrid_8l,45211,13,16384,16384,1,1,ok,,2.038191449828446,1.667583272792399,0.6531384587287903
46910,bank-marketing,hydra,45211,13,16384,16384,1,1,ok,,1.137654204852879,0.76625682041049,0.503472089767456
46910,bank-marketing,hybrid_8l,45211,13,16384,16384,1,2,ok,,2.0373647129163146,1.6663779374212027,0.6531384587287903
46910,bank-marketing,tabpfn,45211,13,16384,16384,1,2,ok,,4.564830330200493,4.1923579992726445,0.7397676110267639
46910,bank-marketing,hydra,45211,13,16384,16384,1,2,ok,,1.1482169181108475,0.7669013720005751,0.503472089767456
46910,bank-marketing,hydra_small,45211,13,16384,16384,1,2,ok,,4.58969315700233,4.2147786086425185,0.7080912590026855
46910,bank-marketing,hydra_small,45211,13,16384,16384,1,3,ok,,4.584821151569486,4.210257118567824,0.7080912590026855
46910,bank-marketing,tabpfn,45211,13,16384,16384,1,3,ok,,4.568894414231181,4.194446851499379,0.7397676110267639
46910,bank-marketing,hydra,45211,13,16384,16384,1,3,ok,,1.141727700829506,0.7661560084670782,0.503472089767456
46910,bank-marketing,hybrid_8l,45211,13,16384,16384,1,3,ok,,2.0517223542556167,1.6693554064258933,0.6531384587287903
46910,bank-marketing,hybrid_8l,45211,13,16384,16384,1,4,ok,,2.0802375115454197,1.669461446814239,0.6531384587287903
46910,bank-marketing,hydra,45211,13,16384,16384,1,4,ok,,1.138360439799726,0.766849322244525,0.503472089767456
46910,bank-marketing,hydra_small,45211,13,16384,16384,1,4,ok,,4.5879356767982244,4.213967484422028,0.7080912590026855
46910,bank-marketing,tabpfn,45211,13,16384,16384,1,4,ok,,4.5659901751205325,4.192218974232674,0.7397676110267639
46910,bank-marketing,hydra,45211,13,16384,16384,1,5,ok,,1.1393261086195707,0.7654761085286736,0.503472089767456
46910,bank-marketing,hydra_small,45211,13,16384,16384,1,5,ok,,4.5900245709344745,4.21632694080472,0.7080912590026855
46910,bank-marketing,tabpfn,45211,13,16384,16384,1,5,ok,,4.562400569207966,4.189571886323392,0.7397676110267639
46910,bank-marketing,hybrid_8l,45211,13,16384,16384,1,5,ok,,2.03734284453094,1.6667390065267682,0.6531384587287903
46910,bank-marketing,hydra_small,45211,13,16384,16384,1,6,ok,,4.5975143276154995,4.218269968405366,0.7080912590026855
46910,bank-marketing,hydra,45211,13,16384,16384,1,6,ok,,1.1845222227275372,0.7679045693948865,0.503472089767456
46910,bank-marketing,hybrid_8l,45211,13,16384,16384,1,6,ok,,2.0385287096723914,1.6679083406925201,0.6531384587287903
46910,bank-marketing,tabpfn,45211,13,16384,16384,1,6,ok,,4.572990819811821,4.197161420248449,0.7397676110267639
46910,bank-marketing,hybrid_8l,45211,13,16384,16384,1,7,ok,,2.067978878505528,1.6667648032307625,0.6531384587287903
46910,bank-marketing,hydra,45211,13,16384,16384,1,7,ok,,1.1423511495813727,0.7682287842035294,0.503472089767456
46910,bank-marketing,hydra_small,45211,13,16384,16384,1,7,ok,,4.587660362012684,4.213690125383437,0.7080912590026855
46910,bank-marketing,tabpfn,45211,13,16384,16384,1,7,ok,,4.592829254455864,4.1940109971910715,0.7397676110267639
46910,bank-marketing,hydra_small,45211,13,16384,16384,1,8,ok,,4.596604835242033,4.214062158018351,0.7080912590026855
46910,bank-marketing,hydra,45211,13,16384,16384,1,8,ok,,1.1415638653561473,0.768259390257299,0.503472089767456
46910,bank-marketing,hybrid_8l,45211,13,16384,16384,1,8,ok,,2.0408026538789272,1.6679702633991838,0.6531384587287903
46910,bank-marketing,tabpfn,45211,13,16384,16384,1,8,ok,,4.5668912045657635,4.191916705109179,0.7397676110267639
46910,bank-marketing,hydra_small,45211,13,16384,16384,1,9,ok,,4.590249420143664,4.2163325641304255,0.7080912590026855
46910,bank-marketing,hybrid_8l,45211,13,16384,16384,1,9,ok,,2.0605694334954023,1.669651037082076,0.6531384587287903
46910,bank-marketing,tabpfn,45211,13,16384,16384,1,9,ok,,4.579699408262968,4.197721249423921,0.7397676110267639
46910,bank-marketing,hydra,45211,13,16384,16384,1,9,ok,,1.1630172915756702,0.7665688768029213,0.503472089767456
46910,bank-marketing,hydra,45211,13,16384,16384,1,10,ok,,1.150469247251749,0.7679180828854442,0.503472089767456
46910,bank-marketing,hydra_small,45211,13,16384,16384,1,10,ok,,4.593573913909495,4.2143163392320275,0.7080912590026855
46910,bank-marketing,tabpfn,45211,13,16384,16384,1,10,ok,,4.585425533354282,4.197667384520173,0.7397676110267639
46910,bank-marketing,hybrid_8l,45211,13,16384,16384,1,10,ok,,2.0407036831602454,1.6677153063938022,0.6531384587287903
46910,bank-marketing,hybrid_8l,45211,13,16384,16384,1,11,ok,,2.057653246447444,1.6689890008419752,0.6531384587287903
46910,bank-marketing,tabpfn,45211,13,16384,16384,1,11,ok,,4.571968655101955,4.196461176499724,0.7397676110267639
46910,bank-marketing,hydra_small,45211,13,16384,16384,1,11,ok,,4.607041413895786,4.214928834699094,0.7080912590026855
46910,bank-marketing,hydra,45211,13,16384,16384,1,11,ok,,1.1380850207060575,0.7681163474917412,0.503472089767456
46910,bank-marketing,hydra,45211,13,16384,16384,1,12,ok,,1.226651237346232,0.7665101541206241,0.503472089767456
46910,bank-marketing,hybrid_8l,45211,13,16384,16384,1,12,ok,,2.042915250174701,1.6673015411943197,0.6531384587287903
46910,bank-marketing,hydra_small,45211,13,16384,16384,1,12,ok,,4.605340799316764,4.216711420565844,0.7080912590026855
46910,bank-marketing,tabpfn,45211,13,16384,16384,1,12,ok,,4.583814062178135,4.197379060089588,0.7397676110267639
46910,bank-marketing,hydra_small,45211,13,16384,16384,1,13,ok,,4.59414969291538,4.216363739222288,0.7080912590026855
46910,bank-marketing,hydra,45211,13,16384,16384,1,13,ok,,1.1434792997315526,0.767574087716639,0.503472089767456
46910,bank-marketing,tabpfn,45211,13,16384,16384,1,13,ok,,4.574259956367314,4.19452721439302,0.7397676110267639
46910,bank-marketing,hybrid_8l,45211,13,16384,16384,1,13,ok,,2.0449950881302357,1.671822415664792,0.6531384587287903
46910,bank-marketing,hydra,45211,13,16384,16384,1,14,ok,,1.1405098820105195,0.7666376139968634,0.503472089767456
46910,bank-marketing,tabpfn,45211,13,16384,16384,1,14,ok,,4.571320133283734,4.199061622843146,0.7397676110267639
46910,bank-marketing,hybrid_8l,45211,13,16384,16384,1,14,ok,,2.058945127762854,1.6673016976565123,0.6531384587287903
46910,bank-marketing,hydra_small,45211,13,16384,16384,1,14,ok,,4.596403396688402,4.2143648862838745,0.7080912590026855
46910,bank-marketing,hydra,45211,13,16384,16384,1,15,ok,,1.1376101579517126,0.76772531401366,0.503472089767456
46910,bank-marketing,hybrid_8l,45211,13,16384,16384,1,15,ok,,2.0399308912456036,1.668802740983665,0.6531384587287903
46910,bank-marketing,hydra_small,45211,13,16384,16384,1,15,ok,,4.62207043915987,4.215402171015739,0.7080912590026855
46910,bank-marketing,tabpfn,45211,13,16384,16384,1,15,ok,,4.566284959204495,4.195401352830231,0.7397676110267639
46910,bank-marketing,tabpfn,45211,13,16384,16384,2,1,ok,,4.574293659999967,4.195614895783365,0.7340631484985352
46910,bank-marketing,hydra_small,45211,13,16384,16384,2,1,ok,,4.597310449928045,4.213539355434477,0.6906806230545044
46910,bank-marketing,hydra,45211,13,16384,16384,2,1,ok,,1.1437088204547763,0.7650258988142014,0.4889025390148163
46910,bank-marketing,hybrid_8l,45211,13,16384,16384,2,1,ok,,2.0548162115737796,1.6671341778710485,0.6446723937988281
46910,bank-marketing,hybrid_8l,45211,13,16384,16384,2,2,ok,,2.0473460368812084,1.6688697952777147,0.6446723937988281
46910,bank-marketing,hydra,45211,13,16384,16384,2,2,ok,,1.1507560424506664,0.7655495004728436,0.4889025390148163
46910,bank-marketing,tabpfn,45211,13,16384,16384,2,2,ok,,4.571510391309857,4.193955358117819,0.7340631484985352
46910,bank-marketing,hydra_small,45211,13,16384,16384,2,2,ok,,4.595941551029682,4.214726191014051,0.6906806230545044
46910,bank-marketing,hydra,45211,13,16384,16384,2,3,ok,,1.1525655705481768,0.7684324318543077,0.4889025390148163
46910,bank-marketing,hydra_small,45211,13,16384,16384,2,3,ok,,4.598980526439846,4.218657017685473,0.6906806230545044
46910,bank-marketing,tabpfn,45211,13,16384,16384,2,3,ok,,4.595013509504497,4.195040959864855,0.7340631484985352
46910,bank-marketing,hybrid_8l,45211,13,16384,16384,2,3,ok,,2.053406497463584,1.6681440183892846,0.6446723937988281
46910,bank-marketing,tabpfn,45211,13,16384,16384,2,4,ok,,4.581423589028418,4.196627965196967,0.7340631484985352
46910,bank-marketing,hydra,45211,13,16384,16384,2,4,ok,,1.1676438488066196,0.7677858658134937,0.4889025390148163
46910,bank-marketing,hybrid_8l,45211,13,16384,16384,2,4,ok,,2.0624589072540402,1.6698939139023423,0.6446723937988281
46910,bank-marketing,hydra_small,45211,13,16384,16384,2,4,ok,,4.655462549999356,4.214780326932669,0.6906806230545044
46910,bank-marketing,hydra,45211,13,16384,16384,2,5,ok,,1.1525713503360748,0.767204494215548,0.4889025390148163
46910,bank-marketing,hybrid_8l,45211,13,16384,16384,2,5,ok,,2.0499116936698556,1.6679810285568237,0.6446723937988281
46910,bank-marketing,hydra_small,45211,13,16384,16384,2,5,ok,,4.601562492549419,4.216261971741915,0.6906806230545044
46910,bank-marketing,tabpfn,45211,13,16384,16384,2,5,ok,,4.5702288234606385,4.192914063110948,0.7340631484985352
46910,bank-marketing,hybrid_8l,45211,13,16384,16384,2,6,ok,,2.0633448231965303,1.6687412671744823,0.6446723937988281
46910,bank-marketing,tabpfn,45211,13,16384,16384,2,6,ok,,4.580630989745259,4.199309339746833,0.7340631484985352
46910,bank-marketing,hydra_small,45211,13,16384,16384,2,6,ok,,4.672370498068631,4.214012646116316,0.6906806230545044
46910,bank-marketing,hydra,45211,13,16384,16384,2,6,ok,,1.153735744766891,0.7667182525619864,0.4889025390148163
46910,bank-marketing,tabpfn,45211,13,16384,16384,2,7,ok,,4.659527192823589,4.195253532379866,0.7340631484985352
46910,bank-marketing,hybrid_8l,45211,13,16384,16384,2,7,ok,,2.0508486554026604,1.6699995808303356,0.6446723937988281
46910,bank-marketing,hydra,45211,13,16384,16384,2,7,ok,,1.1557496599853039,0.7675405088812113,0.4889025390148163
46910,bank-marketing,hydra_small,45211,13,16384,16384,2,7,ok,,4.595094350166619,4.213767318986356,0.6906806230545044
46910,bank-marketing,hydra,45211,13,16384,16384,2,8,ok,,1.147165165282786,0.7642892692238092,0.4889025390148163
46910,bank-marketing,hybrid_8l,45211,13,16384,16384,2,8,ok,,2.085710307583213,1.6682660039514303,0.6446723937988281
46910,bank-marketing,tabpfn,45211,13,16384,16384,2,8,ok,,4.597754848189652,4.197116647846997,0.7340631484985352
46910,bank-marketing,hydra_small,45211,13,16384,16384,2,8,ok,,4.659270021133125,4.215295131318271,0.6906806230545044
46910,bank-marketing,tabpfn,45211,13,16384,16384,2,9,ok,,4.661344840191305,4.197534056380391,0.7340631484985352
46910,bank-marketing,hybrid_8l,45211,13,16384,16384,2,9,ok,,2.0736250169575214,1.669532323256135,0.6446723937988281
46910,bank-marketing,hydra_small,45211,13,16384,16384,2,9,ok,,4.608232066035271,4.21649653557688,0.6906806230545044
46910,bank-marketing,hydra,45211,13,16384,16384,2,9,ok,,1.1462829522788525,0.7656254200264812,0.4889025390148163
46910,bank-marketing,hydra,45211,13,16384,16384,2,10,ok,,1.144074697047472,0.7656046515330672,0.4889025390148163
46910,bank-marketing,hybrid_8l,45211,13,16384,16384,2,10,ok,,2.0477437283843756,1.6676782090216875,0.6446723937988281
46910,bank-marketing,tabpfn,45211,13,16384,16384,2,10,ok,,4.615557382814586,4.192107081413269,0.7340631484985352
46910,bank-marketing,hydra_small,45211,13,16384,16384,2,10,ok,,4.601934099569917,4.216389919631183,0.6906806230545044
46910,bank-marketing,tabpfn,45211,13,16384,16384,2,11,ok,,4.5769180515781045,4.1978074396029115,0.7340631484985352
46910,bank-marketing,hydra_small,45211,13,16384,16384,2,11,ok,,4.597831783816218,4.216038983315229,0.6906806230545044
46910,bank-marketing,hydra,45211,13,16384,16384,2,11,ok,,1.1476426469162107,0.7677009925246239,0.4889025390148163
46910,bank-marketing,hybrid_8l,45211,13,16384,16384,2,11,ok,,2.1325598685070872,1.670106427744031,0.6446723937988281
46910,bank-marketing,hybrid_8l,45211,13,16384,16384,2,12,ok,,2.055950604379177,1.6676121521741152,0.6446723937988281
46910,bank-marketing,tabpfn,45211,13,16384,16384,2,12,ok,,4.577907442115247,4.196394891478121,0.7340631484985352
46910,bank-marketing,hydra_small,45211,13,16384,16384,2,12,ok,,4.597357451915741,4.213277236558497,0.6906806230545044
46910,bank-marketing,hydra,45211,13,16384,16384,2,12,ok,,1.162238460034132,0.7652841620147228,0.4889025390148163
46910,bank-marketing,tabpfn,45211,13,16384,16384,2,13,ok,,4.582725318148732,4.198379959911108,0.7340631484985352
46910,bank-marketing,hydra_small,45211,13,16384,16384,2,13,ok,,4.655187671072781,4.21594431810081,0.6906806230545044
46910,bank-marketing,hydra,45211,13,16384,16384,2,13,ok,,1.1497725704684854,0.7656688708811998,0.4889025390148163
46910,bank-marketing,hybrid_8l,45211,13,16384,16384,2,13,ok,,2.05413587577641,1.6698023900389671,0.6446723937988281
46910,bank-marketing,hybrid_8l,45211,13,16384,16384,2,14,ok,,2.048399214632809,1.6683542467653751,0.6446723937988281
46910,bank-marketing,tabpfn,45211,13,16384,16384,2,14,ok,,4.58351013250649,4.1952675292268395,0.7340631484985352
46910,bank-marketing,hydra,45211,13,16384,16384,2,14,ok,,1.1535705775022507,0.7673426615074277,0.4889025390148163
46910,bank-marketing,hydra_small,45211,13,16384,16384,2,14,ok,,4.645556238479912,4.21649329457432,0.6906806230545044
46910,bank-marketing,tabpfn,45211,13,16384,16384,2,15,ok,,4.583886702544987,4.199523792602122,0.7340631484985352
46910,bank-marketing,hybrid_8l,45211,13,16384,16384,2,15,ok,,2.054779402911663,1.670981541275978,0.6446723937988281
46910,bank-marketing,hydra,45211,13,16384,16384,2,15,ok,,1.146428894251585,0.7681098449975252,0.4889025390148163
46910,bank-marketing,hydra_small,45211,13,16384,16384,2,15,ok,,4.600520267151296,4.216248498298228,0.6906806230545044
46910,bank-marketing,tabpfn,45211,13,16384,16384,3,1,ok,,4.570126758888364,4.1926342360675335,0.7390097379684448
46910,bank-marketing,hydra_small,45211,13,16384,16384,3,1,ok,,4.603089674375951,4.216296006925404,0.7065057158470154
46910,bank-marketing,hybrid_8l,45211,13,16384,16384,3,1,ok,,2.0410466520115733,1.6688703512772918,0.6448767185211182
46910,bank-marketing,hydra,45211,13,16384,16384,3,1,ok,,1.1441997503861785,0.7660444201901555,0.4843997657299042
46910,bank-marketing,hydra_small,45211,13,16384,16384,3,2,ok,,4.604691917076707,4.220219179987907,0.7065057158470154
46910,bank-marketing,tabpfn,45211,13,16384,16384,3,2,ok,,4.576503539457917,4.1934379963204265,0.7390097379684448
46910,bank-marketing,hydra,45211,13,16384,16384,3,2,ok,,1.1437046127393842,0.7651584716513753,0.4843997657299042
46910,bank-marketing,hybrid_8l,45211,13,16384,16384,3,2,ok,,2.044761599972844,1.6678448766469955,0.6448767185211182
46910,bank-marketing,hybrid_8l,45211,13,16384,16384,3,3,ok,,2.0486535830423236,1.6693734638392925,0.6448767185211182
46910,bank-marketing,hydra_small,45211,13,16384,16384,3,3,ok,,4.602413007989526,4.213009065017104,0.7065057158470154
46910,bank-marketing,hydra,45211,13,16384,16384,3,3,ok,,1.1499979551881552,0.7681748066097498,0.4843997657299042
46910,bank-marketing,tabpfn,45211,13,16384,16384,3,3,ok,,4.574712051078677,4.197788044810295,0.7390097379684448
46910,bank-marketing,hydra,45211,13,16384,16384,3,4,ok,,1.1429578261449933,0.7664142418652773,0.4843997657299042
46910,bank-marketing,hydra_small,45211,13,16384,16384,3,4,ok,,4.593853507190943,4.215704881586134,0.7065057158470154
46910,bank-marketing,tabpfn,45211,13,16384,16384,3,4,ok,,4.572271555662155,4.195089721120894,0.7390097379684448
46910,bank-marketing,hybrid_8l,45211,13,16384,16384,3,4,ok,,2.0461700558662415,1.6689491467550397,0.6448767185211182
46910,bank-marketing,tabpfn,45211,13,16384,16384,3,5,ok,,4.570603363215923,4.194808948785067,0.7390097379684448
46910,bank-marketing,hydra_small,45211,13,16384,16384,3,5,ok,,4.596225988119841,4.217765382491052,0.7065057158470154
46910,bank-marketing,hydra,45211,13,16384,16384,3,5,ok,,1.1535508260130882,0.7679735841229558,0.4843997657299042
46910,bank-marketing,hybrid_8l,45211,13,16384,16384,3,5,ok,,2.075875968672335,1.6677554249763489,0.6448767185211182
46910,bank-marketing,hybrid_8l,45211,13,16384,16384,3,6,ok,,2.043923808261752,1.6699514454230666,0.6448767185211182
46910,bank-marketing,hydra,45211,13,16384,16384,3,6,ok,,1.1411682330071926,0.7670776164159179,0.4843997657299042
46910,bank-marketing,hydra_small,45211,13,16384,16384,3,6,ok,,4.590534535236657,4.212919835932553,0.7065057158470154
46910,bank-marketing,tabpfn,45211,13,16384,16384,3,6,ok,,4.567890883423388,4.192493420094252,0.7390097379684448
46910,bank-marketing,hydra_small,45211,13,16384,16384,3,7,ok,,4.594096977263689,4.217584358528256,0.7065057158470154
46910,bank-marketing,tabpfn,45211,13,16384,16384,3,7,ok,,4.57739148568362,4.195463129319251,0.7390097379684448
46910,bank-marketing,hydra,45211,13,16384,16384,3,7,ok,,1.1463893596082926,0.7678888458758593,0.4843997657299042
46910,bank-marketing,hybrid_8l,45211,13,16384,16384,3,7,ok,,2.048911144025624,1.6667574644088745,0.6448767185211182
46910,bank-marketing,hydra_small,45211,13,16384,16384,3,8,ok,,4.591694961301982,4.2136186780408025,0.7065057158470154
46910,bank-marketing,hydra,45211,13,16384,16384,3,8,ok,,1.1406753668561578,0.7668019803240895,0.4843997657299042
46910,bank-marketing,tabpfn,45211,13,16384,16384,3,8,ok,,4.569045117124915,4.1910863770172,0.7390097379684448
46910,bank-marketing,hybrid_8l,45211,13,16384,16384,3,8,ok,,2.054808635264635,1.6696091443300247,0.6448767185211182
46910,bank-marketing,hydra_small,45211,13,16384,16384,3,9,ok,,4.594976302236319,4.215193290263414,0.7065057158470154
46910,bank-marketing,tabpfn,45211,13,16384,16384,3,9,ok,,4.570805625990033,4.195131123997271,0.7390097379684448
46910,bank-marketing,hydra,45211,13,16384,16384,3,9,ok,,1.1438127411529422,0.7654308900237083,0.4843997657299042
46910,bank-marketing,hybrid_8l,45211,13,16384,16384,3,9,ok,,2.0415295381098986,1.6686716601252556,0.6448767185211182
46910,bank-marketing,hybrid_8l,45211,13,16384,16384,3,10,ok,,2.045721497386694,1.6700510019436479,0.6448767185211182
46910,bank-marketing,hydra_small,45211,13,16384,16384,3,10,ok,,4.595149686560035,4.215516678988934,0.7065057158470154
46910,bank-marketing,tabpfn,45211,13,16384,16384,3,10,ok,,4.576871900819242,4.196365705691278,0.7390097379684448
46910,bank-marketing,hydra,45211,13,16384,16384,3,10,ok,,1.1470923535525799,0.7678619772195816,0.4843997657299042
46910,bank-marketing,hydra,45211,13,16384,16384,3,11,ok,,1.1504973033443093,0.7676939433440566,0.4843997657299042
46910,bank-marketing,hybrid_8l,45211,13,16384,16384,3,11,ok,,2.0464438954368234,1.6696320353075862,0.6448767185211182
46910,bank-marketing,tabpfn,45211,13,16384,16384,3,11,ok,,4.574991116300225,4.197214496321976,0.7390097379684448
46910,bank-marketing,hydra_small,45211,13,16384,16384,3,11,ok,,4.5994128081947565,4.2184770219028,0.7065057158470154
46910,bank-marketing,hybrid_8l,45211,13,16384,16384,3,12,ok,,2.043989945203066,1.6699269441887736,0.6448767185211182
46910,bank-marketing,hydra_small,45211,13,16384,16384,3,12,ok,,4.592053045518696,4.214692721143365,0.7065057158470154
46910,bank-marketing,hydra,45211,13,16384,16384,3,12,ok,,1.1373055838048458,0.7658038027584553,0.4843997657299042
46910,bank-marketing,tabpfn,45211,13,16384,16384,3,12,ok,,4.572867305018008,4.197625631466508,0.7390097379684448
46910,bank-marketing,hydra,45211,13,16384,16384,3,13,ok,,1.1459863865748048,0.767028764821589,0.4843997657299042
46910,bank-marketing,hydra_small,45211,13,16384,16384,3,13,ok,,4.596344525925815,4.215521042235196,0.7065057158470154
46910,bank-marketing,hybrid_8l,45211,13,16384,16384,3,13,ok,,2.0431449646130204,1.6677540568634868,0.6448767185211182
46910,bank-marketing,tabpfn,45211,13,16384,16384,3,13,ok,,4.567506874911487,4.191677995957434,0.7390097379684448
46910,bank-marketing,tabpfn,45211,13,16384,16384,3,14,ok,,4.574880676344037,4.198918830603361,0.7390097379684448
46910,bank-marketing,hybrid_8l,45211,13,16384,16384,3,14,ok,,2.0447913305833936,1.6690398883074522,0.6448767185211182
46910,bank-marketing,hydra,45211,13,16384,16384,3,14,ok,,1.140550073236227,0.7660357691347599,0.4843997657299042
46910,bank-marketing,hydra_small,45211,13,16384,16384,3,14,ok,,4.590517723932862,4.214008894748986,0.7065057158470154
46910,bank-marketing,hydra,45211,13,16384,16384,3,15,ok,,1.1457629799842834,0.7685760026797652,0.4843997657299042
46910,bank-marketing,tabpfn,45211,13,16384,16384,3,15,ok,,4.569267187267542,4.194113736972213,0.7390097379684448
46910,bank-marketing,hydra_small,45211,13,16384,16384,3,15,ok,,4.591090198606253,4.2149266712367535,0.7065057158470154
46910,bank-marketing,hybrid_8l,45211,13,16384,16384,3,15,ok,,2.0431172819808125,1.6692196186631918,0.6448767185211182
46910,bank-marketing,hydra,45211,13,16384,16384,4,1,ok,,1.139792650938034,0.7660495266318321,0.49667638540267944
46910,bank-marketing,tabpfn,45211,13,16384,16384,4,1,ok,,4.577274571172893,4.197351728565991,0.7389218211174011
46910,bank-marketing,hybrid_8l,45211,13,16384,16384,4,1,ok,,2.057566359639168,1.6699956972151995,0.6477354764938354
46910,bank-marketing,hydra_small,45211,13,16384,16384,4,1,ok,,4.595200585201383,4.217272389680147,0.6984807848930359
46910,bank-marketing,tabpfn,45211,13,16384,16384,4,2,ok,,4.568353661336005,4.195801479741931,0.7389218211174011
46910,bank-marketing,hydra,45211,13,16384,16384,4,2,ok,,1.141932487487793,0.7670448888093233,0.49667638540267944
46910,bank-marketing,hybrid_8l,45211,13,16384,16384,4,2,ok,,2.041232201270759,1.6685940008610487,0.6477354764938354
46910,bank-marketing,hydra_small,45211,13,16384,16384,4,2,ok,,4.593066633678973,4.2159423073753715,0.6984807848930359
46910,bank-marketing,hybrid_8l,45211,13,16384,16384,4,3,ok,,2.0413353256881237,1.6677551437169313,0.6477354764938354
46910,bank-marketing,hydra,45211,13,16384,16384,4,3,ok,,1.138529285788536,0.7660381337627769,0.49667638540267944
46910,bank-marketing,tabpfn,45211,13,16384,16384,4,3,ok,,4.5706179570406675,4.195551449432969,0.7389218211174011
46910,bank-marketing,hydra_small,45211,13,16384,16384,4,3,ok,,4.590051633305848,4.214342474006116,0.6984807848930359
46910,bank-marketing,tabpfn,45211,13,16384,16384,4,4,ok,,4.57393507193774,4.199139025062323,0.7389218211174011
46910,bank-marketing,hydra_small,45211,13,16384,16384,4,4,ok,,4.5974221816286445,4.219800370745361,0.6984807848930359
46910,bank-marketing,hydra,45211,13,16384,16384,4,4,ok,,1.1404916113242507,0.767134360037744,0.49667638540267944
46910,bank-marketing,hybrid_8l,45211,13,16384,16384,4,4,ok,,2.040731769055128,1.6694922558963299,0.6477354764938354
46910,bank-marketing,hydra,45211,13,16384,16384,4,5,ok,,1.137892261147499,0.7665103944018483,0.49667638540267944
46910,bank-marketing,hybrid_8l,45211,13,16384,16384,4,5,ok,,2.0408195620402694,1.6686256593093276,0.6477354764938354
46910,bank-marketing,tabpfn,45211,13,16384,16384,4,5,ok,,4.570066537708044,4.1944457944482565,0.7389218211174011
46910,bank-marketing,hydra_small,45211,13,16384,16384,4,5,ok,,4.589260067790747,4.213919782079756,0.6984807848930359
46910,bank-marketing,hydra_small,45211,13,16384,16384,4,6,ok,,4.59699766151607,4.215683831833303,0.6984807848930359
46910,bank-marketing,hybrid_8l,45211,13,16384,16384,4,6,ok,,2.0390013847500086,1.6684420797973871,0.6477354764938354
46910,bank-marketing,tabpfn,45211,13,16384,16384,4,6,ok,,4.568933660164475,4.195424499921501,0.7389218211174011
46910,bank-marketing,hydra,45211,13,16384,16384,4,6,ok,,1.1494077304378152,0.7674176385626197,0.49667638540267944
46910,bank-marketing,hydra,45211,13,16384,16384,4,7,ok,,1.140842828899622,0.7672509364783764,0.49667638540267944
46910,bank-marketing,tabpfn,45211,13,16384,16384,4,7,ok,,4.570598131045699,4.19791026879102,0.7389218211174011
46910,bank-marketing,hybrid_8l,45211,13,16384,16384,4,7,ok,,2.0448516588658094,1.6696315379813313,0.6477354764938354
46910,bank-marketing,hydra_small,45211,13,16384,16384,4,7,ok,,4.593515773303807,4.215984585694969,0.6984807848930359
46910,bank-marketing,hydra,45211,13,16384,16384,4,8,ok,,1.1402259459719062,0.7665314581245184,0.49667638540267944
46910,bank-marketing,tabpfn,45211,13,16384,16384,4,8,ok,,4.571597382426262,4.193717800080776,0.7389218211174011
46910,bank-marketing,hybrid_8l,45211,13,16384,16384,4,8,ok,,2.0432982314378023,1.6689960854128003,0.6477354764938354
46910,bank-marketing,hydra_small,45211,13,16384,16384,4,8,ok,,4.597345654852688,4.215520294383168,0.6984807848930359
46910,bank-marketing,hydra,45211,13,16384,16384,4,9,ok,,1.152141279540956,0.7665273137390614,0.49667638540267944
46910,bank-marketing,hydra_small,45211,13,16384,16384,4,9,ok,,4.596536626107991,4.218189516104758,0.6984807848930359
46910,bank-marketing,hybrid_8l,45211,13,16384,16384,4,9,ok,,2.050547626800835,1.6689693359658122,0.6477354764938354
46910,bank-marketing,tabpfn,45211,13,16384,16384,4,9,ok,,4.573605302721262,4.1946530025452375,0.7389218211174011
46910,bank-marketing,hydra,45211,13,16384,16384,4,10,ok,,1.1420942824333906,0.7676012488082051,0.49667638540267944
46910,bank-marketing,hybrid_8l,45211,13,16384,16384,4,10,ok,,2.0522041199728847,1.6685505639761686,0.6477354764938354
46910,bank-marketing,tabpfn,45211,13,16384,16384,4,10,ok,,4.576938037760556,4.195186398923397,0.7389218211174011
46910,bank-marketing,hydra_small,45211,13,16384,16384,4,10,ok,,4.589828762225807,4.212114132009447,0.6984807848930359
46910,bank-marketing,hybrid_8l,45211,13,16384,16384,4,11,ok,,2.044538652524352,1.6683866884559393,0.6477354764938354
46910,bank-marketing,hydra,45211,13,16384,16384,4,11,ok,,1.1432337677106261,0.7677414109930396,0.49667638540267944
46910,bank-marketing,hydra_small,45211,13,16384,16384,4,11,ok,,4.590993579477072,4.213420442305505,0.6984807848930359
46910,bank-marketing,tabpfn,45211,13,16384,16384,4,11,ok,,4.577240857295692,4.199162298813462,0.7389218211174011
46910,bank-marketing,hydra_small,45211,13,16384,16384,4,12,ok,,4.591050911694765,4.214792415499687,0.6984807848930359
46910,bank-marketing,hydra,45211,13,16384,16384,4,12,ok,,1.1425005979835987,0.766677862033248,0.49667638540267944
46910,bank-marketing,hybrid_8l,45211,13,16384,16384,4,12,ok,,2.0505642630159855,1.6695866165682673,0.6477354764938354
46910,bank-marketing,tabpfn,45211,13,16384,16384,4,12,ok,,4.576158304698765,4.195054969750345,0.7389218211174011
46910,bank-marketing,hydra_small,45211,13,16384,16384,4,13,ok,,4.605230343528092,4.216369016095996,0.6984807848930359
46910,bank-marketing,hydra,45211,13,16384,16384,4,13,ok,,1.1492713978514075,0.7669075168669224,0.49667638540267944
46910,bank-marketing,tabpfn,45211,13,16384,16384,4,13,ok,,4.576809169724584,4.194634618237615,0.7389218211174011
46910,bank-marketing,hybrid_8l,45211,13,16384,16384,4,13,ok,,2.0456359880045056,1.668629426509142,0.6477354764938354
46910,bank-marketing,tabpfn,45211,13,16384,16384,4,14,ok,,4.5687769167125225,4.19282013271004,0.7389218211174011
46910,bank-marketing,hybrid_8l,45211,13,16384,16384,4,14,ok,,2.046475425362587,1.6702258121222258,0.6477354764938354
46910,bank-marketing,hydra,45211,13,16384,16384,4,14,ok,,1.1486367024481297,0.7681788196787238,0.49667638540267944
46910,bank-marketing,hydra_small,45211,13,16384,16384,4,14,ok,,4.597450421191752,4.21688431315124,0.6984807848930359
46910,bank-marketing,hybrid_8l,45211,13,16384,16384,4,15,ok,,2.047030189074576,1.6677181906998158,0.6477354764938354
46910,bank-marketing,tabpfn,45211,13,16384,16384,4,15,ok,,4.573214017786086,4.1939958250150084,0.7389218211174011
46910,bank-marketing,hydra,45211,13,16384,16384,4,15,ok,,1.1412428123876452,0.7664170833304524,0.49667638540267944
46910,bank-marketing,hydra_small,45211,13,16384,16384,4,15,ok,,4.593803104944527,4.217326899990439,0.6984807848930359
46910,bank-marketing,hybrid_8l,45211,13,16384,16384,5,1,ok,,2.0384725583717227,1.6689410991966724,0.6556103229522705
46910,bank-marketing,hydra,45211,13,16384,16384,5,1,ok,,1.1324082715436816,0.7665381245315075,0.5024744868278503
46910,bank-marketing,tabpfn,45211,13,16384,16384,5,1,ok,,4.563756445422769,4.19852174911648,0.7352019548416138
46910,bank-marketing,hydra_small,45211,13,16384,16384,5,1,ok,,4.583734584972262,4.215161142870784,0.6999701261520386
46910,bank-marketing,hydra,45211,13,16384,16384,5,2,ok,,1.1346546988934278,0.7658899826928973,0.5024744868278503
46910,bank-marketing,tabpfn,45211,13,16384,16384,5,2,ok,,4.559685070998967,4.194536389783025,0.7352019548416138
46910,bank-marketing,hybrid_8l,45211,13,16384,16384,5,2,ok,,2.035447464324534,1.670386397279799,0.6556103229522705
46910,bank-marketing,hydra_small,45211,13,16384,16384,5,2,ok,,4.580833752639592,4.212391722947359,0.6999701261520386
46910,bank-marketing,hydra,45211,13,16384,16384,5,3,ok,,1.1366067826747894,0.7659063022583723,0.5024744868278503
46910,bank-marketing,hybrid_8l,45211,13,16384,16384,5,3,ok,,2.0444721030071378,1.6704141544178128,0.6556103229522705
46910,bank-marketing,tabpfn,45211,13,16384,16384,5,3,ok,,4.563759000971913,4.194910836406052,0.7352019548416138
46910,bank-marketing,hydra_small,45211,13,16384,16384,5,3,ok,,4.580562028102577,4.21509272698313,0.6999701261520386
46910,bank-marketing,hydra,45211,13,16384,16384,5,4,ok,,1.1301022442057729,0.7663661008700728,0.5024744868278503
46910,bank-marketing,hydra_small,45211,13,16384,16384,5,4,ok,,4.580193088389933,4.212098453193903,0.6999701261520386
46910,bank-marketing,hybrid_8l,45211,13,16384,16384,5,4,ok,,2.037167468108237,1.6684595756232738,0.6556103229522705
46910,bank-marketing,tabpfn,45211,13,16384,16384,5,4,ok,,4.562908727675676,4.193758688867092,0.7352019548416138
46910,bank-marketing,tabpfn,45211,13,16384,16384,5,5,ok,,4.571188463829458,4.196725993417203,0.7352019548416138
46910,bank-marketing,hydra_small,45211,13,16384,16384,5,5,ok,,4.584682684391737,4.214778300374746,0.6999701261520386
46910,bank-marketing,hybrid_8l,45211,13,16384,16384,5,5,ok,,2.035586512647569,1.6688778782263398,0.6556103229522705
46910,bank-marketing,hydra,45211,13,16384,16384,5,5,ok,,1.1402262235060334,0.7660723282024264,0.5024744868278503
46910,bank-marketing,tabpfn,45211,13,16384,16384,5,6,ok,,4.563816138543189,4.198431957513094,0.7352019548416138
46910,bank-marketing,hydra,45211,13,16384,16384,5,6,ok,,1.134984940290451,0.7678203256800771,0.5024744868278503
46910,bank-marketing,hydra_small,45211,13,16384,16384,5,6,ok,,4.577752231620252,4.211735459975898,0.6999701261520386
46910,bank-marketing,hybrid_8l,45211,13,16384,16384,5,6,ok,,2.0348735926672816,1.6696172272786498,0.6556103229522705
46910,bank-marketing,hydra_small,45211,13,16384,16384,5,7,ok,,4.58029271569103,4.212940100580454,0.6999701261520386
46910,bank-marketing,hybrid_8l,45211,13,16384,16384,5,7,ok,,2.0358488326892257,1.6691767312586308,0.6556103229522705
46910,bank-marketing,tabpfn,45211,13,16384,16384,5,7,ok,,4.571627741679549,4.198921573348343,0.7352019548416138
46910,bank-marketing,hydra,45211,13,16384,16384,5,7,ok,,1.1302624363452196,0.7664141291752458,0.5024744868278503
46910,bank-marketing,hydra,45211,13,16384,16384,5,8,ok,,1.1394853321835399,0.7670419383794069,0.5024744868278503
46910,bank-marketing,hydra_small,45211,13,16384,16384,5,8,ok,,4.58392995968461,4.214202208444476,0.6999701261520386
46910,bank-marketing,hybrid_8l,45211,13,16384,16384,5,8,ok,,2.0323361484333873,1.6697873985394835,0.6556103229522705
46910,bank-marketing,tabpfn,45211,13,16384,16384,5,8,ok,,4.56404875498265,4.200001846067607,0.7352019548416138
46910,bank-marketing,hydra_small,45211,13,16384,16384,5,9,ok,,4.591688978485763,4.21552553307265,0.6999701261520386
46910,bank-marketing,tabpfn,45211,13,16384,16384,5,9,ok,,4.566908910870552,4.198344953358173,0.7352019548416138
46910,bank-marketing,hydra,45211,13,16384,16384,5,9,ok,,1.1346364207565784,0.7666491232812405,0.5024744868278503
46910,bank-marketing,hybrid_8l,45211,13,16384,16384,5,9,ok,,2.0453335773199797,1.6704937620088458,0.6556103229522705
46910,bank-marketing,hydra,45211,13,16384,16384,5,10,ok,,1.1341262012720108,0.7671326417475939,0.5024744868278503
46910,bank-marketing,hydra_small,45211,13,16384,16384,5,10,ok,,4.594379486516118,4.219686256721616,0.6999701261520386
46910,bank-marketing,hybrid_8l,45211,13,16384,16384,5,10,ok,,2.0361183136701584,1.669811842031777,0.6556103229522705
46910,bank-marketing,tabpfn,45211,13,16384,16384,5,10,ok,,4.561917384155095,4.198214311152697,0.7352019548416138
46910,bank-marketing,hybrid_8l,45211,13,16384,16384,5,11,ok,,2.033362747170031,1.6695612343028188,0.6556103229522705
46910,bank-marketing,tabpfn,45211,13,16384,16384,5,11,ok,,4.563823661766946,4.1977760484442115,0.7352019548416138
46910,bank-marketing,hydra,45211,13,16384,16384,5,11,ok,,1.13974969368428,0.7680141739547253,0.5024744868278503
46910,bank-marketing,hydra_small,45211,13,16384,16384,5,11,ok,,4.584587181918323,4.215082878246903,0.6999701261520386
46910,bank-marketing,hydra_small,45211,13,16384,16384,5,12,ok,,4.580950418487191,4.212330345995724,0.6999701261520386
46910,bank-marketing,hydra,45211,13,16384,16384,5,12,ok,,1.1266994811594486,0.7643734328448772,0.5024744868278503
46910,bank-marketing,tabpfn,45211,13,16384,16384,5,12,ok,,4.561180440708995,4.198354187421501,0.7352019548416138
46910,bank-marketing,hybrid_8l,45211,13,16384,16384,5,12,ok,,2.03160020057112,1.6699024513363838,0.6556103229522705
46910,bank-marketing,tabpfn,45211,13,16384,16384,5,13,ok,,4.584855290129781,4.195912164635956,0.7352019548416138
46910,bank-marketing,hydra_small,45211,13,16384,16384,5,13,ok,,4.576782675459981,4.212305968627334,0.6999701261520386
46910,bank-marketing,hybrid_8l,45211,13,16384,16384,5,13,ok,,2.034431186504662,1.6705666659399867,0.6556103229522705
46910,bank-marketing,hydra,45211,13,16384,16384,5,13,ok,,1.1296139918267727,0.7658644188195467,0.5024744868278503
46910,bank-marketing,hybrid_8l,45211,13,16384,16384,5,14,ok,,2.0343825733289123,1.6699452884495258,0.6556103229522705
46910,bank-marketing,tabpfn,45211,13,16384,16384,5,14,ok,,4.557871078141034,4.194974358193576,0.7352019548416138
46910,bank-marketing,hydra,45211,13,16384,16384,5,14,ok,,1.1403916142880917,0.7680396270006895,0.5024744868278503
46910,bank-marketing,hydra_small,45211,13,16384,16384,5,14,ok,,4.585845581255853,4.216316109523177,0.6999701261520386
46910,bank-marketing,tabpfn,45211,13,16384,16384,5,15,ok,,4.559883138164878,4.193238736130297,0.7352019548416138
46910,bank-marketing,hydra_small,45211,13,16384,16384,5,15,ok,,4.581628365442157,4.21586677338928,0.6999701261520386
46910,bank-marketing,hydra,45211,13,16384,16384,5,15,ok,,1.1293108258396387,0.7655809158459306,0.5024744868278503
46910,bank-marketing,hybrid_8l,45211,13,16384,16384,5,15,ok,,2.0612768102437258,1.6680478192865849,0.6556103229522705
46922,Diabetes130US,hydra_small,917,47,16384,458,1,1,ok,,0.23548957984894514,0.1081259697675705,0.5711462497711182
46922,Diabetes130US,tabpfn,917,47,16384,458,1,1,ok,,0.16651979088783264,0.021610344760119915,0.5786671042442322
46922,Diabetes130US,hybrid_8l,917,47,16384,458,1,1,ok,,0.1386842979118228,0.014987812377512455,0.5359025001525879
46922,Diabetes130US,hydra,917,47,16384,458,1,1,ok,,0.14572612382471561,0.021262895315885544,0.5159749388694763
46922,Diabetes130US,hydra_small,917,47,16384,458,1,2,ok,,0.23463813867419958,0.10774061921983957,0.5711462497711182
46922,Diabetes130US,tabpfn,917,47,16384,458,1,2,ok,,0.17150196619331837,0.021612728014588356,0.5786671042442322
46922,Diabetes130US,hydra,917,47,16384,458,1,2,ok,,0.14671870321035385,0.021379977464675903,0.5159749388694763
46922,Diabetes130US,hybrid_8l,917,47,16384,458,1,2,ok,,0.13838384859263897,0.014944801107048988,0.5359025001525879
46922,Diabetes130US,hybrid_8l,917,47,16384,458,1,3,ok,,0.13806522637605667,0.014956983737647533,0.5359025001525879
46922,Diabetes130US,hydra,917,47,16384,458,1,3,ok,,0.14535039197653532,0.021213563159108162,0.5159749388694763
46922,Diabetes130US,tabpfn,917,47,16384,458,1,3,ok,,0.1454584775492549,0.02176077850162983,0.5786671042442322
46922,Diabetes130US,hydra_small,917,47,16384,458,1,3,ok,,0.23504561930894852,0.10805846191942692,0.5711462497711182
46922,Diabetes130US,hydra,917,47,16384,458,1,4,ok,,0.14523122739046812,0.02134720515459776,0.5159749388694763
46922,Diabetes130US,hybrid_8l,917,47,16384,458,1,4,ok,,0.13905456010252237,0.01496658194810152,0.5359025001525879
46922,Diabetes130US,hydra_small,917,47,16384,458,1,4,ok,,0.2462245188653469,0.10770675539970398,0.5711462497711182
46922,Diabetes130US,tabpfn,917,47,16384,458,1,4,ok,,0.14565566089004278,0.0215772008523345,0.5786671042442322
46922,Diabetes130US,hydra_small,917,47,16384,458,1,5,ok,,0.23530467133969069,0.10806946270167828,0.5711462497711182
46922,Diabetes130US,hybrid_8l,917,47,16384,458,1,5,ok,,0.14710084721446037,0.015075878240168095,0.5359025001525879
46922,Diabetes130US,hydra,917,47,16384,458,1,5,ok,,0.14602007064968348,0.021231436170637608,0.5159749388694763
46922,Diabetes130US,tabpfn,917,47,16384,458,1,5,ok,,0.1762418830767274,0.021582801826298237,0.5786671042442322
46922,Diabetes130US,tabpfn,917,47,16384,458,1,6,ok,,0.1447967542335391,0.021530482918024063,0.5786671042442322
46922,Diabetes130US,hydra_small,917,47,16384,458,1,6,ok,,0.23461574502289295,0.10796003602445126,0.5711462497711182
46922,Diabetes130US,hydra,917,47,16384,458,1,6,ok,,0.16500806901603937,0.02120557799935341,0.5159749388694763
46922,Diabetes130US,hybrid_8l,917,47,16384,458,1,6,ok,,0.17591623589396477,0.015117538161575794,0.5359025001525879
46922,Diabetes130US,hybrid_8l,917,47,16384,458,1,7,ok,,0.13681266456842422,0.014989647082984447,0.5359025001525879
46922,Diabetes130US,tabpfn,917,47,16384,458,1,7,ok,,0.14435748383402824,0.02151897083967924,0.5786671042442322
46922,Diabetes130US,hydra_small,917,47,16384,458,1,7,ok,,0.2334655374288559,0.1078176461160183,0.5711462497711182
46922,Diabetes130US,hydra,917,47,16384,458,1,7,ok,,0.14597557578235865,0.021296288818120956,0.5159749388694763
46922,Diabetes130US,hydra,917,47,16384,458,1,8,ok,,0.1450654435902834,0.021281151100993156,0.5159749388694763
46922,Diabetes130US,hybrid_8l,917,47,16384,458,1,8,ok,,0.1371599631384015,0.01486841682344675,0.5359025001525879
46922,Diabetes130US,hydra_small,917,47,16384,458,1,8,ok,,0.23331335932016373,0.10780083388090134,0.5711462497711182
46922,Diabetes130US,tabpfn,917,47,16384,458,1,8,ok,,0.1623749528080225,0.0217243991792202,0.5786671042442322
46922,Diabetes130US,hydra_small,917,47,16384,458,1,9,ok,,0.23193966876715422,0.10767432488501072,0.5711462497711182
46922,Diabetes130US,hydra,917,47,16384,458,1,9,ok,,0.14543650578707457,0.021231185644865036,0.5159749388694763
46922,Diabetes130US,tabpfn,917,47,16384,458,1,9,ok,,0.14403673447668552,0.02153841871768236,0.5786671042442322
46922,Diabetes130US,hybrid_8l,917,47,16384,458,1,9,ok,,0.1374849183484912,0.014940643683075905,0.5359025001525879
46922,Diabetes130US,tabpfn,917,47,16384,458,1,10,ok,,0.14455903507769108,0.02147376537322998,0.5786671042442322
46922,Diabetes130US,hydra_small,917,47,16384,458,1,10,ok,,0.23252139147371054,0.1077013062313199,0.5711462497711182
46922,Diabetes130US,hybrid_8l,917,47,16384,458,1,10,ok,,0.1390341017395258,0.01534714363515377,0.5359025001525879
46922,Diabetes130US,hydra,917,47,16384,458,1,10,ok,,0.15185376908630133,0.022048024460673332,0.5159749388694763
46922,Diabetes130US,hydra_small,917,47,16384,458,1,11,ok,,0.23396268021315336,0.1078180568292737,0.5711462497711182
46922,Diabetes130US,hybrid_8l,917,47,16384,458,1,11,ok,,0.13796294387429953,0.014872695319354534,0.5359025001525879
46922,Diabetes130US,tabpfn,917,47,16384,458,1,11,ok,,0.1455368073657155,0.021703860722482204,0.5786671042442322
46922,Diabetes130US,hydra,917,47,16384,458,1,11,ok,,0.14510182198137045,0.021563374437391758,0.5159749388694763
46922,Diabetes130US,hydra_small,917,47,16384,458,1,12,ok,,0.23368211835622787,0.10777406394481659,0.5711462497711182
46922,Diabetes130US,hybrid_8l,917,47,16384,458,1,12,ok,,0.13777588959783316,0.014873195439577103,0.5359025001525879
46922,Diabetes130US,hydra,917,47,16384,458,1,12,ok,,0.14440902043133974,0.021381971426308155,0.5159749388694763
46922,Diabetes130US,tabpfn,917,47,16384,458,1,12,ok,,0.14379160199314356,0.021515353582799435,0.5786671042442322
46922,Diabetes130US,hydra,917,47,16384,458,1,13,ok,,0.1418965421617031,0.021121136844158173,0.5159749388694763
46922,Diabetes130US,tabpfn,917,47,16384,458,1,13,ok,,0.14419823233038187,0.021467062644660473,0.5786671042442322
46922,Diabetes130US,hybrid_8l,917,47,16384,458,1,13,ok,,0.13616608083248138,0.015141623094677925,0.5359025001525879
46922,Diabetes130US,hydra_small,917,47,16384,458,1,13,ok,,0.2318076491355896,0.10814023669809103,0.5711462497711182
46922,Diabetes130US,hydra,917,47,16384,458,1,14,ok,,0.14322100020945072,0.02123626507818699,0.5159749388694763
46922,Diabetes130US,tabpfn,917,47,16384,458,1,14,ok,,0.14288566634058952,0.021531053818762302,0.5786671042442322
46922,Diabetes130US,hydra_small,917,47,16384,458,1,14,ok,,0.23187148105353117,0.10779915191233158,0.5711462497711182
46922,Diabetes130US,hybrid_8l,917,47,16384,458,1,14,ok,,0.1369642922654748,0.014869438484311104,0.5359025001525879
46922,Diabetes130US,tabpfn,917,47,16384,458,1,15,ok,,0.14392428286373615,0.02145600225776434,0.5786671042442322
46922,Diabetes130US,hydra,917,47,16384,458,1,15,ok,,0.14322969783097506,0.02115411963313818,0.5159749388694763
46922,Diabetes130US,hydra_small,917,47,16384,458,1,15,ok,,0.23298947885632515,0.10781041346490383,0.5711462497711182
46922,Diabetes130US,hybrid_8l,917,47,16384,458,1,15,ok,,0.13769630901515484,0.015024912543594837,0.5359025001525879
46922,Diabetes130US,tabpfn,917,47,16384,458,2,1,ok,,0.14753772597759962,0.021468736231327057,0.5738324522972107
46922,Diabetes130US,hybrid_8l,917,47,16384,458,2,1,ok,,0.1406765915453434,0.014962224289774895,0.548235297203064
46922,Diabetes130US,hydra,917,47,16384,458,2,1,ok,,0.1462105317041278,0.021220235154032707,0.5252050161361694
46922,Diabetes130US,hydra_small,917,47,16384,458,2,1,ok,,0.2364016603678465,0.1077028289437294,0.5455971360206604
46922,Diabetes130US,hydra_small,917,47,16384,458,2,2,ok,,0.23613413330167532,0.1078059645369649,0.5455971360206604
46922,Diabetes130US,hydra,917,47,16384,458,2,2,ok,,0.14767642877995968,0.02113480307161808,0.5252050161361694
46922,Diabetes130US,tabpfn,917,47,16384,458,2,2,ok,,0.14580462500452995,0.021432658657431602,0.5738324522972107
46922,Diabetes130US,hybrid_8l,917,47,16384,458,2,2,ok,,0.14074327982962132,0.014860250987112522,0.548235297203064
46922,Diabetes130US,hybrid_8l,917,47,16384,458,2,3,ok,,0.1705480618402362,0.014906689524650574,0.548235297203064
46922,Diabetes130US,hydra,917,47,16384,458,2,3,ok,,0.15221452340483665,0.021479095332324505,0.5252050161361694
46922,Diabetes130US,hydra_small,917,47,16384,458,2,3,ok,,0.23620816320180893,0.10773285664618015,0.5455971360206604
46922,Diabetes130US,tabpfn,917,47,16384,458,2,3,ok,,0.1490665515884757,0.021494204178452492,0.5738324522972107
46922,Diabetes130US,hydra,917,47,16384,458,2,4,ok,,0.1477602683007717,0.021155131980776787,0.5252050161361694
46922,Diabetes130US,hybrid_8l,917,47,16384,458,2,4,ok,,0.17347937263548374,0.015310544520616531,0.548235297203064
46922,Diabetes130US,hydra_small,917,47,16384,458,2,4,ok,,0.23668381571769714,0.1079862667247653,0.5455971360206604
46922,Diabetes130US,tabpfn,917,47,16384,458,2,4,ok,,0.14935831353068352,0.02158863376826048,0.5738324522972107
46922,Diabetes130US,hydra_small,917,47,16384,458,2,5,ok,,0.25042594969272614,0.10816136840730906,0.5455971360206604
46922,Diabetes130US,hydra,917,47,16384,458,2,5,ok,,0.14911011420190334,0.021161814220249653,0.5252050161361694
46922,Diabetes130US,hybrid_8l,917,47,16384,458,2,5,ok,,0.1420862628147006,0.01499146968126297,0.548235297203064
46922,Diabetes130US,tabpfn,917,47,16384,458,2,5,ok,,0.14807558432221413,0.021502379328012466,0.5738324522972107
46922,Diabetes130US,hydra,917,47,16384,458,2,6,ok,,0.1488479282706976,0.021165470592677593,0.5252050161361694
46922,Diabetes130US,hydra_small,917,47,16384,458,2,6,ok,,0.23806502111256123,0.10789987444877625,0.5455971360206604
46922,Diabetes130US,tabpfn,917,47,16384,458,2,6,ok,,0.17176637053489685,0.021503581665456295,0.5738324522972107
46922,Diabetes130US,hybrid_8l,917,47,16384,458,2,6,ok,,0.1390958009287715,0.015053316950798035,0.548235297203064
46922,Diabetes130US,hybrid_8l,917,47,16384,458,2,7,ok,,0.1391312973573804,0.01476976927369833,0.548235297203064
46922,Diabetes130US,tabpfn,917,47,16384,458,2,7,ok,,0.14828246645629406,0.021464497782289982,0.5738324522972107
46922,Diabetes130US,hydra_small,917,47,16384,458,2,7,ok,,0.2364208186045289,0.10774653125554323,0.5455971360206604
46922,Diabetes130US,hydra,917,47,16384,458,2,7,ok,,0.14566427934914827,0.021038741804659367,0.5252050161361694
46922,Diabetes130US,hybrid_8l,917,47,16384,458,2,8,ok,,0.13925276696681976,0.014815556816756725,0.548235297203064
46922,Diabetes130US,tabpfn,917,47,16384,458,2,8,ok,,0.14701512642204762,0.021584405563771725,0.5738324522972107
46922,Diabetes130US,hydra_small,917,47,16384,458,2,8,ok,,0.23748143576085567,0.10792434960603714,0.5455971360206604
46922,Diabetes130US,hydra,917,47,16384,458,2,8,ok,,0.14808408170938492,0.021130094304680824,0.5252050161361694
46922,Diabetes130US,tabpfn,917,47,16384,458,2,9,ok,,0.149352733977139,0.021464407444000244,0.5738324522972107
46922,Diabetes130US,hydra,917,47,16384,458,2,9,ok,,0.1483025047928095,0.021352245472371578,0.5252050161361694
46922,Diabetes130US,hybrid_8l,917,47,16384,458,2,9,ok,,0.1416820678859949,0.014880058355629444,0.548235297203064
46922,Diabetes130US,hydra_small,917,47,16384,458,2,9,ok,,0.23586109932512045,0.10783154517412186,0.5455971360206604
46922,Diabetes130US,tabpfn,917,47,16384,458,2,10,ok,,0.14654124062508345,0.021566431038081646,0.5738324522972107
46922,Diabetes130US,hydra,917,47,16384,458,2,10,ok,,0.1467967638745904,0.02155462745577097,0.5252050161361694
46922,Diabetes130US,hybrid_8l,917,47,16384,458,2,10,ok,,0.13993985764682293,0.01572433765977621,0.548235297203064
46922,Diabetes130US,hydra_small,917,47,16384,458,2,10,ok,,0.24929285421967506,0.11980254389345646,0.5455971360206604
46922,Diabetes130US,hybrid_8l,917,47,16384,458,2,11,ok,,0.14113314729183912,0.015293261967599392,0.548235297203064
46922,Diabetes130US,hydra,917,47,16384,458,2,11,ok,,0.14918725099414587,0.021213331259787083,0.5252050161361694
46922,Diabetes130US,hydra_small,917,47,16384,458,2,11,ok,,0.23807610291987658,0.10804428718984127,0.5455971360206604
46922,Diabetes130US,tabpfn,917,47,16384,458,2,11,ok,,0.1493463832885027,0.021456873044371605,0.5738324522972107
46922,Diabetes130US,tabpfn,917,47,16384,458,2,12,ok,,0.1467637810856104,0.021632817573845387,0.5738324522972107
46922,Diabetes130US,hybrid_8l,917,47,16384,458,2,12,ok,,0.14540520031005144,0.01502181775867939,0.548235297203064
46922,Diabetes130US,hydra,917,47,16384,458,2,12,ok,,0.14880943577736616,0.021168377250432968,0.5252050161361694
46922,Diabetes130US,hydra_small,917,47,16384,458,2,12,ok,,0.23750966042280197,0.1077974708750844,0.5455971360206604
46922,Diabetes130US,hybrid_8l,917,47,16384,458,2,13,ok,,0.1418506084010005,0.014917929656803608,0.548235297203064
46922,Diabetes130US,hydra,917,47,16384,458,2,13,ok,,0.1481330245733261,0.021102010272443295,0.5252050161361694
46922,Diabetes130US,tabpfn,917,47,16384,458,2,13,ok,,0.14898919593542814,0.02148135006427765,0.5738324522972107
46922,Diabetes130US,hydra_small,917,47,16384,458,2,13,ok,,0.23713404033333063,0.10787282232195139,0.5455971360206604
46922,Diabetes130US,hydra,917,47,16384,458,2,14,ok,,0.14820086397230625,0.02159735932946205,0.5252050161361694
46922,Diabetes130US,hydra_small,917,47,16384,458,2,14,ok,,0.2378720175474882,0.10807437542825937,0.5455971360206604
46922,Diabetes130US,tabpfn,917,47,16384,458,2,14,ok,,0.15664175804704428,0.021509363315999508,0.5738324522972107
46922,Diabetes130US,hybrid_8l,917,47,16384,458,2,14,ok,,0.14202127046883106,0.01493803784251213,0.548235297203064
46922,Diabetes130US,hydra,917,47,16384,458,2,15,ok,,0.14825345296412706,0.021163147874176502,0.5252050161361694
46922,Diabetes130US,hydra_small,917,47,16384,458,2,15,ok,,0.23737876396626234,0.107731725089252,0.5455971360206604
46922,Diabetes130US,tabpfn,917,47,16384,458,2,15,ok,,0.14881369564682245,0.02171172760426998,0.5738324522972107
46922,Diabetes130US,hybrid_8l,917,47,16384,458,2,15,ok,,0.14093017671257257,0.014963526278734207,0.548235297203064
46922,Diabetes130US,hydra_small,917,47,16384,458,3,1,ok,,0.23579563479870558,0.10727762524038553,0.5503556728363037
46922,Diabetes130US,hybrid_8l,917,47,16384,458,3,1,ok,,0.1412044046446681,0.014941946603357792,0.5498475432395935
46922,Diabetes130US,tabpfn,917,47,16384,458,3,1,ok,,0.1476773414760828,0.02151164785027504,0.550000011920929
46922,Diabetes130US,hydra,917,47,16384,458,3,1,ok,,0.1454917537048459,0.02142195776104927,0.5765752196311951
46922,Diabetes130US,hydra,917,47,16384,458,3,2,ok,,0.14716589450836182,0.02109941653907299,0.5765752196311951
46922,Diabetes130US,hydra_small,917,47,16384,458,3,2,ok,,0.23419715836644173,0.10778222139924765,0.5503556728363037
46922,Diabetes130US,hybrid_8l,917,47,16384,458,3,2,ok,,0.13983398023992777,0.015207638964056969,0.5498475432395935
46922,Diabetes130US,tabpfn,917,47,16384,458,3,2,ok,,0.14710299484431744,0.021940658800303936,0.550000011920929
46922,Diabetes130US,tabpfn,917,47,16384,458,3,3,ok,,0.1761968918144703,0.021539149805903435,0.550000011920929
46922,Diabetes130US,hydra,917,47,16384,458,3,3,ok,,0.14559326693415642,0.02119003888219595,0.5765752196311951
46922,Diabetes130US,hybrid_8l,917,47,16384,458,3,3,ok,,0.13870189618319273,0.01490762084722519,0.5498475432395935
46922,Diabetes130US,hydra_small,917,47,16384,458,3,3,ok,,0.23516737762838602,0.10772805847227573,0.5503556728363037
46922,Diabetes130US,hydra_small,917,47,16384,458,3,4,ok,,0.23547804448753595,0.10736221726983786,0.5503556728363037
46922,Diabetes130US,hydra,917,47,16384,458,3,4,ok,,0.14777179248631,0.02116693463176489,0.5765752196311951
46922,Diabetes130US,tabpfn,917,47,16384,458,3,4,ok,,0.14604381937533617,0.021452846005558968,0.550000011920929
46922,Diabetes130US,hybrid_8l,917,47,16384,458,3,4,ok,,0.14123119600117207,0.015162303112447262,0.5498475432395935
46922,Diabetes130US,hybrid_8l,917,47,16384,458,3,5,ok,,0.14566296804696321,0.01569213718175888,0.5498475432395935
46922,Diabetes130US,tabpfn,917,47,16384,458,3,5,ok,,0.1499601760879159,0.021723958663642406,0.550000011920929
46922,Diabetes130US,hydra_small,917,47,16384,458,3,5,ok,,0.2386145954951644,0.1076617743819952,0.5503556728363037
46922,Diabetes130US,hydra,917,47,16384,458,3,5,ok,,0.14939897321164608,0.021366983652114868,0.5765752196311951
46922,Diabetes130US,hydra,917,47,16384,458,3,6,ok,,0.14613615442067385,0.02135558146983385,0.5765752196311951
46922,Diabetes130US,hydra_small,917,47,16384,458,3,6,ok,,0.23345908243209124,0.10765418969094753,0.5503556728363037
46922,Diabetes130US,tabpfn,917,47,16384,458,3,6,ok,,0.14760938473045826,0.021426986902952194,0.550000011920929
46922,Diabetes130US,hybrid_8l,917,47,16384,458,3,6,ok,,0.13976103253662586,0.01485779695212841,0.5498475432395935
46922,Diabetes130US,hydra,917,47,16384,458,3,7,ok,,0.15152987837791443,0.022169172763824463,0.5765752196311951
46922,Diabetes130US,hydra_small,917,47,16384,458,3,7,ok,,0.2348731905221939,0.10773375164717436,0.5503556728363037
46922,Diabetes130US,hybrid_8l,917,47,16384,458,3,7,ok,,0.13995244354009628,0.015200345776975155,0.5498475432395935
46922,Diabetes130US,tabpfn,917,47,16384,458,3,7,ok,,0.14626827463507652,0.021516197361052036,0.550000011920929
46922,Diabetes130US,hybrid_8l,917,47,16384,458,3,8,ok,,0.1668047858402133,0.015265338122844696,0.5498475432395935
46922,Diabetes130US,tabpfn,917,47,16384,458,3,8,ok,,0.15745891816914082,0.02145021129399538,0.550000011920929
46922,Diabetes130US,hydra_small,917,47,16384,458,3,8,ok,,0.23216905910521746,0.10764637496322393,0.5503556728363037
46922,Diabetes130US,hydra,917,47,16384,458,3,8,ok,,0.14479898288846016,0.021518701687455177,0.5765752196311951
46922,Diabetes130US,tabpfn,917,47,16384,458,3,9,ok,,0.14858824759721756,0.021944106556475163,0.550000011920929
46922,Diabetes130US,hybrid_8l,917,47,16384,458,3,9,ok,,0.13738219626247883,0.014747098088264465,0.5498475432395935
46922,Diabetes130US,hydra,917,47,16384,458,3,9,ok,,0.14814750384539366,0.021625312976539135,0.5765752196311951
46922,Diabetes130US,hydra_small,917,47,16384,458,3,9,ok,,0.2339910101145506,0.10770181100815535,0.5503556728363037
46922,Diabetes130US,hydra,917,47,16384,458,3,10,ok,,0.14324324671179056,0.02131674811244011,0.5765752196311951
46922,Diabetes130US,hybrid_8l,917,47,16384,458,3,10,ok,,0.13836410734802485,0.01518701110035181,0.5498475432395935
46922,Diabetes130US,tabpfn,917,47,16384,458,3,10,ok,,0.14808892365545034,0.022351357154548168,0.550000011920929
46922,Diabetes130US,hydra_small,917,47,16384,458,3,10,ok,,0.23315960634499788,0.10754544474184513,0.5503556728363037
46922,Diabetes130US,tabpfn,917,47,16384,458,3,11,ok,,0.1435550469905138,0.021373425610363483,0.550000011920929
46922,Diabetes130US,hydra_small,917,47,16384,458,3,11,ok,,0.23092282004654408,0.10760779120028019,0.5503556728363037
46922,Diabetes130US,hybrid_8l,917,47,16384,458,3,11,ok,,0.1362171908840537,0.014734303578734398,0.5498475432395935
46922,Diabetes130US,hydra,917,47,16384,458,3,11,ok,,0.1434054933488369,0.020979941822588444,0.5765752196311951
46922,Diabetes130US,hybrid_8l,917,47,16384,458,3,12,ok,,0.13712336774915457,0.014754160307347775,0.5498475432395935
46922,Diabetes130US,hydra,917,47,16384,458,3,12,ok,,0.1493617631494999,0.022449583746492863,0.5765752196311951
46922,Diabetes130US,hydra_small,917,47,16384,458,3,12,ok,,0.23610443342477083,0.1077279094606638,0.5503556728363037
46922,Diabetes130US,tabpfn,917,47,16384,458,3,12,ok,,0.14805167261511087,0.021801547147333622,0.550000011920929
46922,Diabetes130US,hydra_small,917,47,16384,458,3,13,ok,,0.2362130992114544,0.10766332689672709,0.5503556728363037
46922,Diabetes130US,hydra,917,47,16384,458,3,13,ok,,0.14650526363402605,0.021811606362462044,0.5765752196311951
46922,Diabetes130US,tabpfn,917,47,16384,458,3,13,ok,,0.14703173097223043,0.021543297916650772,0.550000011920929
46922,Diabetes130US,hybrid_8l,917,47,16384,458,3,13,ok,,0.13960193190723658,0.01491308119148016,0.5498475432395935
46922,Diabetes130US,hydra_small,917,47,16384,458,3,14,ok,,0.23560841381549835,0.10758336633443832,0.5503556728363037
46922,Diabetes130US,tabpfn,917,47,16384,458,3,14,ok,,0.15037640649825335,0.02178317215293646,0.550000011920929
46922,Diabetes130US,hybrid_8l,917,47,16384,458,3,14,ok,,0.13938781525939703,0.014990097843110561,0.5498475432395935
46922,Diabetes130US,hydra,917,47,16384,458,3,14,ok,,0.1441627098247409,0.021011721342802048,0.5765752196311951
46922,Diabetes130US,tabpfn,917,47,16384,458,3,15,ok,,0.1467725709080696,0.021586811169981956,0.550000011920929
46922,Diabetes130US,hybrid_8l,917,47,16384,458,3,15,ok,,0.14005118235945702,0.015005226247012615,0.5498475432395935
46922,Diabetes130US,hydra_small,917,47,16384,458,3,15,ok,,0.23668373096734285,0.1078535271808505,0.5503556728363037
46922,Diabetes130US,hydra,917,47,16384,458,3,15,ok,,0.14831732586026192,0.02156928740441799,0.5765752196311951
46922,Diabetes130US,hydra,917,47,16384,458,4,1,ok,,0.15296218171715736,0.021318321116268635,0.5279306173324585
46922,Diabetes130US,hydra_small,917,47,16384,458,4,1,ok,,0.23539549112319946,0.10773578472435474,0.5318182110786438
46922,Diabetes130US,tabpfn,917,47,16384,458,4,1,ok,,0.14865807350724936,0.021950609050691128,0.5519737005233765
46922,Diabetes130US,hybrid_8l,917,47,16384,458,4,1,ok,,0.14154677465558052,0.01542888768017292,0.5101674795150757
46922,Diabetes130US,hydra_small,917,47,16384,458,4,2,ok,,0.2356462273746729,0.10765841789543629,0.5318182110786438
46922,Diabetes130US,tabpfn,917,47,16384,458,4,2,ok,,0.15946811437606812,0.021563095040619373,0.5519737005233765
46922,Diabetes130US,hybrid_8l,917,47,16384,458,4,2,ok,,0.14314137399196625,0.01509388443082571,0.5101674795150757
46922,Diabetes130US,hydra,917,47,16384,458,4,2,ok,,0.1476791687309742,0.02117669302970171,0.5279306173324585
46922,Diabetes130US,hydra_small,917,47,16384,458,4,3,ok,,0.23795259464532137,0.10768912732601166,0.5318182110786438
46922,Diabetes130US,tabpfn,917,47,16384,458,4,3,ok,,0.14762188959866762,0.02194269374012947,0.5519737005233765
46922,Diabetes130US,hydra,917,47,16384,458,4,3,ok,,0.14871462062001228,0.021202562376856804,0.5279306173324585
46922,Diabetes130US,hybrid_8l,917,47,16384,458,4,3,ok,,0.1426885174587369,0.014847837388515472,0.5101674795150757
46922,Diabetes130US,hydra_small,917,47,16384,458,4,4,ok,,0.23618538863956928,0.10726968292146921,0.5318182110786438
46922,Diabetes130US,hydra,917,47,16384,458,4,4,ok,,0.14585989341139793,0.02105995174497366,0.5279306173324585
46922,Diabetes130US,tabpfn,917,47,16384,458,4,4,ok,,0.14784862846136093,0.021537166088819504,0.5519737005233765
46922,Diabetes130US,hybrid_8l,917,47,16384,458,4,4,ok,,0.1399047551676631,0.014839943498373032,0.5101674795150757
46922,Diabetes130US,hydra,917,47,16384,458,4,5,ok,,0.14569630287587643,0.021046236157417297,0.5279306173324585
46922,Diabetes130US,tabpfn,917,47,16384,458,4,5,ok,,0.14809313230216503,0.021727727726101875,0.5519737005233765
46922,Diabetes130US,hydra_small,917,47,16384,458,4,5,ok,,0.23493304662406445,0.10765695665031672,0.5318182110786438
46922,Diabetes130US,hybrid_8l,917,47,16384,458,4,5,ok,,0.14129485748708248,0.014777163974940777,0.5101674795150757
46922,Diabetes130US,hydra_small,917,47,16384,458,4,6,ok,,0.23741059843450785,0.1077449219301343,0.5318182110786438
46922,Diabetes130US,hybrid_8l,917,47,16384,458,4,6,ok,,0.14211280643939972,0.015146163292229176,0.5101674795150757
46922,Diabetes130US,hydra,917,47,16384,458,4,6,ok,,0.14926401060074568,0.021929618902504444,0.5279306173324585
46922,Diabetes130US,tabpfn,917,47,16384,458,4,6,ok,,0.1491965027526021,0.021420525386929512,0.5519737005233765
46922,Diabetes130US,hydra,917,47,16384,458,4,7,ok,,0.1479711513966322,0.021248098462820053,0.5279306173324585
46922,Diabetes130US,hydra_small,917,47,16384,458,4,7,ok,,0.23671928886324167,0.10738146398216486,0.5318182110786438
46922,Diabetes130US,tabpfn,917,47,16384,458,4,7,ok,,0.14779589045792818,0.021475588902831078,0.5519737005233765
46922,Diabetes130US,hybrid_8l,917,47,16384,458,4,7,ok,,0.14119113143533468,0.014953928999602795,0.5101674795150757
46922,Diabetes130US,hydra_small,917,47,16384,458,4,8,ok,,0.23649234883487225,0.10764278005808592,0.5318182110786438
46922,Diabetes130US,hybrid_8l,917,47,16384,458,4,8,ok,,0.1391743030399084,0.014771354384720325,0.5101674795150757
46922,Diabetes130US,hydra,917,47,16384,458,4,8,ok,,0.1470348695293069,0.021390759386122227,0.5279306173324585
46922,Diabetes130US,tabpfn,917,47,16384,458,4,8,ok,,0.14811054524034262,0.02146658208221197,0.5519737005233765
46922,Diabetes130US,tabpfn,917,47,16384,458,4,9,ok,,0.14871956035494804,0.021450301632285118,0.5519737005233765
46922,Diabetes130US,hydra,917,47,16384,458,4,9,ok,,0.14791154861450195,0.021282324567437172,0.5279306173324585
46922,Diabetes130US,hybrid_8l,917,47,16384,458,4,9,ok,,0.14108358975499868,0.014817471615970135,0.5101674795150757
46922,Diabetes130US,hydra_small,917,47,16384,458,4,9,ok,,0.23724338226020336,0.10769653227180243,0.5318182110786438
46922,Diabetes130US,hybrid_8l,917,47,16384,458,4,10,ok,,0.1437555979937315,0.014824002981185913,0.5101674795150757
46922,Diabetes130US,hydra_small,917,47,16384,458,4,10,ok,,0.23774361982941628,0.10754228010773659,0.5318182110786438
46922,Diabetes130US,tabpfn,917,47,16384,458,4,10,ok,,0.1497842464596033,0.021494545973837376,0.5519737005233765
46922,Diabetes130US,hydra,917,47,16384,458,4,10,ok,,0.14850557502359152,0.02115459181368351,0.5279306173324585
46922,Diabetes130US,hydra,917,47,16384,458,4,11,ok,,0.14827761333435774,0.02124996203929186,0.5279306173324585
46922,Diabetes130US,tabpfn,917,47,16384,458,4,11,ok,,0.14768288750201464,0.021629602648317814,0.5519737005233765
46922,Diabetes130US,hybrid_8l,917,47,16384,458,4,11,ok,,0.1395495841279626,0.014754951931536198,0.5101674795150757
46922,Diabetes130US,hydra_small,917,47,16384,458,4,11,ok,,0.23857214022427797,0.10792031604796648,0.5318182110786438
46922,Diabetes130US,hybrid_8l,917,47,16384,458,4,12,ok,,0.14148252550512552,0.01482426282018423,0.5101674795150757
46922,Diabetes130US,hydra,917,47,16384,458,4,12,ok,,0.1487807147204876,0.02143107634037733,0.5279306173324585
46922,Diabetes130US,hydra_small,917,47,16384,458,4,12,ok,,0.2379528172314167,0.107952737249434,0.5318182110786438
46922,Diabetes130US,tabpfn,917,47,16384,458,4,12,ok,,0.14907493256032467,0.021473816595971584,0.5519737005233765
46922,Diabetes130US,hydra_small,917,47,16384,458,4,13,ok,,0.23856472503393888,0.10799350496381521,0.5318182110786438
46922,Diabetes130US,tabpfn,917,47,16384,458,4,13,ok,,0.14984515123069286,0.021472854539752007,0.5519737005233765
46922,Diabetes130US,hydra,917,47,16384,458,4,13,ok,,0.14933666959404945,0.02125196624547243,0.5279306173324585
46922,Diabetes130US,hybrid_8l,917,47,16384,458,4,13,ok,,0.1421055756509304,0.015169166028499603,0.5101674795150757
46922,Diabetes130US,tabpfn,917,47,16384,458,4,14,ok,,0.148138590157032,0.021780988201498985,0.5519737005233765
46922,Diabetes130US,hybrid_8l,917,47,16384,458,4,14,ok,,0.14015937875956297,0.014802833087742329,0.5101674795150757
46922,Diabetes130US,hydra,917,47,16384,458,4,14,ok,,0.14756121672689915,0.021006561815738678,0.5279306173324585
46922,Diabetes130US,hydra_small,917,47,16384,458,4,14,ok,,0.2363723935559392,0.10764721967279911,0.5318182110786438
46922,Diabetes130US,hydra,917,47,16384,458,4,15,ok,,0.14779725298285484,0.02123960293829441,0.5279306173324585
46922,Diabetes130US,hybrid_8l,917,47,16384,458,4,15,ok,,0.14116360060870647,0.014736738055944443,0.5101674795150757
46922,Diabetes130US,hydra_small,917,47,16384,458,4,15,ok,,0.23639190290123224,0.10771466698497534,0.5318182110786438
46922,Diabetes130US,tabpfn,917,47,16384,458,4,15,ok,,0.14847443625330925,0.021663115359842777,0.5519737005233765
46922,Diabetes130US,hybrid_8l,917,47,16384,458,5,1,ok,,0.14120048098266125,0.014912720769643784,0.5048254132270813
46922,Diabetes130US,tabpfn,917,47,16384,458,5,1,ok,,0.1482057273387909,0.021500257775187492,0.5347136855125427
46922,Diabetes130US,hydra_small,917,47,16384,458,5,1,ok,,0.23588512185961008,0.10801478382200003,0.5232496857643127
46922,Diabetes130US,hydra,917,47,16384,458,5,1,ok,,0.14763912372291088,0.021245033480226994,0.4901444613933563
46922,Diabetes130US,tabpfn,917,47,16384,458,5,2,ok,,0.1478834766894579,0.02150755003094673,0.5347136855125427
46922,Diabetes130US,hydra,917,47,16384,458,5,2,ok,,0.14759353827685118,0.021380558609962463,0.4901444613933563
46922,Diabetes130US,hydra_small,917,47,16384,458,5,2,ok,,0.2367769805714488,0.1077208872884512,0.5232496857643127
46922,Diabetes130US,hybrid_8l,917,47,16384,458,5,2,ok,,0.14120791666209698,0.014861064031720161,0.5048254132270813
46922,Diabetes130US,hydra_small,917,47,16384,458,5,3,ok,,0.23685215320438147,0.10789313353598118,0.5232496857643127
46922,Diabetes130US,hybrid_8l,917,47,16384,458,5,3,ok,,0.1411623889580369,0.014939521439373493,0.5048254132270813
46922,Diabetes130US,tabpfn,917,47,16384,458,5,3,ok,,0.14849621802568436,0.021447626873850822,0.5347136855125427
46922,Diabetes130US,hydra,917,47,16384,458,5,3,ok,,0.14787498209625483,0.021497581154108047,0.4901444613933563
46922,Diabetes130US,hydra,917,47,16384,458,5,4,ok,,0.14855505898594856,0.021101570688188076,0.4901444613933563
46922,Diabetes130US,hybrid_8l,917,47,16384,458,5,4,ok,,0.14113223366439342,0.01484943088144064,0.5048254132270813
46922,Diabetes130US,tabpfn,917,47,16384,458,5,4,ok,,0.14901282638311386,0.021450553089380264,0.5347136855125427
46922,Diabetes130US,hydra_small,917,47,16384,458,5,4,ok,,0.23797016963362694,0.10768135357648134,0.5232496857643127
46922,Diabetes130US,hydra,917,47,16384,458,5,5,ok,,0.14718522503972054,0.02133470308035612,0.4901444613933563
46922,Diabetes130US,hybrid_8l,917,47,16384,458,5,5,ok,,0.14204292744398117,0.014849320985376835,0.5048254132270813
46922,Diabetes130US,tabpfn,917,47,16384,458,5,5,ok,,0.14777608402073383,0.021420976147055626,0.5347136855125427
46922,Diabetes130US,hydra_small,917,47,16384,458,5,5,ok,,0.23588389065116644,0.10741889756172895,0.5232496857643127
46922,Diabetes130US,tabpfn,917,47,16384,458,5,6,ok,,0.14845516998320818,0.021751653403043747,0.5347136855125427
46922,Diabetes130US,hybrid_8l,917,47,16384,458,5,6,ok,,0.14102408662438393,0.01490704994648695,0.5048254132270813
46922,Diabetes130US,hydra_small,917,47,16384,458,5,6,ok,,0.23651512432843447,0.10742323473095894,0.5232496857643127
46922,Diabetes130US,hydra,917,47,16384,458,5,6,ok,,0.14804640598595142,0.021290809847414494,0.4901444613933563
46922,Diabetes130US,hybrid_8l,917,47,16384,458,5,7,ok,,0.14119847770780325,0.014823582023382187,0.5048254132270813
46922,Diabetes130US,tabpfn,917,47,16384,458,5,7,ok,,0.14827776420861483,0.021486351266503334,0.5347136855125427
46922,Diabetes130US,hydra,917,47,16384,458,5,7,ok,,0.14833761751651764,0.021383345127105713,0.4901444613933563
46922,Diabetes130US,hydra_small,917,47,16384,458,5,7,ok,,0.2364748688414693,0.10757748689502478,0.5232496857643127
46922,Diabetes130US,tabpfn,917,47,16384,458,5,8,ok,,0.14810370467603207,0.021448086947202682,0.5347136855125427
46922,Diabetes130US,hydra,917,47,16384,458,5,8,ok,,0.14796071406453848,0.021540733985602856,0.4901444613933563
46922,Diabetes130US,hydra_small,917,47,16384,458,5,8,ok,,0.23476415034383535,0.10737765952944756,0.5232496857643127
46922,Diabetes130US,hybrid_8l,917,47,16384,458,5,8,ok,,0.14156531263142824,0.014907260425388813,0.5048254132270813
46922,Diabetes130US,hydra,917,47,16384,458,5,9,ok,,0.14816027227789164,0.021141917444765568,0.4901444613933563
46922,Diabetes130US,tabpfn,917,47,16384,458,5,9,ok,,0.1496157879009843,0.021647504530847073,0.5347136855125427
46922,Diabetes130US,hybrid_8l,917,47,16384,458,5,9,ok,,0.1406602393835783,0.014916939660906792,0.5048254132270813
46922,Diabetes130US,hydra_small,917,47,16384,458,5,9,ok,,0.2368050655350089,0.10762119013816118,0.5232496857643127
46922,Diabetes130US,tabpfn,917,47,16384,458,5,10,ok,,0.1490192487835884,0.0215016296133399,0.5347136855125427
46922,Diabetes130US,hydra_small,917,47,16384,458,5,10,ok,,0.23698849231004715,0.10750177316367626,0.5232496857643127
46922,Diabetes130US,hybrid_8l,917,47,16384,458,5,10,ok,,0.14116104785352945,0.01494575385004282,0.5048254132270813
46922,Diabetes130US,hydra,917,47,16384,458,5,10,ok,,0.15212133340537548,0.021604194305837154,0.4901444613933563
46922,Diabetes130US,tabpfn,917,47,16384,458,5,11,ok,,0.1491768667474389,0.021421377547085285,0.5347136855125427
46922,Diabetes130US,hydra,917,47,16384,458,5,11,ok,,0.1459469012916088,0.021135776303708553,0.4901444613933563
46922,Diabetes130US,hybrid_8l,917,47,16384,458,5,11,ok,,0.14029832277446985,0.01484288927167654,0.5048254132270813
46922,Diabetes130US,hydra_small,917,47,16384,458,5,11,ok,,0.23713016137480736,0.10791061818599701,0.5232496857643127
46922,Diabetes130US,tabpfn,917,47,16384,458,5,12,ok,,0.1476881979033351,0.021515807136893272,0.5347136855125427
46922,Diabetes130US,hybrid_8l,917,47,16384,458,5,12,ok,,0.14039803110063076,0.014966783113777637,0.5048254132270813
46922,Diabetes130US,hydra,917,47,16384,458,5,12,ok,,0.14715426694601774,0.021152839064598083,0.4901444613933563
46922,Diabetes130US,hydra_small,917,47,16384,458,5,12,ok,,0.2363956207409501,0.10770465806126595,0.5232496857643127
46922,Diabetes130US,hydra_small,917,47,16384,458,5,13,ok,,0.23681019619107246,0.10771878622472286,0.5232496857643127
46922,Diabetes130US,hybrid_8l,917,47,16384,458,5,13,ok,,0.1399514563381672,0.014871694147586823,0.5048254132270813
46922,Diabetes130US,tabpfn,917,47,16384,458,5,13,ok,,0.14856521971523762,0.021684096194803715,0.5347136855125427
46922,Diabetes130US,hydra,917,47,16384,458,5,13,ok,,0.14723457023501396,0.021444961428642273,0.4901444613933563
46922,Diabetes130US,hydra,917,47,16384,458,5,14,ok,,0.14776342175900936,0.021127451211214066,0.4901444613933563
46922,Diabetes130US,tabpfn,917,47,16384,458,5,14,ok,,0.147545057348907,0.021625272929668427,0.5347136855125427
46922,Diabetes130US,hydra_small,917,47,16384,458,5,14,ok,,0.2346091978251934,0.10729396063834429,0.5232496857643127
46922,Diabetes130US,hybrid_8l,917,47,16384,458,5,14,ok,,0.13953783363103867,0.015006409026682377,0.5048254132270813
46922,Diabetes130US,tabpfn,917,47,16384,458,5,15,ok,,0.14777428098022938,0.021480970084667206,0.5347136855125427
46922,Diabetes130US,hybrid_8l,917,47,16384,458,5,15,ok,,0.14076522924005985,0.01490855310112238,0.5048254132270813
46922,Diabetes130US,hydra,917,47,16384,458,5,15,ok,,0.15356977842748165,0.021440924145281315,0.4901444613933563
46922,Diabetes130US,hydra_small,917,47,16384,458,5,15,ok,,0.23783425521105528,0.10794360190629959,0.5232496857643127
46955,SDSS17,hybrid_8l,78053,11,16384,16384,1,1,ok,,2.9162279600277543,2.546843788586557,0.980385959148407
46955,SDSS17,hydra,78053,11,16384,16384,1,1,ok,,1.5446781478822231,1.1809263695031404,0.6041736602783203
46955,SDSS17,hydra_small,78053,11,16384,16384,1,1,ok,,6.786392753012478,6.388004422187805,0.9833889603614807
46955,SDSS17,tabpfn,78053,11,16384,16384,1,1,ok,,6.750822768546641,6.326617722399533,0.9947656989097595
46955,SDSS17,hybrid_8l,78053,11,16384,16384,1,2,ok,,2.9061412746086717,2.52351292129606,0.980385959148407
46955,SDSS17,tabpfn,78053,11,16384,16384,1,2,ok,,6.7221250319853425,6.327494937926531,0.9947656989097595
46955,SDSS17,hydra,78053,11,16384,16384,1,2,ok,,1.5500667812302709,1.1798257315531373,0.6041736602783203
46955,SDSS17,hydra_small,78053,11,16384,16384,1,2,ok,,6.762595804408193,6.395348394289613,0.9833889603614807
46955,SDSS17,hybrid_8l,78053,11,16384,16384,1,3,ok,,2.8961153104901314,2.525850904174149,0.980385959148407
46955,SDSS17,hydra_small,78053,11,16384,16384,1,3,ok,,6.763663802295923,6.39537862315774,0.9833889603614807
46955,SDSS17,hydra,78053,11,16384,16384,1,3,ok,,1.5558397974818945,1.1808247901499271,0.6041736602783203
46955,SDSS17,tabpfn,78053,11,16384,16384,1,3,ok,,6.699320222251117,6.331182308495045,0.9947656989097595
46955,SDSS17,hydra,78053,11,16384,16384,1,4,ok,,1.5443517258390784,1.179790892638266,0.6041736602783203
46955,SDSS17,tabpfn,78053,11,16384,16384,1,4,ok,,6.708737513050437,6.33384604472667,0.9947656989097595
46955,SDSS17,hybrid_8l,78053,11,16384,16384,1,4,ok,,2.892752269282937,2.5254296623170376,0.980385959148407
46955,SDSS17,hydra_small,78053,11,16384,16384,1,4,ok,,6.759831171482801,6.392163140699267,0.9833889603614807
46955,SDSS17,hydra,78053,11,16384,16384,1,5,ok,,1.5569387450814247,1.17880589235574,0.6041736602783203
46955,SDSS17,hybrid_8l,78053,11,16384,16384,1,5,ok,,2.886934897862375,2.525288467295468,0.980385959148407
46955,SDSS17,tabpfn,78053,11,16384,16384,1,5,ok,,6.6958220498636365,6.333927587606013,0.9947656989097595
46955,SDSS17,hydra_small,78053,11,16384,16384,1,5,ok,,6.757994014769793,6.392849386669695,0.9833889603614807
46955,SDSS17,hydra_small,78053,11,16384,16384,1,6,ok,,6.751727336086333,6.386047901585698,0.9833889603614807
46955,SDSS17,tabpfn,78053,11,16384,16384,1,6,ok,,6.69825669657439,6.332742793485522,0.9947656989097595
46955,SDSS17,hybrid_8l,78053,11,16384,16384,1,6,ok,,2.891928778961301,2.5248488960787654,0.980385959148407
46955,SDSS17,hydra,78053,11,16384,16384,1,6,ok,,1.666096436791122,1.1789375450462103,0.6041736602783203
46955,SDSS17,hybrid_8l,78053,11,16384,16384,1,7,ok,,2.930968601256609,2.524040197953582,0.980385959148407
46955,SDSS17,hydra_small,78053,11,16384,16384,1,7,ok,,6.762522139586508,6.3905708668753505,0.9833889603614807
46955,SDSS17,hydra,78053,11,16384,16384,1,7,ok,,1.5606544381007552,1.1825105156749487,0.6041736602783203
46955,SDSS17,tabpfn,78053,11,16384,16384,1,7,ok,,6.704292764887214,6.330957036465406,0.9947656989097595
46955,SDSS17,tabpfn,78053,11,16384,16384,1,8,ok,,6.705030116252601,6.3336691269651055,0.9947656989097595
46955,SDSS17,hybrid_8l,78053,11,16384,16384,1,8,ok,,2.8825606629252434,2.5252034924924374,0.980385959148407
46955,SDSS17,hydra_small,78053,11,16384,16384,1,8,ok,,6.762069148011506,6.393015464767814,0.9833889603614807
46955,SDSS17,hydra,78053,11,16384,16384,1,8,ok,,1.546560924500227,1.1805431386455894,0.6041736602783203
46955,SDSS17,hydra,78053,11,16384,16384,1,9,ok,,1.5520728062838316,1.1809141524136066,0.6041736602783203
46955,SDSS17,hydra_small,78053,11,16384,16384,1,9,ok,,6.763735289685428,6.395749003626406,0.9833889603614807
46955,SDSS17,tabpfn,78053,11,16384,16384,1,9,ok,,6.710624972358346,6.331449283286929,0.9947656989097595
46955,SDSS17,hybrid_8l,78053,11,16384,16384,1,9,ok,,2.892464001663029,2.5261243702843785,0.980385959148407
46955,SDSS17,hydra_small,78053,11,16384,16384,1,10,ok,,6.773262085393071,6.393455638550222,0.9833889603614807
46955,SDSS17,hybrid_8l,78053,11,16384,16384,1,10,ok,,2.89572418294847,2.525202276185155,0.980385959148407
46955,SDSS17,hydra,78053,11,16384,16384,1,10,ok,,1.5432073157280684,1.179220956750214,0.6041736602783203
46955,SDSS17,tabpfn,78053,11,16384,16384,1,10,ok,,6.696346802636981,6.3326022811234,0.9947656989097595
46955,SDSS17,hydra_small,78053,11,16384,16384,1,11,ok,,6.7621613927185535,6.393032371997833,0.9833889603614807
46955,SDSS17,tabpfn,78053,11,16384,16384,1,11,ok,,6.706490314565599,6.332016718573868,0.9947656989097595
46955,SDSS17,hydra,78053,11,16384,16384,1,11,ok,,1.5484843403100967,1.1799836745485663,0.6041736602783203
46955,SDSS17,hybrid_8l,78053,11,16384,16384,1,11,ok,,2.8871281798928976,2.524425004608929,0.980385959148407
46955,SDSS17,hydra,78053,11,16384,16384,1,12,ok,,1.5515906494110823,1.1798217929899693,0.6041736602783203
46955,SDSS17,hybrid_8l,78053,11,16384,16384,1,12,ok,,2.885683896020055,2.523154859431088,0.980385959148407
46955,SDSS17,tabpfn,78053,11,16384,16384,1,12,ok,,6.705424276180565,6.329405790194869,0.9947656989097595
46955,SDSS17,hydra_small,78053,11,16384,16384,1,12,ok,,6.75305098015815,6.386171080172062,0.9833889603614807
46955,SDSS17,hybrid_8l,78053,11,16384,16384,1,13,ok,,2.9049331350252032,2.523537129163742,0.980385959148407
46955,SDSS17,hydra,78053,11,16384,16384,1,13,ok,,1.5417096726596355,1.1796197416260839,0.6041736602783203
46955,SDSS17,tabpfn,78053,11,16384,16384,1,13,ok,,6.704125468619168,6.33053030539304,0.9947656989097595
46955,SDSS17,hydra_small,78053,11,16384,16384,1,13,ok,,6.773052695207298,6.394450507126749,0.9833889603614807
46955,SDSS17,hydra_small,78053,11,16384,16384,1,14,ok,,6.753004842437804,6.390012665651739,0.9833889603614807
46955,SDSS17,tabpfn,78053,11,16384,16384,1,14,ok,,6.7174079874530435,6.331291661597788,0.9947656989097595
46955,SDSS17,hydra,78053,11,16384,16384,1,14,ok,,1.542222679592669,1.1784159475937486,0.6041736602783203
46955,SDSS17,hybrid_8l,78053,11,16384,16384,1,14,ok,,2.8931551249697804,2.5240240981802344,0.980385959148407
46955,SDSS17,hydra_small,78053,11,16384,16384,1,15,ok,,6.765911263413727,6.39352800603956,0.9833889603614807
46955,SDSS17,hydra,78053,11,16384,16384,1,15,ok,,1.5438144179061055,1.1806809986010194,0.6041736602783203
46955,SDSS17,hybrid_8l,78053,11,16384,16384,1,15,ok,,2.9115785844624043,2.5245074462145567,0.980385959148407
46955,SDSS17,tabpfn,78053,11,16384,16384,1,15,ok,,6.692085783928633,6.330386208370328,0.9947656989097595
46955,SDSS17,hydra_small,78053,11,16384,16384,2,1,ok,,6.770673807710409,6.389652504585683,0.9825809001922607
46955,SDSS17,hydra,78053,11,16384,16384,2,1,ok,,1.5583646278828382,1.1786514995619655,0.6011823415756226
46955,SDSS17,hybrid_8l,78053,11,16384,16384,2,1,ok,,2.920307287015021,2.523717023432255,0.9806736707687378
46955,SDSS17,tabpfn,78053,11,16384,16384,2,1,ok,,6.7126022931188345,6.332044404000044,0.9946923851966858
46955,SDSS17,hydra,78053,11,16384,16384,2,2,ok,,1.5637959791347384,1.1790701132267714,0.6011823415756226
46955,SDSS17,hybrid_8l,78053,11,16384,16384,2,2,ok,,2.9151416877284646,2.52252059802413,0.9806736707687378
46955,SDSS17,hydra_small,78053,11,16384,16384,2,2,ok,,6.769788873381913,6.386158681474626,0.9825809001922607
46955,SDSS17,tabpfn,78053,11,16384,16384,2,2,ok,,6.7387689827010036,6.331960557028651,0.9946923851966858
46955,SDSS17,tabpfn,78053,11,16384,16384,2,3,ok,,6.713445759378374,6.329874658025801,0.9946923851966858
46955,SDSS17,hydra,78053,11,16384,16384,2,3,ok,,1.5835006181150675,1.1806484330445528,0.6011823415756226
46955,SDSS17,hybrid_8l,78053,11,16384,16384,2,3,ok,,2.904713958501816,2.524270696565509,0.9806736707687378
46955,SDSS17,hydra_small,78053,11,16384,16384,2,3,ok,,6.7795870788395405,6.392096999101341,0.9825809001922607
46955,SDSS17,hydra,78053,11,16384,16384,2,4,ok,,1.5675398288294673,1.1793132545426488,0.6011823415756226
46955,SDSS17,hydra_small,78053,11,16384,16384,2,4,ok,,6.775556632317603,6.3911002380773425,0.9825809001922607
46955,SDSS17,hybrid_8l,78053,11,16384,16384,2,4,ok,,2.911978784017265,2.525219355709851,0.9806736707687378
46955,SDSS17,tabpfn,78053,11,16384,16384,2,4,ok,,6.710279377177358,6.3299511186778545,0.9946923851966858
46955,SDSS17,hydra,78053,11,16384,16384,2,5,ok,,1.5618846565485,1.179553423076868,0.6011823415756226
46955,SDSS17,tabpfn,78053,11,16384,16384,2,5,ok,,6.711557825095952,6.329688746482134,0.9946923851966858
46955,SDSS17,hybrid_8l,78053,11,16384,16384,2,5,ok,,2.90373501367867,2.5229717465117574,0.9806736707687378
46955,SDSS17,hydra_small,78053,11,16384,16384,2,5,ok,,6.785446119494736,6.394104546867311,0.9825809001922607
46955,SDSS17,hydra,78053,11,16384,16384,2,6,ok,,1.562771954573691,1.1793218180537224,0.6011823415756226
46955,SDSS17,tabpfn,78053,11,16384,16384,2,6,ok,,6.706616051495075,6.3280559573322535,0.9946923851966858
46955,SDSS17,hybrid_8l,78053,11,16384,16384,2,6,ok,,2.9080834528431296,2.5230669267475605,0.9806736707687378
46955,SDSS17,hydra_small,78053,11,16384,16384,2,6,ok,,6.778051370754838,6.392209207639098,0.9825809001922607
46955,SDSS17,tabpfn,78053,11,16384,16384,2,7,ok,,6.712090608663857,6.331044581718743,0.9946923851966858
46955,SDSS17,hybrid_8l,78053,11,16384,16384,2,7,ok,,2.907306901179254,2.5229099048301578,0.9806736707687378
46955,SDSS17,hydra_small,78053,11,16384,16384,2,7,ok,,6.781381655484438,6.390302701853216,0.9825809001922607
46955,SDSS17,hydra,78053,11,16384,16384,2,7,ok,,1.561610508710146,1.180467533878982,0.6011823415756226
46955,SDSS17,hydra_small,78053,11,16384,16384,2,8,ok,,6.776639007031918,6.391963037662208,0.9825809001922607
46955,SDSS17,hydra,78053,11,16384,16384,2,8,ok,,1.5578438518568873,1.1791466483846307,0.6011823415756226
46955,SDSS17,tabpfn,78053,11,16384,16384,2,8,ok,,6.7165109077468514,6.329120157286525,0.9946923851966858
46955,SDSS17,hybrid_8l,78053,11,16384,16384,2,8,ok,,2.9048844492062926,2.524430263787508,0.9806736707687378
46955,SDSS17,hybrid_8l,78053,11,16384,16384,2,9,ok,,2.9029610008001328,2.5244890488684177,0.9806736707687378
46955,SDSS17,hydra_small,78053,11,16384,16384,2,9,ok,,6.786405015736818,6.38857214152813,0.9825809001922607
46955,SDSS17,hydra,78053,11,16384,16384,2,9,ok,,1.5655095810070634,1.1781982453539968,0.6011823415756226
46955,SDSS17,tabpfn,78053,11,16384,16384,2,9,ok,,6.780264627188444,6.327852701768279,0.9946923851966858
46955,SDSS17,tabpfn,78053,11,16384,16384,2,10,ok,,6.733134080655873,6.330321481451392,0.9946923851966858
46955,SDSS17,hydra_small,78053,11,16384,16384,2,10,ok,,6.794746058061719,6.394121280871332,0.9825809001922607
46955,SDSS17,hybrid_8l,78053,11,16384,16384,2,10,ok,,2.9056712137535214,2.524753854610026,0.9806736707687378
46955,SDSS17,hydra,78053,11,16384,16384,2,10,ok,,1.5647194543853402,1.181749396957457,0.6011823415756226
46955,SDSS17,hydra_small,78053,11,16384,16384,2,11,ok,,6.7806787537410855,6.393455267883837,0.9825809001922607
46955,SDSS17,tabpfn,78053,11,16384,16384,2,11,ok,,6.71874379273504,6.333868733607233,0.9946923851966858
46955,SDSS17,hybrid_8l,78053,11,16384,16384,2,11,ok,,2.909228950738907,2.5256605464965105,0.9806736707687378
46955,SDSS17,hydra,78053,11,16384,16384,2,11,ok,,1.556816229596734,1.1788581823930144,0.6011823415756226
46955,SDSS17,hybrid_8l,78053,11,16384,16384,2,12,ok,,2.923110382631421,2.5243214359506965,0.9806736707687378
46955,SDSS17,tabpfn,78053,11,16384,16384,2,12,ok,,6.721167661249638,6.3305559158325195,0.9946923851966858
46955,SDSS17,hydra_small,78053,11,16384,16384,2,12,ok,,6.785939604975283,6.391841061413288,0.9825809001922607
46955,SDSS17,hydra,78053,11,16384,16384,2,12,ok,,1.5582862794399261,1.1797440396621823,0.6011823415756226
46955,SDSS17,hydra,78053,11,16384,16384,2,13,ok,,1.5590333044528961,1.1813098676502705,0.6011823415756226
46955,SDSS17,hydra_small,78053,11,16384,16384,2,13,ok,,6.784485925920308,6.392086761072278,0.9825809001922607
46955,SDSS17,hybrid_8l,78053,11,16384,16384,2,13,ok,,2.90672024525702,2.5239002211019397,0.9806736707687378
46955,SDSS17,tabpfn,78053,11,16384,16384,2,13,ok,,6.714013980701566,6.333440862596035,0.9946923851966858
46955,SDSS17,tabpfn,78053,11,16384,16384,2,14,ok,,6.733842690475285,6.329242340289056,0.9946923851966858
46955,SDSS17,hydra,78053,11,16384,16384,2,14,ok,,1.558062213473022,1.1803982658311725,0.6011823415756226
46955,SDSS17,hybrid_8l,78053,11,16384,16384,2,14,ok,,2.906589130870998,2.5242471201345325,0.9806736707687378
46955,SDSS17,hydra_small,78053,11,16384,16384,2,14,ok,,6.802240896970034,6.392669537104666,0.9825809001922607
46955,SDSS17,hydra_small,78053,11,16384,16384,2,15,ok,,6.784687237814069,6.391226653940976,0.9825809001922607
46955,SDSS17,hybrid_8l,78053,11,16384,16384,2,15,ok,,2.907429144717753,2.5252875313162804,0.9806736707687378
46955,SDSS17,tabpfn,78053,11,16384,16384,2,15,ok,,6.7312599662691355,6.331957454793155,0.9946923851966858
46955,SDSS17,hydra,78053,11,16384,16384,2,15,ok,,1.5618291199207306,1.1805053930729628,0.6011823415756226
46955,SDSS17,hydra_small,78053,11,16384,16384,3,1,ok,,6.792860967107117,6.393607486970723,0.9811640977859497
46955,SDSS17,tabpfn,78053,11,16384,16384,3,1,ok,,6.740349839441478,6.329785062931478,0.9945262670516968
46955,SDSS17,hydra,78053,11,16384,16384,3,1,ok,,1.554440994746983,1.1819592341780663,0.615866482257843
46955,SDSS17,hybrid_8l,78053,11,16384,16384,3,1,ok,,2.9061116818338633,2.5225510764867067,0.9789895415306091
46955,SDSS17,hybrid_8l,78053,11,16384,16384,3,2,ok,,2.898354634642601,2.5246193781495094,0.9789895415306091
46955,SDSS17,hydra_small,78053,11,16384,16384,3,2,ok,,6.802649158984423,6.392625284381211,0.9811640977859497
46955,SDSS17,tabpfn,78053,11,16384,16384,3,2,ok,,6.701512944884598,6.330543024465442,0.9945262670516968
46955,SDSS17,hydra,78053,11,16384,16384,3,2,ok,,1.5497035747393966,1.1812925022095442,0.615866482257843
46955,SDSS17,hydra,78053,11,16384,16384,3,3,ok,,1.5506216157227755,1.1801609192043543,0.615866482257843
46955,SDSS17,hydra_small,78053,11,16384,16384,3,3,ok,,6.7679679514840245,6.395574674941599,0.9811640977859497
46955,SDSS17,hybrid_8l,78053,11,16384,16384,3,3,ok,,2.9153896747156978,2.523235264234245,0.9789895415306091
46955,SDSS17,tabpfn,78053,11,16384,16384,3,3,ok,,6.787325836718082,6.333683394826949,0.9945262670516968
46955,SDSS17,hydra_small,78053,11,16384,16384,3,4,ok,,6.774155696853995,6.392248066142201,0.9811640977859497
46955,SDSS17,hybrid_8l,78053,11,16384,16384,3,4,ok,,2.900572665967047,2.524100409820676,0.9789895415306091
46955,SDSS17,tabpfn,78053,11,16384,16384,3,4,ok,,6.706310549750924,6.33123551029712,0.9945262670516968
46955,SDSS17,hydra,78053,11,16384,16384,3,4,ok,,1.5489390101283789,1.1790577368810773,0.615866482257843
46955,SDSS17,hybrid_8l,78053,11,16384,16384,3,5,ok,,2.896942491643131,2.5257168421521783,0.9789895415306091
46955,SDSS17,tabpfn,78053,11,16384,16384,3,5,ok,,6.727990625426173,6.330025985836983,0.9945262670516968
46955,SDSS17,hydra,78053,11,16384,16384,3,5,ok,,1.556570422835648,1.1777822943404317,0.615866482257843
46955,SDSS17,hydra_small,78053,11,16384,16384,3,5,ok,,6.769524963572621,6.3964114263653755,0.9811640977859497
46955,SDSS17,hybrid_8l,78053,11,16384,16384,3,6,ok,,2.932274510152638,2.5249503180384636,0.9789895415306091
46955,SDSS17,hydra_small,78053,11,16384,16384,3,6,ok,,6.792086064815521,6.397287359461188,0.9811640977859497
46955,SDSS17,tabpfn,78053,11,16384,16384,3,6,ok,,6.7053208174183965,6.333653496578336,0.9945262670516968
46955,SDSS17,hydra,78053,11,16384,16384,3,6,ok,,1.5489464346319437,1.1787410816177726,0.615866482257843
46955,SDSS17,hydra_small,78053,11,16384,16384,3,7,ok,,6.771852823905647,6.3935302849859,0.9811640977859497
46955,SDSS17,hybrid_8l,78053,11,16384,16384,3,7,ok,,2.9005396412685513,2.523953511379659,0.9789895415306091
46955,SDSS17,hydra,78053,11,16384,16384,3,7,ok,,1.555919498205185,1.1801944095641375,0.615866482257843
46955,SDSS17,tabpfn,78053,11,16384,16384,3,7,ok,,6.7068057879805565,6.332240795716643,0.9945262670516968
46955,SDSS17,hydra,78053,11,16384,16384,3,8,ok,,1.5607713563367724,1.1826950712129474,0.615866482257843
46955,SDSS17,hydra_small,78053,11,16384,16384,3,8,ok,,6.772409837692976,6.394978725351393,0.9811640977859497
46955,SDSS17,hybrid_8l,78053,11,16384,16384,3,8,ok,,2.906626733019948,2.525057881139219,0.9789895415306091
46955,SDSS17,tabpfn,78053,11,16384,16384,3,8,ok,,6.709765586070716,6.335737497545779,0.9945262670516968
46955,SDSS17,hydra_small,78053,11,16384,16384,3,9,ok,,6.763750131241977,6.388162369839847,0.9811640977859497
46955,SDSS17,hydra,78053,11,16384,16384,3,9,ok,,1.5551811289042234,1.1828070031479,0.615866482257843
46955,SDSS17,tabpfn,78053,11,16384,16384,3,9,ok,,6.722738895565271,6.333149126730859,0.9945262670516968
46955,SDSS17,hybrid_8l,78053,11,16384,16384,3,9,ok,,2.898110774345696,2.5249224063009024,0.9789895415306091
46955,SDSS17,tabpfn,78053,11,16384,16384,3,10,ok,,6.7058419063687325,6.330954530276358,0.9945262670516968
46955,SDSS17,hybrid_8l,78053,11,16384,16384,3,10,ok,,2.895130998454988,2.523655184544623,0.9789895415306091
46955,SDSS17,hydra,78053,11,16384,16384,3,10,ok,,1.5539657166227698,1.1789012122899294,0.615866482257843
46955,SDSS17,hydra_small,78053,11,16384,16384,3,10,ok,,6.7702318942174315,6.394939256832004,0.9811640977859497
46955,SDSS17,hydra,78053,11,16384,16384,3,11,ok,,1.5594700584188104,1.1799766225740314,0.615866482257843
46955,SDSS17,hydra_small,78053,11,16384,16384,3,11,ok,,6.76662562135607,6.392264949157834,0.9811640977859497
46955,SDSS17,hybrid_8l,78053,11,16384,16384,3,11,ok,,2.8968464471399784,2.525213100016117,0.9789895415306091
46955,SDSS17,tabpfn,78053,11,16384,16384,3,11,ok,,6.7031964380294085,6.331290785223246,0.9945262670516968
46955,SDSS17,tabpfn,78053,11,16384,16384,3,12,ok,,6.707686888054013,6.335738503374159,0.9945262670516968
46955,SDSS17,hydra_small,78053,11,16384,16384,3,12,ok,,6.770651816390455,6.395992604084313,0.9811640977859497
46955,SDSS17,hydra,78053,11,16384,16384,3,12,ok,,1.551785334944725,1.1807476039975882,0.615866482257843
46955,SDSS17,hybrid_8l,78053,11,16384,16384,3,12,ok,,2.8964164638891816,2.5244222404435277,0.9789895415306091
46955,SDSS17,hydra,78053,11,16384,16384,3,13,ok,,1.5522070368751884,1.1797157702967525,0.615866482257843
46955,SDSS17,hydra_small,78053,11,16384,16384,3,13,ok,,6.773842575028539,6.396002336405218,0.9811640977859497
46955,SDSS17,hybrid_8l,78053,11,16384,16384,3,13,ok,,2.900082679465413,2.5262645594775677,0.9789895415306091
46955,SDSS17,tabpfn,78053,11,16384,16384,3,13,ok,,6.702704808674753,6.329660443589091,0.9945262670516968
46955,SDSS17,hydra,78053,11,16384,16384,3,14,ok,,1.5518098026514053,1.1797207668423653,0.615866482257843
46955,SDSS17,hybrid_8l,78053,11,16384,16384,3,14,ok,,2.909223522990942,2.5245785731822252,0.9789895415306091
46955,SDSS17,tabpfn,78053,11,16384,16384,3,14,ok,,6.70323711913079,6.331016291864216,0.9945262670516968
46955,SDSS17,hydra_small,78053,11,16384,16384,3,14,ok,,6.784904123283923,6.394912282004952,0.9811640977859497
46955,SDSS17,hydra,78053,11,16384,16384,3,15,ok,,1.5540638705715537,1.1781096002086997,0.615866482257843
46955,SDSS17,hydra_small,78053,11,16384,16384,3,15,ok,,6.76698562502861,6.392773625440896,0.9811640977859497
46955,SDSS17,tabpfn,78053,11,16384,16384,3,15,ok,,6.707206876948476,6.333176341839135,0.9945262670516968
46955,SDSS17,hybrid_8l,78053,11,16384,16384,3,15,ok,,2.9177930215373635,2.5261171692982316,0.9789895415306091
46955,SDSS17,hydra,78053,11,16384,16384,4,1,ok,,1.5512924082577229,1.179332071915269,0.6053308844566345
46955,SDSS17,hybrid_8l,78053,11,16384,16384,4,1,ok,,2.8932397244498134,2.5242833383381367,0.9799913167953491
46955,SDSS17,hydra_small,78053,11,16384,16384,4,1,ok,,6.765704024583101,6.392323308624327,0.9827165603637695
46955,SDSS17,tabpfn,78053,11,16384,16384,4,1,ok,,6.704194528982043,6.332517297938466,0.9946061968803406
46955,SDSS17,hybrid_8l,78053,11,16384,16384,4,2,ok,,2.8937288923189044,2.5246578995138407,0.9799913167953491
46955,SDSS17,hydra,78053,11,16384,16384,4,2,ok,,1.5482887364923954,1.1810762826353312,0.6053308844566345
46955,SDSS17,tabpfn,78053,11,16384,16384,4,2,ok,,6.700902260839939,6.33364955149591,0.9946061968803406
46955,SDSS17,hydra_small,78053,11,16384,16384,4,2,ok,,6.762990236282349,6.393917318433523,0.9827165603637695
46955,SDSS17,hybrid_8l,78053,11,16384,16384,4,3,ok,,2.894787180237472,2.523048050701618,0.9799913167953491
46955,SDSS17,hydra_small,78053,11,16384,16384,4,3,ok,,6.771038698032498,6.3942133244127035,0.9827165603637695
46955,SDSS17,hydra,78053,11,16384,16384,4,3,ok,,1.5503350412473083,1.177364258095622,0.6053308844566345
46955,SDSS17,tabpfn,78053,11,16384,16384,4,3,ok,,6.704575799405575,6.334511652588844,0.9946061968803406
46955,SDSS17,tabpfn,78053,11,16384,16384,4,4,ok,,6.705911813303828,6.3333750097081065,0.9946061968803406
46955,SDSS17,hybrid_8l,78053,11,16384,16384,4,4,ok,,2.8996131224557757,2.5274284053593874,0.9799913167953491
46955,SDSS17,hydra_small,78053,11,16384,16384,4,4,ok,,6.767019755207002,6.393257792107761,0.9827165603637695
46955,SDSS17,hydra,78053,11,16384,16384,4,4,ok,,1.5507803848013282,1.179143183864653,0.6053308844566345
46955,SDSS17,hydra_small,78053,11,16384,16384,4,5,ok,,6.771811095066369,6.39596120454371,0.9827165603637695
46955,SDSS17,hydra,78053,11,16384,16384,4,5,ok,,1.5582135086879134,1.1791720418259501,0.6053308844566345
46955,SDSS17,hybrid_8l,78053,11,16384,16384,4,5,ok,,2.896349078975618,2.525268252938986,0.9799913167953491
46955,SDSS17,tabpfn,78053,11,16384,16384,4,5,ok,,6.700414153747261,6.332195468246937,0.9946061968803406
46955,SDSS17,tabpfn,78053,11,16384,16384,4,6,ok,,6.748575085774064,6.3371716141700745,0.9946061968803406
46955,SDSS17,hydra,78053,11,16384,16384,4,6,ok,,1.5492313988506794,1.1803212529048324,0.6053308844566345
46955,SDSS17,hybrid_8l,78053,11,16384,16384,4,6,ok,,2.891858314163983,2.523876846767962,0.9799913167953491
46955,SDSS17,hydra_small,78053,11,16384,16384,4,6,ok,,6.766798914410174,6.395643383264542,0.9827165603637695
46955,SDSS17,hydra_small,78053,11,16384,16384,4,7,ok,,6.787474279291928,6.394068760797381,0.9827165603637695
46955,SDSS17,hybrid_8l,78053,11,16384,16384,4,7,ok,,2.8913858104497194,2.522763816639781,0.9799913167953491
46955,SDSS17,hydra,78053,11,16384,16384,4,7,ok,,1.5670552300289273,1.180287173949182,0.6053308844566345
46955,SDSS17,tabpfn,78053,11,16384,16384,4,7,ok,,6.705584059469402,6.334082252345979,0.9946061968803406
46955,SDSS17,hydra,78053,11,16384,16384,4,8,ok,,1.5546299060806632,1.1809251951053739,0.6053308844566345
46955,SDSS17,tabpfn,78053,11,16384,16384,4,8,ok,,6.707883255556226,6.3321127612143755,0.9946061968803406
46955,SDSS17,hybrid_8l,78053,11,16384,16384,4,8,ok,,2.894653961993754,2.5257651824504137,0.9799913167953491
46955,SDSS17,hydra_small,78053,11,16384,16384,4,8,ok,,6.7864291705191135,6.394539620727301,0.9827165603637695
46955,SDSS17,hybrid_8l,78053,11,16384,16384,4,9,ok,,2.892266565002501,2.5248051891103387,0.9799913167953491
46955,SDSS17,tabpfn,78053,11,16384,16384,4,9,ok,,6.707564076408744,6.337241720408201,0.9946061968803406
46955,SDSS17,hydra,78053,11,16384,16384,4,9,ok,,1.5472416784614325,1.1799036161974072,0.6053308844566345
46955,SDSS17,hydra_small,78053,11,16384,16384,4,9,ok,,6.7887822119519114,6.3963067615404725,0.9827165603637695
46955,SDSS17,hydra_small,78053,11,16384,16384,4,10,ok,,6.766841057687998,6.39703123178333,0.9827165603637695
46955,SDSS17,hydra,78053,11,16384,16384,4,10,ok,,1.5445807613432407,1.1790055772289634,0.6053308844566345
46955,SDSS17,hybrid_8l,78053,11,16384,16384,4,10,ok,,2.8934681760147214,2.526565588079393,0.9799913167953491
46955,SDSS17,tabpfn,78053,11,16384,16384,4,10,ok,,6.704939138144255,6.335514111444354,0.9946061968803406
46955,SDSS17,hydra,78053,11,16384,16384,4,11,ok,,1.5540635390207171,1.1803587134927511,0.6053308844566345
46955,SDSS17,hydra_small,78053,11,16384,16384,4,11,ok,,6.801551125012338,6.395976297557354,0.9827165603637695
46955,SDSS17,tabpfn,78053,11,16384,16384,4,11,ok,,6.7026291796937585,6.3338012136518955,0.9946061968803406
46955,SDSS17,hybrid_8l,78053,11,16384,16384,4,11,ok,,2.8929703757166862,2.524757674895227,0.9799913167953491
46955,SDSS17,tabpfn,78053,11,16384,16384,4,12,ok,,6.70763358194381,6.335813826881349,0.9946061968803406
46955,SDSS17,hybrid_8l,78053,11,16384,16384,4,12,ok,,2.9026373336091638,2.528654701076448,0.9799913167953491
46955,SDSS17,hydra,78053,11,16384,16384,4,12,ok,,1.5454689664766192,1.1798637229949236,0.6053308844566345
46955,SDSS17,hydra_small,78053,11,16384,16384,4,12,ok,,6.7640176480636,6.394504129886627,0.9827165603637695
46955,SDSS17,hydra,78053,11,16384,16384,4,13,ok,,1.546930587850511,1.1809602612629533,0.6053308844566345
46955,SDSS17,tabpfn,78053,11,16384,16384,4,13,ok,,6.739135542884469,6.333383014425635,0.9946061968803406
46955,SDSS17,hydra_small,78053,11,16384,16384,4,13,ok,,6.783127545379102,6.390345670282841,0.9827165603637695
46955,SDSS17,hybrid_8l,78053,11,16384,16384,4,13,ok,,2.9111805893480778,2.52620292827487,0.9799913167953491
46955,SDSS17,hybrid_8l,78053,11,16384,16384,4,14,ok,,2.8921830048784614,2.524593699723482,0.9799913167953491
46955,SDSS17,hydra,78053,11,16384,16384,4,14,ok,,1.548617759719491,1.179757146164775,0.6053308844566345
46955,SDSS17,hydra_small,78053,11,16384,16384,4,14,ok,,6.7687930185347795,6.392134452238679,0.9827165603637695
46955,SDSS17,tabpfn,78053,11,16384,16384,4,14,ok,,6.714844296686351,6.333723770454526,0.9946061968803406
46955,SDSS17,hybrid_8l,78053,11,16384,16384,4,15,ok,,2.896082930266857,2.5262665767222643,0.9799913167953491
46955,SDSS17,tabpfn,78053,11,16384,16384,4,15,ok,,6.743115533143282,6.333427728153765,0.9946061968803406
46955,SDSS17,hydra_small,78053,11,16384,16384,4,15,ok,,6.766897131688893,6.395576097071171,0.9827165603637695
46955,SDSS17,hydra,78053,11,16384,16384,4,15,ok,,1.5519354809075594,1.1800624011084437,0.6053308844566345
46955,SDSS17,tabpfn,78053,11,16384,16384,5,1,ok,,6.69678523298353,6.3334659757092595,0.9957026243209839
46955,SDSS17,hybrid_8l,78053,11,16384,16384,5,1,ok,,2.8883932940661907,2.5279994485899806,0.9817082285881042
46955,SDSS17,hydra,78053,11,16384,16384,5,1,ok,,1.5383589761331677,1.180335889570415,0.6074790954589844
46955,SDSS17,hydra_small,78053,11,16384,16384,5,1,ok,,6.7555194376036525,6.394081182777882,0.9841448664665222
46955,SDSS17,tabpfn,78053,11,16384,16384,5,2,ok,,6.71148547809571,6.331566063687205,0.9957026243209839
46955,SDSS17,hydra_small,78053,11,16384,16384,5,2,ok,,6.764862480573356,6.395885264500976,0.9841448664665222
46955,SDSS17,hybrid_8l,78053,11,16384,16384,5,2,ok,,2.884920877404511,2.5246957801282406,0.9817082285881042
46955,SDSS17,hydra,78053,11,16384,16384,5,2,ok,,1.5436070831492543,1.1787883834913373,0.6074790954589844
46955,SDSS17,hybrid_8l,78053,11,16384,16384,5,3,ok,,2.88493190985173,2.525084118358791,0.9817082285881042
46955,SDSS17,hydra,78053,11,16384,16384,5,3,ok,,1.5765608008950949,1.1792579935863614,0.6074790954589844
46955,SDSS17,hydra_small,78053,11,16384,16384,5,3,ok,,6.772852081805468,6.397720686160028,0.9841448664665222
46955,SDSS17,tabpfn,78053,11,16384,16384,5,3,ok,,6.7117938213050365,6.3344523794949055,0.9957026243209839
46955,SDSS17,hydra_small,78053,11,16384,16384,5,4,ok,,6.755524389445782,6.395509330555797,0.9841448664665222
46955,SDSS17,hybrid_8l,78053,11,16384,16384,5,4,ok,,2.884465115144849,2.5257981680333614,0.9817082285881042
46955,SDSS17,hydra,78053,11,16384,16384,5,4,ok,,1.5375302080065012,1.1808493230491877,0.6074790954589844
46955,SDSS17,tabpfn,78053,11,16384,16384,5,4,ok,,6.693350628949702,6.333818141371012,0.9957026243209839
46955,SDSS17,tabpfn,78053,11,16384,16384,5,5,ok,,6.704243401065469,6.336237902753055,0.9957026243209839
46955,SDSS17,hydra_small,78053,11,16384,16384,5,5,ok,,6.757268285378814,6.391053540632129,0.9841448664665222
46955,SDSS17,hybrid_8l,78053,11,16384,16384,5,5,ok,,2.8954023448750377,2.5258119739592075,0.9817082285881042
46955,SDSS17,hydra,78053,11,16384,16384,5,5,ok,,1.545550175011158,1.1792463697493076,0.6074790954589844
46955,SDSS17,hydra,78053,11,16384,16384,5,6,ok,,1.5418100599199533,1.1806580144912004,0.6074790954589844
46955,SDSS17,hydra_small,78053,11,16384,16384,5,6,ok,,6.758591634221375,6.394435106776655,0.9841448664665222
46955,SDSS17,tabpfn,78053,11,16384,16384,5,6,ok,,6.692961712367833,6.332821141928434,0.9957026243209839
46955,SDSS17,hybrid_8l,78053,11,16384,16384,5,6,ok,,2.883328420110047,2.5256235329434276,0.9817082285881042
46955,SDSS17,hybrid_8l,78053,11,16384,16384,5,7,ok,,2.884713603183627,2.526266141794622,0.9817082285881042
46955,SDSS17,tabpfn,78053,11,16384,16384,5,7,ok,,6.6920240465551615,6.333326840773225,0.9957026243209839
46955,SDSS17,hydra,78053,11,16384,16384,5,7,ok,,1.5470952466130257,1.1799750849604607,0.6074790954589844
46955,SDSS17,hydra_small,78053,11,16384,16384,5,7,ok,,6.751237956807017,6.390659216791391,0.9841448664665222
46955,SDSS17,hydra_small,78053,11,16384,16384,5,8,ok,,6.753790317103267,6.391534648835659,0.9841448664665222
46955,SDSS17,hybrid_8l,78053,11,16384,16384,5,8,ok,,2.9099303847178817,2.52716498170048,0.9817082285881042
46955,SDSS17,tabpfn,78053,11,16384,16384,5,8,ok,,6.739383213222027,6.335419483482838,0.9957026243209839
46955,SDSS17,hydra,78053,11,16384,16384,5,8,ok,,1.5486527923494577,1.1813775263726711,0.6074790954589844
46955,SDSS17,hydra,78053,11,16384,16384,5,9,ok,,1.5423763124272227,1.1813315087929368,0.6074790954589844
46955,SDSS17,hydra_small,78053,11,16384,16384,5,9,ok,,6.795938719063997,6.3962165443226695,0.9841448664665222
46955,SDSS17,tabpfn,78053,11,16384,16384,5,9,ok,,6.696389470249414,6.3342278292402625,0.9957026243209839
46955,SDSS17,hybrid_8l,78053,11,16384,16384,5,9,ok,,2.8841797513887286,2.524091466329992,0.9817082285881042
46955,SDSS17,hybrid_8l,78053,11,16384,16384,5,10,ok,,2.8867691475898027,2.5280443765223026,0.9817082285881042
46955,SDSS17,hydra,78053,11,16384,16384,5,10,ok,,1.537183890119195,1.1800079829990864,0.6074790954589844
46955,SDSS17,tabpfn,78053,11,16384,16384,5,10,ok,,6.695607598870993,6.335626036860049,0.9957026243209839
46955,SDSS17,hydra_small,78053,11,16384,16384,5,10,ok,,6.756150455214083,6.393416156992316,0.9841448664665222
46955,SDSS17,hybrid_8l,78053,11,16384,16384,5,11,ok,,2.8841681061312556,2.5255979374051094,0.9817082285881042
46955,SDSS17,hydra_small,78053,11,16384,16384,5,11,ok,,6.757986982353032,6.396631896495819,0.9841448664665222
46955,SDSS17,hydra,78053,11,16384,16384,5,11,ok,,1.5467967251315713,1.1799264634028077,0.6074790954589844
46955,SDSS17,tabpfn,78053,11,16384,16384,5,11,ok,,6.738068173639476,6.334948129951954,0.9957026243209839
46955,SDSS17,hybrid_8l,78053,11,16384,16384,5,12,ok,,2.8837686851620674,2.5256526758894324,0.9817082285881042
46955,SDSS17,hydra,78053,11,16384,16384,5,12,ok,,1.5370820742100477,1.1799250710755587,0.6074790954589844
46955,SDSS17,hydra_small,78053,11,16384,16384,5,12,ok,,6.758044113405049,6.395674326457083,0.9841448664665222
46955,SDSS17,tabpfn,78053,11,16384,16384,5,12,ok,,6.69667905010283,6.3373491717502475,0.9957026243209839
46955,SDSS17,hydra_small,78053,11,16384,16384,5,13,ok,,6.757403009571135,6.396647239103913,0.9841448664665222
46955,SDSS17,tabpfn,78053,11,16384,16384,5,13,ok,,6.692317715846002,6.332329488359392,0.9957026243209839
46955,SDSS17,hydra,78053,11,16384,16384,5,13,ok,,1.5401412323117256,1.1800942150875926,0.6074790954589844
46955,SDSS17,hybrid_8l,78053,11,16384,16384,5,13,ok,,2.9773897593840957,2.5262823160737753,0.9817082285881042
46955,SDSS17,hydra,78053,11,16384,16384,5,14,ok,,1.5376466382294893,1.1799224596470594,0.6074790954589844
46955,SDSS17,hybrid_8l,78053,11,16384,16384,5,14,ok,,2.8917815247550607,2.525428089313209,0.9817082285881042
46955,SDSS17,hydra_small,78053,11,16384,16384,5,14,ok,,6.756873009726405,6.393442121334374,0.9841448664665222
46955,SDSS17,tabpfn,78053,11,16384,16384,5,14,ok,,6.691708688624203,6.333327135071158,0.9957026243209839
46955,SDSS17,hydra_small,78053,11,16384,16384,5,15,ok,,6.754317318089306,6.392489094287157,0.9841448664665222
46955,SDSS17,hybrid_8l,78053,11,16384,16384,5,15,ok,,2.9944774685427547,2.525326012633741,0.9817082285881042
46955,SDSS17,hydra,78053,11,16384,16384,5,15,ok,,1.5381032666191459,1.1772689865902066,0.6074790954589844
46955,SDSS17,tabpfn,78053,11,16384,16384,5,15,ok,,6.691632315516472,6.334048280492425,0.9957026243209839
46920,customer_satisfaction_in_airline,tabpfn,129487,21,16384,16384,1,1,ok,,4.812842805869877,4.19932912196964,0.9818019866943359
46920,customer_satisfaction_in_airline,hybrid_8l,129487,21,16384,16384,1,1,ok,,2.2823856519535184,1.6688004918396473,0.9063286781311035
46920,customer_satisfaction_in_airline,hydra_small,129487,21,16384,16384,1,1,ok,,4.8330709701403975,4.2165727615356445,0.9476879835128784
46920,customer_satisfaction_in_airline,hydra,129487,21,16384,16384,1,1,ok,,1.3815192393958569,0.7672229120507836,0.7924100756645203
46920,customer_satisfaction_in_airline,tabpfn,129487,21,16384,16384,1,2,ok,,4.813332048244774,4.198064439930022,0.9818019866943359
46920,customer_satisfaction_in_airline,hybrid_8l,129487,21,16384,16384,1,2,ok,,2.2829746892675757,1.6696691391989589,0.9063286781311035
46920,customer_satisfaction_in_airline,hydra,129487,21,16384,16384,1,2,ok,,1.3816827395930886,0.7653235727921128,0.7924100756645203
46920,customer_satisfaction_in_airline,hydra_small,129487,21,16384,16384,1,2,ok,,4.848145573399961,4.218529122881591,0.9476879835128784
46920,customer_satisfaction_in_airline,hybrid_8l,129487,21,16384,16384,1,3,ok,,2.2805722914636135,1.667148564942181,0.9063286781311035
46920,customer_satisfaction_in_airline,hydra_small,129487,21,16384,16384,1,3,ok,,4.835879979655147,4.216659012250602,0.9476879835128784
46920,customer_satisfaction_in_airline,hydra,129487,21,16384,16384,1,3,ok,,1.3766379738226533,0.7654622476547956,0.7924100756645203
46920,customer_satisfaction_in_airline,tabpfn,129487,21,16384,16384,1,3,ok,,4.8109307289123535,4.198400515131652,0.9818019866943359
46920,customer_satisfaction_in_airline,hydra_small,129487,21,16384,16384,1,4,ok,,4.834244095720351,4.217665772885084,0.9476879835128784
46920,customer_satisfaction_in_airline,tabpfn,129487,21,16384,16384,1,4,ok,,4.81430150847882,4.198823641054332,0.9818019866943359
46920,customer_satisfaction_in_airline,hydra,129487,21,16384,16384,1,4,ok,,1.3807111633941531,0.7654118537902832,0.7924100756645203
46920,customer_satisfaction_in_airline,hybrid_8l,129487,21,16384,16384,1,4,ok,,2.279343998990953,1.668288879096508,0.9063286781311035
46920,customer_satisfaction_in_airline,hydra,129487,21,16384,16384,1,5,ok,,1.3795655416324735,0.7668553870171309,0.7924100756645203
46920,customer_satisfaction_in_airline,tabpfn,129487,21,16384,16384,1,5,ok,,4.812989407218993,4.1976878717541695,0.9818019866943359
46920,customer_satisfaction_in_airline,hybrid_8l,129487,21,16384,16384,1,5,ok,,2.2833024291321635,1.6704681385308504,0.9063286781311035
46920,customer_satisfaction_in_airline,hydra_small,129487,21,16384,16384,1,5,ok,,4.8325583804398775,4.214731240645051,0.9476879835128784
46920,customer_satisfaction_in_airline,hybrid_8l,129487,21,16384,16384,1,6,ok,,2.282679078169167,1.6687293946743011,0.9063286781311035
46920,customer_satisfaction_in_airline,hydra_small,129487,21,16384,16384,1,6,ok,,4.837927894666791,4.213082700967789,0.9476879835128784
46920,customer_satisfaction_in_airline,hydra,129487,21,16384,16384,1,6,ok,,1.386335089802742,0.7678133836016059,0.7924100756645203
46920,customer_satisfaction_in_airline,tabpfn,129487,21,16384,16384,1,6,ok,,4.810438632965088,4.192457690834999,0.9818019866943359
46920,customer_satisfaction_in_airline,hybrid_8l,129487,21,16384,16384,1,7,ok,,2.2898287661373615,1.6683918368071318,0.9063286781311035
46920,customer_satisfaction_in_airline,tabpfn,129487,21,16384,16384,1,7,ok,,4.8208820996806026,4.197218733839691,0.9818019866943359
46920,customer_satisfaction_in_airline,hydra_small,129487,21,16384,16384,1,7,ok,,4.854802810586989,4.219455500133336,0.9476879835128784
46920,customer_satisfaction_in_airline,hydra,129487,21,16384,16384,1,7,ok,,1.3811148330569267,0.7658227328211069,0.7924100756645203
46920,customer_satisfaction_in_airline,hydra_small,129487,21,16384,16384,1,8,ok,,4.832295084372163,4.2162733636796474,0.9476879835128784
46920,customer_satisfaction_in_airline,hybrid_8l,129487,21,16384,16384,1,8,ok,,2.2882689433172345,1.6700016502290964,0.9063286781311035
46920,customer_satisfaction_in_airline,tabpfn,129487,21,16384,16384,1,8,ok,,4.810995216481388,4.195484193041921,0.9818019866943359
46920,customer_satisfaction_in_airline,hydra,129487,21,16384,16384,1,8,ok,,1.4832084188237786,0.766655451618135,0.7924100756645203
46920,customer_satisfaction_in_airline,hydra,129487,21,16384,16384,1,9,ok,,1.3966276412829757,0.7658383343368769,0.7924100756645203
46920,customer_satisfaction_in_airline,tabpfn,129487,21,16384,16384,1,9,ok,,4.81758030410856,4.191015028394759,0.9818019866943359
46920,customer_satisfaction_in_airline,hybrid_8l,129487,21,16384,16384,1,9,ok,,2.281139861792326,1.6667669238522649,0.9063286781311035
46920,customer_satisfaction_in_airline,hydra_small,129487,21,16384,16384,1,9,ok,,4.835841651074588,4.214130201376975,0.9476879835128784
46920,customer_satisfaction_in_airline,hydra,129487,21,16384,16384,1,10,ok,,1.392292009666562,0.7660070154815912,0.7924100756645203
46920,customer_satisfaction_in_airline,tabpfn,129487,21,16384,16384,1,10,ok,,4.855866587720811,4.242589525878429,0.9818019866943359
46920,customer_satisfaction_in_airline,hybrid_8l,129487,21,16384,16384,1,10,ok,,2.2861827071756124,1.6674200724810362,0.9063286781311035
46920,customer_satisfaction_in_airline,hydra_small,129487,21,16384,16384,1,10,ok,,4.833742409013212,4.216347484849393,0.9476879835128784
46920,customer_satisfaction_in_airline,tabpfn,129487,21,16384,16384,1,11,ok,,4.806290054693818,4.194138152524829,0.9818019866943359
46920,customer_satisfaction_in_airline,hydra_small,129487,21,16384,16384,1,11,ok,,4.835682648234069,4.214237361215055,0.9476879835128784
46920,customer_satisfaction_in_airline,hybrid_8l,129487,21,16384,16384,1,11,ok,,2.2951664393767715,1.6690002093091607,0.9063286781311035
46920,customer_satisfaction_in_airline,hydra,129487,21,16384,16384,1,11,ok,,1.3804230578243732,0.767443997785449,0.7924100756645203
46920,customer_satisfaction_in_airline,hybrid_8l,129487,21,16384,16384,1,12,ok,,2.2810845812782645,1.6696023186668754,0.9063286781311035
46920,customer_satisfaction_in_airline,hydra_small,129487,21,16384,16384,1,12,ok,,4.83177200332284,4.21325062494725,0.9476879835128784
46920,customer_satisfaction_in_airline,hydra,129487,21,16384,16384,1,12,ok,,1.3786722011864185,0.7659737328067422,0.7924100756645203
46920,customer_satisfaction_in_airline,tabpfn,129487,21,16384,16384,1,12,ok,,4.809206907637417,4.195079372264445,0.9818019866943359
46920,customer_satisfaction_in_airline,hybrid_8l,129487,21,16384,16384,1,13,ok,,2.3082335563376546,1.66975290607661,0.9063286781311035
46920,customer_satisfaction_in_airline,tabpfn,129487,21,16384,16384,1,13,ok,,4.80693291220814,4.195023228414357,0.9818019866943359
46920,customer_satisfaction_in_airline,hydra,129487,21,16384,16384,1,13,ok,,1.4119548927992582,0.7679345775395632,0.7924100756645203
46920,customer_satisfaction_in_airline,hydra_small,129487,21,16384,16384,1,13,ok,,4.848888725973666,4.215340088121593,0.9476879835128784
46920,customer_satisfaction_in_airline,hybrid_8l,129487,21,16384,16384,1,14,ok,,2.2829259550198913,1.6701207738369703,0.9063286781311035
46920,customer_satisfaction_in_airline,tabpfn,129487,21,16384,16384,1,14,ok,,4.8750836327672005,4.195223190821707,0.9818019866943359
46920,customer_satisfaction_in_airline,hydra_small,129487,21,16384,16384,1,14,ok,,4.836859702132642,4.21409307885915,0.9476879835128784
46920,customer_satisfaction_in_airline,hydra,129487,21,16384,16384,1,14,ok,,1.404556198976934,0.7653279220685363,0.7924100756645203
46920,customer_satisfaction_in_airline,hydra_small,129487,21,16384,16384,1,15,ok,,4.840343683026731,4.2153397323563695,0.9476879835128784
46920,customer_satisfaction_in_airline,hybrid_8l,129487,21,16384,16384,1,15,ok,,2.282090234570205,1.6684635765850544,0.9063286781311035
46920,customer_satisfaction_in_airline,hydra,129487,21,16384,16384,1,15,ok,,1.381337814964354,0.7660747971385717,0.7924100756645203
46920,customer_satisfaction_in_airline,tabpfn,129487,21,16384,16384,1,15,ok,,4.810569302178919,4.191389122977853,0.9818019866943359
46920,customer_satisfaction_in_airline,hydra_small,129487,21,16384,16384,2,1,ok,,4.929476371966302,4.217621999792755,0.9472194314002991
46920,customer_satisfaction_in_airline,hydra,129487,21,16384,16384,2,1,ok,,1.403444504365325,0.765570743009448,0.8187158703804016
46920,customer_satisfaction_in_airline,tabpfn,129487,21,16384,16384,2,1,ok,,4.818364852108061,4.19240050110966,0.9831897020339966
46920,customer_satisfaction_in_airline,hybrid_8l,129487,21,16384,16384,2,1,ok,,2.295080135576427,1.667166631668806,0.9052243828773499
46920,customer_satisfaction_in_airline,hydra_small,129487,21,16384,16384,2,2,ok,,4.835973462089896,4.211674517020583,0.9472194314002991
46920,customer_satisfaction_in_airline,hydra,129487,21,16384,16384,2,2,ok,,1.3932170700281858,0.7675118204206228,0.8187158703804016
46920,customer_satisfaction_in_airline,hybrid_8l,129487,21,16384,16384,2,2,ok,,2.2875974010676146,1.668555423617363,0.9052243828773499
46920,customer_satisfaction_in_airline,tabpfn,129487,21,16384,16384,2,2,ok,,4.812160684727132,4.188959336839616,0.9831897020339966
46920,customer_satisfaction_in_airline,tabpfn,129487,21,16384,16384,2,3,ok,,4.815619307570159,4.194096168503165,0.9831897020339966
46920,customer_satisfaction_in_airline,hybrid_8l,129487,21,16384,16384,2,3,ok,,2.294394458644092,1.66858446970582,0.9052243828773499
46920,customer_satisfaction_in_airline,hydra_small,129487,21,16384,16384,2,3,ok,,4.838032219558954,4.216680535115302,0.9472194314002991
46920,customer_satisfaction_in_airline,hydra,129487,21,16384,16384,2,3,ok,,1.3900277093052864,0.7665760992094874,0.8187158703804016
46920,customer_satisfaction_in_airline,hydra_small,129487,21,16384,16384,2,4,ok,,4.84401389118284,4.216506656259298,0.9472194314002991
46920,customer_satisfaction_in_airline,tabpfn,129487,21,16384,16384,2,4,ok,,4.816910529509187,4.192662036977708,0.9831897020339966
46920,customer_satisfaction_in_airline,hybrid_8l,129487,21,16384,16384,2,4,ok,,2.2927136281505227,1.6668487135320902,0.9052243828773499
46920,customer_satisfaction_in_airline,hydra,129487,21,16384,16384,2,4,ok,,1.388332549482584,0.7672871751710773,0.8187158703804016
46920,customer_satisfaction_in_airline,hydra,129487,21,16384,16384,2,5,ok,,1.3953462466597557,0.7665194422006607,0.8187158703804016
46920,customer_satisfaction_in_airline,hybrid_8l,129487,21,16384,16384,2,5,ok,,2.290114775300026,1.6671538222581148,0.9052243828773499
46920,customer_satisfaction_in_airline,hydra_small,129487,21,16384,16384,2,5,ok,,4.837225937284529,4.2150794276967645,0.9472194314002991
46920,customer_satisfaction_in_airline,tabpfn,129487,21,16384,16384,2,5,ok,,4.81221623159945,4.192453887313604,0.9831897020339966
46920,customer_satisfaction_in_airline,hydra_small,129487,21,16384,16384,2,6,ok,,4.8468203861266375,4.220550463534892,0.9472194314002991
46920,customer_satisfaction_in_airline,hybrid_8l,129487,21,16384,16384,2,6,ok,,2.3102890960872173,1.6686740443110466,0.9052243828773499
46920,customer_satisfaction_in_airline,hydra,129487,21,16384,16384,2,6,ok,,1.3875165758654475,0.7685339292511344,0.8187158703804016
46920,customer_satisfaction_in_airline,tabpfn,129487,21,16384,16384,2,6,ok,,4.816781792789698,4.190708161331713,0.9831897020339966
46920,customer_satisfaction_in_airline,tabpfn,129487,21,16384,16384,2,7,ok,,4.814626881852746,4.19573909509927,0.9831897020339966
46920,customer_satisfaction_in_airline,hydra,129487,21,16384,16384,2,7,ok,,1.3868003999814391,0.7664694581180811,0.8187158703804016
46920,customer_satisfaction_in_airline,hydra_small,129487,21,16384,16384,2,7,ok,,4.837236626073718,4.213885692879558,0.9472194314002991
46920,customer_satisfaction_in_airline,hybrid_8l,129487,21,16384,16384,2,7,ok,,2.290201975032687,1.6672343676909804,0.9052243828773499
46920,customer_satisfaction_in_airline,hybrid_8l,129487,21,16384,16384,2,8,ok,,2.29015507735312,1.6699684672057629,0.9052243828773499
46920,customer_satisfaction_in_airline,hydra_small,129487,21,16384,16384,2,8,ok,,4.844761122949421,4.217655034735799,0.9472194314002991
46920,customer_satisfaction_in_airline,tabpfn,129487,21,16384,16384,2,8,ok,,4.813553111627698,4.1926056714728475,0.9831897020339966
46920,customer_satisfaction_in_airline,hydra,129487,21,16384,16384,2,8,ok,,1.3897244716063142,0.7682123510167003,0.8187158703804016
46920,customer_satisfaction_in_airline,hydra_small,129487,21,16384,16384,2,9,ok,,4.841515768319368,4.217666359618306,0.9472194314002991
46920,customer_satisfaction_in_airline,tabpfn,129487,21,16384,16384,2,9,ok,,4.821633412502706,4.196186047978699,0.9831897020339966
46920,customer_satisfaction_in_airline,hybrid_8l,129487,21,16384,16384,2,9,ok,,2.2904676916077733,1.6691991416737437,0.9052243828773499
46920,customer_satisfaction_in_airline,hydra,129487,21,16384,16384,2,9,ok,,1.4658301481977105,0.7677652444690466,0.8187158703804016
46920,customer_satisfaction_in_airline,hydra,129487,21,16384,16384,2,10,ok,,1.3871923452243209,0.7674315115436912,0.8187158703804016
46920,customer_satisfaction_in_airline,tabpfn,129487,21,16384,16384,2,10,ok,,4.813987150788307,4.194087835028768,0.9831897020339966
46920,customer_satisfaction_in_airline,hydra_small,129487,21,16384,16384,2,10,ok,,4.837519711814821,4.216133750043809,0.9472194314002991
46920,customer_satisfaction_in_airline,hybrid_8l,129487,21,16384,16384,2,10,ok,,2.286982641555369,1.667445721104741,0.9052243828773499
46920,customer_satisfaction_in_airline,hybrid_8l,129487,21,16384,16384,2,11,ok,,2.287294903770089,1.66776742041111,0.9052243828773499
46920,customer_satisfaction_in_airline,hydra_small,129487,21,16384,16384,2,11,ok,,4.835505138151348,4.213707636110485,0.9472194314002991
46920,customer_satisfaction_in_airline,tabpfn,129487,21,16384,16384,2,11,ok,,4.817233375273645,4.194309078156948,0.9831897020339966
46920,customer_satisfaction_in_airline,hydra,129487,21,16384,16384,2,11,ok,,1.3923551067709923,0.7664457056671381,0.8187158703804016
46920,customer_satisfaction_in_airline,tabpfn,129487,21,16384,16384,2,12,ok,,4.81293036416173,4.1936159953475,0.9831897020339966
46920,customer_satisfaction_in_airline,hydra_small,129487,21,16384,16384,2,12,ok,,4.83874131180346,4.215383183211088,0.9472194314002991
46920,customer_satisfaction_in_airline,hybrid_8l,129487,21,16384,16384,2,12,ok,,2.289204112254083,1.668176849372685,0.9052243828773499
46920,customer_satisfaction_in_airline,hydra,129487,21,16384,16384,2,12,ok,,1.3876510970294476,0.7667054384946823,0.8187158703804016
46920,customer_satisfaction_in_airline,hybrid_8l,129487,21,16384,16384,2,13,ok,,2.2950013549998403,1.67011477984488,0.9052243828773499
46920,customer_satisfaction_in_airline,hydra,129487,21,16384,16384,2,13,ok,,1.390334390103817,0.7657935600727797,0.8187158703804016
46920,customer_satisfaction_in_airline,hydra_small,129487,21,16384,16384,2,13,ok,,4.834725636988878,4.213202403858304,0.9472194314002991
46920,customer_satisfaction_in_airline,tabpfn,129487,21,16384,16384,2,13,ok,,4.816643053665757,4.197129165753722,0.9831897020339966
46920,customer_satisfaction_in_airline,hydra,129487,21,16384,16384,2,14,ok,,1.3863408155739307,0.7655999632552266,0.8187158703804016
46920,customer_satisfaction_in_airline,tabpfn,129487,21,16384,16384,2,14,ok,,4.8147339867427945,4.193856267258525,0.9831897020339966
46920,customer_satisfaction_in_airline,hydra_small,129487,21,16384,16384,2,14,ok,,4.889323622919619,4.212014837190509,0.9472194314002991
46920,customer_satisfaction_in_airline,hybrid_8l,129487,21,16384,16384,2,14,ok,,2.293875985778868,1.669539331458509,0.9052243828773499
46920,customer_satisfaction_in_airline,hydra,129487,21,16384,16384,2,15,ok,,1.4468181859701872,0.7658681031316519,0.8187158703804016
46920,customer_satisfaction_in_airline,hydra_small,129487,21,16384,16384,2,15,ok,,4.854206106625497,4.219486813992262,0.9472194314002991
46920,customer_satisfaction_in_airline,tabpfn,129487,21,16384,16384,2,15,ok,,4.817512474954128,4.195478835143149,0.9831897020339966
46920,customer_satisfaction_in_airline,hybrid_8l,129487,21,16384,16384,2,15,ok,,2.2966626649722457,1.671106031164527,0.9052243828773499
46920,customer_satisfaction_in_airline,hydra,129487,21,16384,16384,3,1,ok,,1.4028660031035542,0.7665567873045802,0.8207866549491882
46920,customer_satisfaction_in_airline,hydra_small,129487,21,16384,16384,3,1,ok,,4.855282638221979,4.213369256816804,0.9464588165283203
46920,customer_satisfaction_in_airline,tabpfn,129487,21,16384,16384,3,1,ok,,4.907157441601157,4.197028161026537,0.982693076133728
46920,customer_satisfaction_in_airline,hybrid_8l,129487,21,16384,16384,3,1,ok,,2.3742295308038592,1.6702613616362214,0.9123642444610596
46920,customer_satisfaction_in_airline,hydra_small,129487,21,16384,16384,3,2,ok,,4.854715386405587,4.216836087405682,0.9464588165283203
46920,customer_satisfaction_in_airline,tabpfn,129487,21,16384,16384,3,2,ok,,4.860879804939032,4.196772279217839,0.982693076133728
46920,customer_satisfaction_in_airline,hydra,129487,21,16384,16384,3,2,ok,,1.4687048699706793,0.7685314686968923,0.8207866549491882
46920,customer_satisfaction_in_airline,hybrid_8l,129487,21,16384,16384,3,2,ok,,2.302340814843774,1.668715895153582,0.9123642444610596
46920,customer_satisfaction_in_airline,hydra,129487,21,16384,16384,3,3,ok,,1.3976062294095755,0.76644107978791,0.8207866549491882
46920,customer_satisfaction_in_airline,hydra_small,129487,21,16384,16384,3,3,ok,,4.843775504268706,4.211714396253228,0.9464588165283203
46920,customer_satisfaction_in_airline,tabpfn,129487,21,16384,16384,3,3,ok,,4.8322980822995305,4.19248135201633,0.982693076133728
46920,customer_satisfaction_in_airline,hybrid_8l,129487,21,16384,16384,3,3,ok,,2.3709413651376963,1.6694645639508963,0.9123642444610596
46920,customer_satisfaction_in_airline,hydra,129487,21,16384,16384,3,4,ok,,1.3971863146871328,0.7653991160914302,0.8207866549491882
46920,customer_satisfaction_in_airline,tabpfn,129487,21,16384,16384,3,4,ok,,4.822805181145668,4.192076086997986,0.982693076133728
46920,customer_satisfaction_in_airline,hydra_small,129487,21,16384,16384,3,4,ok,,4.845678163692355,4.213379073888063,0.9464588165283203
46920,customer_satisfaction_in_airline,hybrid_8l,129487,21,16384,16384,3,4,ok,,2.2989010214805603,1.669881535694003,0.9123642444610596
46920,customer_satisfaction_in_airline,hydra,129487,21,16384,16384,3,5,ok,,1.3978687385097146,0.7664731005206704,0.8207866549491882
46920,customer_satisfaction_in_airline,hydra_small,129487,21,16384,16384,3,5,ok,,4.849576809443533,4.217857458628714,0.9464588165283203
46920,customer_satisfaction_in_airline,tabpfn,129487,21,16384,16384,3,5,ok,,4.829827917739749,4.194676264189184,0.982693076133728
46920,customer_satisfaction_in_airline,hybrid_8l,129487,21,16384,16384,3,5,ok,,2.304724314250052,1.6708579855039716,0.9123642444610596
46920,customer_satisfaction_in_airline,hydra,129487,21,16384,16384,3,6,ok,,1.430554911494255,0.7669780468568206,0.8207866549491882
46920,customer_satisfaction_in_airline,hydra_small,129487,21,16384,16384,3,6,ok,,4.84862757474184,4.214253262616694,0.9464588165283203
46920,customer_satisfaction_in_airline,tabpfn,129487,21,16384,16384,3,6,ok,,4.827151631005108,4.195965058170259,0.982693076133728
46920,customer_satisfaction_in_airline,hybrid_8l,129487,21,16384,16384,3,6,ok,,2.299881120212376,1.6680513890460134,0.9123642444610596
46920,customer_satisfaction_in_airline,hydra,129487,21,16384,16384,3,7,ok,,1.3994205798953772,0.7679157834500074,0.8207866549491882
46920,customer_satisfaction_in_airline,hydra_small,129487,21,16384,16384,3,7,ok,,4.850019223056734,4.216161729767919,0.9464588165283203
46920,customer_satisfaction_in_airline,hybrid_8l,129487,21,16384,16384,3,7,ok,,2.301180772483349,1.668499288149178,0.9123642444610596
46920,customer_satisfaction_in_airline,tabpfn,129487,21,16384,16384,3,7,ok,,4.832870847545564,4.197704725898802,0.982693076133728
46920,customer_satisfaction_in_airline,tabpfn,129487,21,16384,16384,3,8,ok,,4.869359914213419,4.19659318216145,0.982693076133728
46920,customer_satisfaction_in_airline,hydra,129487,21,16384,16384,3,8,ok,,1.4125980846583843,0.7657072609290481,0.8207866549491882
46920,customer_satisfaction_in_airline,hydra_small,129487,21,16384,16384,3,8,ok,,4.850269541144371,4.215580202639103,0.9464588165283203
46920,customer_satisfaction_in_airline,hybrid_8l,129487,21,16384,16384,3,8,ok,,2.3016997575759888,1.668463671579957,0.9123642444610596
46920,customer_satisfaction_in_airline,hydra_small,129487,21,16384,16384,3,9,ok,,4.851303018629551,4.215366116724908,0.9464588165283203
46920,customer_satisfaction_in_airline,tabpfn,129487,21,16384,16384,3,9,ok,,4.823635666631162,4.190800690092146,0.982693076133728
46920,customer_satisfaction_in_airline,hybrid_8l,129487,21,16384,16384,3,9,ok,,2.298161555081606,1.6668219715356827,0.9123642444610596
46920,customer_satisfaction_in_airline,hydra,129487,21,16384,16384,3,9,ok,,1.4054448753595352,0.7677904777228832,0.8207866549491882
46920,customer_satisfaction_in_airline,hybrid_8l,129487,21,16384,16384,3,10,ok,,2.4055247167125344,1.6670235749334097,0.9123642444610596
46920,customer_satisfaction_in_airline,hydra,129487,21,16384,16384,3,10,ok,,1.4012054242193699,0.7677222397178411,0.8207866549491882
46920,customer_satisfaction_in_airline,hydra_small,129487,21,16384,16384,3,10,ok,,4.85005065985024,4.214894046075642,0.9464588165283203
46920,customer_satisfaction_in_airline,tabpfn,129487,21,16384,16384,3,10,ok,,4.828269829042256,4.193037069402635,0.982693076133728
46920,customer_satisfaction_in_airline,tabpfn,129487,21,16384,16384,3,11,ok,,4.875635419040918,4.19581601396203,0.982693076133728
46920,customer_satisfaction_in_airline,hydra,129487,21,16384,16384,3,11,ok,,1.4978337185457349,0.7653188351541758,0.8207866549491882
46920,customer_satisfaction_in_airline,hybrid_8l,129487,21,16384,16384,3,11,ok,,2.3062565429136157,1.6686740024015307,0.9123642444610596
46920,customer_satisfaction_in_airline,hydra_small,129487,21,16384,16384,3,11,ok,,4.855705044232309,4.215199797414243,0.9464588165283203
46920,customer_satisfaction_in_airline,tabpfn,129487,21,16384,16384,3,12,ok,,4.829978979192674,4.192655859515071,0.982693076133728
46920,customer_satisfaction_in_airline,hybrid_8l,129487,21,16384,16384,3,12,ok,,2.302265653386712,1.6703652571886778,0.9123642444610596
46920,customer_satisfaction_in_airline,hydra_small,129487,21,16384,16384,3,12,ok,,4.853293998166919,4.214268134906888,0.9464588165283203
46920,customer_satisfaction_in_airline,hydra,129487,21,16384,16384,3,12,ok,,1.427619494497776,0.7669829688966274,0.8207866549491882
46920,customer_satisfaction_in_airline,tabpfn,129487,21,16384,16384,3,13,ok,,4.828967443667352,4.193535108119249,0.982693076133728
46920,customer_satisfaction_in_airline,hydra_small,129487,21,16384,16384,3,13,ok,,4.8476752657443285,4.213870122097433,0.9464588165283203
46920,customer_satisfaction_in_airline,hybrid_8l,129487,21,16384,16384,3,13,ok,,2.302645624615252,1.6697544613853097,0.9123642444610596
46920,customer_satisfaction_in_airline,hydra,129487,21,16384,16384,3,13,ok,,1.4017577515915036,0.7665975699201226,0.8207866549491882
46920,customer_satisfaction_in_airline,hydra_small,129487,21,16384,16384,3,14,ok,,4.854635322466493,4.214902407489717,0.9464588165283203
46920,customer_satisfaction_in_airline,hydra,129487,21,16384,16384,3,14,ok,,1.4008353035897017,0.7674168022349477,0.8207866549491882
46920,customer_satisfaction_in_airline,hybrid_8l,129487,21,16384,16384,3,14,ok,,2.3022439843043685,1.66884979698807,0.9123642444610596
46920,customer_satisfaction_in_airline,tabpfn,129487,21,16384,16384,3,14,ok,,4.884117776528001,4.193193221464753,0.982693076133728
46920,customer_satisfaction_in_airline,hydra,129487,21,16384,16384,3,15,ok,,1.4074852736666799,0.7657315591350198,0.8207866549491882
46920,customer_satisfaction_in_airline,tabpfn,129487,21,16384,16384,3,15,ok,,4.8270413698628545,4.1912023620679975,0.982693076133728
46920,customer_satisfaction_in_airline,hydra_small,129487,21,16384,16384,3,15,ok,,4.869412319734693,4.214864798821509,0.9464588165283203
46920,customer_satisfaction_in_airline,hybrid_8l,129487,21,16384,16384,3,15,ok,,2.3040627911686897,1.6667266162112355,0.9123642444610596
46920,customer_satisfaction_in_airline,hydra,129487,21,16384,16384,4,1,ok,,1.383295207284391,0.7680855803191662,0.8190446496009827
46920,customer_satisfaction_in_airline,hybrid_8l,129487,21,16384,16384,4,1,ok,,2.2877984596416354,1.6678047282621264,0.9106894731521606
46920,customer_satisfaction_in_airline,hydra_small,129487,21,16384,16384,4,1,ok,,4.942558730021119,4.216448470950127,0.9441224932670593
46920,customer_satisfaction_in_airline,tabpfn,129487,21,16384,16384,4,1,ok,,4.817146648652852,4.19675416033715,0.9821600317955017
46920,customer_satisfaction_in_airline,hydra_small,129487,21,16384,16384,4,2,ok,,4.862176223658025,4.213907738216221,0.9441224932670593
46920,customer_satisfaction_in_airline,hybrid_8l,129487,21,16384,16384,4,2,ok,,2.2867457466199994,1.6684833951294422,0.9106894731521606
46920,customer_satisfaction_in_airline,tabpfn,129487,21,16384,16384,4,2,ok,,4.811205485835671,4.196085535921156,0.9821600317955017
46920,customer_satisfaction_in_airline,hydra,129487,21,16384,16384,4,2,ok,,1.382593427784741,0.7663486897945404,0.8190446496009827
46920,customer_satisfaction_in_airline,tabpfn,129487,21,16384,16384,4,3,ok,,4.809424842707813,4.192303943447769,0.9821600317955017
46920,customer_satisfaction_in_airline,hybrid_8l,129487,21,16384,16384,4,3,ok,,2.2856508223339915,1.6697193682193756,0.9106894731521606
46920,customer_satisfaction_in_airline,hydra,129487,21,16384,16384,4,3,ok,,1.3863016432151198,0.7668697871267796,0.8190446496009827
46920,customer_satisfaction_in_airline,hydra_small,129487,21,16384,16384,4,3,ok,,4.890878781676292,4.213436106219888,0.9441224932670593
46920,customer_satisfaction_in_airline,hybrid_8l,129487,21,16384,16384,4,4,ok,,2.3105260664597154,1.6681708041578531,0.9106894731521606
46920,customer_satisfaction_in_airline,tabpfn,129487,21,16384,16384,4,4,ok,,4.810920055955648,4.195011445321143,0.9821600317955017
46920,customer_satisfaction_in_airline,hydra,129487,21,16384,16384,4,4,ok,,1.384320561774075,0.7657915335148573,0.8190446496009827
46920,customer_satisfaction_in_airline,hydra_small,129487,21,16384,16384,4,4,ok,,4.900636387988925,4.21391327213496,0.9441224932670593
46920,customer_satisfaction_in_airline,hydra,129487,21,16384,16384,4,5,ok,,1.383091733790934,0.7660156087949872,0.8190446496009827
46920,customer_satisfaction_in_airline,hydra_small,129487,21,16384,16384,4,5,ok,,4.833869503811002,4.214487882331014,0.9441224932670593
46920,customer_satisfaction_in_airline,hybrid_8l,129487,21,16384,16384,4,5,ok,,2.2861030530184507,1.6697090789675713,0.9106894731521606
46920,customer_satisfaction_in_airline,tabpfn,129487,21,16384,16384,4,5,ok,,4.835963782854378,4.196766702458262,0.9821600317955017
46920,customer_satisfaction_in_airline,hybrid_8l,129487,21,16384,16384,4,6,ok,,2.285473399795592,1.6687374291941524,0.9106894731521606
46920,customer_satisfaction_in_airline,hydra,129487,21,16384,16384,4,6,ok,,1.38503628782928,0.768997679464519,0.8190446496009827
46920,customer_satisfaction_in_airline,tabpfn,129487,21,16384,16384,4,6,ok,,4.812194354832172,4.197379391640425,0.9821600317955017
46920,customer_satisfaction_in_airline,hydra_small,129487,21,16384,16384,4,6,ok,,4.832721301354468,4.21471316087991,0.9441224932670593
46920,customer_satisfaction_in_airline,hydra_small,129487,21,16384,16384,4,7,ok,,4.8343376545235515,4.215695541352034,0.9441224932670593
46920,customer_satisfaction_in_airline,hybrid_8l,129487,21,16384,16384,4,7,ok,,2.279406936839223,1.6672360552474856,0.9106894731521606
46920,customer_satisfaction_in_airline,tabpfn,129487,21,16384,16384,4,7,ok,,4.811137302778661,4.195181951858103,0.9821600317955017
46920,customer_satisfaction_in_airline,hydra,129487,21,16384,16384,4,7,ok,,1.3977508749812841,0.7665845472365618,0.8190446496009827
46920,customer_satisfaction_in_airline,tabpfn,129487,21,16384,16384,4,8,ok,,4.813001525588334,4.193710684776306,0.9821600317955017
46920,customer_satisfaction_in_airline,hydra_small,129487,21,16384,16384,4,8,ok,,4.834402939304709,4.21669617947191,0.9441224932670593
46920,customer_satisfaction_in_airline,hydra,129487,21,16384,16384,4,8,ok,,1.396450181491673,0.7667497713118792,0.8190446496009827
46920,customer_satisfaction_in_airline,hybrid_8l,129487,21,16384,16384,4,8,ok,,2.2857755227014422,1.6687119118869305,0.9106894731521606
46920,customer_satisfaction_in_airline,hydra_small,129487,21,16384,16384,4,9,ok,,4.869560022838414,4.216939251869917,0.9441224932670593
46920,customer_satisfaction_in_airline,hybrid_8l,129487,21,16384,16384,4,9,ok,,2.285268383100629,1.6702163722366095,0.9106894731521606
46920,customer_satisfaction_in_airline,hydra,129487,21,16384,16384,4,9,ok,,1.388045801781118,0.7674670489504933,0.8190446496009827
46920,customer_satisfaction_in_airline,tabpfn,129487,21,16384,16384,4,9,ok,,4.813293422572315,4.195568786934018,0.9821600317955017
46920,customer_satisfaction_in_airline,hybrid_8l,129487,21,16384,16384,4,10,ok,,2.2838902631774545,1.6690519275143743,0.9106894731521606
46920,customer_satisfaction_in_airline,hydra_small,129487,21,16384,16384,4,10,ok,,4.838115286082029,4.214944142848253,0.9441224932670593
46920,customer_satisfaction_in_airline,tabpfn,129487,21,16384,16384,4,10,ok,,4.81706561986357,4.195080832578242,0.9821600317955017
46920,customer_satisfaction_in_airline,hydra,129487,21,16384,16384,4,10,ok,,1.3873980734497309,0.765307730063796,0.8190446496009827
46920,customer_satisfaction_in_airline,hybrid_8l,129487,21,16384,16384,4,11,ok,,2.291887472383678,1.669219714589417,0.9106894731521606
46920,customer_satisfaction_in_airline,tabpfn,129487,21,16384,16384,4,11,ok,,4.811543568968773,4.194648024626076,0.9821600317955017
46920,customer_satisfaction_in_airline,hydra,129487,21,16384,16384,4,11,ok,,1.3828788939863443,0.764857285656035,0.8190446496009827
46920,customer_satisfaction_in_airline,hydra_small,129487,21,16384,16384,4,11,ok,,4.832001005299389,4.2167712757363915,0.9441224932670593
46920,customer_satisfaction_in_airline,tabpfn,129487,21,16384,16384,4,12,ok,,4.810503048822284,4.194835079833865,0.9821600317955017
46920,customer_satisfaction_in_airline,hydra_small,129487,21,16384,16384,4,12,ok,,4.832772548310459,4.212849186733365,0.9441224932670593
46920,customer_satisfaction_in_airline,hybrid_8l,129487,21,16384,16384,4,12,ok,,2.2875620406121016,1.6703773085027933,0.9106894731521606
46920,customer_satisfaction_in_airline,hydra,129487,21,16384,16384,4,12,ok,,1.3804007191210985,0.7661695620045066,0.8190446496009827
46920,customer_satisfaction_in_airline,hydra_small,129487,21,16384,16384,4,13,ok,,4.832847889512777,4.214145644567907,0.9441224932670593
46920,customer_satisfaction_in_airline,hydra,129487,21,16384,16384,4,13,ok,,1.3866355614736676,0.7674070987850428,0.8190446496009827
46920,customer_satisfaction_in_airline,hybrid_8l,129487,21,16384,16384,4,13,ok,,2.2842494854703546,1.6706677787005901,0.9106894731521606
46920,customer_satisfaction_in_airline,tabpfn,129487,21,16384,16384,4,13,ok,,4.810565528459847,4.192795448005199,0.9821600317955017
46920,customer_satisfaction_in_airline,tabpfn,129487,21,16384,16384,4,14,ok,,4.811113988980651,4.194741986691952,0.9821600317955017
46920,customer_satisfaction_in_airline,hybrid_8l,129487,21,16384,16384,4,14,ok,,2.2819208446890116,1.669537448324263,0.9106894731521606
46920,customer_satisfaction_in_airline,hydra_small,129487,21,16384,16384,4,14,ok,,4.835110017098486,4.2170410715043545,0.9441224932670593
46920,customer_satisfaction_in_airline,hydra,129487,21,16384,16384,4,14,ok,,1.3811592170968652,0.7648251764476299,0.8190446496009827
46920,customer_satisfaction_in_airline,tabpfn,129487,21,16384,16384,4,15,ok,,4.8098054295405746,4.196783273480833,0.9821600317955017
46920,customer_satisfaction_in_airline,hydra_small,129487,21,16384,16384,4,15,ok,,4.831797764636576,4.2128681764006615,0.9441224932670593
46920,customer_satisfaction_in_airline,hydra,129487,21,16384,16384,4,15,ok,,1.3816707162186503,0.7674172576516867,0.8190446496009827
46920,customer_satisfaction_in_airline,hybrid_8l,129487,21,16384,16384,4,15,ok,,2.2837198227643967,1.6680710213258862,0.9106894731521606
46920,customer_satisfaction_in_airline,hybrid_8l,129487,21,16384,16384,5,1,ok,,2.2942424081265926,1.6685936711728573,0.9088470339775085
46920,customer_satisfaction_in_airline,hydra,129487,21,16384,16384,5,1,ok,,1.3866424346342683,0.7660382948815823,0.7823829054832458
46920,customer_satisfaction_in_airline,hydra_small,129487,21,16384,16384,5,1,ok,,4.839143691584468,4.216001103632152,0.945365846157074
46920,customer_satisfaction_in_airline,tabpfn,129487,21,16384,16384,5,1,ok,,4.818424982018769,4.196523364633322,0.9828726649284363
46920,customer_satisfaction_in_airline,hydra,129487,21,16384,16384,5,2,ok,,1.3850110955536366,0.7653850568458438,0.7823829054832458
46920,customer_satisfaction_in_airline,hydra_small,129487,21,16384,16384,5,2,ok,,4.841520014218986,4.215510884299874,0.945365846157074
46920,customer_satisfaction_in_airline,hybrid_8l,129487,21,16384,16384,5,2,ok,,2.3215224584564567,1.6682257438078523,0.9088470339775085
46920,customer_satisfaction_in_airline,tabpfn,129487,21,16384,16384,5,2,ok,,4.8193976655602455,4.192072303034365,0.9828726649284363
46920,customer_satisfaction_in_airline,hydra,129487,21,16384,16384,5,3,ok,,1.3863481981679797,0.7644160026684403,0.7823829054832458
46920,customer_satisfaction_in_airline,hydra_small,129487,21,16384,16384,5,3,ok,,4.837829554453492,4.216530978679657,0.945365846157074
46920,customer_satisfaction_in_airline,hybrid_8l,129487,21,16384,16384,5,3,ok,,2.2871616752818227,1.6691776076331735,0.9088470339775085
46920,customer_satisfaction_in_airline,tabpfn,129487,21,16384,16384,5,3,ok,,4.816573395393789,4.194296247325838,0.9828726649284363
46920,customer_satisfaction_in_airline,hydra,129487,21,16384,16384,5,4,ok,,1.3883371464908123,0.76684002391994,0.7823829054832458
46920,customer_satisfaction_in_airline,hydra_small,129487,21,16384,16384,5,4,ok,,4.855105915106833,4.213196462020278,0.945365846157074
46920,customer_satisfaction_in_airline,tabpfn,129487,21,16384,16384,5,4,ok,,4.81632149964571,4.194814299233258,0.9828726649284363
46920,customer_satisfaction_in_airline,hybrid_8l,129487,21,16384,16384,5,4,ok,,2.2871779073029757,1.6690593753010035,0.9088470339775085
46920,customer_satisfaction_in_airline,hydra_small,129487,21,16384,16384,5,5,ok,,4.846861686557531,4.216083732433617,0.945365846157074
46920,customer_satisfaction_in_airline,hybrid_8l,129487,21,16384,16384,5,5,ok,,2.2983231907710433,1.665585975162685,0.9088470339775085
46920,customer_satisfaction_in_airline,hydra,129487,21,16384,16384,5,5,ok,,1.4083793153986335,0.7665307875722647,0.7823829054832458
46920,customer_satisfaction_in_airline,tabpfn,129487,21,16384,16384,5,5,ok,,4.8148284228518605,4.195785891264677,0.9828726649284363
46920,customer_satisfaction_in_airline,hydra,129487,21,16384,16384,5,6,ok,,1.3883450217545033,0.7681017052382231,0.7823829054832458
46920,customer_satisfaction_in_airline,hydra_small,129487,21,16384,16384,5,6,ok,,4.840575939975679,4.2174970312044024,0.945365846157074
46920,customer_satisfaction_in_airline,tabpfn,129487,21,16384,16384,5,6,ok,,4.814246801659465,4.1950932601466775,0.9828726649284363
46920,customer_satisfaction_in_airline,hybrid_8l,129487,21,16384,16384,5,6,ok,,2.2962990580126643,1.6674474524334073,0.9088470339775085
46920,customer_satisfaction_in_airline,tabpfn,129487,21,16384,16384,5,7,ok,,4.81301452871412,4.194720493629575,0.9828726649284363
46920,customer_satisfaction_in_airline,hybrid_8l,129487,21,16384,16384,5,7,ok,,2.2839393531903625,1.6687457924708724,0.9088470339775085
46920,customer_satisfaction_in_airline,hydra_small,129487,21,16384,16384,5,7,ok,,4.83406874537468,4.212456122972071,0.945365846157074
46920,customer_satisfaction_in_airline,hydra,129487,21,16384,16384,5,7,ok,,1.4009484490379691,0.765331257134676,0.7823829054832458
46920,customer_satisfaction_in_airline,hydra_small,129487,21,16384,16384,5,8,ok,,4.830517027527094,4.2112351302057505,0.945365846157074
46920,customer_satisfaction_in_airline,tabpfn,129487,21,16384,16384,5,8,ok,,4.810723097994924,4.193022727966309,0.9828726649284363
46920,customer_satisfaction_in_airline,hybrid_8l,129487,21,16384,16384,5,8,ok,,2.286602359265089,1.6681376500055194,0.9088470339775085
46920,customer_satisfaction_in_airline,hydra,129487,21,16384,16384,5,8,ok,,1.3809942472726107,0.763513763435185,0.7823829054832458
46920,customer_satisfaction_in_airline,hybrid_8l,129487,21,16384,16384,5,9,ok,,2.2890302585437894,1.6668427987024188,0.9088470339775085
46920,customer_satisfaction_in_airline,tabpfn,129487,21,16384,16384,5,9,ok,,4.807181229814887,4.190121483057737,0.9828726649284363
46920,customer_satisfaction_in_airline,hydra,129487,21,16384,16384,5,9,ok,,1.3849203251302242,0.7657291200011969,0.7823829054832458
46920,customer_satisfaction_in_airline,hydra_small,129487,21,16384,16384,5,9,ok,,4.836316765286028,4.21605468261987,0.945365846157074
46920,customer_satisfaction_in_airline,hydra_small,129487,21,16384,16384,5,10,ok,,4.838910007849336,4.218389235436916,0.945365846157074
46920,customer_satisfaction_in_airline,tabpfn,129487,21,16384,16384,5,10,ok,,4.817509036511183,4.197721251286566,0.9828726649284363
46920,customer_satisfaction_in_airline,hybrid_8l,129487,21,16384,16384,5,10,ok,,2.2853167643770576,1.6696338672190905,0.9088470339775085
46920,customer_satisfaction_in_airline,hydra,129487,21,16384,16384,5,10,ok,,1.3857695451006293,0.766351480036974,0.7823829054832458
46920,customer_satisfaction_in_airline,hybrid_8l,129487,21,16384,16384,5,11,ok,,2.285506784915924,1.668119678273797,0.9088470339775085
46920,customer_satisfaction_in_airline,tabpfn,129487,21,16384,16384,5,11,ok,,4.816421607509255,4.196125018410385,0.9828726649284363
46920,customer_satisfaction_in_airline,hydra_small,129487,21,16384,16384,5,11,ok,,4.8394974041730165,4.214087377302349,0.945365846157074
46920,customer_satisfaction_in_airline,hydra,129487,21,16384,16384,5,11,ok,,1.3840642245486379,0.767584485001862,0.7823829054832458
46920,customer_satisfaction_in_airline,hybrid_8l,129487,21,16384,16384,5,12,ok,,2.285011947154999,1.6679563084617257,0.9088470339775085
46920,customer_satisfaction_in_airline,hydra_small,129487,21,16384,16384,5,12,ok,,4.837822801433504,4.215233177877963,0.945365846157074
46920,customer_satisfaction_in_airline,hydra,129487,21,16384,16384,5,12,ok,,1.3858200702816248,0.767590937204659,0.7823829054832458
46920,customer_satisfaction_in_airline,tabpfn,129487,21,16384,16384,5,12,ok,,4.814057088457048,4.194118408486247,0.9828726649284363
46920,customer_satisfaction_in_airline,hydra_small,129487,21,16384,16384,5,13,ok,,4.836178747005761,4.215417738072574,0.945365846157074
46920,customer_satisfaction_in_airline,hydra,129487,21,16384,16384,5,13,ok,,1.3850864209234715,0.7674883743748069,0.7823829054832458
46920,customer_satisfaction_in_airline,hybrid_8l,129487,21,16384,16384,5,13,ok,,2.2907387670129538,1.6693949941545725,0.9088470339775085
46920,customer_satisfaction_in_airline,tabpfn,129487,21,16384,16384,5,13,ok,,4.816744962707162,4.191950741223991,0.9828726649284363
46920,customer_satisfaction_in_airline,tabpfn,129487,21,16384,16384,5,14,ok,,4.82336500287056,4.19729885365814,0.9828726649284363
46920,customer_satisfaction_in_airline,hydra,129487,21,16384,16384,5,14,ok,,1.3921685069799423,0.7679437166079879,0.7823829054832458
46920,customer_satisfaction_in_airline,hydra_small,129487,21,16384,16384,5,14,ok,,4.842524770647287,4.214493528008461,0.945365846157074
46920,customer_satisfaction_in_airline,hybrid_8l,129487,21,16384,16384,5,14,ok,,2.289730468764901,1.6712013175711036,0.9088470339775085
46920,customer_satisfaction_in_airline,hydra,129487,21,16384,16384,5,15,ok,,1.391507163643837,0.7672180216759443,0.7823829054832458
46920,customer_satisfaction_in_airline,tabpfn,129487,21,16384,16384,5,15,ok,,4.817467954009771,4.196130060590804,0.9828726649284363
46920,customer_satisfaction_in_airline,hybrid_8l,129487,21,16384,16384,5,15,ok,,2.287409340031445,1.6668312279507518,0.9088470339775085
46920,customer_satisfaction_in_airline,hydra_small,129487,21,16384,16384,5,15,ok,,4.838943928480148,4.213058621622622,0.945365846157074
46929,GiveMeSomeCredit,hybrid_8l,120269,10,16384,16384,1,1,ok,,1.9561064196750522,1.6691405232995749,0.7836177349090576
46929,GiveMeSomeCredit,tabpfn,120269,10,16384,16384,1,1,ok,,4.480288119055331,4.196582748554647,0.8436916470527649
46929,GiveMeSomeCredit,hydra,120269,10,16384,16384,1,1,ok,,1.0510595003142953,0.7681938912719488,0.5106123089790344
46929,GiveMeSomeCredit,hydra_small,120269,10,16384,16384,1,1,ok,,4.500211391597986,4.215722226537764,0.7765464186668396
46929,GiveMeSomeCredit,tabpfn,120269,10,16384,16384,1,2,ok,,4.480307946912944,4.197541527450085,0.8436916470527649
46929,GiveMeSomeCredit,hydra,120269,10,16384,16384,1,2,ok,,1.0484437150880694,0.7667010128498077,0.5106123089790344
46929,GiveMeSomeCredit,hydra_small,120269,10,16384,16384,1,2,ok,,4.511903503909707,4.215621527284384,0.7765464186668396
46929,GiveMeSomeCredit,hybrid_8l,120269,10,16384,16384,1,2,ok,,1.9528021598234773,1.6707800989970565,0.7836177349090576
46929,GiveMeSomeCredit,tabpfn,120269,10,16384,16384,1,3,ok,,4.47626129258424,4.196392389014363,0.8436916470527649
46929,GiveMeSomeCredit,hydra_small,120269,10,16384,16384,1,3,ok,,4.499994573183358,4.214718729257584,0.7765464186668396
46929,GiveMeSomeCredit,hydra,120269,10,16384,16384,1,3,ok,,1.0494013894349337,0.7669738307595253,0.5106123089790344
46929,GiveMeSomeCredit,hybrid_8l,120269,10,16384,16384,1,3,ok,,1.9484363598749042,1.6699906531721354,0.7836177349090576
46929,GiveMeSomeCredit,hydra,120269,10,16384,16384,1,4,ok,,1.0523668974637985,0.7673909598961473,0.5106123089790344
46929,GiveMeSomeCredit,hybrid_8l,120269,10,16384,16384,1,4,ok,,1.9484328534454107,1.6675361143425107,0.7836177349090576
46929,GiveMeSomeCredit,hydra_small,120269,10,16384,16384,1,4,ok,,4.499691380187869,4.213435577228665,0.7765464186668396
46929,GiveMeSomeCredit,tabpfn,120269,10,16384,16384,1,4,ok,,4.478986957110465,4.196872330270708,0.8436916470527649
46929,GiveMeSomeCredit,hydra,120269,10,16384,16384,1,5,ok,,1.0472382931038737,0.7663123765960336,0.5106123089790344
46929,GiveMeSomeCredit,tabpfn,120269,10,16384,16384,1,5,ok,,4.480785293504596,4.199492423795164,0.8436916470527649
46929,GiveMeSomeCredit,hydra_small,120269,10,16384,16384,1,5,ok,,4.5014985939487815,4.217192254960537,0.7765464186668396
46929,GiveMeSomeCredit,hybrid_8l,120269,10,16384,16384,1,5,ok,,1.9531577760353684,1.6701216315850616,0.7836177349090576
46929,GiveMeSomeCredit,hybrid_8l,120269,10,16384,16384,1,6,ok,,1.9517829194664955,1.6685227025300264,0.7836177349090576
46929,GiveMeSomeCredit,tabpfn,120269,10,16384,16384,1,6,ok,,4.481748800724745,4.200228298082948,0.8436916470527649
46929,GiveMeSomeCredit,hydra,120269,10,16384,16384,1,6,ok,,1.0490313293412328,0.7662133099511266,0.5106123089790344
46929,GiveMeSomeCredit,hydra_small,120269,10,16384,16384,1,6,ok,,4.49935438297689,4.214606277644634,0.7765464186668396
46929,GiveMeSomeCredit,hybrid_8l,120269,10,16384,16384,1,7,ok,,1.9496402004733682,1.6674546301364899,0.7836177349090576
46929,GiveMeSomeCredit,hydra_small,120269,10,16384,16384,1,7,ok,,4.494519082829356,4.2111188294366,0.7765464186668396
46929,GiveMeSomeCredit,hydra,120269,10,16384,16384,1,7,ok,,1.0478183506056666,0.7666178047657013,0.5106123089790344
46929,GiveMeSomeCredit,tabpfn,120269,10,16384,16384,1,7,ok,,4.482275038026273,4.198329111561179,0.8436916470527649
46929,GiveMeSomeCredit,hydra,120269,10,16384,16384,1,8,ok,,1.0506198070943356,0.766965102404356,0.5106123089790344
46929,GiveMeSomeCredit,tabpfn,120269,10,16384,16384,1,8,ok,,4.477688238024712,4.19524540938437,0.8436916470527649
46929,GiveMeSomeCredit,hybrid_8l,120269,10,16384,16384,1,8,ok,,1.949655040167272,1.6692340010777116,0.7836177349090576
46929,GiveMeSomeCredit,hydra_small,120269,10,16384,16384,1,8,ok,,4.49799723457545,4.21445417124778,0.7765464186668396
46929,GiveMeSomeCredit,tabpfn,120269,10,16384,16384,1,9,ok,,4.482176632620394,4.196612901054323,0.8436916470527649
46929,GiveMeSomeCredit,hybrid_8l,120269,10,16384,16384,1,9,ok,,1.9647680893540382,1.6688503744080663,0.7836177349090576
46929,GiveMeSomeCredit,hydra,120269,10,16384,16384,1,9,ok,,1.0495935343205929,0.7679462926462293,0.5106123089790344
46929,GiveMeSomeCredit,hydra_small,120269,10,16384,16384,1,9,ok,,4.500593291595578,4.216547096148133,0.7765464186668396
46929,GiveMeSomeCredit,hydra_small,120269,10,16384,16384,1,10,ok,,4.501949451863766,4.215428987517953,0.7765464186668396
46929,GiveMeSomeCredit,hydra,120269,10,16384,16384,1,10,ok,,1.049291922710836,0.7668483117595315,0.5106123089790344
46929,GiveMeSomeCredit,hybrid_8l,120269,10,16384,16384,1,10,ok,,1.9505654154345393,1.6686751740053296,0.7836177349090576
46929,GiveMeSomeCredit,tabpfn,120269,10,16384,16384,1,10,ok,,4.481928123161197,4.198298865929246,0.8436916470527649
46929,GiveMeSomeCredit,tabpfn,120269,10,16384,16384,1,11,ok,,4.487039475701749,4.200050634332001,0.8436916470527649
46929,GiveMeSomeCredit,hydra_small,120269,10,16384,16384,1,11,ok,,4.547072754241526,4.218034935183823,0.7765464186668396
46929,GiveMeSomeCredit,hydra,120269,10,16384,16384,1,11,ok,,1.062983731739223,0.7663465021178126,0.5106123089790344
46929,GiveMeSomeCredit,hybrid_8l,120269,10,16384,16384,1,11,ok,,1.9697220362722874,1.6707361862063408,0.7836177349090576
46929,GiveMeSomeCredit,tabpfn,120269,10,16384,16384,1,12,ok,,4.509198154322803,4.198530505411327,0.8436916470527649
46929,GiveMeSomeCredit,hydra_small,120269,10,16384,16384,1,12,ok,,4.545868423767388,4.216063470579684,0.7765464186668396
46929,GiveMeSomeCredit,hydra,120269,10,16384,16384,1,12,ok,,1.347344733774662,0.7681373851373792,0.5106123089790344
46929,GiveMeSomeCredit,hybrid_8l,120269,10,16384,16384,1,12,ok,,1.9533405136317015,1.6698243413120508,0.7836177349090576
46929,GiveMeSomeCredit,hybrid_8l,120269,10,16384,16384,1,13,ok,,1.9525615582242608,1.6693985750898719,0.7836177349090576
46929,GiveMeSomeCredit,hydra_small,120269,10,16384,16384,1,13,ok,,4.596171028912067,4.211446273140609,0.7765464186668396
46929,GiveMeSomeCredit,hydra,120269,10,16384,16384,1,13,ok,,1.7947769863530993,0.7672586608678102,0.5106123089790344
46929,GiveMeSomeCredit,tabpfn,120269,10,16384,16384,1,13,ok,,4.479051074013114,4.195965536870062,0.8436916470527649
46929,GiveMeSomeCredit,hydra_small,120269,10,16384,16384,1,14,ok,,4.501553904265165,4.215257724747062,0.7765464186668396
46929,GiveMeSomeCredit,hybrid_8l,120269,10,16384,16384,1,14,ok,,1.953336575999856,1.6688967645168304,0.7836177349090576
46929,GiveMeSomeCredit,hydra,120269,10,16384,16384,1,14,ok,,1.0803142730146646,0.765926125459373,0.5106123089790344
46929,GiveMeSomeCredit,tabpfn,120269,10,16384,16384,1,14,ok,,5.746598428115249,4.193302202038467,0.8436916470527649
46929,GiveMeSomeCredit,hydra,120269,10,16384,16384,1,15,ok,,1.5453348737210035,0.7663710294291377,0.5106123089790344
46929,GiveMeSomeCredit,tabpfn,120269,10,16384,16384,1,15,ok,,4.482494248077273,4.194966324605048,0.8436916470527649
46929,GiveMeSomeCredit,hybrid_8l,120269,10,16384,16384,1,15,ok,,1.9528552750125527,1.6686252988874912,0.7836177349090576
46929,GiveMeSomeCredit,hydra_small,120269,10,16384,16384,1,15,ok,,4.500936125405133,4.217530081048608,0.7765464186668396
46929,GiveMeSomeCredit,tabpfn,120269,10,16384,16384,2,1,ok,,4.497269078157842,4.1993148028850555,0.8496960401535034
46929,GiveMeSomeCredit,hydra,120269,10,16384,16384,2,1,ok,,1.0638630576431751,0.7684668898582458,0.5249459147453308
46929,GiveMeSomeCredit,hybrid_8l,120269,10,16384,16384,2,1,ok,,1.9626451209187508,1.6689549339935184,0.7916801571846008
46929,GiveMeSomeCredit,hydra_small,120269,10,16384,16384,2,1,ok,,4.517278423532844,4.214807742275298,0.7780193090438843
46929,GiveMeSomeCredit,hybrid_8l,120269,10,16384,16384,2,2,ok,,2.1156214056536555,1.6694787070155144,0.7916801571846008
46929,GiveMeSomeCredit,hydra,120269,10,16384,16384,2,2,ok,,1.0650010937824845,0.7658085329458117,0.5249459147453308
46929,GiveMeSomeCredit,tabpfn,120269,10,16384,16384,2,2,ok,,4.495672162622213,4.196048615500331,0.8496960401535034
46929,GiveMeSomeCredit,hydra_small,120269,10,16384,16384,2,2,ok,,4.569974203594029,4.213103304617107,0.7780193090438843
46929,GiveMeSomeCredit,hydra,120269,10,16384,16384,2,3,ok,,1.0647989306598902,0.7671570591628551,0.5249459147453308
46929,GiveMeSomeCredit,tabpfn,120269,10,16384,16384,2,3,ok,,4.492561060003936,4.197326336987317,0.8496960401535034
46929,GiveMeSomeCredit,hybrid_8l,120269,10,16384,16384,2,3,ok,,2.050146567635238,1.670325431972742,0.7916801571846008
46929,GiveMeSomeCredit,hydra_small,120269,10,16384,16384,2,3,ok,,4.589179025962949,4.218538561835885,0.7780193090438843
46929,GiveMeSomeCredit,hydra,120269,10,16384,16384,2,4,ok,,1.0762903597205877,0.7661935538053513,0.5249459147453308
46929,GiveMeSomeCredit,hybrid_8l,120269,10,16384,16384,2,4,ok,,2.0303089572116733,1.6711665941402316,0.7916801571846008
46929,GiveMeSomeCredit,tabpfn,120269,10,16384,16384,2,4,ok,,4.528668011538684,4.197371793910861,0.8496960401535034
46929,GiveMeSomeCredit,hydra_small,120269,10,16384,16384,2,4,ok,,4.51926689222455,4.218162659555674,0.7780193090438843
46929,GiveMeSomeCredit,tabpfn,120269,10,16384,16384,2,5,ok,,4.4938702611252666,4.198451620526612,0.8496960401535034
46929,GiveMeSomeCredit,hydra_small,120269,10,16384,16384,2,5,ok,,4.514020604081452,4.2133134147152305,0.7780193090438843
46929,GiveMeSomeCredit,hybrid_8l,120269,10,16384,16384,2,5,ok,,2.0511222863569856,1.6705199601128697,0.7916801571846008
46929,GiveMeSomeCredit,hydra,120269,10,16384,16384,2,5,ok,,1.0648691346868873,0.7657630471512675,0.5249459147453308
46929,GiveMeSomeCredit,hydra_small,120269,10,16384,16384,2,6,ok,,4.57643270958215,4.214361839927733,0.7780193090438843
46929,GiveMeSomeCredit,hybrid_8l,120269,10,16384,16384,2,6,ok,,2.0067039085552096,1.6681042723357677,0.7916801571846008
46929,GiveMeSomeCredit,hydra,120269,10,16384,16384,2,6,ok,,1.0635656351223588,0.7678677747026086,0.5249459147453308
46929,GiveMeSomeCredit,tabpfn,120269,10,16384,16384,2,6,ok,,4.492760648950934,4.197307411581278,0.8496960401535034
46929,GiveMeSomeCredit,tabpfn,120269,10,16384,16384,2,7,ok,,4.51934924069792,4.202437022700906,0.8496960401535034
46929,GiveMeSomeCredit,hydra_small,120269,10,16384,16384,2,7,ok,,4.536536410450935,4.218703876249492,0.7780193090438843
46929,GiveMeSomeCredit,hybrid_8l,120269,10,16384,16384,2,7,ok,,1.9617706565186381,1.6689029578119516,0.7916801571846008
46929,GiveMeSomeCredit,hydra,120269,10,16384,16384,2,7,ok,,1.05673988442868,0.7643364146351814,0.5249459147453308
46929,GiveMeSomeCredit,hydra,120269,10,16384,16384,2,8,ok,,1.0600704941898584,0.7670524604618549,0.5249459147453308
46929,GiveMeSomeCredit,tabpfn,120269,10,16384,16384,2,8,ok,,4.500516062602401,4.201802559196949,0.8496960401535034
46929,GiveMeSomeCredit,hybrid_8l,120269,10,16384,16384,2,8,ok,,1.9655827982351184,1.671400437131524,0.7916801571846008
46929,GiveMeSomeCredit,hydra_small,120269,10,16384,16384,2,8,ok,,4.516540720127523,4.2163334069773555,0.7780193090438843
46929,GiveMeSomeCredit,hydra_small,120269,10,16384,16384,2,9,ok,,4.519526576623321,4.217960177920759,0.7780193090438843
46929,GiveMeSomeCredit,hybrid_8l,120269,10,16384,16384,2,9,ok,,1.961749004200101,1.6685790736228228,0.7916801571846008
46929,GiveMeSomeCredit,tabpfn,120269,10,16384,16384,2,9,ok,,4.488572966307402,4.194961398839951,0.8496960401535034
46929,GiveMeSomeCredit,hydra,120269,10,16384,16384,2,9,ok,,1.0702999532222748,0.7668319530785084,0.5249459147453308
46929,GiveMeSomeCredit,hydra,120269,10,16384,16384,2,10,ok,,1.0652243783697486,0.7682836940512061,0.5249459147453308
46929,GiveMeSomeCredit,hydra_small,120269,10,16384,16384,2,10,ok,,4.513070687651634,4.216115274466574,0.7780193090438843
46929,GiveMeSomeCredit,hybrid_8l,120269,10,16384,16384,2,10,ok,,1.9923516903072596,1.6703112553805113,0.7916801571846008
46929,GiveMeSomeCredit,tabpfn,120269,10,16384,16384,2,10,ok,,4.499240036122501,4.1975213792175055,0.8496960401535034
46929,GiveMeSomeCredit,hydra_small,120269,10,16384,16384,2,11,ok,,4.970820473507047,4.213743700645864,0.7780193090438843
46929,GiveMeSomeCredit,hybrid_8l,120269,10,16384,16384,2,11,ok,,2.0024384995922446,1.6686261743307114,0.7916801571846008
46929,GiveMeSomeCredit,hydra,120269,10,16384,16384,2,11,ok,,1.070563261397183,0.7643424067646265,0.5249459147453308
46929,GiveMeSomeCredit,tabpfn,120269,10,16384,16384,2,11,ok,,4.502022377215326,4.200731752440333,0.8496960401535034
46929,GiveMeSomeCredit,hydra,120269,10,16384,16384,2,12,ok,,1.2050231574103236,0.7656296053901315,0.5249459147453308
46929,GiveMeSomeCredit,hydra_small,120269,10,16384,16384,2,12,ok,,4.519163409247994,4.214276482351124,0.7780193090438843
46929,GiveMeSomeCredit,hybrid_8l,120269,10,16384,16384,2,12,ok,,2.2165188007056713,1.670144991017878,0.7916801571846008
46929,GiveMeSomeCredit,tabpfn,120269,10,16384,16384,2,12,ok,,4.514301409944892,4.201153821311891,0.8496960401535034
46929,GiveMeSomeCredit,hydra,120269,10,16384,16384,2,13,ok,,1.7305204281583428,0.7681149039417505,0.5249459147453308
46929,GiveMeSomeCredit,tabpfn,120269,10,16384,16384,2,13,ok,,4.520039880648255,4.199520978145301,0.8496960401535034
46929,GiveMeSomeCredit,hybrid_8l,120269,10,16384,16384,2,13,ok,,1.9713350255042315,1.6695381421595812,0.7916801571846008
46929,GiveMeSomeCredit,hydra_small,120269,10,16384,16384,2,13,ok,,4.569699937477708,4.215129738673568,0.7780193090438843
46929,GiveMeSomeCredit,tabpfn,120269,10,16384,16384,2,14,ok,,4.503432248719037,4.1993495943024755,0.8496960401535034
46929,GiveMeSomeCredit,hybrid_8l,120269,10,16384,16384,2,14,ok,,1.9707687329500914,1.672119521535933,0.7916801571846008
46929,GiveMeSomeCredit,hydra,120269,10,16384,16384,2,14,ok,,1.0697773024439812,0.7663851464167237,0.5249459147453308
46929,GiveMeSomeCredit,hydra_small,120269,10,16384,16384,2,14,ok,,4.510706509463489,4.211645377799869,0.7780193090438843
46929,GiveMeSomeCredit,tabpfn,120269,10,16384,16384,2,15,ok,,4.495272100903094,4.199147181585431,0.8496960401535034
46929,GiveMeSomeCredit,hydra_small,120269,10,16384,16384,2,15,ok,,4.532040826976299,4.219526378437877,0.7780193090438843
46929,GiveMeSomeCredit,hybrid_8l,120269,10,16384,16384,2,15,ok,,2.0135943442583084,1.6683759801089764,0.7916801571846008
46929,GiveMeSomeCredit,hydra,120269,10,16384,16384,2,15,ok,,1.0651358105242252,0.7649298096075654,0.5249459147453308
46929,GiveMeSomeCredit,hydra,120269,10,16384,16384,3,1,ok,,1.1184048652648926,0.7668156530708075,0.49785473942756653
46929,GiveMeSomeCredit,hydra_small,120269,10,16384,16384,3,1,ok,,4.526411973871291,4.217129738070071,0.7901497483253479
46929,GiveMeSomeCredit,hybrid_8l,120269,10,16384,16384,3,1,ok,,1.9803715255111456,1.6706287181004882,0.783945620059967
46929,GiveMeSomeCredit,tabpfn,120269,10,16384,16384,3,1,ok,,4.497629527002573,4.198327727615833,0.8457385301589966
46929,GiveMeSomeCredit,hybrid_8l,120269,10,16384,16384,3,2,ok,,1.9713111007586122,1.6710460186004639,0.783945620059967
46929,GiveMeSomeCredit,tabpfn,120269,10,16384,16384,3,2,ok,,4.499384431168437,4.19953556638211,0.8457385301589966
46929,GiveMeSomeCredit,hydra_small,120269,10,16384,16384,3,2,ok,,4.521791289560497,4.214101362042129,0.7901497483253479
46929,GiveMeSomeCredit,hydra,120269,10,16384,16384,3,2,ok,,1.0659897979348898,0.7667831005528569,0.49785473942756653
46929,GiveMeSomeCredit,tabpfn,120269,10,16384,16384,3,3,ok,,4.497261309996247,4.196401581168175,0.8457385301589966
46929,GiveMeSomeCredit,hydra,120269,10,16384,16384,3,3,ok,,1.0656674979254603,0.7665338693186641,0.49785473942756653
46929,GiveMeSomeCredit,hybrid_8l,120269,10,16384,16384,3,3,ok,,1.9675491135567427,1.66934397444129,0.783945620059967
46929,GiveMeSomeCredit,hydra_small,120269,10,16384,16384,3,3,ok,,4.5140101900324225,4.212787463329732,0.7901497483253479
46929,GiveMeSomeCredit,tabpfn,120269,10,16384,16384,3,4,ok,,4.504912764765322,4.197376198135316,0.8457385301589966
46929,GiveMeSomeCredit,hybrid_8l,120269,10,16384,16384,3,4,ok,,1.9768299367278814,1.669931317679584,0.783945620059967
46929,GiveMeSomeCredit,hydra,120269,10,16384,16384,3,4,ok,,1.0760132372379303,0.7654194384813309,0.49785473942756653
46929,GiveMeSomeCredit,hydra_small,120269,10,16384,16384,3,4,ok,,4.515592707321048,4.2159651927649975,0.7901497483253479
46929,GiveMeSomeCredit,hydra_small,120269,10,16384,16384,3,5,ok,,4.521679028868675,4.216522910632193,0.7901497483253479
46929,GiveMeSomeCredit,hybrid_8l,120269,10,16384,16384,3,5,ok,,1.9668731344863772,1.667041121982038,0.783945620059967
46929,GiveMeSomeCredit,tabpfn,120269,10,16384,16384,3,5,ok,,4.498889074660838,4.19954904448241,0.8457385301589966
46929,GiveMeSomeCredit,hydra,120269,10,16384,16384,3,5,ok,,1.0639982055872679,0.7665579235181212,0.49785473942756653
46929,GiveMeSomeCredit,tabpfn,120269,10,16384,16384,3,6,ok,,4.4990288792178035,4.199945895001292,0.8457385301589966
46929,GiveMeSomeCredit,hybrid_8l,120269,10,16384,16384,3,6,ok,,1.9709860850125551,1.6715322686359286,0.783945620059967
46929,GiveMeSomeCredit,hydra_small,120269,10,16384,16384,3,6,ok,,4.528317465446889,4.218255092389882,0.7901497483253479
46929,GiveMeSomeCredit,hydra,120269,10,16384,16384,3,6,ok,,1.0666216555982828,0.7665615705773234,0.49785473942756653
46929,GiveMeSomeCredit,hydra_small,120269,10,16384,16384,3,7,ok,,4.517645318061113,4.215382069349289,0.7901497483253479
46929,GiveMeSomeCredit,tabpfn,120269,10,16384,16384,3,7,ok,,4.495801975950599,4.198186483234167,0.8457385301589966
46929,GiveMeSomeCredit,hydra,120269,10,16384,16384,3,7,ok,,1.0661220597103238,0.7661703508347273,0.49785473942756653
46929,GiveMeSomeCredit,hybrid_8l,120269,10,16384,16384,3,7,ok,,2.000452878884971,1.6696581998839974,0.783945620059967
46929,GiveMeSomeCredit,tabpfn,120269,10,16384,16384,3,8,ok,,4.496381013654172,4.198246938176453,0.8457385301589966
46929,GiveMeSomeCredit,hydra,120269,10,16384,16384,3,8,ok,,1.1043150937184691,0.76693035941571,0.49785473942756653
46929,GiveMeSomeCredit,hydra_small,120269,10,16384,16384,3,8,ok,,4.510562740266323,4.212472737766802,0.7901497483253479
46929,GiveMeSomeCredit,hybrid_8l,120269,10,16384,16384,3,8,ok,,1.9671627236530185,1.6704709399491549,0.783945620059967
46929,GiveMeSomeCredit,hydra,120269,10,16384,16384,3,9,ok,,1.0688286377117038,0.7648808164522052,0.49785473942756653
46929,GiveMeSomeCredit,hydra_small,120269,10,16384,16384,3,9,ok,,4.515415503643453,4.214691982604563,0.7901497483253479
46929,GiveMeSomeCredit,hybrid_8l,120269,10,16384,16384,3,9,ok,,1.964138182811439,1.670957931317389,0.783945620059967
46929,GiveMeSomeCredit,tabpfn,120269,10,16384,16384,3,9,ok,,4.497610352002084,4.201913324184716,0.8457385301589966
46929,GiveMeSomeCredit,hybrid_8l,120269,10,16384,16384,3,10,ok,,1.969339856877923,1.6702898060902953,0.783945620059967
46929,GiveMeSomeCredit,hydra_small,120269,10,16384,16384,3,10,ok,,4.51558508630842,4.217235991731286,0.7901497483253479
46929,GiveMeSomeCredit,tabpfn,120269,10,16384,16384,3,10,ok,,4.508198872208595,4.200142430141568,0.8457385301589966
46929,GiveMeSomeCredit,hydra,120269,10,16384,16384,3,10,ok,,1.1228976268321276,0.7660308163613081,0.49785473942756653
46929,GiveMeSomeCredit,hybrid_8l,120269,10,16384,16384,3,11,ok,,1.962265444919467,1.6695404667407274,0.783945620059967
46929,GiveMeSomeCredit,tabpfn,120269,10,16384,16384,3,11,ok,,4.499056273140013,4.199513768777251,0.8457385301589966
46929,GiveMeSomeCredit,hydra_small,120269,10,16384,16384,3,11,ok,,4.521523456089199,4.21662375330925,0.7901497483253479
46929,GiveMeSomeCredit,hydra,120269,10,16384,16384,3,11,ok,,1.0611209562048316,0.7655576905235648,0.49785473942756653
46929,GiveMeSomeCredit,hydra,120269,10,16384,16384,3,12,ok,,1.0609585279598832,0.767289019189775,0.49785473942756653
46929,GiveMeSomeCredit,hydra_small,120269,10,16384,16384,3,12,ok,,4.514853680506349,4.2165961200371385,0.7901497483253479
46929,GiveMeSomeCredit,tabpfn,120269,10,16384,16384,3,12,ok,,4.496300701983273,4.196616650559008,0.8457385301589966
46929,GiveMeSomeCredit,hybrid_8l,120269,10,16384,16384,3,12,ok,,1.9638039097189903,1.6700584385544062,0.783945620059967
46929,GiveMeSomeCredit,hydra,120269,10,16384,16384,3,13,ok,,1.0604506060481071,0.7653376022353768,0.49785473942756653
46929,GiveMeSomeCredit,hydra_small,120269,10,16384,16384,3,13,ok,,4.513138150796294,4.216276595368981,0.7901497483253479
46929,GiveMeSomeCredit,tabpfn,120269,10,16384,16384,3,13,ok,,4.497643165290356,4.198752156458795,0.8457385301589966
46929,GiveMeSomeCredit,hybrid_8l,120269,10,16384,16384,3,13,ok,,1.9859509374946356,1.669158773496747,0.783945620059967
46929,GiveMeSomeCredit,hybrid_8l,120269,10,16384,16384,3,14,ok,,1.9659374821931124,1.6703170277178288,0.783945620059967
46929,GiveMeSomeCredit,tabpfn,120269,10,16384,16384,3,14,ok,,4.49677109438926,4.201162262819707,0.8457385301589966
46929,GiveMeSomeCredit,hydra,120269,10,16384,16384,3,14,ok,,1.060036270879209,0.7657539220526814,0.49785473942756653
46929,GiveMeSomeCredit,hydra_small,120269,10,16384,16384,3,14,ok,,4.514502755366266,4.215894292108715,0.7901497483253479
46929,GiveMeSomeCredit,hybrid_8l,120269,10,16384,16384,3,15,ok,,1.9800758669152856,1.6704248925670981,0.783945620059967
46929,GiveMeSomeCredit,hydra,120269,10,16384,16384,3,15,ok,,1.0602916842326522,0.7662277901545167,0.49785473942756653
46929,GiveMeSomeCredit,hydra_small,120269,10,16384,16384,3,15,ok,,4.5114768939092755,4.213328410871327,0.7901497483253479
46929,GiveMeSomeCredit,tabpfn,120269,10,16384,16384,3,15,ok,,4.514695511199534,4.196370304562151,0.8457385301589966
46929,GiveMeSomeCredit,hydra,120269,10,16384,16384,4,1,ok,,1.0525475339964032,0.7668490763753653,0.5035085082054138
46929,GiveMeSomeCredit,hydra_small,120269,10,16384,16384,4,1,ok,,4.507154997438192,4.219359114766121,0.7924825549125671
46929,GiveMeSomeCredit,tabpfn,120269,10,16384,16384,4,1,ok,,4.494284844957292,4.198757517151535,0.8534674048423767
46929,GiveMeSomeCredit,hybrid_8l,120269,10,16384,16384,4,1,ok,,2.0404374981299043,1.6698181638494134,0.7969393134117126
46929,GiveMeSomeCredit,hydra_small,120269,10,16384,16384,4,2,ok,,4.508817265741527,4.215534961782396,0.7924825549125671
46929,GiveMeSomeCredit,hydra,120269,10,16384,16384,4,2,ok,,1.0589290643110871,0.7676399350166321,0.5035085082054138
46929,GiveMeSomeCredit,hybrid_8l,120269,10,16384,16384,4,2,ok,,1.956866609863937,1.672044862061739,0.7969393134117126
46929,GiveMeSomeCredit,tabpfn,120269,10,16384,16384,4,2,ok,,4.488137749955058,4.200816197320819,0.8534674048423767
46929,GiveMeSomeCredit,tabpfn,120269,10,16384,16384,4,3,ok,,4.484239053912461,4.1988519271835685,0.8534674048423767
46929,GiveMeSomeCredit,hybrid_8l,120269,10,16384,16384,4,3,ok,,1.9587904326617718,1.6711068851873279,0.7969393134117126
46929,GiveMeSomeCredit,hydra,120269,10,16384,16384,4,3,ok,,1.0628617042675614,0.7651700358837843,0.5035085082054138
46929,GiveMeSomeCredit,hydra_small,120269,10,16384,16384,4,3,ok,,4.504952294752002,4.215626968070865,0.7924825549125671
46929,GiveMeSomeCredit,hydra,120269,10,16384,16384,4,4,ok,,1.0525772497057915,0.7681974712759256,0.5035085082054138
46929,GiveMeSomeCredit,hybrid_8l,120269,10,16384,16384,4,4,ok,,1.952750471420586,1.6685640383511782,0.7969393134117126
46929,GiveMeSomeCredit,tabpfn,120269,10,16384,16384,4,4,ok,,4.483239261433482,4.1981165036559105,0.8534674048423767
46929,GiveMeSomeCredit,hydra_small,120269,10,16384,16384,4,4,ok,,4.499607028439641,4.212665745988488,0.7924825549125671
46929,GiveMeSomeCredit,hybrid_8l,120269,10,16384,16384,4,5,ok,,1.9583014762029052,1.668360773473978,0.7969393134117126
46929,GiveMeSomeCredit,tabpfn,120269,10,16384,16384,4,5,ok,,4.485405173152685,4.19904678594321,0.8534674048423767
46929,GiveMeSomeCredit,hydra_small,120269,10,16384,16384,4,5,ok,,4.5540028074756265,4.2188510755077,0.7924825549125671
46929,GiveMeSomeCredit,hydra,120269,10,16384,16384,4,5,ok,,1.0507033308967948,0.7658242164179683,0.5035085082054138
46929,GiveMeSomeCredit,tabpfn,120269,10,16384,16384,4,6,ok,,4.485820881091058,4.200192808173597,0.8534674048423767
46929,GiveMeSomeCredit,hybrid_8l,120269,10,16384,16384,4,6,ok,,1.9570256499573588,1.6708318749442697,0.7969393134117126
46929,GiveMeSomeCredit,hydra,120269,10,16384,16384,4,6,ok,,1.0505886524915695,0.7654280439019203,0.5035085082054138
46929,GiveMeSomeCredit,hydra_small,120269,10,16384,16384,4,6,ok,,4.506223312579095,4.217891245149076,0.7924825549125671
46929,GiveMeSomeCredit,hybrid_8l,120269,10,16384,16384,4,7,ok,,1.9550973679870367,1.670254380442202,0.7969393134117126
46929,GiveMeSomeCredit,tabpfn,120269,10,16384,16384,4,7,ok,,4.4896265007555485,4.200275153852999,0.8534674048423767
46929,GiveMeSomeCredit,hydra,120269,10,16384,16384,4,7,ok,,1.1165112797170877,0.7657221620902419,0.5035085082054138
46929,GiveMeSomeCredit,hydra_small,120269,10,16384,16384,4,7,ok,,4.5077189560979605,4.214687146246433,0.7924825549125671
46929,GiveMeSomeCredit,tabpfn,120269,10,16384,16384,4,8,ok,,4.500927992165089,4.200978166423738,0.8534674048423767
46929,GiveMeSomeCredit,hybrid_8l,120269,10,16384,16384,4,8,ok,,1.9562239926308393,1.670494556427002,0.7969393134117126
46929,GiveMeSomeCredit,hydra,120269,10,16384,16384,4,8,ok,,1.0529242176562548,0.7661376185715199,0.5035085082054138
46929,GiveMeSomeCredit,hydra_small,120269,10,16384,16384,4,8,ok,,4.507421173155308,4.21741047501564,0.7924825549125671
46929,GiveMeSomeCredit,tabpfn,120269,10,16384,16384,4,9,ok,,4.485304114408791,4.198231742717326,0.8534674048423767
46929,GiveMeSomeCredit,hydra,120269,10,16384,16384,4,9,ok,,1.0530389351770282,0.7670952128246427,0.5035085082054138
46929,GiveMeSomeCredit,hydra_small,120269,10,16384,16384,4,9,ok,,4.507378662005067,4.213257377967238,0.7924825549125671
46929,GiveMeSomeCredit,hybrid_8l,120269,10,16384,16384,4,9,ok,,1.956177975051105,1.6676615690812469,0.7969393134117126
46929,GiveMeSomeCredit,hydra,120269,10,16384,16384,4,10,ok,,1.0539324283599854,0.7657642215490341,0.5035085082054138
46929,GiveMeSomeCredit,hydra_small,120269,10,16384,16384,4,10,ok,,4.512111088261008,4.21806531585753,0.7924825549125671
46929,GiveMeSomeCredit,tabpfn,120269,10,16384,16384,4,10,ok,,4.487843453884125,4.198787966743112,0.8534674048423767
46929,GiveMeSomeCredit,hybrid_8l,120269,10,16384,16384,4,10,ok,,1.9545060079544783,1.6691403100267053,0.7969393134117126
46929,GiveMeSomeCredit,hydra_small,120269,10,16384,16384,4,11,ok,,4.507388521917164,4.215097062289715,0.7924825549125671
46929,GiveMeSomeCredit,tabpfn,120269,10,16384,16384,4,11,ok,,4.488254122436047,4.2005332028493285,0.8534674048423767
46929,GiveMeSomeCredit,hydra,120269,10,16384,16384,4,11,ok,,1.051913172006607,0.7656815350055695,0.5035085082054138
46929,GiveMeSomeCredit,hybrid_8l,120269,10,16384,16384,4,11,ok,,1.9582373853772879,1.670376823283732,0.7969393134117126
46929,GiveMeSomeCredit,hydra_small,120269,10,16384,16384,4,12,ok,,4.507869272492826,4.216889329254627,0.7924825549125671
46929,GiveMeSomeCredit,hydra,120269,10,16384,16384,4,12,ok,,1.0531270317733288,0.7659152476117015,0.5035085082054138
46929,GiveMeSomeCredit,tabpfn,120269,10,16384,16384,4,12,ok,,4.4923672350123525,4.2006792314350605,0.8534674048423767
46929,GiveMeSomeCredit,hybrid_8l,120269,10,16384,16384,4,12,ok,,1.9570109136402607,1.6697125136852264,0.7969393134117126
46929,GiveMeSomeCredit,tabpfn,120269,10,16384,16384,4,13,ok,,4.485661751590669,4.198115333914757,0.8534674048423767
46929,GiveMeSomeCredit,hybrid_8l,120269,10,16384,16384,4,13,ok,,1.9579419968649745,1.6709535755217075,0.7969393134117126
46929,GiveMeSomeCredit,hydra,120269,10,16384,16384,4,13,ok,,1.0516927856951952,0.7663281001150608,0.5035085082054138
46929,GiveMeSomeCredit,hydra_small,120269,10,16384,16384,4,13,ok,,4.50570769701153,4.2182856649160385,0.7924825549125671
46929,GiveMeSomeCredit,hydra,120269,10,16384,16384,4,14,ok,,1.0507465433329344,0.7662717616185546,0.5035085082054138
46929,GiveMeSomeCredit,hydra_small,120269,10,16384,16384,4,14,ok,,4.512698941864073,4.215716756880283,0.7924825549125671
46929,GiveMeSomeCredit,hybrid_8l,120269,10,16384,16384,4,14,ok,,3.034390681423247,1.6687733754515648,0.7969393134117126
46929,GiveMeSomeCredit,tabpfn,120269,10,16384,16384,4,14,ok,,4.5598317021504045,4.1975871017202735,0.8534674048423767
46929,GiveMeSomeCredit,tabpfn,120269,10,16384,16384,4,15,ok,,4.495942126959562,4.197786550037563,0.8534674048423767
46929,GiveMeSomeCredit,hybrid_8l,120269,10,16384,16384,4,15,ok,,1.9600964793935418,1.6698741801083088,0.7969393134117126
46929,GiveMeSomeCredit,hydra_small,120269,10,16384,16384,4,15,ok,,4.511547750793397,4.216059877537191,0.7924825549125671
46929,GiveMeSomeCredit,hydra,120269,10,16384,16384,4,15,ok,,1.0537922838702798,0.7658964619040489,0.5035085082054138
46929,GiveMeSomeCredit,hydra,120269,10,16384,16384,5,1,ok,,1.0644395723938942,0.7670899936929345,0.5100295543670654
46929,GiveMeSomeCredit,hydra_small,120269,10,16384,16384,5,1,ok,,4.513938189484179,4.211732138879597,0.7868795394897461
46929,GiveMeSomeCredit,hybrid_8l,120269,10,16384,16384,5,1,ok,,1.9667657129466534,1.669656909070909,0.7882314920425415
46929,GiveMeSomeCredit,tabpfn,120269,10,16384,16384,5,1,ok,,4.498725260607898,4.197517009451985,0.8493698239326477
46929,GiveMeSomeCredit,tabpfn,120269,10,16384,16384,5,2,ok,,4.493904178030789,4.199019556865096,0.8493698239326477
46929,GiveMeSomeCredit,hybrid_8l,120269,10,16384,16384,5,2,ok,,1.9631753917783499,1.669808616861701,0.7882314920425415
46929,GiveMeSomeCredit,hydra_small,120269,10,16384,16384,5,2,ok,,4.510117433033884,4.214187101460993,0.7868795394897461
46929,GiveMeSomeCredit,hydra,120269,10,16384,16384,5,2,ok,,1.059418081305921,0.7668595062568784,0.5100295543670654
46929,GiveMeSomeCredit,hydra,120269,10,16384,16384,5,3,ok,,1.061609742231667,0.7667373856529593,0.5100295543670654
46929,GiveMeSomeCredit,hybrid_8l,120269,10,16384,16384,5,3,ok,,1.9652088144794106,1.669502447359264,0.7882314920425415
46929,GiveMeSomeCredit,hydra_small,120269,10,16384,16384,5,3,ok,,4.5135613568127155,4.2162583246827126,0.7868795394897461
46929,GiveMeSomeCredit,tabpfn,120269,10,16384,16384,5,3,ok,,4.497930093668401,4.199148732237518,0.8493698239326477
46929,GiveMeSomeCredit,tabpfn,120269,10,16384,16384,5,4,ok,,4.502457802183926,4.200317925773561,0.8493698239326477
46929,GiveMeSomeCredit,hydra_small,120269,10,16384,16384,5,4,ok,,4.523786618374288,4.216592988930643,0.7868795394897461
46929,GiveMeSomeCredit,hydra,120269,10,16384,16384,5,4,ok,,1.060927590355277,0.7660002689808607,0.5100295543670654
46929,GiveMeSomeCredit,hybrid_8l,120269,10,16384,16384,5,4,ok,,1.963674115948379,1.6690633548423648,0.7882314920425415
46929,GiveMeSomeCredit,hybrid_8l,120269,10,16384,16384,5,5,ok,,1.9672257350757718,1.670006401836872,0.7882314920425415
46929,GiveMeSomeCredit,tabpfn,120269,10,16384,16384,5,5,ok,,4.495182088576257,4.198581928387284,0.8493698239326477
46929,GiveMeSomeCredit,hydra_small,120269,10,16384,16384,5,5,ok,,4.512627016752958,4.214500715024769,0.7868795394897461
46929,GiveMeSomeCredit,hydra,120269,10,16384,16384,5,5,ok,,1.060612683184445,0.7666495088487864,0.5100295543670654
46929,GiveMeSomeCredit,hydra,120269,10,16384,16384,5,6,ok,,1.0597353810444474,0.7670081788673997,0.5100295543670654
46929,GiveMeSomeCredit,tabpfn,120269,10,16384,16384,5,6,ok,,4.494069680571556,4.197827569209039,0.8493698239326477
46929,GiveMeSomeCredit,hydra_small,120269,10,16384,16384,5,6,ok,,4.529148616828024,4.215739623643458,0.7868795394897461
46929,GiveMeSomeCredit,hybrid_8l,120269,10,16384,16384,5,6,ok,,1.9643038986250758,1.669104523025453,0.7882314920425415
46929,GiveMeSomeCredit,hybrid_8l,120269,10,16384,16384,5,7,ok,,1.967259499244392,1.6712769595906138,0.7882314920425415
46929,GiveMeSomeCredit,hydra,120269,10,16384,16384,5,7,ok,,1.0628691790625453,0.7668481152504683,0.5100295543670654
46929,GiveMeSomeCredit,hydra_small,120269,10,16384,16384,5,7,ok,,4.514290026389062,4.2170588709414005,0.7868795394897461
46929,GiveMeSomeCredit,tabpfn,120269,10,16384,16384,5,7,ok,,4.49288378469646,4.198808507993817,0.8493698239326477
46929,GiveMeSomeCredit,tabpfn,120269,10,16384,16384,5,8,ok,,4.499929421581328,4.199720325879753,0.8493698239326477
46929,GiveMeSomeCredit,hydra,120269,10,16384,16384,5,8,ok,,1.0614215061068535,0.7658178834244609,0.5100295543670654
46929,GiveMeSomeCredit,hybrid_8l,120269,10,16384,16384,5,8,ok,,1.9674310041591525,1.6704525668174028,0.7882314920425415
46929,GiveMeSomeCredit,hydra_small,120269,10,16384,16384,5,8,ok,,4.51445228420198,4.216599952429533,0.7868795394897461
46929,GiveMeSomeCredit,hydra,120269,10,16384,16384,5,9,ok,,1.0600110236555338,0.7661353750154376,0.5100295543670654
46929,GiveMeSomeCredit,hydra_small,120269,10,16384,16384,5,9,ok,,4.515101635828614,4.218572027981281,0.7868795394897461
46929,GiveMeSomeCredit,hybrid_8l,120269,10,16384,16384,5,9,ok,,1.9639527751132846,1.6708838744089007,0.7882314920425415
46929,GiveMeSomeCredit,tabpfn,120269,10,16384,16384,5,9,ok,,4.492982381023467,4.1979970801621675,0.8493698239326477
46929,GiveMeSomeCredit,tabpfn,120269,10,16384,16384,5,10,ok,,4.493624048307538,4.199212602339685,0.8493698239326477
46929,GiveMeSomeCredit,hybrid_8l,120269,10,16384,16384,5,10,ok,,1.962673380970955,1.6678185872733593,0.7882314920425415
46929,GiveMeSomeCredit,hydra,120269,10,16384,16384,5,10,ok,,1.0611395118758082,0.7658839086070657,0.5100295543670654
46929,GiveMeSomeCredit,hydra_small,120269,10,16384,16384,5,10,ok,,4.514694454148412,4.218622583895922,0.7868795394897461
46929,GiveMeSomeCredit,hydra_small,120269,10,16384,16384,5,11,ok,,4.5151435025036335,4.217081082984805,0.7868795394897461
46929,GiveMeSomeCredit,hydra,120269,10,16384,16384,5,11,ok,,1.0609489819034934,0.7670717388391495,0.5100295543670654
46929,GiveMeSomeCredit,tabpfn,120269,10,16384,16384,5,11,ok,,4.498149451799691,4.199284249916673,0.8493698239326477
46929,GiveMeSomeCredit,hybrid_8l,120269,10,16384,16384,5,11,ok,,1.97304711304605,1.6708537777885795,0.7882314920425415
46929,GiveMeSomeCredit,hybrid_8l,120269,10,16384,16384,5,12,ok,,1.961314145475626,1.6684431610628963,0.7882314920425415
46929,GiveMeSomeCredit,tabpfn,120269,10,16384,16384,5,12,ok,,4.492399177514017,4.196793249808252,0.8493698239326477
46929,GiveMeSomeCredit,hydra,120269,10,16384,16384,5,12,ok,,1.061032960191369,0.7662645103409886,0.5100295543670654
46929,GiveMeSomeCredit,hydra_small,120269,10,16384,16384,5,12,ok,,4.512451113201678,4.216746931895614,0.7868795394897461
46929,GiveMeSomeCredit,hydra,120269,10,16384,16384,5,13,ok,,1.0621002819389105,0.766543828882277,0.5100295543670654
46929,GiveMeSomeCredit,hybrid_8l,120269,10,16384,16384,5,13,ok,,1.9616348939016461,1.6686606220901012,0.7882314920425415
46929,GiveMeSomeCredit,tabpfn,120269,10,16384,16384,5,13,ok,,4.492123985663056,4.198982888832688,0.8493698239326477
46929,GiveMeSomeCredit,hydra_small,120269,10,16384,16384,5,13,ok,,4.519914673641324,4.21678505372256,0.7868795394897461
46929,GiveMeSomeCredit,hydra_small,120269,10,16384,16384,5,14,ok,,4.528758958913386,4.219179990701377,0.7868795394897461
46929,GiveMeSomeCredit,tabpfn,120269,10,16384,16384,5,14,ok,,4.495178682729602,4.2012743996456265,0.8493698239326477
46929,GiveMeSomeCredit,hybrid_8l,120269,10,16384,16384,5,14,ok,,1.962217789143324,1.669251812621951,0.7882314920425415
46929,GiveMeSomeCredit,hydra,120269,10,16384,16384,5,14,ok,,1.0649103755131364,0.7659595627337694,0.5100295543670654
46929,GiveMeSomeCredit,hydra,120269,10,16384,16384,5,15,ok,,1.1048742653802037,0.7668177280575037,0.5100295543670654
46929,GiveMeSomeCredit,tabpfn,120269,10,16384,16384,5,15,ok,,4.496916434727609,4.199067077599466,0.8493698239326477
46929,GiveMeSomeCredit,hydra_small,120269,10,16384,16384,5,15,ok,,4.5126610938459635,4.215748592279851,0.7868795394897461
46929,GiveMeSomeCredit,hybrid_8l,120269,10,16384,16384,5,15,ok,,1.9650190053507686,1.6701672980561852,0.7882314920425415
