did,dataset_name,model,num_samples,num_features,configured_eval_position,real_eval_position,split_number,timing_repetition,status,error,synchronized_elapsed_seconds,synchronized_model_inference_seconds,mean_metric
1596,covertype,hybrid_8l,581012,54,,,1,0,skipped_warmup_oom,warmup CUDA out of memory,,,
1596,covertype,tabpfn,581012,54,,,1,0,skipped_warmup_oom,warmup CUDA out of memory,,,
40685,shuttle,hybrid_8l,58000,9,,,1,0,skipped_warmup_oom,warmup CUDA out of memory,,,
40685,shuttle,tabpfn,58000,9,,,1,0,skipped_warmup_oom,warmup CUDA out of memory,,,
41166,volkert,hybrid_8l,58310,100,,,1,0,skipped_warmup_oom,warmup CUDA out of memory,,,
41166,volkert,tabpfn,58310,100,,,1,0,skipped_warmup_oom,warmup CUDA out of memory,,,
41168,jannis,hybrid_8l,83733,54,,,1,0,skipped_warmup_oom,warmup CUDA out of memory,,,
41168,jannis,tabpfn,83733,54,,,1,0,skipped_warmup_oom,warmup CUDA out of memory,,,
41150,MiniBooNE,hydra_small,130064,50,16384.0,16384.0,1,1,ok,,5.209720306098461,4.215566563419998,0.9619720578193665
41150,MiniBooNE,hybrid_8l,130064,50,16384.0,16384.0,1,1,ok,,3.2190845254808664,1.672150724567473,0.9194787740707397
41150,MiniBooNE,tabpfn,130064,50,16384.0,16384.0,1,1,ok,,6.604755370877683,4.243527812883258,0.9802321791648865
41150,MiniBooNE,hydra,130064,50,16384.0,16384.0,1,1,ok,,2.9996128398925066,0.7875271998345852,0.6164388060569763
41150,MiniBooNE,hydra_small,130064,50,16384.0,16384.0,1,2,ok,,5.663184719160199,4.215407285839319,0.9619720578193665
41150,MiniBooNE,hybrid_8l,130064,50,16384.0,16384.0,1,2,ok,,2.6498745158314705,1.6703630611300468,0.9194787740707397
41150,MiniBooNE,hydra,130064,50,16384.0,16384.0,1,2,ok,,2.2167853508144617,0.7566830655559897,0.6164388060569763
41150,MiniBooNE,tabpfn,130064,50,16384.0,16384.0,1,2,ok,,6.496158873662353,4.23284977581352,0.9802321791648865
41150,MiniBooNE,hydra_small,130064,50,16384.0,16384.0,1,3,ok,,5.25243819039315,4.214851418510079,0.9619720578193665
41150,MiniBooNE,hybrid_8l,130064,50,16384.0,16384.0,1,3,ok,,4.213437025435269,1.708034111186862,0.9194787740707397
41150,MiniBooNE,hydra,130064,50,16384.0,16384.0,1,3,ok,,2.101646726951003,0.7587992139160633,0.6164388060569763
41150,MiniBooNE,tabpfn,130064,50,16384.0,16384.0,1,3,ok,,5.288034963421524,4.204531907103956,0.9802321791648865
41150,MiniBooNE,hydra_small,130064,50,16384.0,16384.0,1,4,ok,,5.324938920326531,4.23646454513073,0.9619720578193665
41150,MiniBooNE,hydra,130064,50,16384.0,16384.0,1,4,ok,,2.6114384941756725,0.7734521552920341,0.6164388060569763
41150,MiniBooNE,hybrid_8l,130064,50,16384.0,16384.0,1,4,ok,,2.635055691935122,1.6714237295091152,0.9194787740707397
41150,MiniBooNE,tabpfn,130064,50,16384.0,16384.0,1,4,ok,,5.166442206129432,4.206508810631931,0.9802321791648865
41150,MiniBooNE,hydra_small,130064,50,16384.0,16384.0,1,5,ok,,5.223518083803356,4.215316645801067,0.9619720578193665
41150,MiniBooNE,tabpfn,130064,50,16384.0,16384.0,1,5,ok,,5.193242664448917,4.210016327910125,0.9802321791648865
41150,MiniBooNE,hybrid_8l,130064,50,16384.0,16384.0,1,5,ok,,2.8367342073470354,1.6688321428373456,0.9194787740707397
41150,MiniBooNE,hydra,130064,50,16384.0,16384.0,1,5,ok,,1.7403856264427304,0.7559127099812031,0.6164388060569763
41150,MiniBooNE,hydra_small,130064,50,16384.0,16384.0,1,6,ok,,5.1948995953425765,4.214820965193212,0.9619720578193665
41150,MiniBooNE,hybrid_8l,130064,50,16384.0,16384.0,1,6,ok,,2.6594579741358757,1.6693717017769814,0.9194787740707397
41150,MiniBooNE,hydra,130064,50,16384.0,16384.0,1,6,ok,,1.7963980212807655,0.7539135999977589,0.6164388060569763
41150,MiniBooNE,tabpfn,130064,50,16384.0,16384.0,1,6,ok,,5.183590289205313,4.20771309081465,0.9802321791648865
41150,MiniBooNE,tabpfn,130064,50,16384.0,16384.0,1,7,ok,,5.1895024962723255,4.209148847498,0.9802321791648865
41150,MiniBooNE,hydra_small,130064,50,16384.0,16384.0,1,7,ok,,5.176744139753282,4.215700536966324,0.9619720578193665
41150,MiniBooNE,hybrid_8l,130064,50,16384.0,16384.0,1,7,ok,,2.635646258480847,1.6702583180740476,0.9194787740707397
41150,MiniBooNE,hydra,130064,50,16384.0,16384.0,1,7,ok,,1.7111699935048819,0.7570655513554811,0.6164388060569763
41150,MiniBooNE,hybrid_8l,130064,50,16384.0,16384.0,1,8,ok,,2.7234448194503784,1.6731585217639804,0.9194787740707397
41150,MiniBooNE,hydra_small,130064,50,16384.0,16384.0,1,8,ok,,5.234332973137498,4.21713443659246,0.9619720578193665
41150,MiniBooNE,tabpfn,130064,50,16384.0,16384.0,1,8,ok,,5.248221384361386,4.209420698694885,0.9802321791648865
41150,MiniBooNE,hydra,130064,50,16384.0,16384.0,1,8,ok,,1.7273826068267226,0.7569991117343307,0.6164388060569763
41150,MiniBooNE,hybrid_8l,130064,50,16384.0,16384.0,1,9,ok,,2.685206643305719,1.670834694057703,0.9194787740707397
41150,MiniBooNE,hydra,130064,50,16384.0,16384.0,1,9,ok,,1.8071217881515622,0.7584179416298866,0.6164388060569763
41150,MiniBooNE,hydra_small,130064,50,16384.0,16384.0,1,9,ok,,5.225708998739719,4.214760999195278,0.9619720578193665
41150,MiniBooNE,tabpfn,130064,50,16384.0,16384.0,1,9,ok,,5.2446084544062614,4.211135946214199,0.9802321791648865
41150,MiniBooNE,hybrid_8l,130064,50,16384.0,16384.0,1,10,ok,,2.712238132953644,1.6697201887145638,0.9194787740707397
41150,MiniBooNE,hydra,130064,50,16384.0,16384.0,1,10,ok,,1.7923309486359358,0.7566904546692967,0.6164388060569763
41150,MiniBooNE,hydra_small,130064,50,16384.0,16384.0,1,10,ok,,5.190272455103695,4.216457021422684,0.9619720578193665
41150,MiniBooNE,tabpfn,130064,50,16384.0,16384.0,1,10,ok,,5.256765906699002,4.209946744143963,0.9802321791648865
41150,MiniBooNE,hybrid_8l,130064,50,16384.0,16384.0,1,11,ok,,2.6374282548204064,1.671708693727851,0.9194787740707397
41150,MiniBooNE,hydra_small,130064,50,16384.0,16384.0,1,11,ok,,5.168929206207395,4.215685312636197,0.9619720578193665
41150,MiniBooNE,tabpfn,130064,50,16384.0,16384.0,1,11,ok,,5.201155502349138,4.246803116984665,0.9802321791648865
41150,MiniBooNE,hydra,130064,50,16384.0,16384.0,1,11,ok,,2.877845397219062,0.7882546968758106,0.6164388060569763
41150,MiniBooNE,hydra_small,130064,50,16384.0,16384.0,1,12,ok,,5.3080450892448425,4.216326218098402,0.9619720578193665
41150,MiniBooNE,hydra,130064,50,16384.0,16384.0,1,12,ok,,1.702853518538177,0.755923087708652,0.6164388060569763
41150,MiniBooNE,tabpfn,130064,50,16384.0,16384.0,1,12,ok,,5.1970913503319025,4.207601211965084,0.9802321791648865
41150,MiniBooNE,hybrid_8l,130064,50,16384.0,16384.0,1,12,ok,,2.708974063396454,1.6689584339037538,0.9194787740707397
41150,MiniBooNE,tabpfn,130064,50,16384.0,16384.0,1,13,ok,,5.211738675832748,4.20805658120662,0.9802321791648865
41150,MiniBooNE,hybrid_8l,130064,50,16384.0,16384.0,1,13,ok,,2.6149123813956976,1.6698636375367641,0.9194787740707397
41150,MiniBooNE,hydra,130064,50,16384.0,16384.0,1,13,ok,,1.8495814185589552,0.7565602138638496,0.6164388060569763
41150,MiniBooNE,hydra_small,130064,50,16384.0,16384.0,1,13,ok,,5.43147674575448,4.213937336578965,0.9619720578193665
41150,MiniBooNE,hybrid_8l,130064,50,16384.0,16384.0,1,14,ok,,2.6488725105300546,1.6693500317633152,0.9194787740707397
41150,MiniBooNE,tabpfn,130064,50,16384.0,16384.0,1,14,ok,,5.261711036786437,4.208981112577021,0.9802321791648865
41150,MiniBooNE,hydra,130064,50,16384.0,16384.0,1,14,ok,,1.770648150704801,0.7576414803043008,0.6164388060569763
41150,MiniBooNE,hydra_small,130064,50,16384.0,16384.0,1,14,ok,,5.172348516061902,4.211397807113826,0.9619720578193665
41150,MiniBooNE,hydra,130064,50,16384.0,16384.0,1,15,ok,,1.7886251891031861,0.755746309645474,0.6164388060569763
41150,MiniBooNE,hybrid_8l,130064,50,16384.0,16384.0,1,15,ok,,2.717031535692513,1.6680561965331435,0.9194787740707397
41150,MiniBooNE,hydra_small,130064,50,16384.0,16384.0,1,15,ok,,5.172599996440113,4.216233153827488,0.9619720578193665
41150,MiniBooNE,tabpfn,130064,50,16384.0,16384.0,1,15,ok,,5.165765083394945,4.209115033969283,0.9802321791648865
41150,MiniBooNE,hybrid_8l,130064,50,16384.0,16384.0,2,1,ok,,2.699037669226527,1.6696018129587173,0.9172996282577515
41150,MiniBooNE,hydra_small,130064,50,16384.0,16384.0,2,1,ok,,5.241198841482401,4.215101501904428,0.9561154246330261
41150,MiniBooNE,hydra,130064,50,16384.0,16384.0,2,1,ok,,1.7064632512629032,0.7570542553439736,0.6175335049629211
41150,MiniBooNE,tabpfn,130064,50,16384.0,16384.0,2,1,ok,,5.170796957798302,4.208227314054966,0.9776039123535156
41150,MiniBooNE,hybrid_8l,130064,50,16384.0,16384.0,2,2,ok,,2.626298143528402,1.67207061778754,0.9172996282577515
41150,MiniBooNE,hydra_small,130064,50,16384.0,16384.0,2,2,ok,,5.165953654795885,4.214582921937108,0.9561154246330261
41150,MiniBooNE,tabpfn,130064,50,16384.0,16384.0,2,2,ok,,5.175062511116266,4.207830906845629,0.9776039123535156
41150,MiniBooNE,hydra,130064,50,16384.0,16384.0,2,2,ok,,1.716439038515091,0.7563699074089527,0.6175335049629211
41150,MiniBooNE,hybrid_8l,130064,50,16384.0,16384.0,2,3,ok,,2.702651996165514,1.667320854961872,0.9172996282577515
41150,MiniBooNE,tabpfn,130064,50,16384.0,16384.0,2,3,ok,,5.18912698328495,4.211276629939675,0.9776039123535156
41150,MiniBooNE,hydra_small,130064,50,16384.0,16384.0,2,3,ok,,5.167411024682224,4.21633882727474,0.9561154246330261
41150,MiniBooNE,hydra,130064,50,16384.0,16384.0,2,3,ok,,1.7033309508115053,0.7559280274435878,0.6175335049629211
41150,MiniBooNE,hydra,130064,50,16384.0,16384.0,2,4,ok,,1.7082973197102547,0.7580494470894337,0.6175335049629211
41150,MiniBooNE,tabpfn,130064,50,16384.0,16384.0,2,4,ok,,5.197419947013259,4.209585830569267,0.9776039123535156
41150,MiniBooNE,hybrid_8l,130064,50,16384.0,16384.0,2,4,ok,,2.6291699334979057,1.6693514492362738,0.9172996282577515
41150,MiniBooNE,hydra_small,130064,50,16384.0,16384.0,2,4,ok,,5.338228278793395,4.214118944481015,0.9561154246330261
41150,MiniBooNE,hydra_small,130064,50,16384.0,16384.0,2,5,ok,,5.198683682829142,4.212621605023742,0.9561154246330261
41150,MiniBooNE,hybrid_8l,130064,50,16384.0,16384.0,2,5,ok,,2.6789259826764464,1.6701354123651981,0.9172996282577515
41150,MiniBooNE,hydra,130064,50,16384.0,16384.0,2,5,ok,,1.952737582847476,0.7580349585041404,0.6175335049629211
41150,MiniBooNE,tabpfn,130064,50,16384.0,16384.0,2,5,ok,,5.491943271830678,4.209991166368127,0.9776039123535156
41150,MiniBooNE,hybrid_8l,130064,50,16384.0,16384.0,2,6,ok,,2.6359045477584004,1.6692470656707883,0.9172996282577515
41150,MiniBooNE,hydra_small,130064,50,16384.0,16384.0,2,6,ok,,5.265376574359834,4.216816053725779,0.9561154246330261
41150,MiniBooNE,hydra,130064,50,16384.0,16384.0,2,6,ok,,1.8050821088254452,0.7545613348484039,0.6175335049629211
41150,MiniBooNE,tabpfn,130064,50,16384.0,16384.0,2,6,ok,,5.2818982033059,4.209890739060938,0.9776039123535156
41150,MiniBooNE,hydra,130064,50,16384.0,16384.0,2,7,ok,,1.8430785397067666,0.7562620062381029,0.6175335049629211
41150,MiniBooNE,hydra_small,130064,50,16384.0,16384.0,2,7,ok,,5.235408938489854,4.214953558519483,0.9561154246330261
41150,MiniBooNE,hybrid_8l,130064,50,16384.0,16384.0,2,7,ok,,3.0752979721874,1.668608141131699,0.9172996282577515
41150,MiniBooNE,tabpfn,130064,50,16384.0,16384.0,2,7,ok,,5.750840371474624,4.206886130385101,0.9776039123535156
41150,MiniBooNE,hydra,130064,50,16384.0,16384.0,2,8,ok,,2.452652565203607,0.756841292604804,0.6175335049629211
41150,MiniBooNE,hybrid_8l,130064,50,16384.0,16384.0,2,8,ok,,3.323193211108446,1.66853616386652,0.9172996282577515
41150,MiniBooNE,tabpfn,130064,50,16384.0,16384.0,2,8,ok,,5.323890550993383,4.210548313334584,0.9776039123535156
41150,MiniBooNE,hydra_small,130064,50,16384.0,16384.0,2,8,ok,,5.294990041293204,4.2118638549000025,0.9561154246330261
41150,MiniBooNE,tabpfn,130064,50,16384.0,16384.0,2,9,ok,,5.16253758314997,4.210780227556825,0.9776039123535156
41150,MiniBooNE,hydra,130064,50,16384.0,16384.0,2,9,ok,,1.7113660098984838,0.7566312942653894,0.6175335049629211
41150,MiniBooNE,hybrid_8l,130064,50,16384.0,16384.0,2,9,ok,,2.635650862008333,1.668861105106771,0.9172996282577515
41150,MiniBooNE,hydra_small,130064,50,16384.0,16384.0,2,9,ok,,5.228896196931601,4.213842185214162,0.9561154246330261
41150,MiniBooNE,hybrid_8l,130064,50,16384.0,16384.0,2,10,ok,,2.866527747362852,1.669383903965354,0.9172996282577515
41150,MiniBooNE,hydra,130064,50,16384.0,16384.0,2,10,ok,,2.8958854088559747,0.7815257292240858,0.6175335049629211
41150,MiniBooNE,hydra_small,130064,50,16384.0,16384.0,2,10,ok,,5.17445480171591,4.214353669434786,0.9561154246330261
41150,MiniBooNE,tabpfn,130064,50,16384.0,16384.0,2,10,ok,,5.233780533075333,4.206313454546034,0.9776039123535156
41150,MiniBooNE,hydra_small,130064,50,16384.0,16384.0,2,11,ok,,5.242155747488141,4.252386345528066,0.9561154246330261
41150,MiniBooNE,tabpfn,130064,50,16384.0,16384.0,2,11,ok,,5.390638691373169,4.209286343306303,0.9776039123535156
41150,MiniBooNE,hybrid_8l,130064,50,16384.0,16384.0,2,11,ok,,2.8079341147094965,1.6716724671423435,0.9172996282577515
41150,MiniBooNE,hydra,130064,50,16384.0,16384.0,2,11,ok,,1.8458017855882645,0.7564209122210741,0.6175335049629211
41150,MiniBooNE,hydra_small,130064,50,16384.0,16384.0,2,12,ok,,5.810194971039891,4.216517680324614,0.9561154246330261
41150,MiniBooNE,hybrid_8l,130064,50,16384.0,16384.0,2,12,ok,,3.11267302185297,1.6692643919959664,0.9172996282577515
41150,MiniBooNE,tabpfn,130064,50,16384.0,16384.0,2,12,ok,,5.883103704079986,4.210440763272345,0.9776039123535156
41150,MiniBooNE,hydra,130064,50,16384.0,16384.0,2,12,ok,,3.030562797561288,0.7841266440227628,0.6175335049629211
41150,MiniBooNE,tabpfn,130064,50,16384.0,16384.0,2,13,ok,,5.510410627350211,4.212686784565449,0.9776039123535156
41150,MiniBooNE,hybrid_8l,130064,50,16384.0,16384.0,2,13,ok,,2.808110891841352,1.6694412855431437,0.9172996282577515
41150,MiniBooNE,hydra_small,130064,50,16384.0,16384.0,2,13,ok,,5.1706466833129525,4.21348262950778,0.9561154246330261
41150,MiniBooNE,hydra,130064,50,16384.0,16384.0,2,13,ok,,1.7888176031410694,0.7578526027500629,0.6175335049629211
41150,MiniBooNE,hybrid_8l,130064,50,16384.0,16384.0,2,14,ok,,2.625852709636092,1.6685258485376835,0.9172996282577515
41150,MiniBooNE,hydra_small,130064,50,16384.0,16384.0,2,14,ok,,5.180461774580181,4.213786921463907,0.9561154246330261
41150,MiniBooNE,hydra,130064,50,16384.0,16384.0,2,14,ok,,1.7099547619000077,0.7585007892921567,0.6175335049629211
41150,MiniBooNE,tabpfn,130064,50,16384.0,16384.0,2,14,ok,,5.179376034997404,4.2090940196067095,0.9776039123535156
41150,MiniBooNE,hydra_small,130064,50,16384.0,16384.0,2,15,ok,,5.180988477542996,4.216681121848524,0.9561154246330261
41150,MiniBooNE,hybrid_8l,130064,50,16384.0,16384.0,2,15,ok,,2.633335522376001,1.6701040165498853,0.9172996282577515
41150,MiniBooNE,hydra,130064,50,16384.0,16384.0,2,15,ok,,1.718222465366125,0.7572670411318541,0.6175335049629211
41150,MiniBooNE,tabpfn,130064,50,16384.0,16384.0,2,15,ok,,5.498518627136946,4.210025047883391,0.9776039123535156
41150,MiniBooNE,hydra_small,130064,50,16384.0,16384.0,3,1,ok,,5.250982295721769,4.215609908103943,0.9549501538276672
41150,MiniBooNE,hydra,130064,50,16384.0,16384.0,3,1,ok,,1.835447184741497,0.7552491975948215,0.6062385439872742
41150,MiniBooNE,tabpfn,130064,50,16384.0,16384.0,3,1,ok,,5.218598767183721,4.206750318408012,0.9761303067207336
41150,MiniBooNE,hybrid_8l,130064,50,16384.0,16384.0,3,1,ok,,2.716944729909301,1.6733334120362997,0.9136224389076233
41150,MiniBooNE,hydra,130064,50,16384.0,16384.0,3,2,ok,,1.836659150198102,0.7571052126586437,0.6062385439872742
41150,MiniBooNE,hybrid_8l,130064,50,16384.0,16384.0,3,2,ok,,2.702434716746211,1.6690498068928719,0.9136224389076233
41150,MiniBooNE,hydra_small,130064,50,16384.0,16384.0,3,2,ok,,5.235365218482912,4.217223358340561,0.9549501538276672
41150,MiniBooNE,tabpfn,130064,50,16384.0,16384.0,3,2,ok,,5.217086395248771,4.212411409243941,0.9761303067207336
41150,MiniBooNE,hydra_small,130064,50,16384.0,16384.0,3,3,ok,,5.474447435699403,4.214839005842805,0.9549501538276672
41150,MiniBooNE,hybrid_8l,130064,50,16384.0,16384.0,3,3,ok,,2.6803949251770973,1.6709488006308675,0.9136224389076233
41150,MiniBooNE,hydra,130064,50,16384.0,16384.0,3,3,ok,,1.7810591645538807,0.7563430778682232,0.6062385439872742
41150,MiniBooNE,tabpfn,130064,50,16384.0,16384.0,3,3,ok,,5.214170193299651,4.210601705126464,0.9761303067207336
41150,MiniBooNE,hydra_small,130064,50,16384.0,16384.0,3,4,ok,,5.217807251960039,4.214344154112041,0.9549501538276672
41150,MiniBooNE,hydra,130064,50,16384.0,16384.0,3,4,ok,,1.7773645212873816,0.7571540232747793,0.6062385439872742
41150,MiniBooNE,hybrid_8l,130064,50,16384.0,16384.0,3,4,ok,,2.6650583734735847,1.6693349815905094,0.9136224389076233
41150,MiniBooNE,tabpfn,130064,50,16384.0,16384.0,3,4,ok,,5.2553306529298425,4.206675722263753,0.9761303067207336
41150,MiniBooNE,tabpfn,130064,50,16384.0,16384.0,3,5,ok,,5.223060007207096,4.209025111980736,0.9761303067207336
41150,MiniBooNE,hybrid_8l,130064,50,16384.0,16384.0,3,5,ok,,2.6680926410481334,1.669842902570963,0.9136224389076233
41150,MiniBooNE,hydra,130064,50,16384.0,16384.0,3,5,ok,,1.7661498710513115,0.7565518924966455,0.6062385439872742
41150,MiniBooNE,hydra_small,130064,50,16384.0,16384.0,3,5,ok,,5.214158017188311,4.215554450638592,0.9549501538276672
41150,MiniBooNE,hydra,130064,50,16384.0,16384.0,3,6,ok,,1.7606546888127923,0.7561718821525574,0.6062385439872742
41150,MiniBooNE,hybrid_8l,130064,50,16384.0,16384.0,3,6,ok,,2.681220732629299,1.6699640192091465,0.9136224389076233
41150,MiniBooNE,tabpfn,130064,50,16384.0,16384.0,3,6,ok,,5.217883563600481,4.211098524741828,0.9761303067207336
41150,MiniBooNE,hydra_small,130064,50,16384.0,16384.0,3,6,ok,,5.219153938814998,4.214665750972927,0.9549501538276672
41150,MiniBooNE,hydra,130064,50,16384.0,16384.0,3,7,ok,,1.7690808102488518,0.7551216213032603,0.6062385439872742
41150,MiniBooNE,tabpfn,130064,50,16384.0,16384.0,3,7,ok,,5.228674274869263,4.214473485946655,0.9761303067207336
41150,MiniBooNE,hydra_small,130064,50,16384.0,16384.0,3,7,ok,,5.244464668445289,4.218289063312113,0.9549501538276672
41150,MiniBooNE,hybrid_8l,130064,50,16384.0,16384.0,3,7,ok,,2.69510277826339,1.670552401803434,0.9136224389076233
41150,MiniBooNE,hydra_small,130064,50,16384.0,16384.0,3,8,ok,,5.225038361735642,4.2148384833708405,0.9549501538276672
41150,MiniBooNE,hydra,130064,50,16384.0,16384.0,3,8,ok,,1.7531371414661407,0.7562674507498741,0.6062385439872742
41150,MiniBooNE,tabpfn,130064,50,16384.0,16384.0,3,8,ok,,5.248769992031157,4.2146560261026025,0.9761303067207336
41150,MiniBooNE,hybrid_8l,130064,50,16384.0,16384.0,3,8,ok,,2.6861362773925066,1.673015646636486,0.9136224389076233
41150,MiniBooNE,tabpfn,130064,50,16384.0,16384.0,3,9,ok,,5.279053344391286,4.212815385311842,0.9761303067207336
41150,MiniBooNE,hybrid_8l,130064,50,16384.0,16384.0,3,9,ok,,2.690629329532385,1.6685129757970572,0.9136224389076233
41150,MiniBooNE,hydra_small,130064,50,16384.0,16384.0,3,9,ok,,5.235471930354834,4.213421672582626,0.9549501538276672
41150,MiniBooNE,hydra,130064,50,16384.0,16384.0,3,9,ok,,1.747405399568379,0.7574228690937161,0.6062385439872742
41150,MiniBooNE,hybrid_8l,130064,50,16384.0,16384.0,3,10,ok,,2.669060162268579,1.668795389123261,0.9136224389076233
41150,MiniBooNE,tabpfn,130064,50,16384.0,16384.0,3,10,ok,,5.250266367569566,4.21009467728436,0.9761303067207336
41150,MiniBooNE,hydra,130064,50,16384.0,16384.0,3,10,ok,,1.7680643601343036,0.7576270550489426,0.6062385439872742
41150,MiniBooNE,hydra_small,130064,50,16384.0,16384.0,3,10,ok,,5.216778927482665,4.214658590964973,0.9549501538276672
41150,MiniBooNE,hydra,130064,50,16384.0,16384.0,3,11,ok,,1.8088105488568544,0.7578089693561196,0.6062385439872742
41150,MiniBooNE,tabpfn,130064,50,16384.0,16384.0,3,11,ok,,5.2060695961117744,4.213191760703921,0.9761303067207336
41150,MiniBooNE,hydra_small,130064,50,16384.0,16384.0,3,11,ok,,5.242125937715173,4.21541843842715,0.9549501538276672
41150,MiniBooNE,hybrid_8l,130064,50,16384.0,16384.0,3,11,ok,,2.698891787789762,1.6727409213781357,0.9136224389076233
41150,MiniBooNE,hydra_small,130064,50,16384.0,16384.0,3,12,ok,,5.214452063664794,4.217010543681681,0.9549501538276672
41150,MiniBooNE,tabpfn,130064,50,16384.0,16384.0,3,12,ok,,5.226301582530141,4.213718615472317,0.9761303067207336
41150,MiniBooNE,hybrid_8l,130064,50,16384.0,16384.0,3,12,ok,,2.659305091947317,1.6718421578407288,0.9136224389076233
41150,MiniBooNE,hydra,130064,50,16384.0,16384.0,3,12,ok,,1.7887202017009258,0.7572367647662759,0.6062385439872742
41150,MiniBooNE,tabpfn,130064,50,16384.0,16384.0,3,13,ok,,5.219232406467199,4.21161930449307,0.9761303067207336
41150,MiniBooNE,hydra,130064,50,16384.0,16384.0,3,13,ok,,1.8219078714028,0.7572219064459205,0.6062385439872742
41150,MiniBooNE,hybrid_8l,130064,50,16384.0,16384.0,3,13,ok,,2.67586865182966,1.6726336972787976,0.9136224389076233
41150,MiniBooNE,hydra_small,130064,50,16384.0,16384.0,3,13,ok,,5.206905819475651,4.214027636684477,0.9549501538276672
41150,MiniBooNE,hydra_small,130064,50,16384.0,16384.0,3,14,ok,,5.216301850043237,4.214521750807762,0.9549501538276672
41150,MiniBooNE,tabpfn,130064,50,16384.0,16384.0,3,14,ok,,5.213342731818557,4.208507805131376,0.9761303067207336
41150,MiniBooNE,hybrid_8l,130064,50,16384.0,16384.0,3,14,ok,,2.6968892868608236,1.6726474212482572,0.9136224389076233
41150,MiniBooNE,hydra,130064,50,16384.0,16384.0,3,14,ok,,1.824926988221705,0.7580893179401755,0.6062385439872742
41150,MiniBooNE,hydra_small,130064,50,16384.0,16384.0,3,15,ok,,5.2124541150406,4.214575387537479,0.9549501538276672
41150,MiniBooNE,hybrid_8l,130064,50,16384.0,16384.0,3,15,ok,,2.6587120229378343,1.6723613291978836,0.9136224389076233
41150,MiniBooNE,hydra,130064,50,16384.0,16384.0,3,15,ok,,2.131859970279038,0.7553635137155652,0.6062385439872742
41150,MiniBooNE,tabpfn,130064,50,16384.0,16384.0,3,15,ok,,5.532887603156269,4.211413776502013,0.9761303067207336
41150,MiniBooNE,hydra_small,130064,50,16384.0,16384.0,4,1,ok,,5.259681190364063,4.247089838609099,0.9559191465377808
41150,MiniBooNE,hybrid_8l,130064,50,16384.0,16384.0,4,1,ok,,2.71828727517277,1.6691920720040798,0.9160757660865784
41150,MiniBooNE,tabpfn,130064,50,16384.0,16384.0,4,1,ok,,5.205436152406037,4.213975696824491,0.9771087169647217
41150,MiniBooNE,hydra,130064,50,16384.0,16384.0,4,1,ok,,2.0127085261046886,0.7565277088433504,0.6196726560592651
41150,MiniBooNE,hydra_small,130064,50,16384.0,16384.0,4,2,ok,,5.216909008100629,4.215365589596331,0.9559191465377808
41150,MiniBooNE,hybrid_8l,130064,50,16384.0,16384.0,4,2,ok,,2.679335502907634,1.6702476609498262,0.9160757660865784
41150,MiniBooNE,tabpfn,130064,50,16384.0,16384.0,4,2,ok,,5.202179858461022,4.209403922781348,0.9771087169647217
41150,MiniBooNE,hydra,130064,50,16384.0,16384.0,4,2,ok,,1.824005488306284,0.7580752596259117,0.6196726560592651
41150,MiniBooNE,hydra_small,130064,50,16384.0,16384.0,4,3,ok,,5.196410025469959,4.214184788055718,0.9559191465377808
41150,MiniBooNE,tabpfn,130064,50,16384.0,16384.0,4,3,ok,,5.1860375525429845,4.210023413412273,0.9771087169647217
41150,MiniBooNE,hybrid_8l,130064,50,16384.0,16384.0,4,3,ok,,2.715470994822681,1.67136294208467,0.9160757660865784
41150,MiniBooNE,hydra,130064,50,16384.0,16384.0,4,3,ok,,1.7386763077229261,0.7565837940201163,0.6196726560592651
41150,MiniBooNE,hydra,130064,50,16384.0,16384.0,4,4,ok,,1.7515808176249266,0.7580867605283856,0.6196726560592651
41150,MiniBooNE,tabpfn,130064,50,16384.0,16384.0,4,4,ok,,5.209965071640909,4.208780004642904,0.9771087169647217
41150,MiniBooNE,hybrid_8l,130064,50,16384.0,16384.0,4,4,ok,,2.6636679247021675,1.66896079108119,0.9160757660865784
41150,MiniBooNE,hydra_small,130064,50,16384.0,16384.0,4,4,ok,,5.205176237039268,4.214348494075239,0.9559191465377808
41150,MiniBooNE,hydra,130064,50,16384.0,16384.0,4,5,ok,,1.7780805034562945,0.7564194211736321,0.6196726560592651
41150,MiniBooNE,tabpfn,130064,50,16384.0,16384.0,4,5,ok,,5.2438662284985185,4.245074578560889,0.9771087169647217
41150,MiniBooNE,hybrid_8l,130064,50,16384.0,16384.0,4,5,ok,,2.6669537173584104,1.670668214559555,0.9160757660865784
41150,MiniBooNE,hydra_small,130064,50,16384.0,16384.0,4,5,ok,,5.225514088757336,4.216478016227484,0.9559191465377808
41150,MiniBooNE,hydra,130064,50,16384.0,16384.0,4,6,ok,,1.764476016163826,0.7575552528724074,0.6196726560592651
41150,MiniBooNE,hybrid_8l,130064,50,16384.0,16384.0,4,6,ok,,2.6734531400725245,1.6709949225187302,0.9160757660865784
41150,MiniBooNE,tabpfn,130064,50,16384.0,16384.0,4,6,ok,,5.243353093974292,4.212343741208315,0.9771087169647217
41150,MiniBooNE,hydra_small,130064,50,16384.0,16384.0,4,6,ok,,5.2933608898893,4.214816424995661,0.9559191465377808
41150,MiniBooNE,tabpfn,130064,50,16384.0,16384.0,4,7,ok,,5.210895815864205,4.210909001529217,0.9771087169647217
41150,MiniBooNE,hydra,130064,50,16384.0,16384.0,4,7,ok,,1.7457456970587373,0.7570341248065233,0.6196726560592651
41150,MiniBooNE,hydra_small,130064,50,16384.0,16384.0,4,7,ok,,5.220593287609518,4.2142418846488,0.9559191465377808
41150,MiniBooNE,hybrid_8l,130064,50,16384.0,16384.0,4,7,ok,,2.7310506450012326,1.6694636484608054,0.9160757660865784
41150,MiniBooNE,hydra_small,130064,50,16384.0,16384.0,4,8,ok,,5.205637068487704,4.214392136782408,0.9559191465377808
41150,MiniBooNE,tabpfn,130064,50,16384.0,16384.0,4,8,ok,,5.241875977255404,4.212580533698201,0.9771087169647217
41150,MiniBooNE,hybrid_8l,130064,50,16384.0,16384.0,4,8,ok,,2.6615574676543474,1.671092715114355,0.9160757660865784
41150,MiniBooNE,hydra,130064,50,16384.0,16384.0,4,8,ok,,1.7781725842505693,0.7577030109241605,0.6196726560592651
41150,MiniBooNE,hybrid_8l,130064,50,16384.0,16384.0,4,9,ok,,2.744826402515173,1.6685484144836664,0.9160757660865784
41150,MiniBooNE,tabpfn,130064,50,16384.0,16384.0,4,9,ok,,5.196502207778394,4.21215736027807,0.9771087169647217
41150,MiniBooNE,hydra,130064,50,16384.0,16384.0,4,9,ok,,1.740138511173427,0.7559780133888125,0.6196726560592651
41150,MiniBooNE,hydra_small,130064,50,16384.0,16384.0,4,9,ok,,5.20685473177582,4.213357922621071,0.9559191465377808
41150,MiniBooNE,hydra_small,130064,50,16384.0,16384.0,4,10,ok,,5.222226935438812,4.214124214835465,0.9559191465377808
41150,MiniBooNE,tabpfn,130064,50,16384.0,16384.0,4,10,ok,,5.214417307637632,4.215436070226133,0.9771087169647217
41150,MiniBooNE,hybrid_8l,130064,50,16384.0,16384.0,4,10,ok,,2.6729434970766306,1.6721173143014312,0.9160757660865784
41150,MiniBooNE,hydra,130064,50,16384.0,16384.0,4,10,ok,,1.805196862667799,0.7578634042292833,0.6196726560592651
41150,MiniBooNE,tabpfn,130064,50,16384.0,16384.0,4,11,ok,,5.235079523175955,4.210356794297695,0.9771087169647217
41150,MiniBooNE,hydra,130064,50,16384.0,16384.0,4,11,ok,,1.7797041023150086,0.7585910027846694,0.6196726560592651
41150,MiniBooNE,hybrid_8l,130064,50,16384.0,16384.0,4,11,ok,,2.990759535692632,1.6702567180618644,0.9160757660865784
41150,MiniBooNE,hydra_small,130064,50,16384.0,16384.0,4,11,ok,,5.26077532581985,4.22263596765697,0.9559191465377808
41150,MiniBooNE,hydra,130064,50,16384.0,16384.0,4,12,ok,,1.8578202053904533,0.7563103111460805,0.6196726560592651
41150,MiniBooNE,tabpfn,130064,50,16384.0,16384.0,4,12,ok,,5.20981989055872,4.211254953406751,0.9771087169647217
41150,MiniBooNE,hydra_small,130064,50,16384.0,16384.0,4,12,ok,,5.226395355537534,4.214227273128927,0.9559191465377808
41150,MiniBooNE,hybrid_8l,130064,50,16384.0,16384.0,4,12,ok,,2.63298318348825,1.6703109797090292,0.9160757660865784
41150,MiniBooNE,hydra,130064,50,16384.0,16384.0,4,13,ok,,1.7324872110038996,0.7595738535746932,0.6196726560592651
41150,MiniBooNE,hydra_small,130064,50,16384.0,16384.0,4,13,ok,,5.183026193641126,4.215750128030777,0.9559191465377808
41150,MiniBooNE,hybrid_8l,130064,50,16384.0,16384.0,4,13,ok,,2.633712905459106,1.6705839755013585,0.9160757660865784
41150,MiniBooNE,tabpfn,130064,50,16384.0,16384.0,4,13,ok,,5.187216931954026,4.213146282359958,0.9771087169647217
41150,MiniBooNE,hybrid_8l,130064,50,16384.0,16384.0,4,14,ok,,2.630443691276014,1.6707047345116735,0.9160757660865784
41150,MiniBooNE,tabpfn,130064,50,16384.0,16384.0,4,14,ok,,5.173033006489277,4.208911458961666,0.9771087169647217
41150,MiniBooNE,hydra_small,130064,50,16384.0,16384.0,4,14,ok,,5.179463068954647,4.212684305384755,0.9559191465377808
41150,MiniBooNE,hydra,130064,50,16384.0,16384.0,4,14,ok,,1.7208809396252036,0.7577735520899296,0.6196726560592651
41150,MiniBooNE,hydra_small,130064,50,16384.0,16384.0,4,15,ok,,5.184287589043379,4.215239204466343,0.9559191465377808
41150,MiniBooNE,tabpfn,130064,50,16384.0,16384.0,4,15,ok,,5.176836600527167,4.213168731890619,0.9771087169647217
41150,MiniBooNE,hybrid_8l,130064,50,16384.0,16384.0,4,15,ok,,2.658138010650873,1.6720893057063222,0.9160757660865784
41150,MiniBooNE,hydra,130064,50,16384.0,16384.0,4,15,ok,,1.756304293870926,0.7554617831483483,0.6196726560592651
41150,MiniBooNE,hydra,130064,50,16384.0,16384.0,5,1,ok,,1.7211364228278399,0.754585612565279,0.6156691908836365
41150,MiniBooNE,hydra_small,130064,50,16384.0,16384.0,5,1,ok,,5.263086120598018,4.215182966552675,0.9594619274139404
41150,MiniBooNE,hybrid_8l,130064,50,16384.0,16384.0,5,1,ok,,2.73623513430357,1.6718397634103894,0.9194784164428711
41150,MiniBooNE,tabpfn,130064,50,16384.0,16384.0,5,1,ok,,5.175662701949477,4.21125159598887,0.979194164276123
41150,MiniBooNE,hybrid_8l,130064,50,16384.0,16384.0,5,2,ok,,2.6546933818608522,1.6704240897670388,0.9194784164428711
41150,MiniBooNE,hydra,130064,50,16384.0,16384.0,5,2,ok,,1.7266601864248514,0.7563662147149444,0.6156691908836365
41150,MiniBooNE,tabpfn,130064,50,16384.0,16384.0,5,2,ok,,5.189425787888467,4.210849953815341,0.979194164276123
41150,MiniBooNE,hydra_small,130064,50,16384.0,16384.0,5,2,ok,,5.184863612987101,4.21537012886256,0.9594619274139404
41150,MiniBooNE,hydra_small,130064,50,16384.0,16384.0,5,3,ok,,5.229877267964184,4.215148366987705,0.9594619274139404
41150,MiniBooNE,hydra,130064,50,16384.0,16384.0,5,3,ok,,1.7440961711108685,0.7571611311286688,0.6156691908836365
41150,MiniBooNE,tabpfn,130064,50,16384.0,16384.0,5,3,ok,,5.1781340315938,4.2133945524692535,0.979194164276123
41150,MiniBooNE,hybrid_8l,130064,50,16384.0,16384.0,5,3,ok,,2.671640967950225,1.6699842158704996,0.9194784164428711
41150,MiniBooNE,hydra,130064,50,16384.0,16384.0,5,4,ok,,1.727884465828538,0.7548120096325874,0.6156691908836365
41150,MiniBooNE,hydra_small,130064,50,16384.0,16384.0,5,4,ok,,5.186397165060043,4.217209188267589,0.9594619274139404
41150,MiniBooNE,hybrid_8l,130064,50,16384.0,16384.0,5,4,ok,,2.654514718800783,1.670375345274806,0.9194784164428711
41150,MiniBooNE,tabpfn,130064,50,16384.0,16384.0,5,4,ok,,5.19405123591423,4.211250890046358,0.979194164276123
41150,MiniBooNE,hydra_small,130064,50,16384.0,16384.0,5,5,ok,,5.189506273716688,4.2174200769513845,0.9594619274139404
41150,MiniBooNE,hybrid_8l,130064,50,16384.0,16384.0,5,5,ok,,2.6513432189822197,1.6719641657546163,0.9194784164428711
41150,MiniBooNE,hydra,130064,50,16384.0,16384.0,5,5,ok,,1.7373063564300537,0.7560654636472464,0.6156691908836365
41150,MiniBooNE,tabpfn,130064,50,16384.0,16384.0,5,5,ok,,5.215460306033492,4.2090105433017015,0.979194164276123
41150,MiniBooNE,tabpfn,130064,50,16384.0,16384.0,5,6,ok,,5.176296193152666,4.213881090283394,0.979194164276123
41150,MiniBooNE,hydra,130064,50,16384.0,16384.0,5,6,ok,,1.7268231930211186,0.7547960989177227,0.6156691908836365
41150,MiniBooNE,hydra_small,130064,50,16384.0,16384.0,5,6,ok,,5.180299346335232,4.217300908640027,0.9594619274139404
41150,MiniBooNE,hybrid_8l,130064,50,16384.0,16384.0,5,6,ok,,2.631941467523575,1.670383800752461,0.9194784164428711
41150,MiniBooNE,hydra_small,130064,50,16384.0,16384.0,5,7,ok,,5.177207637578249,4.213159101083875,0.9594619274139404
41150,MiniBooNE,hydra,130064,50,16384.0,16384.0,5,7,ok,,1.7448000526055694,0.7576788701117039,0.6156691908836365
41150,MiniBooNE,tabpfn,130064,50,16384.0,16384.0,5,7,ok,,5.187977301888168,4.212103168480098,0.979194164276123
41150,MiniBooNE,hybrid_8l,130064,50,16384.0,16384.0,5,7,ok,,2.6366715393960476,1.6720235459506512,0.9194784164428711
41150,MiniBooNE,hydra_small,130064,50,16384.0,16384.0,5,8,ok,,5.176793401129544,4.211834268644452,0.9594619274139404
41150,MiniBooNE,hydra,130064,50,16384.0,16384.0,5,8,ok,,1.7255136193707585,0.7562527973204851,0.6156691908836365
41150,MiniBooNE,tabpfn,130064,50,16384.0,16384.0,5,8,ok,,5.211616197600961,4.212114247493446,0.979194164276123
41150,MiniBooNE,hybrid_8l,130064,50,16384.0,16384.0,5,8,ok,,2.6397456023842096,1.6727752406150103,0.9194784164428711
41150,MiniBooNE,hydra_small,130064,50,16384.0,16384.0,5,9,ok,,5.180786143988371,4.213116986677051,0.9594619274139404
41150,MiniBooNE,hydra,130064,50,16384.0,16384.0,5,9,ok,,1.7260224940255284,0.7558757932856679,0.6156691908836365
41150,MiniBooNE,hybrid_8l,130064,50,16384.0,16384.0,5,9,ok,,2.6399676129221916,1.6701288046315312,0.9194784164428711
41150,MiniBooNE,tabpfn,130064,50,16384.0,16384.0,5,9,ok,,5.229466564022005,4.2134191785007715,0.979194164276123
41150,MiniBooNE,hybrid_8l,130064,50,16384.0,16384.0,5,10,ok,,2.64070319570601,1.6677373237907887,0.9194784164428711
41150,MiniBooNE,hydra_small,130064,50,16384.0,16384.0,5,10,ok,,5.188517550006509,4.2165182288736105,0.9594619274139404
41150,MiniBooNE,hydra,130064,50,16384.0,16384.0,5,10,ok,,1.7266992153599858,0.7562000574544072,0.6156691908836365
41150,MiniBooNE,tabpfn,130064,50,16384.0,16384.0,5,10,ok,,5.238932016305625,4.211451790295541,0.979194164276123
41150,MiniBooNE,hybrid_8l,130064,50,16384.0,16384.0,5,11,ok,,2.6575746098533273,1.6705357246100903,0.9194784164428711
41150,MiniBooNE,hydra_small,130064,50,16384.0,16384.0,5,11,ok,,5.18336440436542,4.214011869393289,0.9594619274139404
41150,MiniBooNE,hydra,130064,50,16384.0,16384.0,5,11,ok,,1.7273897528648376,0.756326868198812,0.6156691908836365
41150,MiniBooNE,tabpfn,130064,50,16384.0,16384.0,5,11,ok,,5.181149136275053,4.211445746943355,0.979194164276123
41150,MiniBooNE,tabpfn,130064,50,16384.0,16384.0,5,12,ok,,5.179225451312959,4.210758655332029,0.979194164276123
41150,MiniBooNE,hydra_small,130064,50,16384.0,16384.0,5,12,ok,,5.274461097083986,4.249993999488652,0.9594619274139404
41150,MiniBooNE,hydra,130064,50,16384.0,16384.0,5,12,ok,,1.7784503642469645,0.7559634791687131,0.6156691908836365
41150,MiniBooNE,hybrid_8l,130064,50,16384.0,16384.0,5,12,ok,,2.6761644184589386,1.6703460961580276,0.9194784164428711
41150,MiniBooNE,tabpfn,130064,50,16384.0,16384.0,5,13,ok,,5.24262382555753,4.209894996136427,0.979194164276123
41150,MiniBooNE,hydra_small,130064,50,16384.0,16384.0,5,13,ok,,5.214392717927694,4.213322448544204,0.9594619274139404
41150,MiniBooNE,hydra,130064,50,16384.0,16384.0,5,13,ok,,1.7614871934056282,0.7577910413965583,0.6156691908836365
41150,MiniBooNE,hybrid_8l,130064,50,16384.0,16384.0,5,13,ok,,2.661092521622777,1.6695730099454522,0.9194784164428711
41150,MiniBooNE,hybrid_8l,130064,50,16384.0,16384.0,5,14,ok,,2.658088651485741,1.670646914280951,0.9194784164428711
41150,MiniBooNE,tabpfn,130064,50,16384.0,16384.0,5,14,ok,,5.241248708218336,4.210400613024831,0.979194164276123
41150,MiniBooNE,hydra_small,130064,50,16384.0,16384.0,5,14,ok,,5.196390867233276,4.214146899990737,0.9594619274139404
41150,MiniBooNE,hydra,130064,50,16384.0,16384.0,5,14,ok,,1.779457850381732,0.75720723439008,0.6156691908836365
41150,MiniBooNE,hydra_small,130064,50,16384.0,16384.0,5,15,ok,,5.221369933336973,4.214226149953902,0.9594619274139404
41150,MiniBooNE,tabpfn,130064,50,16384.0,16384.0,5,15,ok,,5.185764665715396,4.213289394043386,0.979194164276123
41150,MiniBooNE,hybrid_8l,130064,50,16384.0,16384.0,5,15,ok,,2.6608845265582204,1.670717948116362,0.9194784164428711
41150,MiniBooNE,hydra,130064,50,16384.0,16384.0,5,15,ok,,1.7225380297750235,0.7563525047153234,0.6156691908836365
4135,Amazon_employee_access,hydra_small,32769,9,16384.0,16384.0,1,1,ok,,4.518511017784476,4.2165573965758085,0.5623170733451843
4135,Amazon_employee_access,tabpfn,32769,9,16384.0,16384.0,1,1,ok,,4.520437887869775,4.220740017481148,0.6156092286109924
4135,Amazon_employee_access,hybrid_8l,32769,9,16384.0,16384.0,1,1,ok,,1.9728432958945632,1.6740372460335493,0.5065683126449585
4135,Amazon_employee_access,hydra,32769,9,16384.0,16384.0,1,1,ok,,1.0568135706707835,0.7551291473209858,0.4862627685070038
4135,Amazon_employee_access,tabpfn,32769,9,16384.0,16384.0,1,2,ok,,4.520703732036054,4.219874608330429,0.6156092286109924
4135,Amazon_employee_access,hydra,32769,9,16384.0,16384.0,1,2,ok,,1.0568635538220406,0.756327317096293,0.4862627685070038
4135,Amazon_employee_access,hydra_small,32769,9,16384.0,16384.0,1,2,ok,,4.515719668008387,4.2139009004458785,0.5623170733451843
4135,Amazon_employee_access,hybrid_8l,32769,9,16384.0,16384.0,1,2,ok,,1.9729151716455817,1.6739346319809556,0.5065683126449585
4135,Amazon_employee_access,hydra,32769,9,16384.0,16384.0,1,3,ok,,1.0561262778937817,0.7569262403994799,0.4862627685070038
4135,Amazon_employee_access,tabpfn,32769,9,16384.0,16384.0,1,3,ok,,4.520695994608104,4.22106066532433,0.6156092286109924
4135,Amazon_employee_access,hydra_small,32769,9,16384.0,16384.0,1,3,ok,,4.518670056946576,4.215688896365464,0.5623170733451843
4135,Amazon_employee_access,hybrid_8l,32769,9,16384.0,16384.0,1,3,ok,,1.9764126166701317,1.6729971757158637,0.5065683126449585
4135,Amazon_employee_access,hydra_small,32769,9,16384.0,16384.0,1,4,ok,,4.527005208656192,4.214856288395822,0.5623170733451843
4135,Amazon_employee_access,hydra,32769,9,16384.0,16384.0,1,4,ok,,1.136998811736703,0.7561979722231627,0.4862627685070038
4135,Amazon_employee_access,tabpfn,32769,9,16384.0,16384.0,1,4,ok,,4.541104821488261,4.219058961607516,0.6156092286109924
4135,Amazon_employee_access,hybrid_8l,32769,9,16384.0,16384.0,1,4,ok,,1.987292860634625,1.6717958776280284,0.5065683126449585
4135,Amazon_employee_access,hybrid_8l,32769,9,16384.0,16384.0,1,5,ok,,1.9782215654850006,1.6719585172832012,0.5065683126449585
4135,Amazon_employee_access,hydra_small,32769,9,16384.0,16384.0,1,5,ok,,4.529035714454949,4.214250500313938,0.5623170733451843
4135,Amazon_employee_access,hydra,32769,9,16384.0,16384.0,1,5,ok,,1.077362922951579,0.756413109600544,0.4862627685070038
4135,Amazon_employee_access,tabpfn,32769,9,16384.0,16384.0,1,5,ok,,4.593471475876868,4.222418735735118,0.6156092286109924
4135,Amazon_employee_access,tabpfn,32769,9,16384.0,16384.0,1,6,ok,,4.758987518027425,4.386863478459418,0.6156092286109924
4135,Amazon_employee_access,hydra,32769,9,16384.0,16384.0,1,6,ok,,1.0542899575084448,0.755649852566421,0.4862627685070038
4135,Amazon_employee_access,hydra_small,32769,9,16384.0,16384.0,1,6,ok,,4.513409577310085,4.211594276130199,0.5623170733451843
4135,Amazon_employee_access,hybrid_8l,32769,9,16384.0,16384.0,1,6,ok,,1.975640813820064,1.6743030669167638,0.5065683126449585
4135,Amazon_employee_access,hybrid_8l,32769,9,16384.0,16384.0,1,7,ok,,2.022106008604169,1.6728961830958724,0.5065683126449585
4135,Amazon_employee_access,hydra_small,32769,9,16384.0,16384.0,1,7,ok,,4.555717253126204,4.2141364719718695,0.5623170733451843
4135,Amazon_employee_access,tabpfn,32769,9,16384.0,16384.0,1,7,ok,,4.5818864135071635,4.218531298451126,0.6156092286109924
4135,Amazon_employee_access,hydra,32769,9,16384.0,16384.0,1,7,ok,,1.0883994121104479,0.7557865707203746,0.4862627685070038
4135,Amazon_employee_access,hybrid_8l,32769,9,16384.0,16384.0,1,8,ok,,2.134337986819446,1.6733915209770203,0.5065683126449585
4135,Amazon_employee_access,hydra,32769,9,16384.0,16384.0,1,8,ok,,1.2484467756003141,0.7558232611045241,0.4862627685070038
4135,Amazon_employee_access,tabpfn,32769,9,16384.0,16384.0,1,8,ok,,4.595245595090091,4.217397629283369,0.6156092286109924
4135,Amazon_employee_access,hydra_small,32769,9,16384.0,16384.0,1,8,ok,,4.541852814145386,4.213386229239404,0.5623170733451843
4135,Amazon_employee_access,hydra,32769,9,16384.0,16384.0,1,9,ok,,1.1135772848501801,0.7556179016828537,0.4862627685070038
4135,Amazon_employee_access,hydra_small,32769,9,16384.0,16384.0,1,9,ok,,4.613223736174405,4.213412627577782,0.5623170733451843
4135,Amazon_employee_access,hybrid_8l,32769,9,16384.0,16384.0,1,9,ok,,1.9839303884655237,1.6708320509642363,0.5065683126449585
4135,Amazon_employee_access,tabpfn,32769,9,16384.0,16384.0,1,9,ok,,4.58594121504575,4.221106113865972,0.6156092286109924
4135,Amazon_employee_access,tabpfn,32769,9,16384.0,16384.0,1,10,ok,,4.536766686476767,4.222854205407202,0.6156092286109924
4135,Amazon_employee_access,hydra_small,32769,9,16384.0,16384.0,1,10,ok,,4.516847345046699,4.211465386673808,0.5623170733451843
4135,Amazon_employee_access,hybrid_8l,32769,9,16384.0,16384.0,1,10,ok,,2.0684372475370765,1.6719120368361473,0.5065683126449585
4135,Amazon_employee_access,hydra,32769,9,16384.0,16384.0,1,10,ok,,1.137216311879456,0.7527464497834444,0.4862627685070038
4135,Amazon_employee_access,hybrid_8l,32769,9,16384.0,16384.0,1,11,ok,,2.00801576115191,1.6733976816758513,0.5065683126449585
4135,Amazon_employee_access,hydra_small,32769,9,16384.0,16384.0,1,11,ok,,4.5513929557055235,4.215059896931052,0.5623170733451843
4135,Amazon_employee_access,tabpfn,32769,9,16384.0,16384.0,1,11,ok,,4.672404268756509,4.225307271815836,0.6156092286109924
4135,Amazon_employee_access,hydra,32769,9,16384.0,16384.0,1,11,ok,,1.180388417094946,0.7541570141911507,0.4862627685070038
4135,Amazon_employee_access,hydra,32769,9,16384.0,16384.0,1,12,ok,,1.0535140773281455,0.754807585850358,0.4862627685070038
4135,Amazon_employee_access,hydra_small,32769,9,16384.0,16384.0,1,12,ok,,4.564657357521355,4.212556894868612,0.5623170733451843
4135,Amazon_employee_access,hybrid_8l,32769,9,16384.0,16384.0,1,12,ok,,1.9742128755897284,1.6728302659466863,0.5065683126449585
4135,Amazon_employee_access,tabpfn,32769,9,16384.0,16384.0,1,12,ok,,5.441795724444091,4.216746401041746,0.6156092286109924
4135,Amazon_employee_access,hydra,32769,9,16384.0,16384.0,1,13,ok,,1.1599669056013227,0.7554819537326694,0.4862627685070038
4135,Amazon_employee_access,tabpfn,32769,9,16384.0,16384.0,1,13,ok,,4.523824191652238,4.220798798836768,0.6156092286109924
4135,Amazon_employee_access,hybrid_8l,32769,9,16384.0,16384.0,1,13,ok,,2.0029348423704505,1.6717169862240553,0.5065683126449585
4135,Amazon_employee_access,hydra_small,32769,9,16384.0,16384.0,1,13,ok,,4.633865038864315,4.210951912216842,0.5623170733451843
4135,Amazon_employee_access,hydra,32769,9,16384.0,16384.0,1,14,ok,,1.4238911047577858,0.7573352437466383,0.4862627685070038
4135,Amazon_employee_access,hybrid_8l,32769,9,16384.0,16384.0,1,14,ok,,1.9903680635616183,1.6707262182608247,0.5065683126449585
4135,Amazon_employee_access,tabpfn,32769,9,16384.0,16384.0,1,14,ok,,4.585407577455044,4.216847199946642,0.6156092286109924
4135,Amazon_employee_access,hydra_small,32769,9,16384.0,16384.0,1,14,ok,,4.568301018327475,4.212428297847509,0.5623170733451843
4135,Amazon_employee_access,hybrid_8l,32769,9,16384.0,16384.0,1,15,ok,,2.0669757165014744,1.6744711436331272,0.5065683126449585
4135,Amazon_employee_access,tabpfn,32769,9,16384.0,16384.0,1,15,ok,,4.527476298622787,4.219889786094427,0.6156092286109924
4135,Amazon_employee_access,hydra,32769,9,16384.0,16384.0,1,15,ok,,1.1445824978873134,0.7563515910878778,0.4862627685070038
4135,Amazon_employee_access,hydra_small,32769,9,16384.0,16384.0,1,15,ok,,4.930137145332992,4.215346567332745,0.5623170733451843
4135,Amazon_employee_access,hybrid_8l,32769,9,16384.0,16384.0,2,1,ok,,2.739257114008069,1.6745949881151319,0.5111293792724609
4135,Amazon_employee_access,hydra,32769,9,16384.0,16384.0,2,1,ok,,1.0573448641225696,0.755949909798801,0.4990503489971161
4135,Amazon_employee_access,hydra_small,32769,9,16384.0,16384.0,2,1,ok,,4.5202018562704325,4.215249001979828,0.5531485676765442
4135,Amazon_employee_access,tabpfn,32769,9,16384.0,16384.0,2,1,ok,,4.705922808498144,4.22023362480104,0.6010041832923889
4135,Amazon_employee_access,hydra_small,32769,9,16384.0,16384.0,2,2,ok,,4.584967593662441,4.214394250884652,0.5531485676765442
4135,Amazon_employee_access,hydra,32769,9,16384.0,16384.0,2,2,ok,,1.1814314322546124,0.755619122646749,0.4990503489971161
4135,Amazon_employee_access,hybrid_8l,32769,9,16384.0,16384.0,2,2,ok,,2.0425663385540247,1.6717524519190192,0.5111293792724609
4135,Amazon_employee_access,tabpfn,32769,9,16384.0,16384.0,2,2,ok,,4.579750929027796,4.216127956286073,0.6010041832923889
4135,Amazon_employee_access,tabpfn,32769,9,16384.0,16384.0,2,3,ok,,4.551815831102431,4.220403236337006,0.6010041832923889
4135,Amazon_employee_access,hybrid_8l,32769,9,16384.0,16384.0,2,3,ok,,2.090991416014731,1.671717925928533,0.5111293792724609
4135,Amazon_employee_access,hydra,32769,9,16384.0,16384.0,2,3,ok,,1.2812036341056228,0.7572565954178572,0.4990503489971161
4135,Amazon_employee_access,hydra_small,32769,9,16384.0,16384.0,2,3,ok,,4.676377750001848,4.2972613936290145,0.5531485676765442
4135,Amazon_employee_access,hydra_small,32769,9,16384.0,16384.0,2,4,ok,,4.965980621054769,4.2153386594727635,0.5531485676765442
4135,Amazon_employee_access,hydra,32769,9,16384.0,16384.0,2,4,ok,,1.0697662271559238,0.7573275100439787,0.4990503489971161
4135,Amazon_employee_access,hybrid_8l,32769,9,16384.0,16384.0,2,4,ok,,2.0262832678854465,1.6717124143615365,0.5111293792724609
4135,Amazon_employee_access,tabpfn,32769,9,16384.0,16384.0,2,4,ok,,4.550852535292506,4.218968675471842,0.6010041832923889
4135,Amazon_employee_access,hydra,32769,9,16384.0,16384.0,2,5,ok,,1.082966236397624,0.7572257956489921,0.4990503489971161
4135,Amazon_employee_access,hybrid_8l,32769,9,16384.0,16384.0,2,5,ok,,1.9789605075493455,1.672120458446443,0.5111293792724609
4135,Amazon_employee_access,hydra_small,32769,9,16384.0,16384.0,2,5,ok,,4.558334690518677,4.217474495060742,0.5531485676765442
4135,Amazon_employee_access,tabpfn,32769,9,16384.0,16384.0,2,5,ok,,4.549339889548719,4.2202917924150825,0.6010041832923889
4135,Amazon_employee_access,tabpfn,32769,9,16384.0,16384.0,2,6,ok,,4.5410455744713545,4.219400974921882,0.6010041832923889
4135,Amazon_employee_access,hybrid_8l,32769,9,16384.0,16384.0,2,6,ok,,1.9829062642529607,1.6751456689089537,0.5111293792724609
4135,Amazon_employee_access,hydra,32769,9,16384.0,16384.0,2,6,ok,,1.0768559174612164,0.7568369889631867,0.4990503489971161
4135,Amazon_employee_access,hydra_small,32769,9,16384.0,16384.0,2,6,ok,,5.371067941188812,4.2145342733711,0.5531485676765442
4135,Amazon_employee_access,hybrid_8l,32769,9,16384.0,16384.0,2,7,ok,,2.3407370913773775,1.6721688192337751,0.5111293792724609
4135,Amazon_employee_access,hydra_small,32769,9,16384.0,16384.0,2,7,ok,,4.588625499047339,4.213513869792223,0.5531485676765442
4135,Amazon_employee_access,hydra,32769,9,16384.0,16384.0,2,7,ok,,1.6061353497207165,0.7572608925402164,0.4990503489971161
4135,Amazon_employee_access,tabpfn,32769,9,16384.0,16384.0,2,7,ok,,4.522773152217269,4.217416544444859,0.6010041832923889
4135,Amazon_employee_access,tabpfn,32769,9,16384.0,16384.0,2,8,ok,,4.554306987673044,4.218702630139887,0.6010041832923889
4135,Amazon_employee_access,hydra_small,32769,9,16384.0,16384.0,2,8,ok,,4.641384798102081,4.216884142719209,0.5531485676765442
4135,Amazon_employee_access,hydra,32769,9,16384.0,16384.0,2,8,ok,,1.079407292418182,0.7551940865814686,0.4990503489971161
4135,Amazon_employee_access,hybrid_8l,32769,9,16384.0,16384.0,2,8,ok,,2.04117626324296,1.6726615317165852,0.5111293792724609
4135,Amazon_employee_access,hydra,32769,9,16384.0,16384.0,2,9,ok,,1.1324196308851242,0.7542500281706452,0.4990503489971161
4135,Amazon_employee_access,hybrid_8l,32769,9,16384.0,16384.0,2,9,ok,,1.9743910394608974,1.6704992949962616,0.5111293792724609
4135,Amazon_employee_access,hydra_small,32769,9,16384.0,16384.0,2,9,ok,,4.549404808320105,4.211976675316691,0.5531485676765442
4135,Amazon_employee_access,tabpfn,32769,9,16384.0,16384.0,2,9,ok,,4.948050676845014,4.2171320440247655,0.6010041832923889
4135,Amazon_employee_access,hydra_small,32769,9,16384.0,16384.0,2,10,ok,,4.519383489154279,4.21141286753118,0.5531485676765442
4135,Amazon_employee_access,tabpfn,32769,9,16384.0,16384.0,2,10,ok,,4.614900288172066,4.219903313554823,0.6010041832923889
4135,Amazon_employee_access,hydra,32769,9,16384.0,16384.0,2,10,ok,,1.0609202859923244,0.7553345523774624,0.4990503489971161
4135,Amazon_employee_access,hybrid_8l,32769,9,16384.0,16384.0,2,10,ok,,2.0328502962365746,1.672637164592743,0.5111293792724609
4135,Amazon_employee_access,hydra_small,32769,9,16384.0,16384.0,2,11,ok,,4.518487912602723,4.21142138261348,0.5531485676765442
4135,Amazon_employee_access,tabpfn,32769,9,16384.0,16384.0,2,11,ok,,4.608522453345358,4.218778070062399,0.6010041832923889
4135,Amazon_employee_access,hybrid_8l,32769,9,16384.0,16384.0,2,11,ok,,1.976681719534099,1.6705675544217229,0.5111293792724609
4135,Amazon_employee_access,hydra,32769,9,16384.0,16384.0,2,11,ok,,1.1346020149067044,0.7564132353290915,0.4990503489971161
4135,Amazon_employee_access,tabpfn,32769,9,16384.0,16384.0,2,12,ok,,4.526945355348289,4.219712881371379,0.6010041832923889
4135,Amazon_employee_access,hydra_small,32769,9,16384.0,16384.0,2,12,ok,,4.586964097805321,4.2391610676422715,0.5531485676765442
4135,Amazon_employee_access,hydra,32769,9,16384.0,16384.0,2,12,ok,,1.08685143571347,0.7557390090078115,0.4990503489971161
4135,Amazon_employee_access,hybrid_8l,32769,9,16384.0,16384.0,2,12,ok,,1.9717258093878627,1.6713558277115226,0.5111293792724609
4135,Amazon_employee_access,hydra,32769,9,16384.0,16384.0,2,13,ok,,1.0946527868509293,0.7576851760968566,0.4990503489971161
4135,Amazon_employee_access,hybrid_8l,32769,9,16384.0,16384.0,2,13,ok,,2.0955960573628545,1.6721332799643278,0.5111293792724609
4135,Amazon_employee_access,hydra_small,32769,9,16384.0,16384.0,2,13,ok,,4.525264178402722,4.214708238840103,0.5531485676765442
4135,Amazon_employee_access,tabpfn,32769,9,16384.0,16384.0,2,13,ok,,4.532208604738116,4.219437098130584,0.6010041832923889
4135,Amazon_employee_access,hydra,32769,9,16384.0,16384.0,2,14,ok,,1.115863412618637,0.7542859762907028,0.4990503489971161
4135,Amazon_employee_access,hybrid_8l,32769,9,16384.0,16384.0,2,14,ok,,2.0864231372252107,1.6711668288335204,0.5111293792724609
4135,Amazon_employee_access,tabpfn,32769,9,16384.0,16384.0,2,14,ok,,4.533937180414796,4.220783539116383,0.6010041832923889
4135,Amazon_employee_access,hydra_small,32769,9,16384.0,16384.0,2,14,ok,,4.545202703215182,4.21320884861052,0.5531485676765442
4135,Amazon_employee_access,hydra_small,32769,9,16384.0,16384.0,2,15,ok,,5.30817221198231,4.215313725173473,0.5531485676765442
4135,Amazon_employee_access,tabpfn,32769,9,16384.0,16384.0,2,15,ok,,4.592838144861162,4.219800665043294,0.6010041832923889
4135,Amazon_employee_access,hydra,32769,9,16384.0,16384.0,2,15,ok,,1.092432097531855,0.7560053328052163,0.4990503489971161
4135,Amazon_employee_access,hybrid_8l,32769,9,16384.0,16384.0,2,15,ok,,2.038603225722909,1.6696169916540384,0.5111293792724609
4135,Amazon_employee_access,hydra_small,32769,9,16384.0,16384.0,3,1,ok,,4.582657445222139,4.213126190006733,0.5818362236022949
4135,Amazon_employee_access,hybrid_8l,32769,9,16384.0,16384.0,3,1,ok,,2.0247404109686613,1.6718299454078078,0.5223694443702698
4135,Amazon_employee_access,hydra,32769,9,16384.0,16384.0,3,1,ok,,1.1284042820334435,0.755427218042314,0.5150606632232666
4135,Amazon_employee_access,tabpfn,32769,9,16384.0,16384.0,3,1,ok,,4.592710071243346,4.218824416399002,0.617482602596283
4135,Amazon_employee_access,hydra,32769,9,16384.0,16384.0,3,2,ok,,1.077289167791605,0.7566419690847397,0.5150606632232666
4135,Amazon_employee_access,hydra_small,32769,9,16384.0,16384.0,3,2,ok,,4.541591990739107,4.213020319119096,0.5818362236022949
4135,Amazon_employee_access,tabpfn,32769,9,16384.0,16384.0,3,2,ok,,4.670963819138706,4.215719134546816,0.617482602596283
4135,Amazon_employee_access,hybrid_8l,32769,9,16384.0,16384.0,3,2,ok,,2.0499362694099545,1.6712167533114552,0.5223694443702698
4135,Amazon_employee_access,hydra,32769,9,16384.0,16384.0,3,3,ok,,1.112189745530486,0.7545240754261613,0.5150606632232666
4135,Amazon_employee_access,hybrid_8l,32769,9,16384.0,16384.0,3,3,ok,,2.0259410897269845,1.669678496196866,0.5223694443702698
4135,Amazon_employee_access,tabpfn,32769,9,16384.0,16384.0,3,3,ok,,4.546772491186857,4.217947857454419,0.617482602596283
4135,Amazon_employee_access,hydra_small,32769,9,16384.0,16384.0,3,3,ok,,4.560074748471379,4.214184092357755,0.5818362236022949
4135,Amazon_employee_access,tabpfn,32769,9,16384.0,16384.0,3,4,ok,,4.54407230950892,4.2167384484782815,0.617482602596283
4135,Amazon_employee_access,hybrid_8l,32769,9,16384.0,16384.0,3,4,ok,,2.0209583714604378,1.6712592681869864,0.5223694443702698
4135,Amazon_employee_access,hydra_small,32769,9,16384.0,16384.0,3,4,ok,,4.613884169608355,4.21416025981307,0.5818362236022949
4135,Amazon_employee_access,hydra,32769,9,16384.0,16384.0,3,4,ok,,1.0754462638869882,0.7550284778699279,0.5150606632232666
4135,Amazon_employee_access,tabpfn,32769,9,16384.0,16384.0,3,5,ok,,4.556259034201503,4.227241655811667,0.617482602596283
4135,Amazon_employee_access,hybrid_8l,32769,9,16384.0,16384.0,3,5,ok,,2.0566750429570675,1.6716870805248618,0.5223694443702698
4135,Amazon_employee_access,hydra_small,32769,9,16384.0,16384.0,3,5,ok,,4.5422891629859805,4.21382924541831,0.5818362236022949
4135,Amazon_employee_access,hydra,32769,9,16384.0,16384.0,3,5,ok,,1.095594521611929,0.7566760703921318,0.5150606632232666
4135,Amazon_employee_access,tabpfn,32769,9,16384.0,16384.0,3,6,ok,,4.542059221304953,4.218845070339739,0.617482602596283
4135,Amazon_employee_access,hybrid_8l,32769,9,16384.0,16384.0,3,6,ok,,2.0327931623905897,1.6711601736024022,0.5223694443702698
4135,Amazon_employee_access,hydra_small,32769,9,16384.0,16384.0,3,6,ok,,4.575279697775841,4.215218563564122,0.5818362236022949
4135,Amazon_employee_access,hydra,32769,9,16384.0,16384.0,3,6,ok,,1.2922375202178955,0.7552999285981059,0.5150606632232666
4135,Amazon_employee_access,hydra_small,32769,9,16384.0,16384.0,3,7,ok,,4.622417135164142,4.214041014201939,0.5818362236022949
4135,Amazon_employee_access,hybrid_8l,32769,9,16384.0,16384.0,3,7,ok,,2.0263551054522395,1.6692465217784047,0.5223694443702698
4135,Amazon_employee_access,hydra,32769,9,16384.0,16384.0,3,7,ok,,1.0880564246326685,0.7574678659439087,0.5150606632232666
4135,Amazon_employee_access,tabpfn,32769,9,16384.0,16384.0,3,7,ok,,4.559977819211781,4.216007876209915,0.617482602596283
4135,Amazon_employee_access,tabpfn,32769,9,16384.0,16384.0,3,8,ok,,4.55206732172519,4.217318473383784,0.617482602596283
4135,Amazon_employee_access,hydra,32769,9,16384.0,16384.0,3,8,ok,,1.1071344092488289,0.7541244253516197,0.5150606632232666
4135,Amazon_employee_access,hydra_small,32769,9,16384.0,16384.0,3,8,ok,,4.548226000741124,4.2139570359140635,0.5818362236022949
4135,Amazon_employee_access,hybrid_8l,32769,9,16384.0,16384.0,3,8,ok,,1.9932327317073941,1.6711203902959824,0.5223694443702698
4135,Amazon_employee_access,hydra_small,32769,9,16384.0,16384.0,3,9,ok,,4.577403540723026,4.214481593109667,0.5818362236022949
4135,Amazon_employee_access,hydra,32769,9,16384.0,16384.0,3,9,ok,,1.1179583854973316,0.7539098905399442,0.5150606632232666
4135,Amazon_employee_access,tabpfn,32769,9,16384.0,16384.0,3,9,ok,,4.630565442144871,4.219459253363311,0.617482602596283
4135,Amazon_employee_access,hybrid_8l,32769,9,16384.0,16384.0,3,9,ok,,2.0868033347651362,1.6697254572063684,0.5223694443702698
4135,Amazon_employee_access,hybrid_8l,32769,9,16384.0,16384.0,3,10,ok,,2.0570935057476163,1.6738998163491488,0.5223694443702698
4135,Amazon_employee_access,tabpfn,32769,9,16384.0,16384.0,3,10,ok,,4.603258743882179,4.219720371067524,0.617482602596283
4135,Amazon_employee_access,hydra,32769,9,16384.0,16384.0,3,10,ok,,1.134208177216351,0.7537492709234357,0.5150606632232666
4135,Amazon_employee_access,hydra_small,32769,9,16384.0,16384.0,3,10,ok,,4.615191384218633,4.214296576566994,0.5818362236022949
4135,Amazon_employee_access,hydra,32769,9,16384.0,16384.0,3,11,ok,,1.1263178726658225,0.7561845909804106,0.5150606632232666
4135,Amazon_employee_access,tabpfn,32769,9,16384.0,16384.0,3,11,ok,,4.630266305990517,4.218219017609954,0.617482602596283
4135,Amazon_employee_access,hybrid_8l,32769,9,16384.0,16384.0,3,11,ok,,2.0589088359847665,1.6722641894593835,0.5223694443702698
4135,Amazon_employee_access,hydra_small,32769,9,16384.0,16384.0,3,11,ok,,4.639866380952299,4.213208733126521,0.5818362236022949
4135,Amazon_employee_access,hybrid_8l,32769,9,16384.0,16384.0,3,12,ok,,2.33368072565645,1.670257224701345,0.5223694443702698
4135,Amazon_employee_access,hydra_small,32769,9,16384.0,16384.0,3,12,ok,,4.606170201674104,4.21394953969866,0.5818362236022949
4135,Amazon_employee_access,tabpfn,32769,9,16384.0,16384.0,3,12,ok,,4.553920147009194,4.2207951014861465,0.617482602596283
4135,Amazon_employee_access,hydra,32769,9,16384.0,16384.0,3,12,ok,,1.299895458854735,0.7553537376224995,0.5150606632232666
4135,Amazon_employee_access,hydra,32769,9,16384.0,16384.0,3,13,ok,,1.161264612339437,0.7557454211637378,0.5150606632232666
4135,Amazon_employee_access,tabpfn,32769,9,16384.0,16384.0,3,13,ok,,4.552694022655487,4.216622612439096,0.617482602596283
4135,Amazon_employee_access,hydra_small,32769,9,16384.0,16384.0,3,13,ok,,4.709815829992294,4.2517330422997475,0.5818362236022949
4135,Amazon_employee_access,hybrid_8l,32769,9,16384.0,16384.0,3,13,ok,,2.0706555880606174,1.6720236400142312,0.5223694443702698
4135,Amazon_employee_access,tabpfn,32769,9,16384.0,16384.0,3,14,ok,,4.545512973330915,4.218164450488985,0.617482602596283
4135,Amazon_employee_access,hybrid_8l,32769,9,16384.0,16384.0,3,14,ok,,2.10303873103112,1.6727973287925124,0.5223694443702698
4135,Amazon_employee_access,hydra,32769,9,16384.0,16384.0,3,14,ok,,1.1062292931601405,0.75525744818151,0.5150606632232666
4135,Amazon_employee_access,hydra_small,32769,9,16384.0,16384.0,3,14,ok,,4.611074731685221,4.21402925811708,0.5818362236022949
4135,Amazon_employee_access,hybrid_8l,32769,9,16384.0,16384.0,3,15,ok,,2.08576902654022,1.6728281024843454,0.5223694443702698
4135,Amazon_employee_access,hydra,32769,9,16384.0,16384.0,3,15,ok,,1.2849912643432617,0.7556763924658298,0.5150606632232666
4135,Amazon_employee_access,tabpfn,32769,9,16384.0,16384.0,3,15,ok,,5.093978255055845,4.215117520652711,0.617482602596283
4135,Amazon_employee_access,hydra_small,32769,9,16384.0,16384.0,3,15,ok,,4.627834825776517,4.212573431432247,0.5818362236022949
4135,Amazon_employee_access,hydra_small,32769,9,16384.0,16384.0,4,1,ok,,4.843418859876692,4.214619696140289,0.5648371577262878
4135,Amazon_employee_access,tabpfn,32769,9,16384.0,16384.0,4,1,ok,,4.544192366302013,4.218602203764021,0.6171637177467346
4135,Amazon_employee_access,hydra,32769,9,16384.0,16384.0,4,1,ok,,1.4651631768792868,0.7552418215200305,0.5076568722724915
4135,Amazon_employee_access,hybrid_8l,32769,9,16384.0,16384.0,4,1,ok,,2.0808192305266857,1.6726370882242918,0.5233983993530273
4135,Amazon_employee_access,hybrid_8l,32769,9,16384.0,16384.0,4,2,ok,,2.1724313562735915,1.6701617194339633,0.5233983993530273
4135,Amazon_employee_access,hydra,32769,9,16384.0,16384.0,4,2,ok,,1.1673131482675672,0.7560614310204983,0.5076568722724915
4135,Amazon_employee_access,tabpfn,32769,9,16384.0,16384.0,4,2,ok,,4.544358812272549,4.218099375255406,0.6171637177467346
4135,Amazon_employee_access,hydra_small,32769,9,16384.0,16384.0,4,2,ok,,4.702397285960615,4.2137722773477435,0.5648371577262878
4135,Amazon_employee_access,hydra,32769,9,16384.0,16384.0,4,3,ok,,1.1063577607274055,0.7549293506890535,0.5076568722724915
4135,Amazon_employee_access,tabpfn,32769,9,16384.0,16384.0,4,3,ok,,4.535199987702072,4.215615273453295,0.6171637177467346
4135,Amazon_employee_access,hydra_small,32769,9,16384.0,16384.0,4,3,ok,,4.562956772744656,4.210788979195058,0.5648371577262878
4135,Amazon_employee_access,hybrid_8l,32769,9,16384.0,16384.0,4,3,ok,,2.007670449092984,1.6713009364902973,0.5233983993530273
4135,Amazon_employee_access,hydra_small,32769,9,16384.0,16384.0,4,4,ok,,4.677037193439901,4.213254898786545,0.5648371577262878
4135,Amazon_employee_access,hydra,32769,9,16384.0,16384.0,4,4,ok,,1.1480839159339666,0.7561033964157104,0.5076568722724915
4135,Amazon_employee_access,hybrid_8l,32769,9,16384.0,16384.0,4,4,ok,,1.9942260086536407,1.670934204943478,0.5233983993530273
4135,Amazon_employee_access,tabpfn,32769,9,16384.0,16384.0,4,4,ok,,4.573788883164525,4.219274094328284,0.6171637177467346
4135,Amazon_employee_access,hydra_small,32769,9,16384.0,16384.0,4,5,ok,,4.6896733129397035,4.214994797483087,0.5648371577262878
4135,Amazon_employee_access,hybrid_8l,32769,9,16384.0,16384.0,4,5,ok,,2.145734569989145,1.6741504985839128,0.5233983993530273
4135,Amazon_employee_access,tabpfn,32769,9,16384.0,16384.0,4,5,ok,,4.670296940021217,4.221731544472277,0.6171637177467346
4135,Amazon_employee_access,hydra,32769,9,16384.0,16384.0,4,5,ok,,1.0988749638199806,0.7555386535823345,0.5076568722724915
4135,Amazon_employee_access,hybrid_8l,32769,9,16384.0,16384.0,4,6,ok,,2.0736446818336844,1.6718933386728168,0.5233983993530273
4135,Amazon_employee_access,tabpfn,32769,9,16384.0,16384.0,4,6,ok,,4.546091059222817,4.218132906593382,0.6171637177467346
4135,Amazon_employee_access,hydra,32769,9,16384.0,16384.0,4,6,ok,,1.125543737784028,0.7559405853971839,0.5076568722724915
4135,Amazon_employee_access,hydra_small,32769,9,16384.0,16384.0,4,6,ok,,4.542419240809977,4.213928866200149,0.5648371577262878
4135,Amazon_employee_access,tabpfn,32769,9,16384.0,16384.0,4,7,ok,,4.550451395101845,4.2208277732133865,0.6171637177467346
4135,Amazon_employee_access,hydra,32769,9,16384.0,16384.0,4,7,ok,,1.0623366981744766,0.7555052628740668,0.5076568722724915
4135,Amazon_employee_access,hydra_small,32769,9,16384.0,16384.0,4,7,ok,,4.5214626444503665,4.214167912490666,0.5648371577262878
4135,Amazon_employee_access,hybrid_8l,32769,9,16384.0,16384.0,4,7,ok,,1.9931388748809695,1.6719462424516678,0.5233983993530273
4135,Amazon_employee_access,tabpfn,32769,9,16384.0,16384.0,4,8,ok,,4.541197063401341,4.21989724598825,0.6171637177467346
4135,Amazon_employee_access,hydra_small,32769,9,16384.0,16384.0,4,8,ok,,4.524894416332245,4.214682262390852,0.5648371577262878
4135,Amazon_employee_access,hydra,32769,9,16384.0,16384.0,4,8,ok,,1.0553338071331382,0.7557503478601575,0.5076568722724915
4135,Amazon_employee_access,hybrid_8l,32769,9,16384.0,16384.0,4,8,ok,,1.9881464699283242,1.6711577121168375,0.5233983993530273
4135,Amazon_employee_access,hydra_small,32769,9,16384.0,16384.0,4,9,ok,,4.521835547871888,4.214036199264228,0.5648371577262878
4135,Amazon_employee_access,tabpfn,32769,9,16384.0,16384.0,4,9,ok,,4.648137842305005,4.326261826790869,0.6171637177467346
4135,Amazon_employee_access,hydra,32769,9,16384.0,16384.0,4,9,ok,,1.0722826533019543,0.7545205838978291,0.5076568722724915
4135,Amazon_employee_access,hybrid_8l,32769,9,16384.0,16384.0,4,9,ok,,1.9795040832832456,1.6717597739771008,0.5233983993530273
4135,Amazon_employee_access,hydra,32769,9,16384.0,16384.0,4,10,ok,,1.0755183454602957,0.7546088248491287,0.5076568722724915
4135,Amazon_employee_access,hybrid_8l,32769,9,16384.0,16384.0,4,10,ok,,1.9775977423414588,1.6740351608023047,0.5233983993530273
4135,Amazon_employee_access,hydra_small,32769,9,16384.0,16384.0,4,10,ok,,4.53102723415941,4.215599411167204,0.5648371577262878
4135,Amazon_employee_access,tabpfn,32769,9,16384.0,16384.0,4,10,ok,,4.559941539540887,4.225610349327326,0.6171637177467346
4135,Amazon_employee_access,tabpfn,32769,9,16384.0,16384.0,4,11,ok,,4.527992340736091,4.218467322178185,0.6171637177467346
4135,Amazon_employee_access,hydra,32769,9,16384.0,16384.0,4,11,ok,,1.0700083887204528,0.7546480894088745,0.5076568722724915
4135,Amazon_employee_access,hydra_small,32769,9,16384.0,16384.0,4,11,ok,,4.524983991868794,4.212341918610036,0.5648371577262878
4135,Amazon_employee_access,hybrid_8l,32769,9,16384.0,16384.0,4,11,ok,,1.9763203179463744,1.6700322246178985,0.5233983993530273
4135,Amazon_employee_access,tabpfn,32769,9,16384.0,16384.0,4,12,ok,,4.53131468500942,4.221343766897917,0.6171637177467346
4135,Amazon_employee_access,hydra,32769,9,16384.0,16384.0,4,12,ok,,1.0638812948018312,0.754157954826951,0.5076568722724915
4135,Amazon_employee_access,hydra_small,32769,9,16384.0,16384.0,4,12,ok,,4.564260441809893,4.212675778195262,0.5648371577262878
4135,Amazon_employee_access,hybrid_8l,32769,9,16384.0,16384.0,4,12,ok,,1.9837166098877788,1.6721057426184416,0.5233983993530273
4135,Amazon_employee_access,tabpfn,32769,9,16384.0,16384.0,4,13,ok,,4.539386852644384,4.221973014995456,0.6171637177467346
4135,Amazon_employee_access,hybrid_8l,32769,9,16384.0,16384.0,4,13,ok,,2.022361110895872,1.6722051175311208,0.5233983993530273
4135,Amazon_employee_access,hydra,32769,9,16384.0,16384.0,4,13,ok,,1.0618723025545478,0.75583282019943,0.5076568722724915
4135,Amazon_employee_access,hydra_small,32769,9,16384.0,16384.0,4,13,ok,,4.577041229233146,4.213032480329275,0.5648371577262878
4135,Amazon_employee_access,tabpfn,32769,9,16384.0,16384.0,4,14,ok,,4.531774106435478,4.22277872543782,0.6171637177467346
4135,Amazon_employee_access,hybrid_8l,32769,9,16384.0,16384.0,4,14,ok,,1.9814032027497888,1.6762505266815424,0.5233983993530273
4135,Amazon_employee_access,hydra,32769,9,16384.0,16384.0,4,14,ok,,1.0599737465381622,0.7566537195816636,0.5076568722724915
4135,Amazon_employee_access,hydra_small,32769,9,16384.0,16384.0,4,14,ok,,4.523967681452632,4.214496485888958,0.5648371577262878
4135,Amazon_employee_access,tabpfn,32769,9,16384.0,16384.0,4,15,ok,,4.537997728213668,4.2182469349354506,0.6171637177467346
4135,Amazon_employee_access,hybrid_8l,32769,9,16384.0,16384.0,4,15,ok,,2.05263455118984,1.670807265676558,0.5233983993530273
4135,Amazon_employee_access,hydra,32769,9,16384.0,16384.0,4,15,ok,,1.0826571322977543,0.7565852534025908,0.5076568722724915
4135,Amazon_employee_access,hydra_small,32769,9,16384.0,16384.0,4,15,ok,,4.520105995237827,4.213591122068465,0.5648371577262878
4135,Amazon_employee_access,hydra,32769,9,16384.0,16384.0,5,1,ok,,1.0735628064721823,0.7571493666619062,0.5059263706207275
4135,Amazon_employee_access,tabpfn,32769,9,16384.0,16384.0,5,1,ok,,4.5356006314978,4.218080927617848,0.6192376017570496
4135,Amazon_employee_access,hydra_small,32769,9,16384.0,16384.0,5,1,ok,,4.533795221708715,4.211678338237107,0.5724709033966064
4135,Amazon_employee_access,hybrid_8l,32769,9,16384.0,16384.0,5,1,ok,,2.1132716331630945,1.671650854870677,0.5135376453399658
4135,Amazon_employee_access,tabpfn,32769,9,16384.0,16384.0,5,2,ok,,4.5544660575687885,4.221330645494163,0.6192376017570496
4135,Amazon_employee_access,hydra_small,32769,9,16384.0,16384.0,5,2,ok,,4.568158235400915,4.213468539528549,0.5724709033966064
4135,Amazon_employee_access,hydra,32769,9,16384.0,16384.0,5,2,ok,,1.0753456642851233,0.7561268322169781,0.5059263706207275
4135,Amazon_employee_access,hybrid_8l,32769,9,16384.0,16384.0,5,2,ok,,2.3450805954635143,1.671679307706654,0.5135376453399658
4135,Amazon_employee_access,hydra_small,32769,9,16384.0,16384.0,5,3,ok,,4.533495739102364,4.211849197745323,0.5724709033966064
4135,Amazon_employee_access,tabpfn,32769,9,16384.0,16384.0,5,3,ok,,4.568324523977935,4.218780640512705,0.6192376017570496
4135,Amazon_employee_access,hydra,32769,9,16384.0,16384.0,5,3,ok,,1.0773196397349238,0.753959639929235,0.5059263706207275
4135,Amazon_employee_access,hybrid_8l,32769,9,16384.0,16384.0,5,3,ok,,1.9935592599213123,1.6730467220768332,0.5135376453399658
4135,Amazon_employee_access,hybrid_8l,32769,9,16384.0,16384.0,5,4,ok,,2.0467922277748585,1.6728249369189143,0.5135376453399658
4135,Amazon_employee_access,hydra_small,32769,9,16384.0,16384.0,5,4,ok,,4.563006278127432,4.213782526552677,0.5724709033966064
4135,Amazon_employee_access,tabpfn,32769,9,16384.0,16384.0,5,4,ok,,4.538168356753886,4.2227007588371634,0.6192376017570496
4135,Amazon_employee_access,hydra,32769,9,16384.0,16384.0,5,4,ok,,1.08074168022722,0.7558815935626626,0.5059263706207275
4135,Amazon_employee_access,hybrid_8l,32769,9,16384.0,16384.0,5,5,ok,,1.9919478129595518,1.6724727153778076,0.5135376453399658
4135,Amazon_employee_access,hydra,32769,9,16384.0,16384.0,5,5,ok,,1.0772433495149016,0.7564531480893493,0.5059263706207275
4135,Amazon_employee_access,hydra_small,32769,9,16384.0,16384.0,5,5,ok,,4.559465808793902,4.215608173049986,0.5724709033966064
4135,Amazon_employee_access,tabpfn,32769,9,16384.0,16384.0,5,5,ok,,4.5354301650077105,4.220305833034217,0.6192376017570496
4135,Amazon_employee_access,hybrid_8l,32769,9,16384.0,16384.0,5,6,ok,,2.0359326330944896,1.6717976806685328,0.5135376453399658
4135,Amazon_employee_access,hydra,32769,9,16384.0,16384.0,5,6,ok,,1.0789971956983209,0.754964480176568,0.5059263706207275
4135,Amazon_employee_access,tabpfn,32769,9,16384.0,16384.0,5,6,ok,,4.537050715647638,4.2207129234448075,0.6192376017570496
4135,Amazon_employee_access,hydra_small,32769,9,16384.0,16384.0,5,6,ok,,4.540238548070192,4.213134133256972,0.5724709033966064
4135,Amazon_employee_access,hydra_small,32769,9,16384.0,16384.0,5,7,ok,,4.543119848705828,4.21190226264298,0.5724709033966064
4135,Amazon_employee_access,hydra,32769,9,16384.0,16384.0,5,7,ok,,1.208943403325975,0.7557578952983022,0.5059263706207275
4135,Amazon_employee_access,hybrid_8l,32769,9,16384.0,16384.0,5,7,ok,,2.020767596550286,1.6717069251462817,0.5135376453399658
4135,Amazon_employee_access,tabpfn,32769,9,16384.0,16384.0,5,7,ok,,4.687095269560814,4.22311413474381,0.6192376017570496
4135,Amazon_employee_access,hydra_small,32769,9,16384.0,16384.0,5,8,ok,,4.555685763247311,4.213287757709622,0.5724709033966064
4135,Amazon_employee_access,hydra,32769,9,16384.0,16384.0,5,8,ok,,1.0897923866286874,0.757349532097578,0.5059263706207275
4135,Amazon_employee_access,hybrid_8l,32769,9,16384.0,16384.0,5,8,ok,,2.183108117431402,1.6700170086696744,0.5135376453399658
4135,Amazon_employee_access,tabpfn,32769,9,16384.0,16384.0,5,8,ok,,4.582747315056622,4.22844954021275,0.6192376017570496
4135,Amazon_employee_access,tabpfn,32769,9,16384.0,16384.0,5,9,ok,,4.550312852486968,4.222768782638013,0.6192376017570496
4135,Amazon_employee_access,hydra_small,32769,9,16384.0,16384.0,5,9,ok,,4.538987165316939,4.211802435107529,0.5724709033966064
4135,Amazon_employee_access,hybrid_8l,32769,9,16384.0,16384.0,5,9,ok,,2.007435081526637,1.6747300941497087,0.5135376453399658
4135,Amazon_employee_access,hydra,32769,9,16384.0,16384.0,5,9,ok,,1.1159057738259435,0.7555579552426934,0.5059263706207275
4135,Amazon_employee_access,tabpfn,32769,9,16384.0,16384.0,5,10,ok,,4.656072059646249,4.224087757989764,0.6192376017570496
4135,Amazon_employee_access,hydra_small,32769,9,16384.0,16384.0,5,10,ok,,4.559369949623942,4.2144087376073,0.5724709033966064
4135,Amazon_employee_access,hybrid_8l,32769,9,16384.0,16384.0,5,10,ok,,2.023923385888338,1.6712043602019548,0.5135376453399658
4135,Amazon_employee_access,hydra,32769,9,16384.0,16384.0,5,10,ok,,1.0865367371588945,0.7560752350836992,0.5059263706207275
4135,Amazon_employee_access,hydra,32769,9,16384.0,16384.0,5,11,ok,,1.1381228063255548,0.7558236289769411,0.5059263706207275
4135,Amazon_employee_access,hybrid_8l,32769,9,16384.0,16384.0,5,11,ok,,1.9961430402472615,1.6708227954804897,0.5135376453399658
4135,Amazon_employee_access,tabpfn,32769,9,16384.0,16384.0,5,11,ok,,4.534902443177998,4.218986597843468,0.6192376017570496
4135,Amazon_employee_access,hydra_small,32769,9,16384.0,16384.0,5,11,ok,,4.563473136164248,4.214071868918836,0.5724709033966064
4135,Amazon_employee_access,hydra_small,32769,9,16384.0,16384.0,5,12,ok,,4.529656400904059,4.211703543551266,0.5724709033966064
4135,Amazon_employee_access,tabpfn,32769,9,16384.0,16384.0,5,12,ok,,4.54656173940748,4.221876530908048,0.6192376017570496
4135,Amazon_employee_access,hydra,32769,9,16384.0,16384.0,5,12,ok,,1.0833017956465483,0.7558639720082283,0.5059263706207275
4135,Amazon_employee_access,hybrid_8l,32769,9,16384.0,16384.0,5,12,ok,,1.994699651375413,1.6725931344553828,0.5135376453399658
4135,Amazon_employee_access,hybrid_8l,32769,9,16384.0,16384.0,5,13,ok,,1.9906825879588723,1.6699529578909278,0.5135376453399658
4135,Amazon_employee_access,hydra_small,32769,9,16384.0,16384.0,5,13,ok,,4.549360696226358,4.21631686296314,0.5724709033966064
4135,Amazon_employee_access,hydra,32769,9,16384.0,16384.0,5,13,ok,,1.089979344047606,0.7553583225235343,0.5059263706207275
4135,Amazon_employee_access,tabpfn,32769,9,16384.0,16384.0,5,13,ok,,4.659307574853301,4.217415828257799,0.6192376017570496
4135,Amazon_employee_access,hybrid_8l,32769,9,16384.0,16384.0,5,14,ok,,2.0213499953970313,1.6722902953624725,0.5135376453399658
4135,Amazon_employee_access,hydra,32769,9,16384.0,16384.0,5,14,ok,,1.0904938569292426,0.7553004985675216,0.5059263706207275
4135,Amazon_employee_access,hydra_small,32769,9,16384.0,16384.0,5,14,ok,,4.843797175213695,4.456095217727125,0.5724709033966064
4135,Amazon_employee_access,tabpfn,32769,9,16384.0,16384.0,5,14,ok,,4.661817635409534,4.222432523034513,0.6192376017570496
4135,Amazon_employee_access,tabpfn,32769,9,16384.0,16384.0,5,15,ok,,4.577867128886282,4.22231369651854,0.6192376017570496
4135,Amazon_employee_access,hydra_small,32769,9,16384.0,16384.0,5,15,ok,,4.544533336535096,4.21142041310668,0.5724709033966064
4135,Amazon_employee_access,hybrid_8l,32769,9,16384.0,16384.0,5,15,ok,,2.0060662124305964,1.673599791713059,0.5135376453399658
4135,Amazon_employee_access,hydra,32769,9,16384.0,16384.0,5,15,ok,,1.45286232419312,0.7572091603651643,0.5059263706207275
1486,nomao,tabpfn,34465,100,16384.0,16384.0,1,1,ok,,6.549444468691945,4.237160654738545,0.9895794987678528
1486,nomao,hydra,34465,100,16384.0,16384.0,1,1,ok,,3.1131764203310013,0.7863872097805142,0.7440020442008972
1486,nomao,hybrid_8l,34465,100,16384.0,16384.0,1,1,ok,,4.0160751128569245,1.6902702189981937,0.9749369621276855
1486,nomao,hydra_small,34465,100,16384.0,16384.0,1,1,ok,,6.553127548657358,4.23776278924197,0.9794226288795471
1486,nomao,hydra_small,34465,100,16384.0,16384.0,1,2,ok,,6.558140872977674,4.256636081263423,0.9794226288795471
1486,nomao,hybrid_8l,34465,100,16384.0,16384.0,1,2,ok,,3.9963992396369576,1.6943852994590998,0.9749369621276855
1486,nomao,tabpfn,34465,100,16384.0,16384.0,1,2,ok,,6.538454279303551,4.242460522800684,0.9895794987678528
1486,nomao,hydra,34465,100,16384.0,16384.0,1,2,ok,,3.056843643076718,0.7792158275842667,0.7440020442008972
1486,nomao,tabpfn,34465,100,16384.0,16384.0,1,3,ok,,6.512957273982465,4.225791888311505,0.9895794987678528
1486,nomao,hydra,34465,100,16384.0,16384.0,1,3,ok,,3.0660241674631834,0.7914736922830343,0.7440020442008972
1486,nomao,hybrid_8l,34465,100,16384.0,16384.0,1,3,ok,,3.9978741044178605,1.7035496607422829,0.9749369621276855
1486,nomao,hydra_small,34465,100,16384.0,16384.0,1,3,ok,,6.55908022634685,4.246630084700882,0.9794226288795471
1486,nomao,hydra,34465,100,16384.0,16384.0,1,4,ok,,3.133333718404174,0.794756499119103,0.7440020442008972
1486,nomao,hydra_small,34465,100,16384.0,16384.0,1,4,ok,,6.549851321615279,4.244968333281577,0.9794226288795471
1486,nomao,hybrid_8l,34465,100,16384.0,16384.0,1,4,ok,,3.9789293706417084,1.683403892442584,0.9749369621276855
1486,nomao,tabpfn,34465,100,16384.0,16384.0,1,4,ok,,6.543255005031824,4.2338936841115355,0.9895794987678528
1486,nomao,hybrid_8l,34465,100,16384.0,16384.0,1,5,ok,,4.0018078070133924,1.7110107159242034,0.9749369621276855
1486,nomao,hydra,34465,100,16384.0,16384.0,1,5,ok,,3.1135578341782093,0.7945376895368099,0.7440020442008972
1486,nomao,hydra_small,34465,100,16384.0,16384.0,1,5,ok,,6.539249069988728,4.246758827008307,0.9794226288795471
1486,nomao,tabpfn,34465,100,16384.0,16384.0,1,5,ok,,6.523049590177834,4.230115997605026,0.9895794987678528
1486,nomao,hydra_small,34465,100,16384.0,16384.0,1,6,ok,,6.607763636857271,4.243249803781509,0.9794226288795471
1486,nomao,hydra,34465,100,16384.0,16384.0,1,6,ok,,3.1410998962819576,0.7910991413518786,0.7440020442008972
1486,nomao,tabpfn,34465,100,16384.0,16384.0,1,6,ok,,6.587014956399798,4.227804872207344,0.9895794987678528
1486,nomao,hybrid_8l,34465,100,16384.0,16384.0,1,6,ok,,4.004115563817322,1.7088890857994556,0.9749369621276855
1486,nomao,hydra_small,34465,100,16384.0,16384.0,1,7,ok,,6.548890650272369,4.2565174493938684,0.9794226288795471
1486,nomao,hybrid_8l,34465,100,16384.0,16384.0,1,7,ok,,3.985761900432408,1.6954289441928267,0.9749369621276855
1486,nomao,tabpfn,34465,100,16384.0,16384.0,1,7,ok,,6.562093378044665,4.239305691793561,0.9895794987678528
1486,nomao,hydra,34465,100,16384.0,16384.0,1,7,ok,,3.05862576700747,0.7723129969090223,0.7440020442008972
1486,nomao,tabpfn,34465,100,16384.0,16384.0,1,8,ok,,6.567597257904708,4.2531797895208,0.9895794987678528
1486,nomao,hydra,34465,100,16384.0,16384.0,1,8,ok,,3.066377440467477,0.7808226998895407,0.7440020442008972
1486,nomao,hydra_small,34465,100,16384.0,16384.0,1,8,ok,,6.527934708632529,4.235935356467962,0.9794226288795471
1486,nomao,hybrid_8l,34465,100,16384.0,16384.0,1,8,ok,,3.9998127799481153,1.7050245963037014,0.9749369621276855
1486,nomao,hybrid_8l,34465,100,16384.0,16384.0,1,9,ok,,4.049170209094882,1.702504969201982,0.9749369621276855
1486,nomao,hydra_small,34465,100,16384.0,16384.0,1,9,ok,,6.574098673649132,4.247628548182547,0.9794226288795471
1486,nomao,hydra,34465,100,16384.0,16384.0,1,9,ok,,3.0752766570076346,0.7738687014207244,0.7440020442008972
1486,nomao,tabpfn,34465,100,16384.0,16384.0,1,9,ok,,6.558220863342285,4.249773548915982,0.9895794987678528
1486,nomao,hydra_small,34465,100,16384.0,16384.0,1,10,ok,,6.557902667671442,4.2360419584438205,0.9794226288795471
1486,nomao,tabpfn,34465,100,16384.0,16384.0,1,10,ok,,6.559354897588491,4.245431963354349,0.9895794987678528
1486,nomao,hydra,34465,100,16384.0,16384.0,1,10,ok,,3.0728867072612047,0.7780294446274638,0.7440020442008972
1486,nomao,hybrid_8l,34465,100,16384.0,16384.0,1,10,ok,,4.062057808041573,1.7061882158741355,0.9749369621276855
1486,nomao,hydra_small,34465,100,16384.0,16384.0,1,11,ok,,6.765841838903725,4.25248443800956,0.9794226288795471
1486,nomao,hydra,34465,100,16384.0,16384.0,1,11,ok,,3.082963510416448,0.7756186444312334,0.7440020442008972
1486,nomao,tabpfn,34465,100,16384.0,16384.0,1,11,ok,,6.508849231526256,4.223660468123853,0.9895794987678528
1486,nomao,hybrid_8l,34465,100,16384.0,16384.0,1,11,ok,,4.3368148393929005,1.690784771926701,0.9749369621276855
1486,nomao,hydra,34465,100,16384.0,16384.0,1,12,ok,,3.194686026312411,0.7872387021780014,0.7440020442008972
1486,nomao,hydra_small,34465,100,16384.0,16384.0,1,12,ok,,6.570100295357406,4.232592333108187,0.9794226288795471
1486,nomao,hybrid_8l,34465,100,16384.0,16384.0,1,12,ok,,3.9943800335749984,1.7105548437684774,0.9749369621276855
1486,nomao,tabpfn,34465,100,16384.0,16384.0,1,12,ok,,6.54806296620518,4.251687127165496,0.9895794987678528
1486,nomao,hydra_small,34465,100,16384.0,16384.0,1,13,ok,,6.576633247546852,4.2372369132936,0.9794226288795471
1486,nomao,hydra,34465,100,16384.0,16384.0,1,13,ok,,3.087967896834016,0.7894390933215618,0.7440020442008972
1486,nomao,tabpfn,34465,100,16384.0,16384.0,1,13,ok,,6.552335760556161,4.238641668111086,0.9895794987678528
1486,nomao,hybrid_8l,34465,100,16384.0,16384.0,1,13,ok,,3.9654873088002205,1.6858437042683363,0.9749369621276855
1486,nomao,hybrid_8l,34465,100,16384.0,16384.0,1,14,ok,,3.983747915364802,1.6938860109075904,0.9749369621276855
1486,nomao,hydra_small,34465,100,16384.0,16384.0,1,14,ok,,6.54321947786957,4.244848869740963,0.9794226288795471
1486,nomao,tabpfn,34465,100,16384.0,16384.0,1,14,ok,,6.560023542493582,4.242120447568595,0.9895794987678528
1486,nomao,hydra,34465,100,16384.0,16384.0,1,14,ok,,3.058974500745535,0.7906511211767793,0.7440020442008972
1486,nomao,tabpfn,34465,100,16384.0,16384.0,1,15,ok,,6.523958773352206,4.2379938922822475,0.9895794987678528
1486,nomao,hydra_small,34465,100,16384.0,16384.0,1,15,ok,,6.535862132906914,4.234551077708602,0.9794226288795471
1486,nomao,hybrid_8l,34465,100,16384.0,16384.0,1,15,ok,,3.9790228698402643,1.70982311014086,0.9749369621276855
1486,nomao,hydra,34465,100,16384.0,16384.0,1,15,ok,,3.0707274470478296,0.7710068002343178,0.7440020442008972
1486,nomao,tabpfn,34465,100,16384.0,16384.0,2,1,ok,,7.501906933262944,4.255148645490408,0.9902380704879761
1486,nomao,hydra,34465,100,16384.0,16384.0,2,1,ok,,3.2422048738226295,0.7870161589235067,0.7263580560684204
1486,nomao,hybrid_8l,34465,100,16384.0,16384.0,2,1,ok,,4.1572235729545355,1.7007369846105576,0.9761729836463928
1486,nomao,hydra_small,34465,100,16384.0,16384.0,2,1,ok,,6.800827425904572,4.244890766218305,0.9811789393424988
1486,nomao,hydra,34465,100,16384.0,16384.0,2,2,ok,,3.7839678451418877,0.7816173695027828,0.7263580560684204
1486,nomao,hybrid_8l,34465,100,16384.0,16384.0,2,2,ok,,5.12324186693877,1.7055259896442294,0.9761729836463928
1486,nomao,tabpfn,34465,100,16384.0,16384.0,2,2,ok,,6.857614217326045,4.230872525833547,0.9902380704879761
1486,nomao,hydra_small,34465,100,16384.0,16384.0,2,2,ok,,6.8061877666041255,4.250918201170862,0.9811789393424988
1486,nomao,tabpfn,34465,100,16384.0,16384.0,2,3,ok,,6.704807022586465,4.23045920021832,0.9902380704879761
1486,nomao,hybrid_8l,34465,100,16384.0,16384.0,2,3,ok,,4.151762941852212,1.6998312026262283,0.9761729836463928
1486,nomao,hydra,34465,100,16384.0,16384.0,2,3,ok,,3.4773881193250418,0.7718793358653784,0.7263580560684204
1486,nomao,hydra_small,34465,100,16384.0,16384.0,2,3,ok,,6.846005349420011,4.237446875311434,0.9811789393424988
1486,nomao,tabpfn,34465,100,16384.0,16384.0,2,4,ok,,6.735958967357874,4.2524764174595475,0.9902380704879761
1486,nomao,hydra_small,34465,100,16384.0,16384.0,2,4,ok,,6.698470487259328,4.255052820779383,0.9811789393424988
1486,nomao,hydra,34465,100,16384.0,16384.0,2,4,ok,,3.2981182895600796,0.7734837429597974,0.7263580560684204
1486,nomao,hybrid_8l,34465,100,16384.0,16384.0,2,4,ok,,4.216564250178635,1.7093472331762314,0.9761729836463928
1486,nomao,hydra,34465,100,16384.0,16384.0,2,5,ok,,3.2021453650668263,0.7793426346033812,0.7263580560684204
1486,nomao,tabpfn,34465,100,16384.0,16384.0,2,5,ok,,6.6428472846746445,4.23751622531563,0.9902380704879761
1486,nomao,hydra_small,34465,100,16384.0,16384.0,2,5,ok,,6.669331481680274,4.24102355260402,0.9811789393424988
1486,nomao,hybrid_8l,34465,100,16384.0,16384.0,2,5,ok,,4.2401439836248755,1.7085256725549698,0.9761729836463928
1486,nomao,hydra_small,34465,100,16384.0,16384.0,2,6,ok,,6.629066431894898,4.244991146959364,0.9811789393424988
1486,nomao,hydra,34465,100,16384.0,16384.0,2,6,ok,,3.2472114488482475,0.774757968261838,0.7263580560684204
1486,nomao,tabpfn,34465,100,16384.0,16384.0,2,6,ok,,6.656358097679913,4.231482646428049,0.9902380704879761
1486,nomao,hybrid_8l,34465,100,16384.0,16384.0,2,6,ok,,4.088423835113645,1.6997515670955181,0.9761729836463928
1486,nomao,hydra,34465,100,16384.0,16384.0,2,7,ok,,3.232774921692908,0.7814928805455565,0.7263580560684204
1486,nomao,tabpfn,34465,100,16384.0,16384.0,2,7,ok,,6.676463519223034,4.238570527173579,0.9902380704879761
1486,nomao,hybrid_8l,34465,100,16384.0,16384.0,2,7,ok,,4.399635031819344,1.7061270931735635,0.9761729836463928
1486,nomao,hydra_small,34465,100,16384.0,16384.0,2,7,ok,,6.697571292519569,4.2366136480122805,0.9811789393424988
1486,nomao,hybrid_8l,34465,100,16384.0,16384.0,2,8,ok,,4.327034587040544,1.7050928017124534,0.9761729836463928
1486,nomao,hydra_small,34465,100,16384.0,16384.0,2,8,ok,,6.673917344771326,4.239953854121268,0.9811789393424988
1486,nomao,hydra,34465,100,16384.0,16384.0,2,8,ok,,3.697556208819151,0.7881689658388495,0.7263580560684204
1486,nomao,tabpfn,34465,100,16384.0,16384.0,2,8,ok,,6.652695581316948,4.231032310985029,0.9902380704879761
1486,nomao,tabpfn,34465,100,16384.0,16384.0,2,9,ok,,6.715769797563553,4.25887752790004,0.9902380704879761
1486,nomao,hybrid_8l,34465,100,16384.0,16384.0,2,9,ok,,4.838329661637545,1.6848286231979728,0.9761729836463928
1486,nomao,hydra,34465,100,16384.0,16384.0,2,9,ok,,3.3158720172941685,0.7754708388820291,0.7263580560684204
1486,nomao,hydra_small,34465,100,16384.0,16384.0,2,9,ok,,6.826056556776166,4.244953895919025,0.9811789393424988
1486,nomao,hydra,34465,100,16384.0,16384.0,2,10,ok,,4.051450755447149,0.7721268068999052,0.7263580560684204
1486,nomao,tabpfn,34465,100,16384.0,16384.0,2,10,ok,,6.97220987919718,4.243569781072438,0.9902380704879761
1486,nomao,hybrid_8l,34465,100,16384.0,16384.0,2,10,ok,,4.117856012657285,1.7113717794418335,0.9761729836463928
1486,nomao,hydra_small,34465,100,16384.0,16384.0,2,10,ok,,7.17910666577518,4.255770951509476,0.9811789393424988
1486,nomao,hydra,34465,100,16384.0,16384.0,2,11,ok,,3.2634157594293356,0.7815963812172413,0.7263580560684204
1486,nomao,tabpfn,34465,100,16384.0,16384.0,2,11,ok,,7.54021471273154,4.225860497914255,0.9902380704879761
1486,nomao,hybrid_8l,34465,100,16384.0,16384.0,2,11,ok,,5.0251150680705905,1.7039008205756545,0.9761729836463928
1486,nomao,hydra_small,34465,100,16384.0,16384.0,2,11,ok,,7.191721518523991,4.247516738250852,0.9811789393424988
1486,nomao,tabpfn,34465,100,16384.0,16384.0,2,12,ok,,6.984993472695351,4.24773227609694,0.9902380704879761
1486,nomao,hydra,34465,100,16384.0,16384.0,2,12,ok,,3.3128021340817213,0.7747492799535394,0.7263580560684204
1486,nomao,hybrid_8l,34465,100,16384.0,16384.0,2,12,ok,,5.242608971893787,1.7089148815721273,0.9761729836463928
1486,nomao,hydra_small,34465,100,16384.0,16384.0,2,12,ok,,6.986480966210365,4.259176325984299,0.9811789393424988
1486,nomao,tabpfn,34465,100,16384.0,16384.0,2,13,ok,,7.249568807892501,4.244369988329709,0.9902380704879761
1486,nomao,hydra,34465,100,16384.0,16384.0,2,13,ok,,3.2576995072886348,0.782169901765883,0.7263580560684204
1486,nomao,hybrid_8l,34465,100,16384.0,16384.0,2,13,ok,,4.279128069989383,1.7173662632703781,0.9761729836463928
1486,nomao,hydra_small,34465,100,16384.0,16384.0,2,13,ok,,6.7992742685601115,4.25234595593065,0.9811789393424988
1486,nomao,tabpfn,34465,100,16384.0,16384.0,2,14,ok,,6.682309726253152,4.236887210980058,0.9902380704879761
1486,nomao,hydra_small,34465,100,16384.0,16384.0,2,14,ok,,6.745055267587304,4.23703885730356,0.9811789393424988
1486,nomao,hydra,34465,100,16384.0,16384.0,2,14,ok,,3.29407346714288,0.7798907207325101,0.7263580560684204
1486,nomao,hybrid_8l,34465,100,16384.0,16384.0,2,14,ok,,4.223722310736775,1.6818962460383773,0.9761729836463928
1486,nomao,hybrid_8l,34465,100,16384.0,16384.0,2,15,ok,,4.172878212295473,1.697025085799396,0.9761729836463928
1486,nomao,tabpfn,34465,100,16384.0,16384.0,2,15,ok,,6.707196498289704,4.2420235918834805,0.9902380704879761
1486,nomao,hydra,34465,100,16384.0,16384.0,2,15,ok,,3.2445068396627903,0.7795621929690242,0.7263580560684204
1486,nomao,hydra_small,34465,100,16384.0,16384.0,2,15,ok,,6.670131905935705,4.243727291934192,0.9811789393424988
1486,nomao,tabpfn,34465,100,16384.0,16384.0,3,1,ok,,6.713429345749319,4.227539875544608,0.9902417063713074
1486,nomao,hybrid_8l,34465,100,16384.0,16384.0,3,1,ok,,4.268834023736417,1.6994144367054105,0.9767821431159973
1486,nomao,hydra,34465,100,16384.0,16384.0,3,1,ok,,3.0967037230730057,0.7849838472902775,0.7194840908050537
1486,nomao,hydra_small,34465,100,16384.0,16384.0,3,1,ok,,6.90213512070477,4.246021481230855,0.9792584776878357
1486,nomao,hydra,34465,100,16384.0,16384.0,3,2,ok,,3.277806708589196,0.7755228076130152,0.7194840908050537
1486,nomao,tabpfn,34465,100,16384.0,16384.0,3,2,ok,,6.558951470069587,4.244376867078245,0.9902417063713074
1486,nomao,hybrid_8l,34465,100,16384.0,16384.0,3,2,ok,,5.28705879766494,1.7087691873311996,0.9767821431159973
1486,nomao,hydra_small,34465,100,16384.0,16384.0,3,2,ok,,6.622972466982901,4.241878147237003,0.9792584776878357
1486,nomao,hybrid_8l,34465,100,16384.0,16384.0,3,3,ok,,4.064246931113303,1.7059216992929578,0.9767821431159973
1486,nomao,tabpfn,34465,100,16384.0,16384.0,3,3,ok,,6.578565693460405,4.241617546416819,0.9902417063713074
1486,nomao,hydra,34465,100,16384.0,16384.0,3,3,ok,,3.299013027921319,0.7762651396915317,0.7194840908050537
1486,nomao,hydra_small,34465,100,16384.0,16384.0,3,3,ok,,8.085893084295094,4.235929110087454,0.9792584776878357
1486,nomao,tabpfn,34465,100,16384.0,16384.0,3,4,ok,,6.9536590948700905,4.244200617074966,0.9902417063713074
1486,nomao,hydra_small,34465,100,16384.0,16384.0,3,4,ok,,6.684676012955606,4.248717179521918,0.9792584776878357
1486,nomao,hydra,34465,100,16384.0,16384.0,3,4,ok,,3.324018676765263,0.7887740815058351,0.7194840908050537
1486,nomao,hybrid_8l,34465,100,16384.0,16384.0,3,4,ok,,4.048051059246063,1.6959701534360647,0.9767821431159973
1486,nomao,hydra_small,34465,100,16384.0,16384.0,3,5,ok,,6.609039104543626,4.2347926357761025,0.9792584776878357
1486,nomao,tabpfn,34465,100,16384.0,16384.0,3,5,ok,,6.958908733911812,4.243615726940334,0.9902417063713074
1486,nomao,hydra,34465,100,16384.0,16384.0,3,5,ok,,3.1936299428343773,0.7911050897091627,0.7194840908050537
1486,nomao,hybrid_8l,34465,100,16384.0,16384.0,3,5,ok,,4.038933617062867,1.6876528961583972,0.9767821431159973
1486,nomao,hydra_small,34465,100,16384.0,16384.0,3,6,ok,,6.759836818091571,4.231993995606899,0.9792584776878357
1486,nomao,hydra,34465,100,16384.0,16384.0,3,6,ok,,3.1386646311730146,0.7824937300756574,0.7194840908050537
1486,nomao,hybrid_8l,34465,100,16384.0,16384.0,3,6,ok,,4.111482471227646,1.7033795332536101,0.9767821431159973
1486,nomao,tabpfn,34465,100,16384.0,16384.0,3,6,ok,,6.792989340610802,4.234558295458555,0.9902417063713074
1486,nomao,hydra,34465,100,16384.0,16384.0,3,7,ok,,3.521056250669062,0.7891748193651438,0.7194840908050537
1486,nomao,hydra_small,34465,100,16384.0,16384.0,3,7,ok,,6.667045455425978,4.237403395585716,0.9792584776878357
1486,nomao,tabpfn,34465,100,16384.0,16384.0,3,7,ok,,6.6631567580625415,4.24231924302876,0.9902417063713074
1486,nomao,hybrid_8l,34465,100,16384.0,16384.0,3,7,ok,,4.232836383394897,1.6939501808956265,0.9767821431159973
1486,nomao,hydra,34465,100,16384.0,16384.0,3,8,ok,,3.4318230785429478,0.7942393757402897,0.7194840908050537
1486,nomao,hybrid_8l,34465,100,16384.0,16384.0,3,8,ok,,4.123849020339549,1.7098619155585766,0.9767821431159973
1486,nomao,tabpfn,34465,100,16384.0,16384.0,3,8,ok,,6.553979584015906,4.240053799003363,0.9902417063713074
1486,nomao,hydra_small,34465,100,16384.0,16384.0,3,8,ok,,6.584871892817318,4.241631492972374,0.9792584776878357
1486,nomao,tabpfn,34465,100,16384.0,16384.0,3,9,ok,,6.761605948209763,4.243317131884396,0.9902417063713074
1486,nomao,hydra,34465,100,16384.0,16384.0,3,9,ok,,3.432881463319063,0.78499586135149,0.7194840908050537
1486,nomao,hybrid_8l,34465,100,16384.0,16384.0,3,9,ok,,4.200786169618368,1.6880104709416628,0.9767821431159973
1486,nomao,hydra_small,34465,100,16384.0,16384.0,3,9,ok,,6.951707547530532,4.237725000828505,0.9792584776878357
1486,nomao,hybrid_8l,34465,100,16384.0,16384.0,3,10,ok,,4.336598756723106,1.6884544165804982,0.9767821431159973
1486,nomao,tabpfn,34465,100,16384.0,16384.0,3,10,ok,,6.940789801068604,4.231120267882943,0.9902417063713074
1486,nomao,hydra_small,34465,100,16384.0,16384.0,3,10,ok,,6.576362904161215,4.260199679993093,0.9792584776878357
1486,nomao,hydra,34465,100,16384.0,16384.0,3,10,ok,,3.284119145013392,0.7809246135875583,0.7194840908050537
1486,nomao,hydra_small,34465,100,16384.0,16384.0,3,11,ok,,6.541227346286178,4.2347144186496735,0.9792584776878357
1486,nomao,hydra,34465,100,16384.0,16384.0,3,11,ok,,3.2743470994755626,0.7854789709672332,0.7194840908050537
1486,nomao,hybrid_8l,34465,100,16384.0,16384.0,3,11,ok,,3.99951512273401,1.6921803634613752,0.9767821431159973
1486,nomao,tabpfn,34465,100,16384.0,16384.0,3,11,ok,,6.553701734170318,4.229959201999009,0.9902417063713074
1486,nomao,tabpfn,34465,100,16384.0,16384.0,3,12,ok,,6.6351385628804564,4.234936065040529,0.9902417063713074
1486,nomao,hydra,34465,100,16384.0,16384.0,3,12,ok,,3.547674372792244,0.7906417353078723,0.7194840908050537
1486,nomao,hydra_small,34465,100,16384.0,16384.0,3,12,ok,,6.808343187905848,4.234009047038853,0.9792584776878357
1486,nomao,hybrid_8l,34465,100,16384.0,16384.0,3,12,ok,,4.121987469494343,1.6839203042909503,0.9767821431159973
1486,nomao,hydra_small,34465,100,16384.0,16384.0,3,13,ok,,6.737185551784933,4.234550929628313,0.9792584776878357
1486,nomao,tabpfn,34465,100,16384.0,16384.0,3,13,ok,,7.000352123752236,4.234075054526329,0.9902417063713074
1486,nomao,hybrid_8l,34465,100,16384.0,16384.0,3,13,ok,,4.098165584728122,1.7016916647553444,0.9767821431159973
1486,nomao,hydra,34465,100,16384.0,16384.0,3,13,ok,,3.5354414582252502,0.7821222199127078,0.7194840908050537
1486,nomao,hybrid_8l,34465,100,16384.0,16384.0,3,14,ok,,4.355459810234606,1.6925551099702716,0.9767821431159973
1486,nomao,hydra_small,34465,100,16384.0,16384.0,3,14,ok,,6.603698596358299,4.236942979507148,0.9792584776878357
1486,nomao,hydra,34465,100,16384.0,16384.0,3,14,ok,,3.6278535407036543,0.7737407144159079,0.7194840908050537
1486,nomao,tabpfn,34465,100,16384.0,16384.0,3,14,ok,,7.263992921449244,4.219855586998165,0.9902417063713074
1486,nomao,tabpfn,34465,100,16384.0,16384.0,3,15,ok,,6.769740551710129,4.239738588221371,0.9902417063713074
1486,nomao,hydra_small,34465,100,16384.0,16384.0,3,15,ok,,7.283984439447522,4.244503489695489,0.9792584776878357
1486,nomao,hydra,34465,100,16384.0,16384.0,3,15,ok,,3.3529574358835816,0.7903832634910941,0.7194840908050537
1486,nomao,hybrid_8l,34465,100,16384.0,16384.0,3,15,ok,,4.390534471720457,1.6936253271996975,0.9767821431159973
1486,nomao,hydra,34465,100,16384.0,16384.0,4,1,ok,,3.372820409014821,0.7751669595018029,0.7195881605148315
1486,nomao,hydra_small,34465,100,16384.0,16384.0,4,1,ok,,6.98188865557313,4.253206647001207,0.9766784906387329
1486,nomao,tabpfn,34465,100,16384.0,16384.0,4,1,ok,,6.8964622132480145,4.237915485166013,0.9900597333908081
1486,nomao,hybrid_8l,34465,100,16384.0,16384.0,4,1,ok,,4.370840396732092,1.6869344171136618,0.9753424525260925
1486,nomao,tabpfn,34465,100,16384.0,16384.0,4,2,ok,,6.704086440615356,4.238026572391391,0.9900597333908081
1486,nomao,hydra_small,34465,100,16384.0,16384.0,4,2,ok,,6.862738293595612,4.248220928013325,0.9766784906387329
1486,nomao,hydra,34465,100,16384.0,16384.0,4,2,ok,,3.2553870314732194,0.7749685375019908,0.7195881605148315
1486,nomao,hybrid_8l,34465,100,16384.0,16384.0,4,2,ok,,4.365669846534729,1.6860065553337336,0.9753424525260925
1486,nomao,tabpfn,34465,100,16384.0,16384.0,4,3,ok,,6.5703776851296425,4.225465648807585,0.9900597333908081
1486,nomao,hybrid_8l,34465,100,16384.0,16384.0,4,3,ok,,4.3088704431429505,1.6890815319493413,0.9753424525260925
1486,nomao,hydra,34465,100,16384.0,16384.0,4,3,ok,,3.6001970134675503,0.7929656626656651,0.7195881605148315
1486,nomao,hydra_small,34465,100,16384.0,16384.0,4,3,ok,,6.683061613701284,4.255945859476924,0.9766784906387329
1486,nomao,hydra_small,34465,100,16384.0,16384.0,4,4,ok,,6.768859203904867,4.234906545840204,0.9766784906387329
1486,nomao,hybrid_8l,34465,100,16384.0,16384.0,4,4,ok,,4.323289618827403,1.6850890340283513,0.9753424525260925
1486,nomao,hydra,34465,100,16384.0,16384.0,4,4,ok,,3.8631097627803683,0.7817949037998915,0.7195881605148315
1486,nomao,tabpfn,34465,100,16384.0,16384.0,4,4,ok,,6.6221202267333865,4.240685140714049,0.9900597333908081
1486,nomao,hydra,34465,100,16384.0,16384.0,4,5,ok,,3.311817305162549,0.7718044491484761,0.7195881605148315
1486,nomao,hydra_small,34465,100,16384.0,16384.0,4,5,ok,,6.870550127699971,4.236445585265756,0.9766784906387329
1486,nomao,tabpfn,34465,100,16384.0,16384.0,4,5,ok,,7.4537488007918,4.225710462778807,0.9900597333908081
1486,nomao,hybrid_8l,34465,100,16384.0,16384.0,4,5,ok,,4.473892608657479,1.6936717992648482,0.9753424525260925
1486,nomao,hybrid_8l,34465,100,16384.0,16384.0,4,6,ok,,4.208938703872263,1.7004209458827972,0.9753424525260925
1486,nomao,tabpfn,34465,100,16384.0,16384.0,4,6,ok,,6.793723958544433,4.241000214591622,0.9900597333908081
1486,nomao,hydra,34465,100,16384.0,16384.0,4,6,ok,,3.190201850607991,0.7805382581427693,0.7195881605148315
1486,nomao,hydra_small,34465,100,16384.0,16384.0,4,6,ok,,6.701191703788936,4.241175872273743,0.9766784906387329
1486,nomao,hydra,34465,100,16384.0,16384.0,4,7,ok,,3.1562738809734583,0.7842500498518348,0.7195881605148315
1486,nomao,hybrid_8l,34465,100,16384.0,16384.0,4,7,ok,,4.019886997528374,1.6882788985967636,0.9753424525260925
1486,nomao,hydra_small,34465,100,16384.0,16384.0,4,7,ok,,6.762151235714555,4.2328483844175935,0.9766784906387329
1486,nomao,tabpfn,34465,100,16384.0,16384.0,4,7,ok,,6.76822448708117,4.237501813098788,0.9900597333908081
1486,nomao,hydra_small,34465,100,16384.0,16384.0,4,8,ok,,6.823458747006953,4.258104596287012,0.9766784906387329
1486,nomao,hydra,34465,100,16384.0,16384.0,4,8,ok,,3.0887608034536242,0.7768759038299322,0.7195881605148315
1486,nomao,hybrid_8l,34465,100,16384.0,16384.0,4,8,ok,,4.152895892038941,1.6867875093594193,0.9753424525260925
1486,nomao,tabpfn,34465,100,16384.0,16384.0,4,8,ok,,6.673730322159827,4.257366986013949,0.9900597333908081
1486,nomao,tabpfn,34465,100,16384.0,16384.0,4,9,ok,,6.782792184501886,4.226416936144233,0.9900597333908081
1486,nomao,hybrid_8l,34465,100,16384.0,16384.0,4,9,ok,,4.063036218285561,1.6949696214869618,0.9753424525260925
1486,nomao,hydra,34465,100,16384.0,16384.0,4,9,ok,,3.2808503583073616,0.7894704937934875,0.7195881605148315
1486,nomao,hydra_small,34465,100,16384.0,16384.0,4,9,ok,,6.899150302633643,4.246973815374076,0.9766784906387329
1486,nomao,hybrid_8l,34465,100,16384.0,16384.0,4,10,ok,,4.574184887111187,1.6876317635178566,0.9753424525260925
1486,nomao,tabpfn,34465,100,16384.0,16384.0,4,10,ok,,6.961754067800939,4.228411155752838,0.9900597333908081
1486,nomao,hydra,34465,100,16384.0,16384.0,4,10,ok,,3.4242091039195657,0.7737088669091463,0.7195881605148315
1486,nomao,hydra_small,34465,100,16384.0,16384.0,4,10,ok,,6.597104882821441,4.245695995166898,0.9766784906387329
1486,nomao,hybrid_8l,34465,100,16384.0,16384.0,4,11,ok,,4.0700701689347625,1.7061830814927816,0.9753424525260925
1486,nomao,hydra,34465,100,16384.0,16384.0,4,11,ok,,3.0878130989149213,0.7967568300664425,0.7195881605148315
1486,nomao,hydra_small,34465,100,16384.0,16384.0,4,11,ok,,6.708920596167445,4.254576743580401,0.9766784906387329
1486,nomao,tabpfn,34465,100,16384.0,16384.0,4,11,ok,,6.752205519005656,4.2258293172344565,0.9900597333908081
1486,nomao,tabpfn,34465,100,16384.0,16384.0,4,12,ok,,6.623361710458994,4.234156786464155,0.9900597333908081
1486,nomao,hydra,34465,100,16384.0,16384.0,4,12,ok,,3.4010828165337443,0.7825886709615588,0.7195881605148315
1486,nomao,hybrid_8l,34465,100,16384.0,16384.0,4,12,ok,,4.693262451328337,1.7029848080128431,0.9753424525260925
1486,nomao,hydra_small,34465,100,16384.0,16384.0,4,12,ok,,6.591613025404513,4.249617429450154,0.9766784906387329
1486,nomao,hydra,34465,100,16384.0,16384.0,4,13,ok,,3.573016251437366,0.7904356485232711,0.7195881605148315
1486,nomao,hybrid_8l,34465,100,16384.0,16384.0,4,13,ok,,3.9967391481623054,1.6929295314475894,0.9753424525260925
1486,nomao,tabpfn,34465,100,16384.0,16384.0,4,13,ok,,6.561405918560922,4.232282435521483,0.9900597333908081
1486,nomao,hydra_small,34465,100,16384.0,16384.0,4,13,ok,,6.580751582048833,4.254577233456075,0.9766784906387329
1486,nomao,hydra,34465,100,16384.0,16384.0,4,14,ok,,3.097650702111423,0.7786807203665376,0.7195881605148315
1486,nomao,hybrid_8l,34465,100,16384.0,16384.0,4,14,ok,,4.044521134346724,1.704677239060402,0.9753424525260925
1486,nomao,hydra_small,34465,100,16384.0,16384.0,4,14,ok,,6.703961779363453,4.232066413387656,0.9766784906387329
1486,nomao,tabpfn,34465,100,16384.0,16384.0,4,14,ok,,6.9269974352791905,4.239408165216446,0.9900597333908081
1486,nomao,hydra,34465,100,16384.0,16384.0,4,15,ok,,3.2044768696650863,0.7915402129292488,0.7195881605148315
1486,nomao,tabpfn,34465,100,16384.0,16384.0,4,15,ok,,6.65088932774961,4.286174333654344,0.9900597333908081
1486,nomao,hybrid_8l,34465,100,16384.0,16384.0,4,15,ok,,3.9898105785250664,1.698399119079113,0.9753424525260925
1486,nomao,hydra_small,34465,100,16384.0,16384.0,4,15,ok,,6.961453692056239,4.241497118957341,0.9766784906387329
1486,nomao,tabpfn,34465,100,16384.0,16384.0,5,1,ok,,6.635004745796323,4.233830808661878,0.9899452328681946
1486,nomao,hydra_small,34465,100,16384.0,16384.0,5,1,ok,,6.909940240904689,4.243792722932994,0.9800763726234436
1486,nomao,hydra,34465,100,16384.0,16384.0,5,1,ok,,3.3081560702994466,0.7916930755600333,0.7536872029304504
1486,nomao,hybrid_8l,34465,100,16384.0,16384.0,5,1,ok,,4.202701611444354,1.6949651278555393,0.9752821922302246
1486,nomao,hydra,34465,100,16384.0,16384.0,5,2,ok,,3.540103646926582,0.7819288084283471,0.7536872029304504
1486,nomao,hybrid_8l,34465,100,16384.0,16384.0,5,2,ok,,4.389848959632218,1.6843026299029589,0.9752821922302246
1486,nomao,tabpfn,34465,100,16384.0,16384.0,5,2,ok,,6.922561443410814,4.234219434671104,0.9899452328681946
1486,nomao,hydra_small,34465,100,16384.0,16384.0,5,2,ok,,7.0299641927704215,4.24492746219039,0.9800763726234436
1486,nomao,hydra,34465,100,16384.0,16384.0,5,3,ok,,3.12902438826859,0.7936996994540095,0.7536872029304504
1486,nomao,tabpfn,34465,100,16384.0,16384.0,5,3,ok,,6.910620932467282,4.235347608104348,0.9899452328681946
1486,nomao,hybrid_8l,34465,100,16384.0,16384.0,5,3,ok,,4.1150341052562,1.7056835480034351,0.9752821922302246
1486,nomao,hydra_small,34465,100,16384.0,16384.0,5,3,ok,,6.986460939981043,4.3102945405989885,0.9800763726234436
1486,nomao,tabpfn,34465,100,16384.0,16384.0,5,4,ok,,7.11112158279866,4.226238796487451,0.9899452328681946
1486,nomao,hydra_small,34465,100,16384.0,16384.0,5,4,ok,,6.769750216044486,4.259513925760984,0.9800763726234436
1486,nomao,hybrid_8l,34465,100,16384.0,16384.0,5,4,ok,,4.412153661251068,1.68907780200243,0.9752821922302246
1486,nomao,hydra,34465,100,16384.0,16384.0,5,4,ok,,3.6614091973751783,0.7847267221659422,0.7536872029304504
1486,nomao,hydra_small,34465,100,16384.0,16384.0,5,5,ok,,6.963624653406441,4.544613909907639,0.9800763726234436
1486,nomao,hydra,34465,100,16384.0,16384.0,5,5,ok,,3.2276594759896398,0.7894693771377206,0.7536872029304504
1486,nomao,tabpfn,34465,100,16384.0,16384.0,5,5,ok,,6.817790787667036,4.202860688790679,0.9899452328681946
1486,nomao,hybrid_8l,34465,100,16384.0,16384.0,5,5,ok,,4.53272769600153,1.683614426292479,0.9752821922302246
1486,nomao,tabpfn,34465,100,16384.0,16384.0,5,6,ok,,6.772219650447369,4.223861926235259,0.9899452328681946
1486,nomao,hydra,34465,100,16384.0,16384.0,5,6,ok,,3.5883293710649014,0.7825471954420209,0.7536872029304504
1486,nomao,hydra_small,34465,100,16384.0,16384.0,5,6,ok,,7.285278304480016,4.2357867900282145,0.9800763726234436
1486,nomao,hybrid_8l,34465,100,16384.0,16384.0,5,6,ok,,4.046954281628132,1.7047575516626239,0.9752821922302246
1486,nomao,hydra,34465,100,16384.0,16384.0,5,7,ok,,3.3279467094689608,0.792446187697351,0.7536872029304504
1486,nomao,hydra_small,34465,100,16384.0,16384.0,5,7,ok,,7.228404218330979,4.257333071902394,0.9800763726234436
1486,nomao,tabpfn,34465,100,16384.0,16384.0,5,7,ok,,6.825142553076148,4.24642463773489,0.9899452328681946
1486,nomao,hybrid_8l,34465,100,16384.0,16384.0,5,7,ok,,4.2260786555707455,1.694124510511756,0.9752821922302246
1486,nomao,hybrid_8l,34465,100,16384.0,16384.0,5,8,ok,,5.157386489212513,1.7076183957979083,0.9752821922302246
1486,nomao,hydra_small,34465,100,16384.0,16384.0,5,8,ok,,7.466664655134082,4.237780638039112,0.9800763726234436
1486,nomao,hydra,34465,100,16384.0,16384.0,5,8,ok,,3.6461608596146107,0.7744278954342008,0.7536872029304504
1486,nomao,tabpfn,34465,100,16384.0,16384.0,5,8,ok,,7.394497052766383,4.232681871391833,0.9899452328681946
1486,nomao,tabpfn,34465,100,16384.0,16384.0,5,9,ok,,7.445329335518181,4.2359716054052114,0.9899452328681946
1486,nomao,hybrid_8l,34465,100,16384.0,16384.0,5,9,ok,,4.150915843434632,1.6942285615950823,0.9752821922302246
1486,nomao,hydra,34465,100,16384.0,16384.0,5,9,ok,,4.515254818834364,0.7875782083719969,0.7536872029304504
1486,nomao,hydra_small,34465,100,16384.0,16384.0,5,9,ok,,6.826192402280867,4.258876008912921,0.9800763726234436
1486,nomao,tabpfn,34465,100,16384.0,16384.0,5,10,ok,,6.698675773106515,4.232156583108008,0.9899452328681946
1486,nomao,hybrid_8l,34465,100,16384.0,16384.0,5,10,ok,,4.192238862626255,1.6834138752892613,0.9752821922302246
1486,nomao,hydra,34465,100,16384.0,16384.0,5,10,ok,,3.427622892893851,0.7857016054913402,0.7536872029304504
1486,nomao,hydra_small,34465,100,16384.0,16384.0,5,10,ok,,6.83139737136662,4.258878878317773,0.9800763726234436
1486,nomao,hybrid_8l,34465,100,16384.0,16384.0,5,11,ok,,4.136607826687396,1.705280240625143,0.9752821922302246
1486,nomao,tabpfn,34465,100,16384.0,16384.0,5,11,ok,,6.66809066105634,4.221520991064608,0.9899452328681946
1486,nomao,hydra_small,34465,100,16384.0,16384.0,5,11,ok,,6.799512683413923,4.244009494781494,0.9800763726234436
1486,nomao,hydra,34465,100,16384.0,16384.0,5,11,ok,,3.191098158247769,0.7815234502777457,0.7536872029304504
1486,nomao,hydra_small,34465,100,16384.0,16384.0,5,12,ok,,6.6753901448100805,4.245697754435241,0.9800763726234436
1486,nomao,hydra,34465,100,16384.0,16384.0,5,12,ok,,3.3594529069960117,0.7901718756183982,0.7536872029304504
1486,nomao,tabpfn,34465,100,16384.0,16384.0,5,12,ok,,6.6806242214515805,4.233410318382084,0.9899452328681946
1486,nomao,hybrid_8l,34465,100,16384.0,16384.0,5,12,ok,,4.194182577542961,1.690865408629179,0.9752821922302246
1486,nomao,tabpfn,34465,100,16384.0,16384.0,5,13,ok,,6.947127170860767,4.23195824213326,0.9899452328681946
1486,nomao,hydra_small,34465,100,16384.0,16384.0,5,13,ok,,6.993795501068234,4.254197269678116,0.9800763726234436
1486,nomao,hydra,34465,100,16384.0,16384.0,5,13,ok,,3.3091270588338375,0.7731914855539799,0.7536872029304504
1486,nomao,hybrid_8l,34465,100,16384.0,16384.0,5,13,ok,,4.415344204753637,1.7074639927595854,0.9752821922302246
1486,nomao,tabpfn,34465,100,16384.0,16384.0,5,14,ok,,7.202901586890221,4.231650727801025,0.9899452328681946
1486,nomao,hydra_small,34465,100,16384.0,16384.0,5,14,ok,,6.695689151063561,4.240670821629465,0.9800763726234436
1486,nomao,hybrid_8l,34465,100,16384.0,16384.0,5,14,ok,,4.666924846358597,1.7005528965964913,0.9752821922302246
1486,nomao,hydra,34465,100,16384.0,16384.0,5,14,ok,,4.860112542286515,0.7748627020046115,0.7536872029304504
1486,nomao,hydra,34465,100,16384.0,16384.0,5,15,ok,,5.37846683524549,0.7754933414980769,0.7536872029304504
1486,nomao,hydra_small,34465,100,16384.0,16384.0,5,15,ok,,7.292918726801872,4.234455086290836,0.9800763726234436
1486,nomao,hybrid_8l,34465,100,16384.0,16384.0,5,15,ok,,4.628886844962835,1.7153060948476195,0.9752821922302246
1486,nomao,tabpfn,34465,100,16384.0,16384.0,5,15,ok,,7.0197220435366035,4.231328200548887,0.9899452328681946
1590,adult,hybrid_8l,45222,14,16384.0,16384.0,1,1,ok,,2.1809383211657405,1.6691381419077516,0.8712347149848938
1590,adult,tabpfn,45222,14,16384.0,16384.0,1,1,ok,,4.676186143420637,4.206467481330037,0.8988542556762695
1590,adult,hydra_small,45222,14,16384.0,16384.0,1,1,ok,,4.95952532440424,4.214276894927025,0.8732151389122009
1590,adult,hydra,45222,14,16384.0,16384.0,1,1,ok,,1.9756955010816455,0.758802492171526,0.5552804470062256
1590,adult,hybrid_8l,45222,14,16384.0,16384.0,1,2,ok,,2.3603546153753996,1.6694105761125684,0.8712347149848938
1590,adult,tabpfn,45222,14,16384.0,16384.0,1,2,ok,,4.938531785272062,4.203333301469684,0.8988542556762695
1590,adult,hydra_small,45222,14,16384.0,16384.0,1,2,ok,,4.877958219498396,4.216878296807408,0.8732151389122009
1590,adult,hydra,45222,14,16384.0,16384.0,1,2,ok,,1.3572745667770505,0.7579477895051241,0.5552804470062256
1590,adult,hydra,45222,14,16384.0,16384.0,1,3,ok,,1.4995226738974452,0.7589995507150888,0.5552804470062256
1590,adult,hybrid_8l,45222,14,16384.0,16384.0,1,3,ok,,2.154266336001456,1.6699349666014314,0.8712347149848938
1590,adult,hydra_small,45222,14,16384.0,16384.0,1,3,ok,,4.840180927887559,4.21604170743376,0.8732151389122009
1590,adult,tabpfn,45222,14,16384.0,16384.0,1,3,ok,,4.9397565592080355,4.207616322673857,0.8988542556762695
1590,adult,hydra_small,45222,14,16384.0,16384.0,1,4,ok,,4.765961875207722,4.21704073715955,0.8732151389122009
1590,adult,tabpfn,45222,14,16384.0,16384.0,1,4,ok,,4.674983139149845,4.21212341543287,0.8988542556762695
1590,adult,hydra,45222,14,16384.0,16384.0,1,4,ok,,1.2550419000908732,0.757012203335762,0.5552804470062256
1590,adult,hybrid_8l,45222,14,16384.0,16384.0,1,4,ok,,2.105636059306562,1.670987113378942,0.8712347149848938
1590,adult,tabpfn,45222,14,16384.0,16384.0,1,5,ok,,4.823945221491158,4.212115918286145,0.8988542556762695
1590,adult,hydra_small,45222,14,16384.0,16384.0,1,5,ok,,5.212709277868271,4.216106412932277,0.8732151389122009
1590,adult,hybrid_8l,45222,14,16384.0,16384.0,1,5,ok,,2.270701915025711,1.6689686328172684,0.8712347149848938
1590,adult,hydra,45222,14,16384.0,16384.0,1,5,ok,,1.2109063500538468,0.7566071208566427,0.5552804470062256
1590,adult,hydra_small,45222,14,16384.0,16384.0,1,6,ok,,4.635385148227215,4.2159814750775695,0.8732151389122009
1590,adult,hybrid_8l,45222,14,16384.0,16384.0,1,6,ok,,2.144303821027279,1.6718840030953288,0.8712347149848938
1590,adult,tabpfn,45222,14,16384.0,16384.0,1,6,ok,,4.6301126182079315,4.211421348154545,0.8988542556762695
1590,adult,hydra,45222,14,16384.0,16384.0,1,6,ok,,1.1747220335528255,0.7569999527186155,0.5552804470062256
1590,adult,tabpfn,45222,14,16384.0,16384.0,1,7,ok,,4.754134022630751,4.210073234513402,0.8988542556762695
1590,adult,hydra,45222,14,16384.0,16384.0,1,7,ok,,1.2609384143725038,0.7579329460859299,0.5552804470062256
1590,adult,hybrid_8l,45222,14,16384.0,16384.0,1,7,ok,,2.372877568937838,1.6721965465694666,0.8712347149848938
1590,adult,hydra_small,45222,14,16384.0,16384.0,1,7,ok,,4.730485809035599,4.2155535304918885,0.8732151389122009
1590,adult,tabpfn,45222,14,16384.0,16384.0,1,8,ok,,4.87532071210444,4.213179255835712,0.8988542556762695
1590,adult,hybrid_8l,45222,14,16384.0,16384.0,1,8,ok,,2.138662563636899,1.6723342752084136,0.8712347149848938
1590,adult,hydra,45222,14,16384.0,16384.0,1,8,ok,,1.2341880751773715,0.7559237247332931,0.5552804470062256
1590,adult,hydra_small,45222,14,16384.0,16384.0,1,8,ok,,4.651656653732061,4.216315392404795,0.8732151389122009
1590,adult,hybrid_8l,45222,14,16384.0,16384.0,1,9,ok,,2.1435566702857614,1.6716541210189462,0.8712347149848938
1590,adult,tabpfn,45222,14,16384.0,16384.0,1,9,ok,,4.673450120724738,4.210236710496247,0.8988542556762695
1590,adult,hydra,45222,14,16384.0,16384.0,1,9,ok,,1.2009405763819814,0.7542665041983128,0.5552804470062256
1590,adult,hydra_small,45222,14,16384.0,16384.0,1,9,ok,,4.6451657470315695,4.213747556321323,0.8732151389122009
1590,adult,hydra_small,45222,14,16384.0,16384.0,1,10,ok,,4.741335650905967,4.212799017317593,0.8732151389122009
1590,adult,hybrid_8l,45222,14,16384.0,16384.0,1,10,ok,,2.18327131588012,1.669629281386733,0.8712347149848938
1590,adult,hydra,45222,14,16384.0,16384.0,1,10,ok,,1.326519533060491,0.7555610267445445,0.5552804470062256
1590,adult,tabpfn,45222,14,16384.0,16384.0,1,10,ok,,4.877159755676985,4.21038874052465,0.8988542556762695
1590,adult,hydra_small,45222,14,16384.0,16384.0,1,11,ok,,4.88583505153656,4.216921751387417,0.8732151389122009
1590,adult,tabpfn,45222,14,16384.0,16384.0,1,11,ok,,4.7262303829193115,4.216657187789679,0.8988542556762695
1590,adult,hybrid_8l,45222,14,16384.0,16384.0,1,11,ok,,2.2893820982426405,1.6713938638567924,0.8712347149848938
1590,adult,hydra,45222,14,16384.0,16384.0,1,11,ok,,1.4356324411928654,0.7572003779932857,0.5552804470062256
1590,adult,tabpfn,45222,14,16384.0,16384.0,1,12,ok,,4.706586633808911,4.214651009999216,0.8988542556762695
1590,adult,hydra,45222,14,16384.0,16384.0,1,12,ok,,1.278200007043779,0.756186462007463,0.5552804470062256
1590,adult,hybrid_8l,45222,14,16384.0,16384.0,1,12,ok,,2.146932465955615,1.6698183119297028,0.8712347149848938
1590,adult,hydra_small,45222,14,16384.0,16384.0,1,12,ok,,4.845048666931689,4.216373248025775,0.8732151389122009
1590,adult,hydra_small,45222,14,16384.0,16384.0,1,13,ok,,4.740927672944963,4.214937255717814,0.8732151389122009
1590,adult,tabpfn,45222,14,16384.0,16384.0,1,13,ok,,4.783557578921318,4.212550272233784,0.8988542556762695
1590,adult,hybrid_8l,45222,14,16384.0,16384.0,1,13,ok,,2.2227706825360656,1.6713154707103968,0.8712347149848938
1590,adult,hydra,45222,14,16384.0,16384.0,1,13,ok,,1.2678296081721783,0.7570213889703155,0.5552804470062256
1590,adult,hydra,45222,14,16384.0,16384.0,1,14,ok,,1.2134545305743814,0.7569286916404963,0.5552804470062256
1590,adult,tabpfn,45222,14,16384.0,16384.0,1,14,ok,,4.685157094150782,4.212665139697492,0.8988542556762695
1590,adult,hybrid_8l,45222,14,16384.0,16384.0,1,14,ok,,2.152040640823543,1.6696562813594937,0.8712347149848938
1590,adult,hydra_small,45222,14,16384.0,16384.0,1,14,ok,,4.663793388754129,4.2142669996246696,0.8732151389122009
1590,adult,hybrid_8l,45222,14,16384.0,16384.0,1,15,ok,,2.1529621426016092,1.6691260449588299,0.8712347149848938
1590,adult,hydra_small,45222,14,16384.0,16384.0,1,15,ok,,4.7439778139814734,4.215201091021299,0.8732151389122009
1590,adult,hydra,45222,14,16384.0,16384.0,1,15,ok,,1.2220289064571261,0.7564695095643401,0.5552804470062256
1590,adult,tabpfn,45222,14,16384.0,16384.0,1,15,ok,,4.699122431688011,4.217219843529165,0.8988542556762695
1590,adult,hydra,45222,14,16384.0,16384.0,2,1,ok,,1.2139012468978763,0.7556270081549883,0.5654923915863037
1590,adult,hydra_small,45222,14,16384.0,16384.0,2,1,ok,,4.622748772613704,4.217551498673856,0.8773741722106934
1590,adult,tabpfn,45222,14,16384.0,16384.0,2,1,ok,,4.624271378852427,4.21773237362504,0.8966652154922485
1590,adult,hybrid_8l,45222,14,16384.0,16384.0,2,1,ok,,2.0904149441048503,1.6729386150836945,0.8728269934654236
1590,adult,hybrid_8l,45222,14,16384.0,16384.0,2,2,ok,,2.0928474394604564,1.673016789369285,0.8728269934654236
1590,adult,hydra,45222,14,16384.0,16384.0,2,2,ok,,1.1621355004608631,0.7555018812417984,0.5654923915863037
1590,adult,hydra_small,45222,14,16384.0,16384.0,2,2,ok,,4.600501781329513,4.213809351436794,0.8773741722106934
1590,adult,tabpfn,45222,14,16384.0,16384.0,2,2,ok,,4.607854044996202,4.217856302857399,0.8966652154922485
1590,adult,hybrid_8l,45222,14,16384.0,16384.0,2,3,ok,,2.299929370172322,1.6711786473169923,0.8728269934654236
1590,adult,hydra,45222,14,16384.0,16384.0,2,3,ok,,1.215926855802536,0.7567519405856729,0.5654923915863037
1590,adult,hydra_small,45222,14,16384.0,16384.0,2,3,ok,,4.8102291245013475,4.2155700493603945,0.8773741722106934
1590,adult,tabpfn,45222,14,16384.0,16384.0,2,3,ok,,4.694464133121073,4.212664005346596,0.8966652154922485
1590,adult,hydra_small,45222,14,16384.0,16384.0,2,4,ok,,4.663558727130294,4.214271564036608,0.8773741722106934
1590,adult,hydra,45222,14,16384.0,16384.0,2,4,ok,,1.1660161344334483,0.7555685387924314,0.5654923915863037
1590,adult,hybrid_8l,45222,14,16384.0,16384.0,2,4,ok,,2.422582765109837,1.6713980045169592,0.8728269934654236
1590,adult,tabpfn,45222,14,16384.0,16384.0,2,4,ok,,4.665155961178243,4.213947851210833,0.8966652154922485
1590,adult,tabpfn,45222,14,16384.0,16384.0,2,5,ok,,4.715186841785908,4.218308418057859,0.8966652154922485
1590,adult,hydra_small,45222,14,16384.0,16384.0,2,5,ok,,4.696014851331711,4.213350876234472,0.8773741722106934
1590,adult,hybrid_8l,45222,14,16384.0,16384.0,2,5,ok,,2.1479290844872594,1.6735641164705157,0.8728269934654236
1590,adult,hydra,45222,14,16384.0,16384.0,2,5,ok,,1.217614927329123,0.7522938102483749,0.5654923915863037
1590,adult,hydra,45222,14,16384.0,16384.0,2,6,ok,,1.1681910073384643,0.7551762508228421,0.5654923915863037
1590,adult,hydra_small,45222,14,16384.0,16384.0,2,6,ok,,4.621190691366792,4.2128037782385945,0.8773741722106934
1590,adult,hybrid_8l,45222,14,16384.0,16384.0,2,6,ok,,2.1414480758830905,1.6707507045939565,0.8728269934654236
1590,adult,tabpfn,45222,14,16384.0,16384.0,2,6,ok,,4.6872713109478354,4.2123571783304214,0.8966652154922485
1590,adult,hybrid_8l,45222,14,16384.0,16384.0,2,7,ok,,2.066088566556573,1.672315408475697,0.8728269934654236
1590,adult,tabpfn,45222,14,16384.0,16384.0,2,7,ok,,4.684405094012618,4.217018238268793,0.8966652154922485
1590,adult,hydra_small,45222,14,16384.0,16384.0,2,7,ok,,4.730099918320775,4.213513419963419,0.8773741722106934
1590,adult,hydra,45222,14,16384.0,16384.0,2,7,ok,,1.3980289492756128,0.7561671640723944,0.5654923915863037
1590,adult,tabpfn,45222,14,16384.0,16384.0,2,8,ok,,4.725317203439772,4.214688406325877,0.8966652154922485
1590,adult,hydra_small,45222,14,16384.0,16384.0,2,8,ok,,4.784938648343086,4.213070344179869,0.8773741722106934
1590,adult,hybrid_8l,45222,14,16384.0,16384.0,2,8,ok,,2.120396855287254,1.6732449010014534,0.8728269934654236
1590,adult,hydra,45222,14,16384.0,16384.0,2,8,ok,,1.311558684334159,0.7558576008304954,0.5654923915863037
1590,adult,hydra,45222,14,16384.0,16384.0,2,9,ok,,1.3801863109692931,0.7582274293527007,0.5654923915863037
1590,adult,hybrid_8l,45222,14,16384.0,16384.0,2,9,ok,,2.130657239817083,1.6740115573629737,0.8728269934654236
1590,adult,hydra_small,45222,14,16384.0,16384.0,2,9,ok,,4.693492065183818,4.213937860913575,0.8773741722106934
1590,adult,tabpfn,45222,14,16384.0,16384.0,2,9,ok,,4.765267792157829,4.2141073467209935,0.8966652154922485
1590,adult,hydra_small,45222,14,16384.0,16384.0,2,10,ok,,4.7327710846439,4.212718059308827,0.8773741722106934
1590,adult,hydra,45222,14,16384.0,16384.0,2,10,ok,,1.2761762961745262,0.7572091296315193,0.5654923915863037
1590,adult,hybrid_8l,45222,14,16384.0,16384.0,2,10,ok,,2.2325505577027798,1.6725254589691758,0.8728269934654236
1590,adult,tabpfn,45222,14,16384.0,16384.0,2,10,ok,,4.825823809020221,4.21667401958257,0.8966652154922485
1590,adult,hybrid_8l,45222,14,16384.0,16384.0,2,11,ok,,2.118299803696573,1.6733248457312584,0.8728269934654236
1590,adult,hydra,45222,14,16384.0,16384.0,2,11,ok,,1.1482641557231545,0.7566416496410966,0.5654923915863037
1590,adult,tabpfn,45222,14,16384.0,16384.0,2,11,ok,,4.612516799010336,4.215840587392449,0.8966652154922485
1590,adult,hydra_small,45222,14,16384.0,16384.0,2,11,ok,,4.665840249508619,4.214697206392884,0.8773741722106934
1590,adult,hybrid_8l,45222,14,16384.0,16384.0,2,12,ok,,2.077340298332274,1.6736669884994626,0.8728269934654236
1590,adult,hydra_small,45222,14,16384.0,16384.0,2,12,ok,,4.647488972172141,4.211373216472566,0.8773741722106934
1590,adult,tabpfn,45222,14,16384.0,16384.0,2,12,ok,,4.696100254543126,4.215347474440932,0.8966652154922485
1590,adult,hydra,45222,14,16384.0,16384.0,2,12,ok,,1.1758817322552204,0.7561816461384296,0.5654923915863037
1590,adult,hydra_small,45222,14,16384.0,16384.0,2,13,ok,,4.644547214731574,4.214637462049723,0.8773741722106934
1590,adult,tabpfn,45222,14,16384.0,16384.0,2,13,ok,,4.613654368557036,4.217572800815105,0.8966652154922485
1590,adult,hydra,45222,14,16384.0,16384.0,2,13,ok,,1.220016817562282,0.7556915516033769,0.5654923915863037
1590,adult,hybrid_8l,45222,14,16384.0,16384.0,2,13,ok,,2.173786555416882,1.6719982801005244,0.8728269934654236
1590,adult,tabpfn,45222,14,16384.0,16384.0,2,14,ok,,4.660762282088399,4.2167159942910075,0.8966652154922485
1590,adult,hybrid_8l,45222,14,16384.0,16384.0,2,14,ok,,2.1368962405249476,1.6738053867593408,0.8728269934654236
1590,adult,hydra_small,45222,14,16384.0,16384.0,2,14,ok,,5.109654547646642,4.215611761435866,0.8773741722106934
1590,adult,hydra,45222,14,16384.0,16384.0,2,14,ok,,2.756851210258901,0.7792206294834614,0.5654923915863037
1590,adult,hydra,45222,14,16384.0,16384.0,2,15,ok,,1.1575900977477431,0.7552286954596639,0.5654923915863037
1590,adult,tabpfn,45222,14,16384.0,16384.0,2,15,ok,,4.616886960342526,4.2143620401620865,0.8966652154922485
1590,adult,hybrid_8l,45222,14,16384.0,16384.0,2,15,ok,,2.0934089440852404,1.6726265959441662,0.8728269934654236
1590,adult,hydra_small,45222,14,16384.0,16384.0,2,15,ok,,4.6148067293688655,4.214539467357099,0.8773741722106934
1590,adult,hydra_small,45222,14,16384.0,16384.0,3,1,ok,,4.736133080907166,4.225974482484162,0.8737459778785706
1590,adult,hydra,45222,14,16384.0,16384.0,3,1,ok,,1.45850093010813,0.7547089420258999,0.5627180933952332
1590,adult,hybrid_8l,45222,14,16384.0,16384.0,3,1,ok,,2.304464301094413,1.6726683108136058,0.8687037825584412
1590,adult,tabpfn,45222,14,16384.0,16384.0,3,1,ok,,4.645925458520651,4.215542612597346,0.8955755829811096
1590,adult,hydra,45222,14,16384.0,16384.0,3,2,ok,,1.2197538148611784,0.758071780204773,0.5627180933952332
1590,adult,hydra_small,45222,14,16384.0,16384.0,3,2,ok,,4.728067643940449,4.213778825476766,0.8737459778785706
1590,adult,hybrid_8l,45222,14,16384.0,16384.0,3,2,ok,,2.0713083799928427,1.6724863229319453,0.8687037825584412
1590,adult,tabpfn,45222,14,16384.0,16384.0,3,2,ok,,4.643349690362811,4.21567895822227,0.8955755829811096
1590,adult,hydra_small,45222,14,16384.0,16384.0,3,3,ok,,4.616527603007853,4.2169180838391185,0.8737459778785706
1590,adult,hydra,45222,14,16384.0,16384.0,3,3,ok,,1.1495845867320895,0.7546413419768214,0.5627180933952332
1590,adult,hybrid_8l,45222,14,16384.0,16384.0,3,3,ok,,2.1067665042355657,1.674263196066022,0.8687037825584412
1590,adult,tabpfn,45222,14,16384.0,16384.0,3,3,ok,,4.937339259311557,4.216136822476983,0.8955755829811096
1590,adult,hydra_small,45222,14,16384.0,16384.0,3,4,ok,,4.640843803994358,4.213272193446755,0.8737459778785706
1590,adult,hybrid_8l,45222,14,16384.0,16384.0,3,4,ok,,2.1072275331243873,1.6722969384863973,0.8687037825584412
1590,adult,tabpfn,45222,14,16384.0,16384.0,3,4,ok,,4.6093094712123275,4.216437744908035,0.8955755829811096
1590,adult,hydra,45222,14,16384.0,16384.0,3,4,ok,,1.2483758740127087,0.755013539455831,0.5627180933952332
1590,adult,hybrid_8l,45222,14,16384.0,16384.0,3,5,ok,,2.1461666291579604,1.6716539030894637,0.8687037825584412
1590,adult,hydra_small,45222,14,16384.0,16384.0,3,5,ok,,5.3424379751086235,4.215322219766676,0.8737459778785706
1590,adult,hydra,45222,14,16384.0,16384.0,3,5,ok,,1.3116801930591464,0.7562809567898512,0.5627180933952332
1590,adult,tabpfn,45222,14,16384.0,16384.0,3,5,ok,,5.404202281497419,4.211823494173586,0.8955755829811096
1590,adult,hydra,45222,14,16384.0,16384.0,3,6,ok,,1.5602088142186403,0.7561940895393491,0.5627180933952332
1590,adult,tabpfn,45222,14,16384.0,16384.0,3,6,ok,,4.625404893420637,4.214392699301243,0.8955755829811096
1590,adult,hydra_small,45222,14,16384.0,16384.0,3,6,ok,,5.018904039636254,4.213693552650511,0.8737459778785706
1590,adult,hybrid_8l,45222,14,16384.0,16384.0,3,6,ok,,2.2149506360292435,1.6729156002402306,0.8687037825584412
1590,adult,hybrid_8l,45222,14,16384.0,16384.0,3,7,ok,,2.3469326961785555,1.67273233179003,0.8687037825584412
1590,adult,hydra,45222,14,16384.0,16384.0,3,7,ok,,1.379517369903624,0.7545657074078918,0.5627180933952332
1590,adult,tabpfn,45222,14,16384.0,16384.0,3,7,ok,,4.888254672288895,4.2142226891592145,0.8955755829811096
1590,adult,hydra_small,45222,14,16384.0,16384.0,3,7,ok,,5.1613912004977465,4.21459973230958,0.8737459778785706
1590,adult,hydra,45222,14,16384.0,16384.0,3,8,ok,,1.1495051458477974,0.7561667058616877,0.5627180933952332
1590,adult,hybrid_8l,45222,14,16384.0,16384.0,3,8,ok,,2.077631002292037,1.6732715591788292,0.8687037825584412
1590,adult,tabpfn,45222,14,16384.0,16384.0,3,8,ok,,4.799898635596037,4.216137347742915,0.8955755829811096
1590,adult,hydra_small,45222,14,16384.0,16384.0,3,8,ok,,4.663387460634112,4.216152424924076,0.8737459778785706
1590,adult,hybrid_8l,45222,14,16384.0,16384.0,3,9,ok,,2.1307664746418595,1.6705325590446591,0.8687037825584412
1590,adult,tabpfn,45222,14,16384.0,16384.0,3,9,ok,,4.616691972129047,4.217025044374168,0.8955755829811096
1590,adult,hydra_small,45222,14,16384.0,16384.0,3,9,ok,,4.612532699480653,4.216329385526478,0.8737459778785706
1590,adult,hydra,45222,14,16384.0,16384.0,3,9,ok,,1.147843562066555,0.7556848432868719,0.5627180933952332
1590,adult,hybrid_8l,45222,14,16384.0,16384.0,3,10,ok,,2.061447409912944,1.6702398424968123,0.8687037825584412
1590,adult,hydra,45222,14,16384.0,16384.0,3,10,ok,,1.2247161641716957,0.7566273882985115,0.5627180933952332
1590,adult,hydra_small,45222,14,16384.0,16384.0,3,10,ok,,4.609258744865656,4.215333108790219,0.8737459778785706
1590,adult,tabpfn,45222,14,16384.0,16384.0,3,10,ok,,4.610011670738459,4.215321898460388,0.8955755829811096
1590,adult,hydra,45222,14,16384.0,16384.0,3,11,ok,,1.1489445511251688,0.7558223493397236,0.5627180933952332
1590,adult,hybrid_8l,45222,14,16384.0,16384.0,3,11,ok,,2.0699865566566586,1.6728314524516463,0.8687037825584412
1590,adult,tabpfn,45222,14,16384.0,16384.0,3,11,ok,,4.61110448371619,4.215415510348976,0.8955755829811096
1590,adult,hydra_small,45222,14,16384.0,16384.0,3,11,ok,,4.714079686440527,4.290705472230911,0.8737459778785706
1590,adult,hydra,45222,14,16384.0,16384.0,3,12,ok,,1.1458935029804707,0.7548311464488506,0.5627180933952332
1590,adult,hydra_small,45222,14,16384.0,16384.0,3,12,ok,,4.605713356286287,4.213396391831338,0.8737459778785706
1590,adult,hybrid_8l,45222,14,16384.0,16384.0,3,12,ok,,2.0637442311272025,1.6737219151109457,0.8687037825584412
1590,adult,tabpfn,45222,14,16384.0,16384.0,3,12,ok,,4.609835841692984,4.215947162359953,0.8955755829811096
1590,adult,hydra_small,45222,14,16384.0,16384.0,3,13,ok,,4.608096226118505,4.214923000894487,0.8737459778785706
1590,adult,tabpfn,45222,14,16384.0,16384.0,3,13,ok,,4.605868854559958,4.214255417697132,0.8955755829811096
1590,adult,hydra,45222,14,16384.0,16384.0,3,13,ok,,1.1445037173107266,0.756282327696681,0.5627180933952332
1590,adult,hybrid_8l,45222,14,16384.0,16384.0,3,13,ok,,2.0617380421608686,1.6716150511056185,0.8687037825584412
1590,adult,hybrid_8l,45222,14,16384.0,16384.0,3,14,ok,,2.064127638936043,1.67247542925179,0.8687037825584412
1590,adult,hydra_small,45222,14,16384.0,16384.0,3,14,ok,,4.640935869887471,4.215242648497224,0.8737459778785706
1590,adult,tabpfn,45222,14,16384.0,16384.0,3,14,ok,,4.6068262085318565,4.215901148505509,0.8955755829811096
1590,adult,hydra,45222,14,16384.0,16384.0,3,14,ok,,1.1698046503588557,0.7548512406647205,0.5627180933952332
1590,adult,tabpfn,45222,14,16384.0,16384.0,3,15,ok,,4.604869198054075,4.21374864783138,0.8955755829811096
1590,adult,hydra,45222,14,16384.0,16384.0,3,15,ok,,1.1459404891356826,0.7542806090787053,0.5627180933952332
1590,adult,hybrid_8l,45222,14,16384.0,16384.0,3,15,ok,,2.127481917850673,1.67455071862787,0.8687037825584412
1590,adult,hydra_small,45222,14,16384.0,16384.0,3,15,ok,,4.617145523428917,4.213877257890999,0.8737459778785706
1590,adult,hybrid_8l,45222,14,16384.0,16384.0,4,1,ok,,2.070780391804874,1.671892635524273,0.8699200749397278
1590,adult,hydra_small,45222,14,16384.0,16384.0,4,1,ok,,4.614509525708854,4.214516767300665,0.8745329976081848
1590,adult,hydra,45222,14,16384.0,16384.0,4,1,ok,,1.1526515688747168,0.7550409343093634,0.5587082505226135
1590,adult,tabpfn,45222,14,16384.0,16384.0,4,1,ok,,4.618317659012973,4.21864677220583,0.8976686000823975
1590,adult,tabpfn,45222,14,16384.0,16384.0,4,2,ok,,4.623000534251332,4.221628333441913,0.8976686000823975
1590,adult,hydra_small,45222,14,16384.0,16384.0,4,2,ok,,4.656653520651162,4.215640068054199,0.8745329976081848
1590,adult,hydra,45222,14,16384.0,16384.0,4,2,ok,,1.1532185142859817,0.7541550202295184,0.5587082505226135
1590,adult,hybrid_8l,45222,14,16384.0,16384.0,4,2,ok,,2.1076820036396384,1.6713126311078668,0.8699200749397278
1590,adult,hydra_small,45222,14,16384.0,16384.0,4,3,ok,,4.673869207501411,4.215084260329604,0.8745329976081848
1590,adult,tabpfn,45222,14,16384.0,16384.0,4,3,ok,,4.61290165502578,4.216495707631111,0.8976686000823975
1590,adult,hydra,45222,14,16384.0,16384.0,4,3,ok,,1.1576995104551315,0.7567620361223817,0.5587082505226135
1590,adult,hybrid_8l,45222,14,16384.0,16384.0,4,3,ok,,2.0737137282267213,1.6728543424978852,0.8699200749397278
1590,adult,hydra,45222,14,16384.0,16384.0,4,4,ok,,1.1622916888445616,0.7587211970239878,0.5587082505226135
1590,adult,hybrid_8l,45222,14,16384.0,16384.0,4,4,ok,,2.070727308280766,1.6708430498838425,0.8699200749397278
1590,adult,tabpfn,45222,14,16384.0,16384.0,4,4,ok,,4.6231073113158345,4.21761208306998,0.8976686000823975
1590,adult,hydra_small,45222,14,16384.0,16384.0,4,4,ok,,4.6199090629816055,4.21407188847661,0.8745329976081848
1590,adult,tabpfn,45222,14,16384.0,16384.0,4,5,ok,,4.6225598165765405,4.2200697641819715,0.8976686000823975
1590,adult,hybrid_8l,45222,14,16384.0,16384.0,4,5,ok,,2.0686910459771752,1.6726682474836707,0.8699200749397278
1590,adult,hydra,45222,14,16384.0,16384.0,4,5,ok,,1.1529275383800268,0.7556245941668749,0.5587082505226135
1590,adult,hydra_small,45222,14,16384.0,16384.0,4,5,ok,,4.61430980078876,4.21440804284066,0.8745329976081848
1590,adult,hybrid_8l,45222,14,16384.0,16384.0,4,6,ok,,2.0701957810670137,1.6730016954243183,0.8699200749397278
1590,adult,hydra_small,45222,14,16384.0,16384.0,4,6,ok,,4.610820848494768,4.212450814433396,0.8745329976081848
1590,adult,tabpfn,45222,14,16384.0,16384.0,4,6,ok,,4.6188458651304245,4.220167817547917,0.8976686000823975
1590,adult,hydra,45222,14,16384.0,16384.0,4,6,ok,,1.1492647901177406,0.7516451990231872,0.5587082505226135
1590,adult,hydra,45222,14,16384.0,16384.0,4,7,ok,,1.1511176293715835,0.7556149205192924,0.5587082505226135
1590,adult,hydra_small,45222,14,16384.0,16384.0,4,7,ok,,4.613140542060137,4.213842391967773,0.8745329976081848
1590,adult,tabpfn,45222,14,16384.0,16384.0,4,7,ok,,4.6174968695268035,4.2189777251333,0.8976686000823975
1590,adult,hybrid_8l,45222,14,16384.0,16384.0,4,7,ok,,2.155769436620176,1.671908589079976,0.8699200749397278
1590,adult,hybrid_8l,45222,14,16384.0,16384.0,4,8,ok,,2.069378823041916,1.6738715572282672,0.8699200749397278
1590,adult,hydra_small,45222,14,16384.0,16384.0,4,8,ok,,4.614444580860436,4.21278284303844,0.8745329976081848
1590,adult,tabpfn,45222,14,16384.0,16384.0,4,8,ok,,4.616992158815265,4.219436915591359,0.8976686000823975
1590,adult,hydra,45222,14,16384.0,16384.0,4,8,ok,,1.1535581545904279,0.7571897376328707,0.5587082505226135
1590,adult,hybrid_8l,45222,14,16384.0,16384.0,4,9,ok,,2.069355689920485,1.6717946641147137,0.8699200749397278
1590,adult,hydra,45222,14,16384.0,16384.0,4,9,ok,,1.1510994844138622,0.7553396420553327,0.5587082505226135
1590,adult,hydra_small,45222,14,16384.0,16384.0,4,9,ok,,4.611490861512721,4.211370376870036,0.8745329976081848
1590,adult,tabpfn,45222,14,16384.0,16384.0,4,9,ok,,4.618999931961298,4.217532034963369,0.8976686000823975
1590,adult,hydra_small,45222,14,16384.0,16384.0,4,10,ok,,4.622522449120879,4.212545809336007,0.8745329976081848
1590,adult,hybrid_8l,45222,14,16384.0,16384.0,4,10,ok,,2.107769292779267,1.672221351414919,0.8699200749397278
1590,adult,tabpfn,45222,14,16384.0,16384.0,4,10,ok,,4.668748785741627,4.264334408566356,0.8976686000823975
1590,adult,hydra,45222,14,16384.0,16384.0,4,10,ok,,1.5311683835461736,0.7545647071674466,0.5587082505226135
1590,adult,hydra,45222,14,16384.0,16384.0,4,11,ok,,1.1567243030294776,0.7564757680520415,0.5587082505226135
1590,adult,hydra_small,45222,14,16384.0,16384.0,4,11,ok,,4.673553698696196,4.214682065881789,0.8745329976081848
1590,adult,tabpfn,45222,14,16384.0,16384.0,4,11,ok,,4.61846858728677,4.215458100661635,0.8976686000823975
1590,adult,hybrid_8l,45222,14,16384.0,16384.0,4,11,ok,,2.4759187223389745,1.6717431647703052,0.8699200749397278
1590,adult,hydra,45222,14,16384.0,16384.0,4,12,ok,,1.1508627105504274,0.7545332843437791,0.5587082505226135
1590,adult,hydra_small,45222,14,16384.0,16384.0,4,12,ok,,4.613061899319291,4.2122565023601055,0.8745329976081848
1590,adult,hybrid_8l,45222,14,16384.0,16384.0,4,12,ok,,2.0676606874912977,1.671678738668561,0.8699200749397278
1590,adult,tabpfn,45222,14,16384.0,16384.0,4,12,ok,,4.615063862875104,4.217928620055318,0.8976686000823975
1590,adult,hybrid_8l,45222,14,16384.0,16384.0,4,13,ok,,2.083981577306986,1.674524606205523,0.8699200749397278
1590,adult,tabpfn,45222,14,16384.0,16384.0,4,13,ok,,5.9851068938151,4.243397136218846,0.8976686000823975
1590,adult,hydra_small,45222,14,16384.0,16384.0,4,13,ok,,5.892608018592,4.215347860939801,0.8745329976081848
1590,adult,hydra,45222,14,16384.0,16384.0,4,13,ok,,1.8936595097184181,0.7565305512398481,0.5587082505226135
1590,adult,hydra,45222,14,16384.0,16384.0,4,14,ok,,1.1546309711411595,0.757393796928227,0.5587082505226135
1590,adult,hydra_small,45222,14,16384.0,16384.0,4,14,ok,,4.61371882352978,4.212254830636084,0.8745329976081848
1590,adult,tabpfn,45222,14,16384.0,16384.0,4,14,ok,,4.8633684534579515,4.214125679805875,0.8976686000823975
1590,adult,hybrid_8l,45222,14,16384.0,16384.0,4,14,ok,,3.363982792943716,1.6730853766202927,0.8699200749397278
1590,adult,hybrid_8l,45222,14,16384.0,16384.0,4,15,ok,,2.0747827971354127,1.6720747081562877,0.8699200749397278
1590,adult,hydra_small,45222,14,16384.0,16384.0,4,15,ok,,4.632762413471937,4.2132154610008,0.8745329976081848
1590,adult,hydra,45222,14,16384.0,16384.0,4,15,ok,,1.7810128591954708,0.7544409362599254,0.5587082505226135
1590,adult,tabpfn,45222,14,16384.0,16384.0,4,15,ok,,4.659256163984537,4.212380662560463,0.8976686000823975
1590,adult,hybrid_8l,45222,14,16384.0,16384.0,5,1,ok,,2.4595904871821404,1.6693305224180222,0.8722789287567139
1590,adult,hydra,45222,14,16384.0,16384.0,5,1,ok,,1.5694605633616447,0.7556688813492656,0.5558840036392212
1590,adult,tabpfn,45222,14,16384.0,16384.0,5,1,ok,,5.601731535978615,4.211196005344391,0.8975372314453125
1590,adult,hydra_small,45222,14,16384.0,16384.0,5,1,ok,,4.686977359466255,4.212641968391836,0.8744098544120789
1590,adult,tabpfn,45222,14,16384.0,16384.0,5,2,ok,,4.613160968758166,4.215811587870121,0.8975372314453125
1590,adult,hydra,45222,14,16384.0,16384.0,5,2,ok,,1.2932546334341168,0.7551269410178065,0.5558840036392212
1590,adult,hybrid_8l,45222,14,16384.0,16384.0,5,2,ok,,2.076029689051211,1.6716969572007656,0.8722789287567139
1590,adult,hydra_small,45222,14,16384.0,16384.0,5,2,ok,,4.619422692805529,4.213055497035384,0.8744098544120789
1590,adult,tabpfn,45222,14,16384.0,16384.0,5,3,ok,,4.625212617218494,4.216026079840958,0.8975372314453125
1590,adult,hydra_small,45222,14,16384.0,16384.0,5,3,ok,,4.625925752334297,4.215229202993214,0.8744098544120789
1590,adult,hybrid_8l,45222,14,16384.0,16384.0,5,3,ok,,2.1019574757665396,1.6738760489970446,0.8722789287567139
1590,adult,hydra,45222,14,16384.0,16384.0,5,3,ok,,1.1991350520402193,0.7563324421644211,0.5558840036392212
1590,adult,tabpfn,45222,14,16384.0,16384.0,5,4,ok,,4.676534483209252,4.21653769351542,0.8975372314453125
1590,adult,hydra,45222,14,16384.0,16384.0,5,4,ok,,1.1642371267080307,0.7566704796627164,0.5558840036392212
1590,adult,hydra_small,45222,14,16384.0,16384.0,5,4,ok,,4.627123032696545,4.21733128093183,0.8744098544120789
1590,adult,hybrid_8l,45222,14,16384.0,16384.0,5,4,ok,,2.0765668293461204,1.6728937113657594,0.8722789287567139
1590,adult,hydra,45222,14,16384.0,16384.0,5,5,ok,,1.1571296183392406,0.7539517767727375,0.5558840036392212
1590,adult,hydra_small,45222,14,16384.0,16384.0,5,5,ok,,4.622702065855265,4.210094761103392,0.8744098544120789
1590,adult,tabpfn,45222,14,16384.0,16384.0,5,5,ok,,4.622842307202518,4.21354759670794,0.8975372314453125
1590,adult,hybrid_8l,45222,14,16384.0,16384.0,5,5,ok,,2.071631290949881,1.6717015765607357,0.8722789287567139
1590,adult,hydra,45222,14,16384.0,16384.0,5,6,ok,,1.1552567053586245,0.7554097175598145,0.5558840036392212
1590,adult,hydra_small,45222,14,16384.0,16384.0,5,6,ok,,4.617483253590763,4.214856179431081,0.8744098544120789
1590,adult,hybrid_8l,45222,14,16384.0,16384.0,5,6,ok,,2.065237892791629,1.6685893861576915,0.8722789287567139
1590,adult,tabpfn,45222,14,16384.0,16384.0,5,6,ok,,4.615788725204766,4.217187077738345,0.8975372314453125
1590,adult,hybrid_8l,45222,14,16384.0,16384.0,5,7,ok,,2.07164806406945,1.6720687756314874,0.8722789287567139
1590,adult,hydra_small,45222,14,16384.0,16384.0,5,7,ok,,4.615391302853823,4.214043443091214,0.8744098544120789
1590,adult,hydra,45222,14,16384.0,16384.0,5,7,ok,,1.2216651858761907,0.7550734775140882,0.5558840036392212
1590,adult,tabpfn,45222,14,16384.0,16384.0,5,7,ok,,4.63747559953481,4.21843820437789,0.8975372314453125
1590,adult,hydra_small,45222,14,16384.0,16384.0,5,8,ok,,4.620149416849017,4.211851478554308,0.8744098544120789
1590,adult,tabpfn,45222,14,16384.0,16384.0,5,8,ok,,4.632982074283063,4.2174215987324715,0.8975372314453125
1590,adult,hydra,45222,14,16384.0,16384.0,5,8,ok,,1.1560720102861524,0.7561071515083313,0.5558840036392212
1590,adult,hybrid_8l,45222,14,16384.0,16384.0,5,8,ok,,2.0725939348340034,1.6690247589722276,0.8722789287567139
1590,adult,hydra,45222,14,16384.0,16384.0,5,9,ok,,1.153012752532959,0.7541646314784884,0.5558840036392212
1590,adult,tabpfn,45222,14,16384.0,16384.0,5,9,ok,,4.6205418752506375,4.217983181588352,0.8975372314453125
1590,adult,hydra_small,45222,14,16384.0,16384.0,5,9,ok,,4.619768274016678,4.213182431645691,0.8744098544120789
1590,adult,hybrid_8l,45222,14,16384.0,16384.0,5,9,ok,,2.137718802317977,1.6719143586233258,0.8722789287567139
1590,adult,hydra,45222,14,16384.0,16384.0,5,10,ok,,1.163078049197793,0.7556104185059667,0.5558840036392212
1590,adult,tabpfn,45222,14,16384.0,16384.0,5,10,ok,,4.625744608230889,4.2190940752625465,0.8975372314453125
1590,adult,hybrid_8l,45222,14,16384.0,16384.0,5,10,ok,,2.0770605774596334,1.6727785235270858,0.8722789287567139
1590,adult,hydra_small,45222,14,16384.0,16384.0,5,10,ok,,4.625652245245874,4.212805602699518,0.8744098544120789
1590,adult,hydra_small,45222,14,16384.0,16384.0,5,11,ok,,4.705254977568984,4.2129472168162465,0.8744098544120789
1590,adult,tabpfn,45222,14,16384.0,16384.0,5,11,ok,,4.624594772234559,4.218460959382355,0.8975372314453125
1590,adult,hybrid_8l,45222,14,16384.0,16384.0,5,11,ok,,2.0748402131721377,1.671764174476266,0.8722789287567139
1590,adult,hydra,45222,14,16384.0,16384.0,5,11,ok,,1.159464467316866,0.7526741605252028,0.5558840036392212
1590,adult,tabpfn,45222,14,16384.0,16384.0,5,12,ok,,4.653588328510523,4.216914490796626,0.8975372314453125
1590,adult,hydra_small,45222,14,16384.0,16384.0,5,12,ok,,4.617340714670718,4.212447113357484,0.8744098544120789
1590,adult,hybrid_8l,45222,14,16384.0,16384.0,5,12,ok,,2.0758134108036757,1.6733760330826044,0.8722789287567139
1590,adult,hydra,45222,14,16384.0,16384.0,5,12,ok,,1.1588426558300853,0.7548112571239471,0.5558840036392212
1590,adult,tabpfn,45222,14,16384.0,16384.0,5,13,ok,,4.692994018085301,4.2215975830331445,0.8975372314453125
1590,adult,hybrid_8l,45222,14,16384.0,16384.0,5,13,ok,,2.1571869580075145,1.6704943915829062,0.8722789287567139
1590,adult,hydra,45222,14,16384.0,16384.0,5,13,ok,,1.1559016117826104,0.7564051561057568,0.5558840036392212
1590,adult,hydra_small,45222,14,16384.0,16384.0,5,13,ok,,4.7132422141730785,4.212791389785707,0.8744098544120789
1590,adult,hydra,45222,14,16384.0,16384.0,5,14,ok,,1.1548934085294604,0.7539469180628657,0.5558840036392212
1590,adult,tabpfn,45222,14,16384.0,16384.0,5,14,ok,,4.620422010309994,4.220336220227182,0.8975372314453125
1590,adult,hybrid_8l,45222,14,16384.0,16384.0,5,14,ok,,2.140129452571273,1.6726397704333067,0.8722789287567139
1590,adult,hydra_small,45222,14,16384.0,16384.0,5,14,ok,,4.7664295472204685,4.366756138391793,0.8744098544120789
1590,adult,hydra,45222,14,16384.0,16384.0,5,15,ok,,1.154165436513722,0.7556557431817055,0.5558840036392212
1590,adult,tabpfn,45222,14,16384.0,16384.0,5,15,ok,,4.6148344511166215,4.216138364747167,0.8975372314453125
1590,adult,hybrid_8l,45222,14,16384.0,16384.0,5,15,ok,,2.072360963560641,1.6731118904426694,0.8722789287567139
1590,adult,hydra_small,45222,14,16384.0,16384.0,5,15,ok,,4.614167691208422,4.2138098962605,0.8744098544120789
41147,albert,hydra,81,78,16384.0,40.0,1,1,ok,,0.2314976816996932,0.016245351172983646,0.5505050420761108
41147,albert,tabpfn,81,78,16384.0,40.0,1,1,ok,,0.35698827914893627,0.1430738428607583,0.558080792427063
41147,albert,hybrid_8l,81,78,16384.0,40.0,1,1,ok,,0.22313387412577868,0.009449824690818787,0.5126262903213501
41147,albert,hydra_small,81,78,16384.0,40.0,1,1,ok,,0.2456119740381837,0.030615688301622868,0.5454545617103577
41147,albert,hybrid_8l,81,78,16384.0,40.0,1,2,ok,,0.22278028447180986,0.009359513409435749,0.5126262903213501
41147,albert,tabpfn,81,78,16384.0,40.0,1,2,ok,,0.22214653436094522,0.008500996977090836,0.558080792427063
41147,albert,hydra,81,78,16384.0,40.0,1,2,ok,,0.25259523559361696,0.016713807359337807,0.5505050420761108
41147,albert,hydra_small,81,78,16384.0,40.0,1,2,ok,,0.2638660715892911,0.030934873037040234,0.5454545617103577
41147,albert,hybrid_8l,81,78,16384.0,40.0,1,3,ok,,0.23597076628357172,0.009962225332856178,0.5126262903213501
41147,albert,hydra_small,81,78,16384.0,40.0,1,3,ok,,0.2659451402723789,0.030975009314715862,0.5454545617103577
41147,albert,tabpfn,81,78,16384.0,40.0,1,3,ok,,0.22944156546145678,0.00896899402141571,0.558080792427063
41147,albert,hydra,81,78,16384.0,40.0,1,3,ok,,0.2329379515722394,0.01620366144925356,0.5505050420761108
41147,albert,hydra,81,78,16384.0,40.0,1,4,ok,,0.2324938289821148,0.016048126854002476,0.5505050420761108
41147,albert,hybrid_8l,81,78,16384.0,40.0,1,4,ok,,0.22592563461512327,0.009769330732524395,0.5126262903213501
41147,albert,hydra_small,81,78,16384.0,40.0,1,4,ok,,0.2492620199918747,0.03095033299177885,0.5454545617103577
41147,albert,tabpfn,81,78,16384.0,40.0,1,4,ok,,0.22557345777750015,0.009002345614135265,0.558080792427063
41147,albert,hydra,81,78,16384.0,40.0,1,5,ok,,0.2316841147840023,0.016138638369739056,0.5505050420761108
41147,albert,hydra_small,81,78,16384.0,40.0,1,5,ok,,0.24901833850890398,0.031082562170922756,0.5454545617103577
41147,albert,tabpfn,81,78,16384.0,40.0,1,5,ok,,0.22640654630959034,0.008954556658864021,0.558080792427063
41147,albert,hybrid_8l,81,78,16384.0,40.0,1,5,ok,,0.22622116468846798,0.009796681813895702,0.5126262903213501
41147,albert,hybrid_8l,81,78,16384.0,40.0,1,6,ok,,0.22540386486798525,0.009777545928955078,0.5126262903213501
41147,albert,tabpfn,81,78,16384.0,40.0,1,6,ok,,0.22603418957442045,0.008970135822892189,0.558080792427063
41147,albert,hydra,81,78,16384.0,40.0,1,6,ok,,0.23229375947266817,0.016110573895275593,0.5505050420761108
41147,albert,hydra_small,81,78,16384.0,40.0,1,6,ok,,0.24925001710653305,0.030980308540165424,0.5454545617103577
41147,albert,hydra_small,81,78,16384.0,40.0,1,7,ok,,0.2584049226716161,0.03126779291778803,0.5454545617103577
41147,albert,hybrid_8l,81,78,16384.0,40.0,1,7,ok,,0.2290907008573413,0.009691963903605938,0.5126262903213501
41147,albert,tabpfn,81,78,16384.0,40.0,1,7,ok,,0.22540216241031885,0.008949246257543564,0.558080792427063
41147,albert,hydra,81,78,16384.0,40.0,1,7,ok,,0.23176888655871153,0.016036534681916237,0.5505050420761108
41147,albert,tabpfn,81,78,16384.0,40.0,1,8,ok,,0.22622739616781473,0.00889953225851059,0.558080792427063
41147,albert,hybrid_8l,81,78,16384.0,40.0,1,8,ok,,0.2252190262079239,0.009693366475403309,0.5126262903213501
41147,albert,hydra,81,78,16384.0,40.0,1,8,ok,,0.2398402178660035,0.01611705683171749,0.5505050420761108
41147,albert,hydra_small,81,78,16384.0,40.0,1,8,ok,,0.24916355311870575,0.030920756049454212,0.5454545617103577
41147,albert,hydra,81,78,16384.0,40.0,1,9,ok,,0.2319570416584611,0.016017518006265163,0.5505050420761108
41147,albert,hybrid_8l,81,78,16384.0,40.0,1,9,ok,,0.2254183627665043,0.009775841608643532,0.5126262903213501
41147,albert,tabpfn,81,78,16384.0,40.0,1,9,ok,,0.22548669204115868,0.008967140689492226,0.558080792427063
41147,albert,hydra_small,81,78,16384.0,40.0,1,9,ok,,0.25021758023649454,0.030972294509410858,0.5454545617103577
41147,albert,hybrid_8l,81,78,16384.0,40.0,1,10,ok,,0.22577762324362993,0.00972575694322586,0.5126262903213501
41147,albert,hydra_small,81,78,16384.0,40.0,1,10,ok,,0.24954663030803204,0.03078112192451954,0.5454545617103577
41147,albert,tabpfn,81,78,16384.0,40.0,1,10,ok,,0.2257208162918687,0.00892841536551714,0.558080792427063
41147,albert,hydra,81,78,16384.0,40.0,1,10,ok,,0.2322441264986992,0.01614467892795801,0.5505050420761108
41147,albert,hydra_small,81,78,16384.0,40.0,1,11,ok,,0.2496755626052618,0.030777214094996452,0.5454545617103577
41147,albert,tabpfn,81,78,16384.0,40.0,1,11,ok,,0.22599679976701736,0.008979834616184235,0.558080792427063
41147,albert,hydra,81,78,16384.0,40.0,1,11,ok,,0.23273808229714632,0.016069646924734116,0.5505050420761108
41147,albert,hybrid_8l,81,78,16384.0,40.0,1,11,ok,,0.225745121948421,0.009737299755215645,0.5126262903213501
41147,albert,tabpfn,81,78,16384.0,40.0,1,12,ok,,0.22603788692504168,0.008914630860090256,0.558080792427063
41147,albert,hydra_small,81,78,16384.0,40.0,1,12,ok,,0.24958237633109093,0.03088262304663658,0.5454545617103577
41147,albert,hydra,81,78,16384.0,40.0,1,12,ok,,0.23284495435655117,0.016075579449534416,0.5505050420761108
41147,albert,hybrid_8l,81,78,16384.0,40.0,1,12,ok,,0.2355453111231327,0.009808934293687344,0.5126262903213501
41147,albert,tabpfn,81,78,16384.0,40.0,1,13,ok,,0.22640714701265097,0.008929338306188583,0.558080792427063
41147,albert,hybrid_8l,81,78,16384.0,40.0,1,13,ok,,0.22679474111646414,0.009733172133564949,0.5126262903213501
41147,albert,hydra_small,81,78,16384.0,40.0,1,13,ok,,0.25054853688925505,0.030925925821065903,0.5454545617103577
41147,albert,hydra,81,78,16384.0,40.0,1,13,ok,,0.23728154972195625,0.01628759130835533,0.5505050420761108
41147,albert,hydra,81,78,16384.0,40.0,1,14,ok,,0.24934753216803074,0.016648373566567898,0.5505050420761108
41147,albert,hydra_small,81,78,16384.0,40.0,1,14,ok,,0.2510488545522094,0.031205985695123672,0.5454545617103577
41147,albert,hybrid_8l,81,78,16384.0,40.0,1,14,ok,,0.22643972840160131,0.00993149820715189,0.5126262903213501
41147,albert,tabpfn,81,78,16384.0,40.0,1,14,ok,,0.22738853562623262,0.009066437371075153,0.558080792427063
41147,albert,hydra,81,78,16384.0,40.0,1,15,ok,,0.23347455635666847,0.01624252460896969,0.5505050420761108
41147,albert,tabpfn,81,78,16384.0,40.0,1,15,ok,,0.22498702630400658,0.00907330121845007,0.558080792427063
41147,albert,hydra_small,81,78,16384.0,40.0,1,15,ok,,0.25075887609273195,0.03098705131560564,0.5454545617103577
41147,albert,hybrid_8l,81,78,16384.0,40.0,1,15,ok,,0.2261419938877225,0.00999416597187519,0.5126262903213501
41147,albert,tabpfn,81,78,16384.0,40.0,2,1,ok,,0.22084097005426884,0.008924027904868126,0.7092731595039368
41147,albert,hydra,81,78,16384.0,40.0,2,1,ok,,0.2260782429948449,0.016119692474603653,0.6842105388641357
41147,albert,hybrid_8l,81,78,16384.0,40.0,2,1,ok,,0.2191909635439515,0.009713013656437397,0.6817042827606201
41147,albert,hydra_small,81,78,16384.0,40.0,2,1,ok,,0.24405887071043253,0.030843129381537437,0.6992481350898743
41147,albert,tabpfn,81,78,16384.0,40.0,2,2,ok,,0.21975360997021198,0.008913028053939342,0.7092731595039368
41147,albert,hydra,81,78,16384.0,40.0,2,2,ok,,0.2264212630689144,0.01609210018068552,0.6842105388641357
41147,albert,hydra_small,81,78,16384.0,40.0,2,2,ok,,0.24248785432428122,0.031060760840773582,0.6992481350898743
41147,albert,hybrid_8l,81,78,16384.0,40.0,2,2,ok,,0.23229382000863552,0.009951695799827576,0.6817042827606201
41147,albert,tabpfn,81,78,16384.0,40.0,2,3,ok,,0.22372104600071907,0.008917625993490219,0.7092731595039368
41147,albert,hydra_small,81,78,16384.0,40.0,2,3,ok,,0.24395982269197702,0.030905556865036488,0.6992481350898743
41147,albert,hydra,81,78,16384.0,40.0,2,3,ok,,0.22601511422544718,0.016111858189105988,0.6842105388641357
41147,albert,hybrid_8l,81,78,16384.0,40.0,2,3,ok,,0.21953443437814713,0.00973585620522499,0.6817042827606201
41147,albert,hydra_small,81,78,16384.0,40.0,2,4,ok,,0.24354660976678133,0.030833260156214237,0.6992481350898743
41147,albert,hybrid_8l,81,78,16384.0,40.0,2,4,ok,,0.22145883087068796,0.009704597294330597,0.6817042827606201
41147,albert,tabpfn,81,78,16384.0,40.0,2,4,ok,,0.21996804513037205,0.008859035558998585,0.7092731595039368
41147,albert,hydra,81,78,16384.0,40.0,2,4,ok,,0.22809830959886312,0.016729077324271202,0.6842105388641357
41147,albert,hybrid_8l,81,78,16384.0,40.0,2,5,ok,,0.22191029507666826,0.00985183659940958,0.6817042827606201
41147,albert,tabpfn,81,78,16384.0,40.0,2,5,ok,,0.23324676509946585,0.008985995315015316,0.7092731595039368
41147,albert,hydra,81,78,16384.0,40.0,2,5,ok,,0.22718138247728348,0.01616805326193571,0.6842105388641357
41147,albert,hydra_small,81,78,16384.0,40.0,2,5,ok,,0.24402178078889847,0.030924933962523937,0.6992481350898743
41147,albert,hydra_small,81,78,16384.0,40.0,2,6,ok,,0.24419213272631168,0.031236703507602215,0.6992481350898743
41147,albert,hydra,81,78,16384.0,40.0,2,6,ok,,0.22764891851693392,0.01611486356705427,0.6842105388641357
41147,albert,tabpfn,81,78,16384.0,40.0,2,6,ok,,0.22253756411373615,0.009142201393842697,0.7092731595039368
41147,albert,hybrid_8l,81,78,16384.0,40.0,2,6,ok,,0.2211909033358097,0.009748230688273907,0.6817042827606201
41147,albert,hydra_small,81,78,16384.0,40.0,2,7,ok,,0.25861736573278904,0.03181642293930054,0.6992481350898743
41147,albert,hydra,81,78,16384.0,40.0,2,7,ok,,0.22828904166817665,0.01612853817641735,0.6842105388641357
41147,albert,hybrid_8l,81,78,16384.0,40.0,2,7,ok,,0.22103999741375446,0.009802131913602352,0.6817042827606201
41147,albert,tabpfn,81,78,16384.0,40.0,2,7,ok,,0.22062842641025782,0.008970757015049458,0.7092731595039368
41147,albert,hybrid_8l,81,78,16384.0,40.0,2,8,ok,,0.22065626922994852,0.009796361438930035,0.6817042827606201
41147,albert,hydra,81,78,16384.0,40.0,2,8,ok,,0.24483491107821465,0.017614934593439102,0.6842105388641357
41147,albert,tabpfn,81,78,16384.0,40.0,2,8,ok,,0.24032508581876755,0.009039616212248802,0.7092731595039368
41147,albert,hydra_small,81,78,16384.0,40.0,2,8,ok,,0.2521455930545926,0.031257242895662785,0.6992481350898743
41147,albert,hydra_small,81,78,16384.0,40.0,2,9,ok,,0.24872502218931913,0.03104623407125473,0.6992481350898743
41147,albert,hydra,81,78,16384.0,40.0,2,9,ok,,0.23308277409523726,0.016175447963178158,0.6842105388641357
41147,albert,hybrid_8l,81,78,16384.0,40.0,2,9,ok,,0.2250421503558755,0.00982873234897852,0.6817042827606201
41147,albert,tabpfn,81,78,16384.0,40.0,2,9,ok,,0.22473029885441065,0.008989132009446621,0.7092731595039368
41147,albert,hydra,81,78,16384.0,40.0,2,10,ok,,0.23193991743028164,0.016392248682677746,0.6842105388641357
41147,albert,tabpfn,81,78,16384.0,40.0,2,10,ok,,0.2245621094480157,0.008933025412261486,0.7092731595039368
41147,albert,hydra_small,81,78,16384.0,40.0,2,10,ok,,0.2483663521707058,0.031197549775242805,0.6992481350898743
41147,albert,hybrid_8l,81,78,16384.0,40.0,2,10,ok,,0.22483395505696535,0.010124141350388527,0.6817042827606201
41147,albert,hydra,81,78,16384.0,40.0,2,11,ok,,0.23178060539066792,0.016099944710731506,0.6842105388641357
41147,albert,tabpfn,81,78,16384.0,40.0,2,11,ok,,0.2256000768393278,0.008923457004129887,0.7092731595039368
41147,albert,hydra_small,81,78,16384.0,40.0,2,11,ok,,0.2501820418983698,0.031068907119333744,0.6992481350898743
41147,albert,hybrid_8l,81,78,16384.0,40.0,2,11,ok,,0.2263224944472313,0.009755563922226429,0.6817042827606201
41147,albert,hybrid_8l,81,78,16384.0,40.0,2,12,ok,,0.22350435610860586,0.009732149541378021,0.6817042827606201
41147,albert,hydra,81,78,16384.0,40.0,2,12,ok,,0.23315788619220257,0.016167243011295795,0.6842105388641357
41147,albert,hydra_small,81,78,16384.0,40.0,2,12,ok,,0.24995365925133228,0.030976601876318455,0.6992481350898743
41147,albert,tabpfn,81,78,16384.0,40.0,2,12,ok,,0.22619445249438286,0.008972110226750374,0.7092731595039368
41147,albert,hydra,81,78,16384.0,40.0,2,13,ok,,0.23090376611799002,0.016231625340878963,0.6842105388641357
41147,albert,hybrid_8l,81,78,16384.0,40.0,2,13,ok,,0.2376949628815055,0.009792032651603222,0.6817042827606201
41147,albert,tabpfn,81,78,16384.0,40.0,2,13,ok,,0.2307917634025216,0.008953142911195755,0.7092731595039368
41147,albert,hydra_small,81,78,16384.0,40.0,2,13,ok,,0.2518454836681485,0.03121751919388771,0.6992481350898743
41147,albert,hydra,81,78,16384.0,40.0,2,14,ok,,0.2397406091913581,0.016315272077918053,0.6842105388641357
41147,albert,hybrid_8l,81,78,16384.0,40.0,2,14,ok,,0.22668069414794445,0.009902412071824074,0.6817042827606201
41147,albert,hydra_small,81,78,16384.0,40.0,2,14,ok,,0.2500716121867299,0.031065129674971104,0.6992481350898743
41147,albert,tabpfn,81,78,16384.0,40.0,2,14,ok,,0.23671708069741726,0.008994492702186108,0.7092731595039368
41147,albert,hydra_small,81,78,16384.0,40.0,2,15,ok,,0.25096695870161057,0.03099633939564228,0.6992481350898743
41147,albert,hybrid_8l,81,78,16384.0,40.0,2,15,ok,,0.23073855321854353,0.009760302491486073,0.6817042827606201
41147,albert,tabpfn,81,78,16384.0,40.0,2,15,ok,,0.22837472427636385,0.008900974877178669,0.7092731595039368
41147,albert,hydra,81,78,16384.0,40.0,2,15,ok,,0.23459698259830475,0.016120963729918003,0.6842105388641357
41147,albert,tabpfn,81,78,16384.0,40.0,3,1,ok,,0.2370407935231924,0.008964654989540577,0.6496163606643677
41147,albert,hydra,81,78,16384.0,40.0,3,1,ok,,0.23576929420232773,0.016235501505434513,0.7263427376747131
41147,albert,hybrid_8l,81,78,16384.0,40.0,3,1,ok,,0.2288841689005494,0.009948388673365116,0.6751918196678162
41147,albert,hydra_small,81,78,16384.0,40.0,3,1,ok,,0.25229226145893335,0.03102834988385439,0.6265984773635864
41147,albert,hydra_small,81,78,16384.0,40.0,3,2,ok,,0.25298102479428053,0.030990106984972954,0.6265984773635864
41147,albert,hybrid_8l,81,78,16384.0,40.0,3,2,ok,,0.24170580133795738,0.009760352782905102,0.6751918196678162
41147,albert,hydra,81,78,16384.0,40.0,3,2,ok,,0.24515944626182318,0.016116365790367126,0.7263427376747131
41147,albert,tabpfn,81,78,16384.0,40.0,3,2,ok,,0.22876118496060371,0.008944185450673103,0.6496163606643677
41147,albert,hybrid_8l,81,78,16384.0,40.0,3,3,ok,,0.22857381030917168,0.010552965104579926,0.6751918196678162
41147,albert,hydra,81,78,16384.0,40.0,3,3,ok,,0.2394164651632309,0.0160633847117424,0.7263427376747131
41147,albert,tabpfn,81,78,16384.0,40.0,3,3,ok,,0.23377831187099218,0.00932204257696867,0.6496163606643677
41147,albert,hydra_small,81,78,16384.0,40.0,3,3,ok,,0.2510825479403138,0.03182012960314751,0.6265984773635864
41147,albert,tabpfn,81,78,16384.0,40.0,3,4,ok,,0.2615947462618351,0.01121712289750576,0.6496163606643677
41147,albert,hydra,81,78,16384.0,40.0,3,4,ok,,0.24767995066940784,0.01640813797712326,0.7263427376747131
41147,albert,hydra_small,81,78,16384.0,40.0,3,4,ok,,0.24885740224272013,0.03093935176730156,0.6265984773635864
41147,albert,hybrid_8l,81,78,16384.0,40.0,3,4,ok,,0.22409813106060028,0.009881231933832169,0.6751918196678162
41147,albert,hydra_small,81,78,16384.0,40.0,3,5,ok,,0.24818603973835707,0.03095756471157074,0.6265984773635864
41147,albert,tabpfn,81,78,16384.0,40.0,3,5,ok,,0.2251034863293171,0.00894815381616354,0.6496163606643677
41147,albert,hydra,81,78,16384.0,40.0,3,5,ok,,0.23233126010745764,0.01618313230574131,0.7263427376747131
41147,albert,hybrid_8l,81,78,16384.0,40.0,3,5,ok,,0.2241720398887992,0.009776752442121506,0.6751918196678162
41147,albert,hydra,81,78,16384.0,40.0,3,6,ok,,0.24282162636518478,0.01649741642177105,0.7263427376747131
41147,albert,tabpfn,81,78,16384.0,40.0,3,6,ok,,0.23975649755448103,0.00922144204378128,0.6496163606643677
41147,albert,hybrid_8l,81,78,16384.0,40.0,3,6,ok,,0.23637605272233486,0.00974066648632288,0.6751918196678162
41147,albert,hydra_small,81,78,16384.0,40.0,3,6,ok,,0.2484308136627078,0.03086515050381422,0.6265984773635864
41147,albert,hybrid_8l,81,78,16384.0,40.0,3,7,ok,,0.2249286137521267,0.009791000746190548,0.6751918196678162
41147,albert,hydra_small,81,78,16384.0,40.0,3,7,ok,,0.24819517694413662,0.030824904330074787,0.6265984773635864
41147,albert,tabpfn,81,78,16384.0,40.0,3,7,ok,,0.2245548963546753,0.008958904072642326,0.6496163606643677
41147,albert,hydra,81,78,16384.0,40.0,3,7,ok,,0.23136722296476364,0.016077231615781784,0.7263427376747131
41147,albert,tabpfn,81,78,16384.0,40.0,3,8,ok,,0.23736172169446945,0.008927575312554836,0.6496163606643677
41147,albert,hydra_small,81,78,16384.0,40.0,3,8,ok,,0.2521134512498975,0.03175622969865799,0.6265984773635864
41147,albert,hydra,81,78,16384.0,40.0,3,8,ok,,0.2322767274454236,0.016390526667237282,0.7263427376747131
41147,albert,hybrid_8l,81,78,16384.0,40.0,3,8,ok,,0.23745170049369335,0.0098955687135458,0.6751918196678162
41147,albert,hybrid_8l,81,78,16384.0,40.0,3,9,ok,,0.2278296910226345,0.009805557318031788,0.6751918196678162
41147,albert,tabpfn,81,78,16384.0,40.0,3,9,ok,,0.22816326282918453,0.009311852976679802,0.6496163606643677
41147,albert,hydra_small,81,78,16384.0,40.0,3,9,ok,,0.2594273081049323,0.03152822609990835,0.6265984773635864
41147,albert,hydra,81,78,16384.0,40.0,3,9,ok,,0.23132809903472662,0.016108390875160694,0.7263427376747131
41147,albert,hybrid_8l,81,78,16384.0,40.0,3,10,ok,,0.22487175650894642,0.010100007057189941,0.6751918196678162
41147,albert,hydra,81,78,16384.0,40.0,3,10,ok,,0.239216024056077,0.015950982458889484,0.7263427376747131
41147,albert,hydra_small,81,78,16384.0,40.0,3,10,ok,,0.2646380318328738,0.033867799676954746,0.6265984773635864
41147,albert,tabpfn,81,78,16384.0,40.0,3,10,ok,,0.24299190938472748,0.00894473772495985,0.6496163606643677
41147,albert,hybrid_8l,81,78,16384.0,40.0,3,11,ok,,0.23104565404355526,0.009776121936738491,0.6751918196678162
41147,albert,hydra_small,81,78,16384.0,40.0,3,11,ok,,0.2501720832660794,0.031108382157981396,0.6265984773635864
41147,albert,tabpfn,81,78,16384.0,40.0,3,11,ok,,0.23397351149469614,0.008944586850702763,0.6496163606643677
41147,albert,hydra,81,78,16384.0,40.0,3,11,ok,,0.23150654695928097,0.016270878724753857,0.7263427376747131
41147,albert,hybrid_8l,81,78,16384.0,40.0,3,12,ok,,0.22403170447796583,0.009722511284053326,0.6751918196678162
41147,albert,tabpfn,81,78,16384.0,40.0,3,12,ok,,0.22555630281567574,0.008908087387681007,0.6496163606643677
41147,albert,hydra,81,78,16384.0,40.0,3,12,ok,,0.23111375235021114,0.016015825793147087,0.7263427376747131
41147,albert,hydra_small,81,78,16384.0,40.0,3,12,ok,,0.2494321297854185,0.030691822059452534,0.6265984773635864
41147,albert,hydra_small,81,78,16384.0,40.0,3,13,ok,,0.2524871090427041,0.03080567717552185,0.6265984773635864
41147,albert,hydra,81,78,16384.0,40.0,3,13,ok,,0.23190220724791288,0.015937797725200653,0.7263427376747131
41147,albert,hybrid_8l,81,78,16384.0,40.0,3,13,ok,,0.22611504141241312,0.009897032752633095,0.6751918196678162
41147,albert,tabpfn,81,78,16384.0,40.0,3,13,ok,,0.23320931289345026,0.008985765278339386,0.6496163606643677
41147,albert,hydra,81,78,16384.0,40.0,3,14,ok,,0.2334674820303917,0.016441060230135918,0.7263427376747131
41147,albert,hybrid_8l,81,78,16384.0,40.0,3,14,ok,,0.2253847485408187,0.009854831732809544,0.6751918196678162
41147,albert,hydra_small,81,78,16384.0,40.0,3,14,ok,,0.2506143217906356,0.031252834014594555,0.6265984773635864
41147,albert,tabpfn,81,78,16384.0,40.0,3,14,ok,,0.2381011424586177,0.008950648829340935,0.6496163606643677
41147,albert,tabpfn,81,78,16384.0,40.0,3,15,ok,,0.22554950043559074,0.008876848965883255,0.6496163606643677
41147,albert,hydra,81,78,16384.0,40.0,3,15,ok,,0.23125522024929523,0.016142345033586025,0.7263427376747131
41147,albert,hybrid_8l,81,78,16384.0,40.0,3,15,ok,,0.2258075186982751,0.00974657665938139,0.6751918196678162
41147,albert,hydra_small,81,78,16384.0,40.0,3,15,ok,,0.2496053595095873,0.030919523909687996,0.6265984773635864
41147,albert,hydra,81,78,16384.0,40.0,4,1,ok,,0.22782912012189627,0.01604701392352581,0.6967418789863586
41147,albert,hydra_small,81,78,16384.0,40.0,4,1,ok,,0.2439754018560052,0.030794857069849968,0.6842105388641357
41147,albert,tabpfn,81,78,16384.0,40.0,4,1,ok,,0.22145213652402163,0.008930770680308342,0.689223051071167
41147,albert,hybrid_8l,81,78,16384.0,40.0,4,1,ok,,0.22143671661615372,0.009860722348093987,0.621553897857666
41147,albert,hydra_small,81,78,16384.0,40.0,4,2,ok,,0.24433109443634748,0.03092797938734293,0.6842105388641357
41147,albert,tabpfn,81,78,16384.0,40.0,4,2,ok,,0.23261309415102005,0.009260576218366623,0.689223051071167
41147,albert,hybrid_8l,81,78,16384.0,40.0,4,2,ok,,0.2278874795883894,0.009742488153278828,0.621553897857666
41147,albert,hydra,81,78,16384.0,40.0,4,2,ok,,0.22609045542776585,0.016039139591157436,0.6967418789863586
41147,albert,hybrid_8l,81,78,16384.0,40.0,4,3,ok,,0.23219349794089794,0.00971019733697176,0.621553897857666
41147,albert,tabpfn,81,78,16384.0,40.0,4,3,ok,,0.23432012647390366,0.009024037979543209,0.689223051071167
41147,albert,hydra_small,81,78,16384.0,40.0,4,3,ok,,0.24305509869009256,0.030993483029305935,0.6842105388641357
41147,albert,hydra,81,78,16384.0,40.0,4,3,ok,,0.22561461385339499,0.016041504219174385,0.6967418789863586
41147,albert,tabpfn,81,78,16384.0,40.0,4,4,ok,,0.21976447850465775,0.008905293419957161,0.689223051071167
41147,albert,hydra,81,78,16384.0,40.0,4,4,ok,,0.2251267796382308,0.01606754306703806,0.6967418789863586
41147,albert,hydra_small,81,78,16384.0,40.0,4,4,ok,,0.2435826165601611,0.03086863551288843,0.6842105388641357
41147,albert,hybrid_8l,81,78,16384.0,40.0,4,4,ok,,0.2214138824492693,0.010375447571277618,0.621553897857666
41147,albert,hybrid_8l,81,78,16384.0,40.0,4,5,ok,,0.21908562164753675,0.009701141156256199,0.621553897857666
41147,albert,tabpfn,81,78,16384.0,40.0,4,5,ok,,0.21978695131838322,0.008943585678935051,0.689223051071167
41147,albert,hydra,81,78,16384.0,40.0,4,5,ok,,0.2273861989378929,0.016129951924085617,0.6967418789863586
41147,albert,hydra_small,81,78,16384.0,40.0,4,5,ok,,0.24516873341053724,0.031040582805871964,0.6842105388641357
41147,albert,hydra,81,78,16384.0,40.0,4,6,ok,,0.22713087685406208,0.01601787842810154,0.6967418789863586
41147,albert,tabpfn,81,78,16384.0,40.0,4,6,ok,,0.2212121319025755,0.008948585018515587,0.689223051071167
41147,albert,hybrid_8l,81,78,16384.0,40.0,4,6,ok,,0.22172783967107534,0.009754803031682968,0.621553897857666
41147,albert,hydra_small,81,78,16384.0,40.0,4,6,ok,,0.2459622547030449,0.031010846607387066,0.6842105388641357
41147,albert,hydra,81,78,16384.0,40.0,4,7,ok,,0.2269426705315709,0.016044579446315765,0.6967418789863586
41147,albert,tabpfn,81,78,16384.0,40.0,4,7,ok,,0.21994723565876484,0.009106614626944065,0.689223051071167
41147,albert,hydra_small,81,78,16384.0,40.0,4,7,ok,,0.24367584381252527,0.031085317954421043,0.6842105388641357
41147,albert,hybrid_8l,81,78,16384.0,40.0,4,7,ok,,0.21947413962334394,0.009713685140013695,0.621553897857666
41147,albert,hydra,81,78,16384.0,40.0,4,8,ok,,0.22703097760677338,0.016247563995420933,0.6967418789863586
41147,albert,hybrid_8l,81,78,16384.0,40.0,4,8,ok,,0.2208806537091732,0.009667706675827503,0.621553897857666
41147,albert,hydra_small,81,78,16384.0,40.0,4,8,ok,,0.24542078003287315,0.03108201175928116,0.6842105388641357
41147,albert,tabpfn,81,78,16384.0,40.0,4,8,ok,,0.23288265336304903,0.0095655033364892,0.689223051071167
41147,albert,tabpfn,81,78,16384.0,40.0,4,9,ok,,0.23109041806310415,0.009334687143564224,0.689223051071167
41147,albert,hydra,81,78,16384.0,40.0,4,9,ok,,0.22878701332956553,0.016404181718826294,0.6967418789863586
41147,albert,hydra_small,81,78,16384.0,40.0,4,9,ok,,0.24609281308948994,0.03124472964555025,0.6842105388641357
41147,albert,hybrid_8l,81,78,16384.0,40.0,4,9,ok,,0.22090899664908648,0.009807652793824673,0.621553897857666
41147,albert,tabpfn,81,78,16384.0,40.0,4,10,ok,,0.2210813956335187,0.008968682028353214,0.689223051071167
41147,albert,hybrid_8l,81,78,16384.0,40.0,4,10,ok,,0.22182960156351328,0.009764661081135273,0.621553897857666
41147,albert,hydra,81,78,16384.0,40.0,4,10,ok,,0.2277357904240489,0.01602015271782875,0.6967418789863586
41147,albert,hydra_small,81,78,16384.0,40.0,4,10,ok,,0.25097743794322014,0.031092200428247452,0.6842105388641357
41147,albert,hydra,81,78,16384.0,40.0,4,11,ok,,0.237389643676579,0.016066991724073887,0.6967418789863586
41147,albert,hybrid_8l,81,78,16384.0,40.0,4,11,ok,,0.22210754826664925,0.009780941531062126,0.621553897857666
41147,albert,hydra_small,81,78,16384.0,40.0,4,11,ok,,0.24623288959264755,0.03098102007061243,0.6842105388641357
41147,albert,tabpfn,81,78,16384.0,40.0,4,11,ok,,0.22199680749326944,0.008943375200033188,0.689223051071167
41147,albert,hybrid_8l,81,78,16384.0,40.0,4,12,ok,,0.22208682913333178,0.00975313875824213,0.621553897857666
41147,albert,tabpfn,81,78,16384.0,40.0,4,12,ok,,0.21953674778342247,0.00896115880459547,0.689223051071167
41147,albert,hydra,81,78,16384.0,40.0,4,12,ok,,0.22629370912909508,0.016295124776661396,0.6967418789863586
41147,albert,hydra_small,81,78,16384.0,40.0,4,12,ok,,0.24410961661487818,0.03089286293834448,0.6842105388641357
41147,albert,hydra_small,81,78,16384.0,40.0,4,13,ok,,0.24457074888050556,0.030966302379965782,0.6842105388641357
41147,albert,hybrid_8l,81,78,16384.0,40.0,4,13,ok,,0.22265068721026182,0.009715648368000984,0.621553897857666
41147,albert,hydra,81,78,16384.0,40.0,4,13,ok,,0.24198668263852596,0.016200905665755272,0.6967418789863586
41147,albert,tabpfn,81,78,16384.0,40.0,4,13,ok,,0.22369174007326365,0.0089638726785779,0.689223051071167
41147,albert,hydra,81,78,16384.0,40.0,4,14,ok,,0.22626031562685966,0.016301746480166912,0.6967418789863586
41147,albert,hydra_small,81,78,16384.0,40.0,4,14,ok,,0.24404680635780096,0.03089001774787903,0.6842105388641357
41147,albert,tabpfn,81,78,16384.0,40.0,4,14,ok,,0.22001770790666342,0.008956991136074066,0.689223051071167
41147,albert,hybrid_8l,81,78,16384.0,40.0,4,14,ok,,0.2196024414151907,0.009785892441868782,0.621553897857666
41147,albert,tabpfn,81,78,16384.0,40.0,4,15,ok,,0.22913858015090227,0.009216101840138435,0.689223051071167
41147,albert,hybrid_8l,81,78,16384.0,40.0,4,15,ok,,0.2209125030785799,0.009722420945763588,0.621553897857666
41147,albert,hydra,81,78,16384.0,40.0,4,15,ok,,0.22571230866014957,0.016069095581769943,0.6967418789863586
41147,albert,hydra_small,81,78,16384.0,40.0,4,15,ok,,0.2627906398847699,0.03088574018329382,0.6842105388641357
41147,albert,hybrid_8l,81,78,16384.0,40.0,5,1,ok,,0.24376894067972898,0.009722289629280567,0.664160430431366
41147,albert,hydra,81,78,16384.0,40.0,5,1,ok,,0.25326890032738447,0.016046082600951195,0.7117794752120972
41147,albert,tabpfn,81,78,16384.0,40.0,5,1,ok,,0.2428143322467804,0.008928545750677586,0.6741854548454285
41147,albert,hydra_small,81,78,16384.0,40.0,5,1,ok,,0.2670431975275278,0.03098820336163044,0.6867167949676514
41147,albert,hybrid_8l,81,78,16384.0,40.0,5,2,ok,,0.24512438755482435,0.009750054217875004,0.664160430431366
41147,albert,hydra_small,81,78,16384.0,40.0,5,2,ok,,0.2529222732409835,0.030864618718624115,0.6867167949676514
41147,albert,hydra,81,78,16384.0,40.0,5,2,ok,,0.23631266225129366,0.016031906008720398,0.7117794752120972
41147,albert,tabpfn,81,78,16384.0,40.0,5,2,ok,,0.22896183375269175,0.00911988876760006,0.6741854548454285
41147,albert,hydra_small,81,78,16384.0,40.0,5,3,ok,,0.25181314069777727,0.031197329983115196,0.6867167949676514
41147,albert,hydra,81,78,16384.0,40.0,5,3,ok,,0.23827664367854595,0.016198400408029556,0.7117794752120972
41147,albert,tabpfn,81,78,16384.0,40.0,5,3,ok,,0.2279223958030343,0.008977971039712429,0.6741854548454285
41147,albert,hybrid_8l,81,78,16384.0,40.0,5,3,ok,,0.22812783438712358,0.009782365523278713,0.664160430431366
41147,albert,hydra_small,81,78,16384.0,40.0,5,4,ok,,0.2518370160833001,0.030918831937015057,0.6867167949676514
41147,albert,tabpfn,81,78,16384.0,40.0,5,4,ok,,0.22722263913601637,0.008964726701378822,0.6741854548454285
41147,albert,hydra,81,78,16384.0,40.0,5,4,ok,,0.23376600723713636,0.016281447373330593,0.7117794752120972
41147,albert,hybrid_8l,81,78,16384.0,40.0,5,4,ok,,0.23992976639419794,0.009945222176611423,0.664160430431366
41147,albert,hybrid_8l,81,78,16384.0,40.0,5,5,ok,,0.2314184382557869,0.009660184383392334,0.664160430431366
41147,albert,tabpfn,81,78,16384.0,40.0,5,5,ok,,0.23984563630074263,0.009312935173511505,0.6741854548454285
41147,albert,hydra_small,81,78,16384.0,40.0,5,5,ok,,0.25114857219159603,0.030998763628304005,0.6867167949676514
41147,albert,hydra,81,78,16384.0,40.0,5,5,ok,,0.23381668236106634,0.016079637221992016,0.7117794752120972
41147,albert,hydra,81,78,16384.0,40.0,5,6,ok,,0.23489393386989832,0.016148856841027737,0.7117794752120972
41147,albert,tabpfn,81,78,16384.0,40.0,5,6,ok,,0.23997449968010187,0.009251237846910954,0.6741854548454285
41147,albert,hybrid_8l,81,78,16384.0,40.0,5,6,ok,,0.2310048546642065,0.009778346866369247,0.664160430431366
41147,albert,hydra_small,81,78,16384.0,40.0,5,6,ok,,0.26354930736124516,0.03103049285709858,0.6867167949676514
41147,albert,hydra,81,78,16384.0,40.0,5,7,ok,,0.23317390494048595,0.01603032276034355,0.7117794752120972
41147,albert,hybrid_8l,81,78,16384.0,40.0,5,7,ok,,0.22678037080913782,0.009695561602711678,0.664160430431366
41147,albert,hydra_small,81,78,16384.0,40.0,5,7,ok,,0.24984079413115978,0.030862946063280106,0.6867167949676514
41147,albert,tabpfn,81,78,16384.0,40.0,5,7,ok,,0.22577086742967367,0.008932203985750675,0.6741854548454285
41147,albert,hydra_small,81,78,16384.0,40.0,5,8,ok,,0.2499157153069973,0.03089887462556362,0.6867167949676514
41147,albert,tabpfn,81,78,16384.0,40.0,5,8,ok,,0.2274300716817379,0.008891778066754341,0.6741854548454285
41147,albert,hybrid_8l,81,78,16384.0,40.0,5,8,ok,,0.22836264967918396,0.009745265357196331,0.664160430431366
41147,albert,hydra,81,78,16384.0,40.0,5,8,ok,,0.24780292250216007,0.01657168846577406,0.7117794752120972
41147,albert,hydra,81,78,16384.0,40.0,5,9,ok,,0.24463037122040987,0.016247143037617207,0.7117794752120972
41147,albert,tabpfn,81,78,16384.0,40.0,5,9,ok,,0.23859952483326197,0.00892519112676382,0.6741854548454285
41147,albert,hybrid_8l,81,78,16384.0,40.0,5,9,ok,,0.2392047019675374,0.010164257138967514,0.664160430431366
41147,albert,hydra_small,81,78,16384.0,40.0,5,9,ok,,0.25038564670830965,0.03125299513339996,0.6867167949676514
41147,albert,hydra_small,81,78,16384.0,40.0,5,10,ok,,0.25069398060441017,0.031230011954903603,0.6867167949676514
41147,albert,hybrid_8l,81,78,16384.0,40.0,5,10,ok,,0.22531017567962408,0.00964480359107256,0.664160430431366
41147,albert,tabpfn,81,78,16384.0,40.0,5,10,ok,,0.22807642631232738,0.008926362730562687,0.6741854548454285
41147,albert,hydra,81,78,16384.0,40.0,5,10,ok,,0.23362452909350395,0.01603743527084589,0.7117794752120972
41147,albert,hybrid_8l,81,78,16384.0,40.0,5,11,ok,,0.2275931118056178,0.009655353613197803,0.664160430431366
41147,albert,hydra,81,78,16384.0,40.0,5,11,ok,,0.2341893194243312,0.015967532992362976,0.7117794752120972
41147,albert,tabpfn,81,78,16384.0,40.0,5,11,ok,,0.23022038955241442,0.0089183384552598,0.6741854548454285
41147,albert,hydra_small,81,78,16384.0,40.0,5,11,ok,,0.2590809818357229,0.03083323035389185,0.6867167949676514
41147,albert,tabpfn,81,78,16384.0,40.0,5,12,ok,,0.23725129012018442,0.008938786573708057,0.6741854548454285
41147,albert,hybrid_8l,81,78,16384.0,40.0,5,12,ok,,0.22723414096981287,0.00989964697510004,0.664160430431366
41147,albert,hydra,81,78,16384.0,40.0,5,12,ok,,0.23465642426162958,0.01609742920845747,0.7117794752120972
41147,albert,hydra_small,81,78,16384.0,40.0,5,12,ok,,0.25256425235420465,0.031156892888247967,0.6867167949676514
41147,albert,tabpfn,81,78,16384.0,40.0,5,13,ok,,0.2391695948317647,0.009015651419758797,0.6741854548454285
41147,albert,hydra,81,78,16384.0,40.0,5,13,ok,,0.24370511807501316,0.016771746799349785,0.7117794752120972
41147,albert,hybrid_8l,81,78,16384.0,40.0,5,13,ok,,0.2424353016540408,0.010222298093140125,0.664160430431366
41147,albert,hydra_small,81,78,16384.0,40.0,5,13,ok,,0.26817971002310514,0.031457774341106415,0.6867167949676514
41147,albert,hydra_small,81,78,16384.0,40.0,5,14,ok,,0.26675294525921345,0.031245220452547073,0.6867167949676514
41147,albert,tabpfn,81,78,16384.0,40.0,5,14,ok,,0.24398323521018028,0.009234296157956123,0.6741854548454285
41147,albert,hydra,81,78,16384.0,40.0,5,14,ok,,0.2503459407016635,0.016737041994929314,0.7117794752120972
41147,albert,hybrid_8l,81,78,16384.0,40.0,5,14,ok,,0.2419251659885049,0.009731639176607132,0.664160430431366
41147,albert,tabpfn,81,78,16384.0,40.0,5,15,ok,,0.24210079852491617,0.00889785960316658,0.6741854548454285
41147,albert,hydra,81,78,16384.0,40.0,5,15,ok,,0.240250033326447,0.01635916531085968,0.7117794752120972
41147,albert,hydra_small,81,78,16384.0,40.0,5,15,ok,,0.2569954702630639,0.031024222262203693,0.6867167949676514
41147,albert,hybrid_8l,81,78,16384.0,40.0,5,15,ok,,0.23584065772593021,0.010061413049697876,0.664160430431366
41168,jannis,hydra_small,83733,54,16384.0,16384.0,1,1,ok,,10.555848971940577,8.619594810530543,0.6997294425964355
41168,jannis,hydra,83733,54,16384.0,16384.0,1,1,ok,,3.192455779761076,1.588185171596706,0.511687695980072
41168,jannis,hydra_small,83733,54,16384.0,16384.0,1,2,ok,,10.21175441145897,8.603268356062472,0.6997294425964355
41168,jannis,hydra,83733,54,16384.0,16384.0,1,2,ok,,3.22861073538661,1.58994104526937,0.511687695980072
41168,jannis,hydra_small,83733,54,16384.0,16384.0,1,3,ok,,10.230187613517046,8.61773338355124,0.6997294425964355
41168,jannis,hydra,83733,54,16384.0,16384.0,1,3,ok,,3.1969402730464935,1.5866790311411023,0.511687695980072
41168,jannis,hydra,83733,54,16384.0,16384.0,1,4,ok,,3.192703072912991,1.5880873780697584,0.511687695980072
41168,jannis,hydra_small,83733,54,16384.0,16384.0,1,4,ok,,10.224717400036752,8.613020660355687,0.6997294425964355
41168,jannis,hydra_small,83733,54,16384.0,16384.0,1,5,ok,,10.225843477062881,8.609886347316206,0.6997294425964355
41168,jannis,hydra,83733,54,16384.0,16384.0,1,5,ok,,3.223696173168719,1.5849685929715633,0.511687695980072
41168,jannis,hydra_small,83733,54,16384.0,16384.0,1,6,ok,,10.226537640206516,8.617546573281288,0.6997294425964355
41168,jannis,hydra,83733,54,16384.0,16384.0,1,6,ok,,3.1916450392454863,1.5862139081582427,0.511687695980072
41168,jannis,hydra_small,83733,54,16384.0,16384.0,1,7,ok,,10.231781834736466,8.613155735656619,0.6997294425964355
41168,jannis,hydra,83733,54,16384.0,16384.0,1,7,ok,,3.1903852755203843,1.5852701282128692,0.511687695980072
41168,jannis,hydra,83733,54,16384.0,16384.0,1,8,ok,,3.2116797314956784,1.584956532344222,0.511687695980072
41168,jannis,hydra_small,83733,54,16384.0,16384.0,1,8,ok,,10.252967409789562,8.6120770201087,0.6997294425964355
41168,jannis,hydra_small,83733,54,16384.0,16384.0,1,9,ok,,10.257286747917533,8.617767709307373,0.6997294425964355
41168,jannis,hydra,83733,54,16384.0,16384.0,1,9,ok,,3.1915772007778287,1.5837881425395608,0.511687695980072
41168,jannis,hydra_small,83733,54,16384.0,16384.0,1,10,ok,,10.224220719188452,8.620450154878199,0.6997294425964355
41168,jannis,hydra,83733,54,16384.0,16384.0,1,10,ok,,3.190713929012418,1.5860339049249887,0.511687695980072
41168,jannis,hydra,83733,54,16384.0,16384.0,1,11,ok,,3.182221507653594,1.5848554717376828,0.511687695980072
41168,jannis,hydra_small,83733,54,16384.0,16384.0,1,11,ok,,10.227574588730931,8.611276304349303,0.6997294425964355
41168,jannis,hydra,83733,54,16384.0,16384.0,1,12,ok,,3.1901829559355974,1.5815596347674727,0.511687695980072
41168,jannis,hydra_small,83733,54,16384.0,16384.0,1,12,ok,,10.219757059589028,8.614641604945064,0.6997294425964355
41168,jannis,hydra_small,83733,54,16384.0,16384.0,1,13,ok,,10.219757426530123,8.615198067389429,0.6997294425964355
41168,jannis,hydra,83733,54,16384.0,16384.0,1,13,ok,,3.1854536654427648,1.5855833729729056,0.511687695980072
41168,jannis,hydra,83733,54,16384.0,16384.0,1,14,ok,,3.203949488699436,1.5871781036257744,0.511687695980072
41168,jannis,hydra_small,83733,54,16384.0,16384.0,1,14,ok,,10.222397837787867,8.615170326083899,0.6997294425964355
41168,jannis,hydra_small,83733,54,16384.0,16384.0,1,15,ok,,10.224098045378923,8.615658549591899,0.6997294425964355
41168,jannis,hydra,83733,54,16384.0,16384.0,1,15,ok,,3.190293986350298,1.583044758066535,0.511687695980072
41168,jannis,hydra_small,83733,54,16384.0,16384.0,2,1,ok,,10.321781155653298,8.609897751361132,0.7054361701011658
41168,jannis,hydra,83733,54,16384.0,16384.0,2,1,ok,,3.2305266577750444,1.5848406767472625,0.5192102193832397
41168,jannis,hydra,83733,54,16384.0,16384.0,2,2,ok,,3.2346487771719694,1.585436205379665,0.5192102193832397
41168,jannis,hydra_small,83733,54,16384.0,16384.0,2,2,ok,,10.260446396656334,8.614333778619766,0.7054361701011658
41168,jannis,hydra,83733,54,16384.0,16384.0,2,3,ok,,3.220081051811576,1.5843663457781076,0.5192102193832397
41168,jannis,hydra_small,83733,54,16384.0,16384.0,2,3,ok,,10.285677364096045,8.61486204713583,0.7054361701011658
41168,jannis,hydra,83733,54,16384.0,16384.0,2,4,ok,,3.235685541294515,1.5866818707436323,0.5192102193832397
41168,jannis,hydra_small,83733,54,16384.0,16384.0,2,4,ok,,10.319915989413857,8.616156696341932,0.7054361701011658
41168,jannis,hydra_small,83733,54,16384.0,16384.0,2,5,ok,,10.289062610827386,8.61572150234133,0.7054361701011658
41168,jannis,hydra,83733,54,16384.0,16384.0,2,5,ok,,3.309474639594555,1.5955248912796378,0.5192102193832397
41168,jannis,hydra_small,83733,54,16384.0,16384.0,2,6,ok,,10.260080255568027,8.61745589505881,0.7054361701011658
41168,jannis,hydra,83733,54,16384.0,16384.0,2,6,ok,,3.208980832248926,1.5841133296489716,0.5192102193832397
41168,jannis,hydra_small,83733,54,16384.0,16384.0,2,7,ok,,10.254118363372982,8.61716454103589,0.7054361701011658
41168,jannis,hydra,83733,54,16384.0,16384.0,2,7,ok,,3.236125267110765,1.5839732894673944,0.5192102193832397
41168,jannis,hydra_small,83733,54,16384.0,16384.0,2,8,ok,,10.242414235137403,8.610910750925541,0.7054361701011658
41168,jannis,hydra,83733,54,16384.0,16384.0,2,8,ok,,3.2608654368668795,1.5829058652743697,0.5192102193832397
41168,jannis,hydra_small,83733,54,16384.0,16384.0,2,9,ok,,10.287255421280861,8.616649754345417,0.7054361701011658
41168,jannis,hydra,83733,54,16384.0,16384.0,2,9,ok,,3.261584314517677,1.58507623616606,0.5192102193832397
41168,jannis,hydra,83733,54,16384.0,16384.0,2,10,ok,,3.2577226171270013,1.582831472158432,0.5192102193832397
41168,jannis,hydra_small,83733,54,16384.0,16384.0,2,10,ok,,10.246353847905993,8.612678123638034,0.7054361701011658
41168,jannis,hydra,83733,54,16384.0,16384.0,2,11,ok,,3.2079778127372265,1.581921897828579,0.5192102193832397
41168,jannis,hydra_small,83733,54,16384.0,16384.0,2,11,ok,,10.248960403725505,8.612974082119763,0.7054361701011658
41168,jannis,hydra_small,83733,54,16384.0,16384.0,2,12,ok,,10.251900945790112,8.61683137435466,0.7054361701011658
41168,jannis,hydra,83733,54,16384.0,16384.0,2,12,ok,,3.210566441528499,1.5854206532239914,0.5192102193832397
41168,jannis,hydra,83733,54,16384.0,16384.0,2,13,ok,,3.2215432673692703,1.5833764905110002,0.5192102193832397
41168,jannis,hydra_small,83733,54,16384.0,16384.0,2,13,ok,,10.246340154670179,8.615451597608626,0.7054361701011658
41168,jannis,hydra_small,83733,54,16384.0,16384.0,2,14,ok,,10.243209034204483,8.612824182026088,0.7054361701011658
41168,jannis,hydra,83733,54,16384.0,16384.0,2,14,ok,,3.210952584631741,1.5846451204270124,0.5192102193832397
41168,jannis,hydra,83733,54,16384.0,16384.0,2,15,ok,,3.2185135604813695,1.585257338359952,0.5192102193832397
41168,jannis,hydra_small,83733,54,16384.0,16384.0,2,15,ok,,10.279811788350344,8.61484202183783,0.7054361701011658
41168,jannis,hydra_small,83733,54,16384.0,16384.0,3,1,ok,,10.298972161486745,8.614182565361261,0.7046089768409729
41168,jannis,hydra,83733,54,16384.0,16384.0,3,1,ok,,3.233230596408248,1.584409068338573,0.5113104581832886
41168,jannis,hydra_small,83733,54,16384.0,16384.0,3,2,ok,,10.233607408590615,8.621214790269732,0.7046089768409729
41168,jannis,hydra,83733,54,16384.0,16384.0,3,2,ok,,3.291196326725185,1.5847249254584312,0.5113104581832886
41168,jannis,hydra,83733,54,16384.0,16384.0,3,3,ok,,3.1905008256435394,1.5832509119063616,0.5113104581832886
41168,jannis,hydra_small,83733,54,16384.0,16384.0,3,3,ok,,10.345227284356952,8.610864417627454,0.7046089768409729
41168,jannis,hydra,83733,54,16384.0,16384.0,3,4,ok,,3.1946876933798194,1.5856631817296147,0.5113104581832886
41168,jannis,hydra_small,83733,54,16384.0,16384.0,3,4,ok,,10.295223173685372,8.618458077311516,0.7046089768409729
41168,jannis,hydra_small,83733,54,16384.0,16384.0,3,5,ok,,10.248689061030746,8.617412379942834,0.7046089768409729
41168,jannis,hydra,83733,54,16384.0,16384.0,3,5,ok,,3.8877153089269996,1.6040594326332211,0.5113104581832886
41168,jannis,hydra,83733,54,16384.0,16384.0,3,6,ok,,3.2292587477713823,1.5850670682266355,0.5113104581832886
41168,jannis,hydra_small,83733,54,16384.0,16384.0,3,6,ok,,10.71309575252235,8.641153779812157,0.7046089768409729
41168,jannis,hydra_small,83733,54,16384.0,16384.0,3,7,ok,,10.602990925312042,8.733718651346862,0.7046089768409729
41168,jannis,hydra,83733,54,16384.0,16384.0,3,7,ok,,3.4642323227599263,1.6125072846189141,0.5113104581832886
41168,jannis,hydra,83733,54,16384.0,16384.0,3,8,ok,,3.2476026955991983,1.5832023527473211,0.5113104581832886
41168,jannis,hydra_small,83733,54,16384.0,16384.0,3,8,ok,,10.228531425818801,8.614672219380736,0.7046089768409729
41168,jannis,hydra,83733,54,16384.0,16384.0,3,9,ok,,3.564249104820192,1.616675709374249,0.5113104581832886
41168,jannis,hydra_small,83733,54,16384.0,16384.0,3,9,ok,,10.36066794861108,8.619811370037496,0.7046089768409729
41168,jannis,hydra,83733,54,16384.0,16384.0,3,10,ok,,3.228254954330623,1.5856216931715608,0.5113104581832886
41168,jannis,hydra_small,83733,54,16384.0,16384.0,3,10,ok,,10.293027134612203,8.613228269852698,0.7046089768409729
41168,jannis,hydra,83733,54,16384.0,16384.0,3,11,ok,,3.303666127845645,1.5934971934184432,0.5113104581832886
41168,jannis,hydra_small,83733,54,16384.0,16384.0,3,11,ok,,10.248918516561389,8.61495903134346,0.7046089768409729
41168,jannis,hydra_small,83733,54,16384.0,16384.0,3,12,ok,,10.227191182784736,8.616107330657542,0.7046089768409729
41168,jannis,hydra,83733,54,16384.0,16384.0,3,12,ok,,3.18608065135777,1.584184437058866,0.5113104581832886
41168,jannis,hydra_small,83733,54,16384.0,16384.0,3,13,ok,,10.22965017426759,8.616022473201156,0.7046089768409729
41168,jannis,hydra,83733,54,16384.0,16384.0,3,13,ok,,3.216574903577566,1.5827717883512378,0.5113104581832886
41168,jannis,hydra,83733,54,16384.0,16384.0,3,14,ok,,3.868471661582589,1.6131009012460709,0.5113104581832886
41168,jannis,hydra_small,83733,54,16384.0,16384.0,3,14,ok,,10.225136774592102,8.61280514858663,0.7046089768409729
41168,jannis,hydra_small,83733,54,16384.0,16384.0,3,15,ok,,10.23075850866735,8.615965582430363,0.7046089768409729
41168,jannis,hydra,83733,54,16384.0,16384.0,3,15,ok,,3.19547101482749,1.582773869857192,0.5113104581832886
41168,jannis,hydra,83733,54,16384.0,16384.0,4,1,ok,,3.1777842631563544,1.5846004812046885,0.5093928575515747
41168,jannis,hydra_small,83733,54,16384.0,16384.0,4,1,ok,,10.280123107135296,8.613824197091162,0.6961364150047302
41168,jannis,hydra_small,83733,54,16384.0,16384.0,4,2,ok,,10.408899154514074,8.67784964852035,0.6961364150047302
41168,jannis,hydra,83733,54,16384.0,16384.0,4,2,ok,,4.076316210441291,1.6159159811213613,0.5093928575515747
41168,jannis,hydra,83733,54,16384.0,16384.0,4,3,ok,,3.1992973191663623,1.5843914123252034,0.5093928575515747
41168,jannis,hydra_small,83733,54,16384.0,16384.0,4,3,ok,,10.39026013109833,8.619336519390345,0.6961364150047302
41168,jannis,hydra,83733,54,16384.0,16384.0,4,4,ok,,3.38845616299659,1.61310291942209,0.5093928575515747
41168,jannis,hydra_small,83733,54,16384.0,16384.0,4,4,ok,,10.282315959222615,8.618885478004813,0.6961364150047302
41168,jannis,hydra,83733,54,16384.0,16384.0,4,5,ok,,3.1715721441432834,1.5828638961538672,0.5093928575515747
41168,jannis,hydra_small,83733,54,16384.0,16384.0,4,5,ok,,10.203117650002241,8.610791977494955,0.6961364150047302
41168,jannis,hydra,83733,54,16384.0,16384.0,4,6,ok,,3.173026328906417,1.5836632587015629,0.5093928575515747
41168,jannis,hydra_small,83733,54,16384.0,16384.0,4,6,ok,,10.21574497781694,8.613849646411836,0.6961364150047302
41168,jannis,hydra_small,83733,54,16384.0,16384.0,4,7,ok,,10.21244851872325,8.615051136352122,0.6961364150047302
41168,jannis,hydra,83733,54,16384.0,16384.0,4,7,ok,,3.1698154024779797,1.5815212186425924,0.5093928575515747
41168,jannis,hydra,83733,54,16384.0,16384.0,4,8,ok,,3.175199933350086,1.5856327591463923,0.5093928575515747
41168,jannis,hydra_small,83733,54,16384.0,16384.0,4,8,ok,,10.22750854305923,8.613485114648938,0.6961364150047302
41168,jannis,hydra,83733,54,16384.0,16384.0,4,9,ok,,3.173596682958305,1.584350428543985,0.5093928575515747
41168,jannis,hydra_small,83733,54,16384.0,16384.0,4,9,ok,,10.212177329696715,8.61306565348059,0.6961364150047302
41168,jannis,hydra,83733,54,16384.0,16384.0,4,10,ok,,3.234817871823907,1.5851950496435165,0.5093928575515747
41168,jannis,hydra_small,83733,54,16384.0,16384.0,4,10,ok,,10.299748049117625,8.618477604351938,0.6961364150047302
41168,jannis,hydra_small,83733,54,16384.0,16384.0,4,11,ok,,10.23315093666315,8.614024803973734,0.6961364150047302
41168,jannis,hydra,83733,54,16384.0,16384.0,4,11,ok,,3.2483968464657664,1.5814509727060795,0.5093928575515747
41168,jannis,hydra,83733,54,16384.0,16384.0,4,12,ok,,4.078281228430569,1.5974729377776384,0.5093928575515747
41168,jannis,hydra_small,83733,54,16384.0,16384.0,4,12,ok,,10.216723996214569,8.614056014455855,0.6961364150047302
41168,jannis,hydra,83733,54,16384.0,16384.0,4,13,ok,,3.177806792780757,1.583567581139505,0.5093928575515747
41168,jannis,hydra_small,83733,54,16384.0,16384.0,4,13,ok,,10.608378981240094,8.64156172517687,0.6961364150047302
41168,jannis,hydra_small,83733,54,16384.0,16384.0,4,14,ok,,10.724867950193584,8.648516598157585,0.6961364150047302
41168,jannis,hydra,83733,54,16384.0,16384.0,4,14,ok,,3.8561896830797195,1.614456512965262,0.5093928575515747
41168,jannis,hydra,83733,54,16384.0,16384.0,4,15,ok,,3.590773046016693,1.6160484589636326,0.5093928575515747
41168,jannis,hydra_small,83733,54,16384.0,16384.0,4,15,ok,,10.214992118999362,8.6155239129439,0.6961364150047302
41168,jannis,hydra_small,83733,54,16384.0,16384.0,5,1,ok,,10.265174261294305,8.61398331169039,0.6994106769561768
41168,jannis,hydra,83733,54,16384.0,16384.0,5,1,ok,,3.6763015668839216,1.5984612368047237,0.524303138256073
41168,jannis,hydra,83733,54,16384.0,16384.0,5,2,ok,,4.563703922554851,1.6120547093451023,0.524303138256073
41168,jannis,hydra_small,83733,54,16384.0,16384.0,5,2,ok,,11.597726562991738,8.644796324893832,0.6994106769561768
41168,jannis,hydra,83733,54,16384.0,16384.0,5,3,ok,,4.564097817055881,1.6066410532221198,0.524303138256073
41168,jannis,hydra_small,83733,54,16384.0,16384.0,5,3,ok,,11.620043839327991,8.649509829469025,0.6994106769561768
41168,jannis,hydra,83733,54,16384.0,16384.0,5,4,ok,,4.65083728171885,1.6095926854759455,0.524303138256073
41168,jannis,hydra_small,83733,54,16384.0,16384.0,5,4,ok,,11.656109943985939,8.64697050396353,0.6994106769561768
41168,jannis,hydra,83733,54,16384.0,16384.0,5,5,ok,,4.53766265604645,1.5957826180383563,0.524303138256073
41168,jannis,hydra_small,83733,54,16384.0,16384.0,5,5,ok,,10.72057535033673,8.74576617963612,0.6994106769561768
41168,jannis,hydra,83733,54,16384.0,16384.0,5,6,ok,,4.711182979866862,1.607833449728787,0.524303138256073
41168,jannis,hydra_small,83733,54,16384.0,16384.0,5,6,ok,,10.285029080696404,8.615814225748181,0.6994106769561768
41168,jannis,hydra_small,83733,54,16384.0,16384.0,5,7,ok,,10.290132597088814,8.616629788652062,0.6994106769561768
41168,jannis,hydra,83733,54,16384.0,16384.0,5,7,ok,,3.352188365533948,1.6066391048952937,0.524303138256073
41168,jannis,hydra_small,83733,54,16384.0,16384.0,5,8,ok,,11.596125005744398,8.64059703424573,0.6994106769561768
41168,jannis,hydra,83733,54,16384.0,16384.0,5,8,ok,,4.560917506925762,1.612544072791934,0.524303138256073
41168,jannis,hydra_small,83733,54,16384.0,16384.0,5,9,ok,,11.596111034043133,8.634304648265243,0.6994106769561768
41168,jannis,hydra,83733,54,16384.0,16384.0,5,9,ok,,4.559157050214708,1.6095787035301328,0.524303138256073
41168,jannis,hydra,83733,54,16384.0,16384.0,5,10,ok,,4.570183370262384,1.6153681920841336,0.524303138256073
41168,jannis,hydra_small,83733,54,16384.0,16384.0,5,10,ok,,11.597505768761039,8.638529417105019,0.6994106769561768
41168,jannis,hydra_small,83733,54,16384.0,16384.0,5,11,ok,,11.592943562194705,8.64432949386537,0.6994106769561768
41168,jannis,hydra,83733,54,16384.0,16384.0,5,11,ok,,4.156544519588351,1.597067098133266,0.524303138256073
41168,jannis,hydra_small,83733,54,16384.0,16384.0,5,12,ok,,10.273134819231927,8.618375236168504,0.6994106769561768
41168,jannis,hydra,83733,54,16384.0,16384.0,5,12,ok,,3.2273543532937765,1.5834490656852722,0.524303138256073
41168,jannis,hydra_small,83733,54,16384.0,16384.0,5,13,ok,,10.260162407532334,8.610945207066834,0.6994106769561768
41168,jannis,hydra,83733,54,16384.0,16384.0,5,13,ok,,3.2325726486742496,1.5833335565403104,0.524303138256073
41168,jannis,hydra,83733,54,16384.0,16384.0,5,14,ok,,3.252572411671281,1.5849092714488506,0.524303138256073
41168,jannis,hydra_small,83733,54,16384.0,16384.0,5,14,ok,,10.87443133071065,8.653434094041586,0.6994106769561768
41168,jannis,hydra_small,83733,54,16384.0,16384.0,5,15,ok,,10.283950801938772,8.613818193785846,0.6994106769561768
41168,jannis,hydra,83733,54,16384.0,16384.0,5,15,ok,,3.3100097412243485,1.607942109927535,0.524303138256073
41166,volkert,hydra,58310,100,16384.0,16384.0,1,1,ok,,4.31176770105958,2.0371934166178107,0.509024441242218
41166,volkert,hydra_small,58310,100,16384.0,16384.0,1,1,ok,,13.6866110637784,10.78183664008975,0.7511983513832092
41166,volkert,hydra_small,58310,100,16384.0,16384.0,1,2,ok,,12.664267047308385,10.785084079951048,0.7511983513832092
41166,volkert,hydra,58310,100,16384.0,16384.0,1,2,ok,,3.9316913979128003,2.018084251321852,0.509024441242218
41166,volkert,hydra_small,58310,100,16384.0,16384.0,1,3,ok,,12.60473036300391,10.759989432059228,0.7511983513832092
41166,volkert,hydra,58310,100,16384.0,16384.0,1,3,ok,,3.86906136572361,2.0319283297285438,0.509024441242218
41166,volkert,hydra_small,58310,100,16384.0,16384.0,1,4,ok,,12.85745825059712,10.784004405140877,0.7511983513832092
41166,volkert,hydra,58310,100,16384.0,16384.0,1,4,ok,,3.871886276639998,2.029210088774562,0.509024441242218
41166,volkert,hydra_small,58310,100,16384.0,16384.0,1,5,ok,,13.08867939375341,10.784934775903821,0.7511983513832092
41166,volkert,hydra,58310,100,16384.0,16384.0,1,5,ok,,3.919985666871071,2.0165976621210575,0.509024441242218
41166,volkert,hydra,58310,100,16384.0,16384.0,1,6,ok,,3.8723817048594356,2.0041819689795375,0.509024441242218
41166,volkert,hydra_small,58310,100,16384.0,16384.0,1,6,ok,,13.570326334796846,10.782631047070026,0.7511983513832092
41166,volkert,hydra_small,58310,100,16384.0,16384.0,1,7,ok,,12.637631059624255,10.791932116262615,0.7511983513832092
41166,volkert,hydra,58310,100,16384.0,16384.0,1,7,ok,,4.317570865154266,2.031973802484572,0.509024441242218
41166,volkert,hydra_small,58310,100,16384.0,16384.0,1,8,ok,,13.657725715078413,10.780542984604836,0.7511983513832092
41166,volkert,hydra,58310,100,16384.0,16384.0,1,8,ok,,3.9362406404688954,2.096521926112473,0.509024441242218
41166,volkert,hydra,58310,100,16384.0,16384.0,1,9,ok,,3.8830518359318376,2.041112607344985,0.509024441242218
41166,volkert,hydra_small,58310,100,16384.0,16384.0,1,9,ok,,12.669977916404605,10.796390966512263,0.7511983513832092
41166,volkert,hydra,58310,100,16384.0,16384.0,1,10,ok,,5.111410886049271,2.031514201313257,0.509024441242218
41166,volkert,hydra_small,58310,100,16384.0,16384.0,1,10,ok,,12.637518693692982,10.788916091434658,0.7511983513832092
41166,volkert,hydra,58310,100,16384.0,16384.0,1,11,ok,,4.3086395394057035,2.029634127393365,0.509024441242218
41166,volkert,hydra_small,58310,100,16384.0,16384.0,1,11,ok,,12.709313062950969,10.798512329347432,0.7511983513832092
41166,volkert,hydra,58310,100,16384.0,16384.0,1,12,ok,,4.337744391523302,2.0330648170784116,0.509024441242218
41166,volkert,hydra_small,58310,100,16384.0,16384.0,1,12,ok,,12.714685969054699,10.790689664892852,0.7511983513832092
41166,volkert,hydra,58310,100,16384.0,16384.0,1,13,ok,,4.387921826913953,2.026996419765055,0.509024441242218
41166,volkert,hydra_small,58310,100,16384.0,16384.0,1,13,ok,,12.64486947003752,10.795639118179679,0.7511983513832092
41166,volkert,hydra_small,58310,100,16384.0,16384.0,1,14,ok,,12.697985363192856,10.759448008611798,0.7511983513832092
41166,volkert,hydra,58310,100,16384.0,16384.0,1,14,ok,,5.31066794320941,2.0427206000313163,0.509024441242218
41166,volkert,hydra,58310,100,16384.0,16384.0,1,15,ok,,3.8893689084798098,2.030709482729435,0.509024441242218
41166,volkert,hydra_small,58310,100,16384.0,16384.0,1,15,ok,,12.940953578799963,10.793397456407547,0.7511983513832092
41166,volkert,hydra,58310,100,16384.0,16384.0,2,1,ok,,5.25490153580904,2.031849122606218,0.5098947882652283
41166,volkert,hydra_small,58310,100,16384.0,16384.0,2,1,ok,,14.161118667572737,10.793968014419079,0.7335118055343628
41166,volkert,hydra_small,58310,100,16384.0,16384.0,2,2,ok,,13.43536182679236,10.79899818263948,0.7335118055343628
41166,volkert,hydra,58310,100,16384.0,16384.0,2,2,ok,,3.972767734900117,2.0251211635768414,0.5098947882652283
41166,volkert,hydra,58310,100,16384.0,16384.0,2,3,ok,,3.9169429978355765,2.019716674461961,0.5098947882652283
41166,volkert,hydra_small,58310,100,16384.0,16384.0,2,3,ok,,12.939945709891617,10.785502651706338,0.7335118055343628
41166,volkert,hydra_small,58310,100,16384.0,16384.0,2,4,ok,,12.910255135037005,10.783797447569668,0.7335118055343628
41166,volkert,hydra,58310,100,16384.0,16384.0,2,4,ok,,3.991713358089328,2.0259601026773453,0.5098947882652283
41166,volkert,hydra,58310,100,16384.0,16384.0,2,5,ok,,4.26046737190336,2.166038477793336,0.5098947882652283
41166,volkert,hydra_small,58310,100,16384.0,16384.0,2,5,ok,,12.798385312780738,10.798249936662614,0.7335118055343628
41166,volkert,hydra,58310,100,16384.0,16384.0,2,6,ok,,3.9643034348264337,2.0417271852493286,0.5098947882652283
41166,volkert,hydra_small,58310,100,16384.0,16384.0,2,6,ok,,12.748058330267668,10.799138478934765,0.7335118055343628
41166,volkert,hydra_small,58310,100,16384.0,16384.0,2,7,ok,,12.876464808359742,10.774678185582161,0.7335118055343628
41166,volkert,hydra,58310,100,16384.0,16384.0,2,7,ok,,4.075808241032064,2.021302287466824,0.5098947882652283
41166,volkert,hydra,58310,100,16384.0,16384.0,2,8,ok,,4.021355465054512,2.026309482753277,0.5098947882652283
41166,volkert,hydra_small,58310,100,16384.0,16384.0,2,8,ok,,12.79938511736691,10.778354828245938,0.7335118055343628
41166,volkert,hydra_small,58310,100,16384.0,16384.0,2,9,ok,,12.825662082061172,10.798723966814578,0.7335118055343628
41166,volkert,hydra,58310,100,16384.0,16384.0,2,9,ok,,5.195110856555402,2.0965220872312784,0.5098947882652283
41166,volkert,hydra_small,58310,100,16384.0,16384.0,2,10,ok,,12.96424523089081,10.797370321117342,0.7335118055343628
41166,volkert,hydra,58310,100,16384.0,16384.0,2,10,ok,,4.285884192213416,2.0435731802135706,0.5098947882652283
41166,volkert,hydra,58310,100,16384.0,16384.0,2,11,ok,,4.492603565566242,2.027267036959529,0.5098947882652283
41166,volkert,hydra_small,58310,100,16384.0,16384.0,2,11,ok,,12.78577833250165,10.786090597510338,0.7335118055343628
41166,volkert,hydra,58310,100,16384.0,16384.0,2,12,ok,,4.083629567176104,2.0354107758030295,0.5098947882652283
41166,volkert,hydra_small,58310,100,16384.0,16384.0,2,12,ok,,12.821519335731864,10.795225623063743,0.7335118055343628
41166,volkert,hydra_small,58310,100,16384.0,16384.0,2,13,ok,,12.992857453413308,10.782690562307835,0.7335118055343628
41166,volkert,hydra,58310,100,16384.0,16384.0,2,13,ok,,3.9894001381471753,2.0197667563334107,0.5098947882652283
41166,volkert,hydra,58310,100,16384.0,16384.0,2,14,ok,,4.133694999851286,2.0205504512414336,0.5098947882652283
41166,volkert,hydra_small,58310,100,16384.0,16384.0,2,14,ok,,12.83331614267081,10.779624632559717,0.7335118055343628
41166,volkert,hydra,58310,100,16384.0,16384.0,2,15,ok,,3.891366791911423,2.0224698167294264,0.5098947882652283
41166,volkert,hydra_small,58310,100,16384.0,16384.0,2,15,ok,,13.326223697513342,10.796434978954494,0.7335118055343628
41166,volkert,hydra_small,58310,100,16384.0,16384.0,3,1,ok,,12.693976905196905,10.793724494054914,0.7436271905899048
41166,volkert,hydra,58310,100,16384.0,16384.0,3,1,ok,,4.29691666085273,2.0233609452843666,0.5117999315261841
41166,volkert,hydra,58310,100,16384.0,16384.0,3,2,ok,,5.12111668009311,2.031377241946757,0.5117999315261841
41166,volkert,hydra_small,58310,100,16384.0,16384.0,3,2,ok,,13.962164326570928,10.797527846880257,0.7436271905899048
41166,volkert,hydra_small,58310,100,16384.0,16384.0,3,3,ok,,13.173851176165044,10.788938933052123,0.7436271905899048
41166,volkert,hydra,58310,100,16384.0,16384.0,3,3,ok,,5.20478143170476,2.043070546351373,0.5117999315261841
41166,volkert,hydra,58310,100,16384.0,16384.0,3,4,ok,,3.9396912660449743,2.0219385595992208,0.5117999315261841
41166,volkert,hydra_small,58310,100,16384.0,16384.0,3,4,ok,,12.863235858269036,10.788838210515678,0.7436271905899048
41166,volkert,hydra,58310,100,16384.0,16384.0,3,5,ok,,5.217848366126418,2.038695194758475,0.5117999315261841
41166,volkert,hydra_small,58310,100,16384.0,16384.0,3,5,ok,,13.432067091576755,10.792564528994262,0.7436271905899048
41166,volkert,hydra,58310,100,16384.0,16384.0,3,6,ok,,4.49441802687943,2.038178696297109,0.5117999315261841
41166,volkert,hydra_small,58310,100,16384.0,16384.0,3,6,ok,,14.23895952757448,10.79358829651028,0.7436271905899048
41166,volkert,hydra,58310,100,16384.0,16384.0,3,7,ok,,4.896270158700645,2.042602267116308,0.5117999315261841
41166,volkert,hydra_small,58310,100,16384.0,16384.0,3,7,ok,,12.847791972570121,10.8002720894292,0.7436271905899048
41166,volkert,hydra,58310,100,16384.0,16384.0,3,8,ok,,4.240114409476519,2.0435415487736464,0.5117999315261841
41166,volkert,hydra_small,58310,100,16384.0,16384.0,3,8,ok,,12.714345361106098,10.799393112771213,0.7436271905899048
41166,volkert,hydra,58310,100,16384.0,16384.0,3,9,ok,,4.50330529268831,2.023823398165405,0.5117999315261841
41166,volkert,hydra_small,58310,100,16384.0,16384.0,3,9,ok,,12.693024546839297,10.78285701200366,0.7436271905899048
41166,volkert,hydra,58310,100,16384.0,16384.0,3,10,ok,,4.403930746018887,2.0458662007004023,0.5117999315261841
41166,volkert,hydra_small,58310,100,16384.0,16384.0,3,10,ok,,14.462358454242349,10.789326957426965,0.7436271905899048
41166,volkert,hydra_small,58310,100,16384.0,16384.0,3,11,ok,,15.27079716976732,10.803221572190523,0.7436271905899048
41166,volkert,hydra,58310,100,16384.0,16384.0,3,11,ok,,4.725946981459856,2.038713217712939,0.5117999315261841
41166,volkert,hydra,58310,100,16384.0,16384.0,3,12,ok,,4.856829701922834,2.035546850413084,0.5117999315261841
41166,volkert,hydra_small,58310,100,16384.0,16384.0,3,12,ok,,13.424649616703391,10.790252790786326,0.7436271905899048
41166,volkert,hydra,58310,100,16384.0,16384.0,3,13,ok,,4.461660319939256,2.041703282855451,0.5117999315261841
41166,volkert,hydra_small,58310,100,16384.0,16384.0,3,13,ok,,13.018867205828428,10.799365925602615,0.7436271905899048
41166,volkert,hydra,58310,100,16384.0,16384.0,3,14,ok,,4.723225763998926,2.037766734138131,0.5117999315261841
41166,volkert,hydra_small,58310,100,16384.0,16384.0,3,14,ok,,12.817166831344366,10.797683366574347,0.7436271905899048
41166,volkert,hydra,58310,100,16384.0,16384.0,3,15,ok,,3.8747135838493705,2.0326966289430857,0.5117999315261841
41166,volkert,hydra_small,58310,100,16384.0,16384.0,3,15,ok,,12.63329556491226,10.792586698196828,0.7436271905899048
41166,volkert,hydra,58310,100,16384.0,16384.0,4,1,ok,,4.495264515280724,2.042695252224803,0.5108156800270081
41166,volkert,hydra_small,58310,100,16384.0,16384.0,4,1,ok,,13.147077511064708,10.783377018757164,0.7270346283912659
41166,volkert,hydra_small,58310,100,16384.0,16384.0,4,2,ok,,13.181791397742927,10.799381459131837,0.7270346283912659
41166,volkert,hydra,58310,100,16384.0,16384.0,4,2,ok,,5.215652118436992,2.0217077592387795,0.5108156800270081
41166,volkert,hydra,58310,100,16384.0,16384.0,4,3,ok,,5.524158166721463,2.0439433259889483,0.5108156800270081
41166,volkert,hydra_small,58310,100,16384.0,16384.0,4,3,ok,,12.641405987553298,10.794196425005794,0.7270346283912659
41166,volkert,hydra_small,58310,100,16384.0,16384.0,4,4,ok,,13.330249107442796,10.785519936122,0.7270346283912659
41166,volkert,hydra,58310,100,16384.0,16384.0,4,4,ok,,3.863257287070155,2.0274415612220764,0.5108156800270081
41166,volkert,hydra_small,58310,100,16384.0,16384.0,4,5,ok,,12.621354295872152,10.791210357099771,0.7270346283912659
41166,volkert,hydra,58310,100,16384.0,16384.0,4,5,ok,,3.907123344950378,2.032902608625591,0.5108156800270081
41166,volkert,hydra_small,58310,100,16384.0,16384.0,4,6,ok,,12.64470342360437,10.787018673494458,0.7270346283912659
41166,volkert,hydra,58310,100,16384.0,16384.0,4,6,ok,,3.882688570767641,2.0327562103047967,0.5108156800270081
41166,volkert,hydra,58310,100,16384.0,16384.0,4,7,ok,,4.196593908593059,2.037462968379259,0.5108156800270081
41166,volkert,hydra_small,58310,100,16384.0,16384.0,4,7,ok,,13.107432443648577,10.789749748073518,0.7270346283912659
41166,volkert,hydra_small,58310,100,16384.0,16384.0,4,8,ok,,12.690942625515163,10.783229113556445,0.7270346283912659
41166,volkert,hydra,58310,100,16384.0,16384.0,4,8,ok,,3.8982563745230436,2.029396795667708,0.5108156800270081
41166,volkert,hydra,58310,100,16384.0,16384.0,4,9,ok,,3.8951312946155667,2.0162929594516754,0.5108156800270081
41166,volkert,hydra_small,58310,100,16384.0,16384.0,4,9,ok,,12.69108599703759,10.797690782696009,0.7270346283912659
41166,volkert,hydra_small,58310,100,16384.0,16384.0,4,10,ok,,12.612139382399619,10.758204780519009,0.7270346283912659
41166,volkert,hydra,58310,100,16384.0,16384.0,4,10,ok,,3.8475632006302476,2.0282448129728436,0.5108156800270081
41166,volkert,hydra,58310,100,16384.0,16384.0,4,11,ok,,4.2114307675510645,2.0316384825855494,0.5108156800270081
41166,volkert,hydra_small,58310,100,16384.0,16384.0,4,11,ok,,12.665405952371657,10.786410469561815,0.7270346283912659
41166,volkert,hydra,58310,100,16384.0,16384.0,4,12,ok,,3.8880929285660386,2.051024630665779,0.5108156800270081
41166,volkert,hydra_small,58310,100,16384.0,16384.0,4,12,ok,,12.616746069863439,10.782590018585324,0.7270346283912659
41166,volkert,hydra,58310,100,16384.0,16384.0,4,13,ok,,4.016783336177468,2.0348955933004618,0.5108156800270081
41166,volkert,hydra_small,58310,100,16384.0,16384.0,4,13,ok,,12.742954113520682,10.781211958266795,0.7270346283912659
41166,volkert,hydra_small,58310,100,16384.0,16384.0,4,14,ok,,12.761601934209466,10.779688902199268,0.7270346283912659
41166,volkert,hydra,58310,100,16384.0,16384.0,4,14,ok,,3.8732199193909764,2.0193631453439593,0.5108156800270081
41166,volkert,hydra_small,58310,100,16384.0,16384.0,4,15,ok,,12.859200535342097,10.800137061625719,0.7270346283912659
41166,volkert,hydra,58310,100,16384.0,16384.0,4,15,ok,,3.9413117170333862,2.0424219826236367,0.5108156800270081
41166,volkert,hydra,58310,100,16384.0,16384.0,5,1,ok,,4.132250061258674,2.0200454080477357,0.5140343308448792
41166,volkert,hydra_small,58310,100,16384.0,16384.0,5,1,ok,,12.843061185441911,10.783135610632598,0.7349978089332581
41166,volkert,hydra,58310,100,16384.0,16384.0,5,2,ok,,3.845894478261471,2.028071022592485,0.5140343308448792
41166,volkert,hydra_small,58310,100,16384.0,16384.0,5,2,ok,,12.775329579599202,10.795599434524775,0.7349978089332581
41166,volkert,hydra,58310,100,16384.0,16384.0,5,3,ok,,3.967823295854032,2.1214018976315856,0.5140343308448792
41166,volkert,hydra_small,58310,100,16384.0,16384.0,5,3,ok,,12.643017329275608,10.778031539171934,0.7349978089332581
41166,volkert,hydra_small,58310,100,16384.0,16384.0,5,4,ok,,12.667124361731112,10.780118333175778,0.7349978089332581
41166,volkert,hydra,58310,100,16384.0,16384.0,5,4,ok,,3.87776546087116,2.02939083147794,0.5140343308448792
41166,volkert,hydra,58310,100,16384.0,16384.0,5,5,ok,,4.042982703074813,2.028307651169598,0.5140343308448792
41166,volkert,hydra_small,58310,100,16384.0,16384.0,5,5,ok,,12.659171544015408,10.778188545256853,0.7349978089332581
41166,volkert,hydra_small,58310,100,16384.0,16384.0,5,6,ok,,12.640939340926707,10.789443649351597,0.7349978089332581
41166,volkert,hydra,58310,100,16384.0,16384.0,5,6,ok,,4.060444705188274,2.0415950044989586,0.5140343308448792
41166,volkert,hydra_small,58310,100,16384.0,16384.0,5,7,ok,,12.816724044270813,10.798409556038678,0.7349978089332581
41166,volkert,hydra,58310,100,16384.0,16384.0,5,7,ok,,4.017057533375919,2.017743965610862,0.5140343308448792
41166,volkert,hydra_small,58310,100,16384.0,16384.0,5,8,ok,,12.731059651821852,10.78861933760345,0.7349978089332581
41166,volkert,hydra,58310,100,16384.0,16384.0,5,8,ok,,3.894220375455916,2.0316385310143232,0.5140343308448792
41166,volkert,hydra_small,58310,100,16384.0,16384.0,5,9,ok,,12.998244872316718,10.795477320440114,0.7349978089332581
41166,volkert,hydra,58310,100,16384.0,16384.0,5,9,ok,,4.136940876021981,2.0334328897297382,0.5140343308448792
41166,volkert,hydra_small,58310,100,16384.0,16384.0,5,10,ok,,12.643547560088336,10.789015946909785,0.7349978089332581
41166,volkert,hydra,58310,100,16384.0,16384.0,5,10,ok,,4.93331082444638,2.035014696419239,0.5140343308448792
41166,volkert,hydra_small,58310,100,16384.0,16384.0,5,11,ok,,14.147037866525352,10.803101713769138,0.7349978089332581
41166,volkert,hydra,58310,100,16384.0,16384.0,5,11,ok,,4.729164677672088,2.037852634675801,0.5140343308448792
41166,volkert,hydra,58310,100,16384.0,16384.0,5,12,ok,,4.274175020866096,2.029501521959901,0.5140343308448792
41166,volkert,hydra_small,58310,100,16384.0,16384.0,5,12,ok,,12.610726277343929,10.78317528218031,0.7349978089332581
41166,volkert,hydra_small,58310,100,16384.0,16384.0,5,13,ok,,12.595274490304291,10.794081122614443,0.7349978089332581
41166,volkert,hydra,58310,100,16384.0,16384.0,5,13,ok,,3.7908682618290186,2.007862824946642,0.5140343308448792
41166,volkert,hydra_small,58310,100,16384.0,16384.0,5,14,ok,,12.689112986437976,10.79358783736825,0.7349978089332581
41166,volkert,hydra,58310,100,16384.0,16384.0,5,14,ok,,4.047275515273213,2.029032653197646,0.5140343308448792
41166,volkert,hydra_small,58310,100,16384.0,16384.0,5,15,ok,,12.618443003855646,10.78173300717026,0.7349978089332581
41166,volkert,hydra,58310,100,16384.0,16384.0,5,15,ok,,4.063872979953885,2.0325976070016623,0.5140343308448792
1596,covertype,hydra_small,581012,54,16384.0,16384.0,1,1,ok,,12.231338913552463,10.759626624174416,0.8579903841018677
1596,covertype,hydra,581012,54,16384.0,16384.0,1,1,ok,,3.407552309334278,2.006467951461673,0.5183723568916321
1596,covertype,hydra,581012,54,16384.0,16384.0,1,2,ok,,3.2813378423452377,2.004638645797968,0.5183723568916321
1596,covertype,hydra_small,581012,54,16384.0,16384.0,1,2,ok,,12.458343928679824,10.757819268852472,0.8579903841018677
1596,covertype,hydra_small,581012,54,16384.0,16384.0,1,3,ok,,11.989467651583254,10.760444964282215,0.8579903841018677
1596,covertype,hydra,581012,54,16384.0,16384.0,1,3,ok,,3.4929689094424248,2.0083612790331244,0.5183723568916321
1596,covertype,hydra_small,581012,54,16384.0,16384.0,1,4,ok,,12.140032953582704,10.761211235076189,0.8579903841018677
1596,covertype,hydra,581012,54,16384.0,16384.0,1,4,ok,,3.2574669951573014,2.0065312311053276,0.5183723568916321
1596,covertype,hydra_small,581012,54,16384.0,16384.0,1,5,ok,,12.116587242111564,10.757307698950171,0.8579903841018677
1596,covertype,hydra,581012,54,16384.0,16384.0,1,5,ok,,3.356335642747581,2.005115640349686,0.5183723568916321
1596,covertype,hydra,581012,54,16384.0,16384.0,1,6,ok,,3.5324894562363625,2.005025278776884,0.5183723568916321
1596,covertype,hydra_small,581012,54,16384.0,16384.0,1,6,ok,,12.797154911793768,10.771841705776751,0.8579903841018677
1596,covertype,hydra_small,581012,54,16384.0,16384.0,1,7,ok,,12.38220201805234,10.762003465555608,0.8579903841018677
1596,covertype,hydra,581012,54,16384.0,16384.0,1,7,ok,,3.3620797162875533,2.0053349267691374,0.5183723568916321
1596,covertype,hydra,581012,54,16384.0,16384.0,1,8,ok,,3.5769228395074606,2.0030967947095633,0.5183723568916321
1596,covertype,hydra_small,581012,54,16384.0,16384.0,1,8,ok,,12.136103487573564,10.760362315922976,0.8579903841018677
1596,covertype,hydra,581012,54,16384.0,16384.0,1,9,ok,,3.3736264212056994,2.0049801925197244,0.5183723568916321
1596,covertype,hydra_small,581012,54,16384.0,16384.0,1,9,ok,,12.092139191925526,10.758938889019191,0.8579903841018677
1596,covertype,hydra_small,581012,54,16384.0,16384.0,1,10,ok,,12.178244097158313,10.759712253697217,0.8579903841018677
1596,covertype,hydra,581012,54,16384.0,16384.0,1,10,ok,,3.460515703074634,2.005844831466675,0.5183723568916321
1596,covertype,hydra,581012,54,16384.0,16384.0,1,11,ok,,3.3493712274357677,2.003988473676145,0.5183723568916321
1596,covertype,hydra_small,581012,54,16384.0,16384.0,1,11,ok,,12.037025681696832,10.760340102948248,0.8579903841018677
1596,covertype,hydra_small,581012,54,16384.0,16384.0,1,12,ok,,12.205615123733878,10.757200714200735,0.8579903841018677
1596,covertype,hydra,581012,54,16384.0,16384.0,1,12,ok,,3.407192545942962,2.0057397009804845,0.5183723568916321
1596,covertype,hydra,581012,54,16384.0,16384.0,1,13,ok,,3.440144546329975,2.008678099140525,0.5183723568916321
1596,covertype,hydra_small,581012,54,16384.0,16384.0,1,13,ok,,12.17040623538196,10.75611700117588,0.8579903841018677
1596,covertype,hydra_small,581012,54,16384.0,16384.0,1,14,ok,,12.010261463932693,10.758870707824826,0.8579903841018677
1596,covertype,hydra,581012,54,16384.0,16384.0,1,14,ok,,3.4102353304624557,2.006503278389573,0.5183723568916321
1596,covertype,hydra_small,581012,54,16384.0,16384.0,1,15,ok,,12.145902301184833,10.758393805474043,0.8579903841018677
1596,covertype,hydra,581012,54,16384.0,16384.0,1,15,ok,,3.357990898191929,2.005062689073384,0.5183723568916321
1596,covertype,hydra,581012,54,16384.0,16384.0,2,1,ok,,3.773853113874793,2.028983799740672,0.5380449295043945
1596,covertype,hydra_small,581012,54,16384.0,16384.0,2,1,ok,,12.073477813974023,10.762727616354823,0.8610371947288513
1596,covertype,hydra_small,581012,54,16384.0,16384.0,2,2,ok,,12.151585628278553,10.757781414315104,0.8610371947288513
1596,covertype,hydra,581012,54,16384.0,16384.0,2,2,ok,,3.4248120579868555,2.005087777040899,0.5380449295043945
1596,covertype,hydra,581012,54,16384.0,16384.0,2,3,ok,,3.3070184756070375,2.005216239951551,0.5380449295043945
1596,covertype,hydra_small,581012,54,16384.0,16384.0,2,3,ok,,12.397275002673268,10.760997517965734,0.8610371947288513
1596,covertype,hydra_small,581012,54,16384.0,16384.0,2,4,ok,,14.013247456401587,10.792393129318953,0.8610371947288513
1596,covertype,hydra,581012,54,16384.0,16384.0,2,4,ok,,4.1896947510540485,2.016260393895209,0.5380449295043945
1596,covertype,hydra,581012,54,16384.0,16384.0,2,5,ok,,3.553244466893375,2.00300648342818,0.5380449295043945
1596,covertype,hydra_small,581012,54,16384.0,16384.0,2,5,ok,,12.500124772079289,10.758206900209188,0.8610371947288513
1596,covertype,hydra_small,581012,54,16384.0,16384.0,2,6,ok,,13.243959347717464,10.788824879564345,0.8610371947288513
1596,covertype,hydra,581012,54,16384.0,16384.0,2,6,ok,,3.4567828699946404,2.0051778070628643,0.5380449295043945
1596,covertype,hydra,581012,54,16384.0,16384.0,2,7,ok,,4.055860087275505,2.0256911609321833,0.5380449295043945
1596,covertype,hydra_small,581012,54,16384.0,16384.0,2,7,ok,,12.22345201484859,10.76150665152818,0.8610371947288513
1596,covertype,hydra_small,581012,54,16384.0,16384.0,2,8,ok,,13.34621599316597,10.781225430779159,0.8610371947288513
1596,covertype,hydra,581012,54,16384.0,16384.0,2,8,ok,,3.8017229372635484,2.029961120337248,0.5380449295043945
1596,covertype,hydra_small,581012,54,16384.0,16384.0,2,9,ok,,12.151570287533104,10.760194214060903,0.8610371947288513
1596,covertype,hydra,581012,54,16384.0,16384.0,2,9,ok,,3.3297019004821777,2.004957159049809,0.5380449295043945
1596,covertype,hydra,581012,54,16384.0,16384.0,2,10,ok,,3.4545249231159687,2.0082287173718214,0.5380449295043945
1596,covertype,hydra_small,581012,54,16384.0,16384.0,2,10,ok,,12.082230764441192,10.758759246207774,0.8610371947288513
1596,covertype,hydra,581012,54,16384.0,16384.0,2,11,ok,,3.3172890627756715,2.005393585190177,0.5380449295043945
1596,covertype,hydra_small,581012,54,16384.0,16384.0,2,11,ok,,12.132768034003675,10.760025062598288,0.8610371947288513
1596,covertype,hydra,581012,54,16384.0,16384.0,2,12,ok,,3.449401524849236,2.00458937138319,0.5380449295043945
1596,covertype,hydra_small,581012,54,16384.0,16384.0,2,12,ok,,12.17796781938523,10.76060310844332,0.8610371947288513
1596,covertype,hydra_small,581012,54,16384.0,16384.0,2,13,ok,,12.15906900446862,10.761900837533176,0.8610371947288513
1596,covertype,hydra,581012,54,16384.0,16384.0,2,13,ok,,4.8068805960938334,2.0379776284098625,0.5380449295043945
1596,covertype,hydra_small,581012,54,16384.0,16384.0,2,14,ok,,12.208170081488788,10.759031620807946,0.8610371947288513
1596,covertype,hydra,581012,54,16384.0,16384.0,2,14,ok,,3.627962357364595,2.004593228921294,0.5380449295043945
1596,covertype,hydra_small,581012,54,16384.0,16384.0,2,15,ok,,12.302383898757398,10.757697873748839,0.8610371947288513
1596,covertype,hydra,581012,54,16384.0,16384.0,2,15,ok,,3.3411402627825737,2.005011161789298,0.5380449295043945
1596,covertype,hydra_small,581012,54,16384.0,16384.0,3,1,ok,,12.251012219116092,10.758672730065882,0.8601035475730896
1596,covertype,hydra,581012,54,16384.0,16384.0,3,1,ok,,3.526567774824798,2.007955189794302,0.5343928933143616
1596,covertype,hydra_small,581012,54,16384.0,16384.0,3,2,ok,,14.711408737115562,10.790592505596578,0.8601035475730896
1596,covertype,hydra,581012,54,16384.0,16384.0,3,2,ok,,3.974750244989991,2.0180876050144434,0.5343928933143616
1596,covertype,hydra_small,581012,54,16384.0,16384.0,3,3,ok,,12.145338328555226,10.75864373613149,0.8601035475730896
1596,covertype,hydra,581012,54,16384.0,16384.0,3,3,ok,,3.786266742274165,2.006372801028192,0.5343928933143616
1596,covertype,hydra,581012,54,16384.0,16384.0,3,4,ok,,3.6867709066718817,2.003297073766589,0.5343928933143616
1596,covertype,hydra_small,581012,54,16384.0,16384.0,3,4,ok,,13.928015012294054,10.776174328289926,0.8601035475730896
1596,covertype,hydra,581012,54,16384.0,16384.0,3,5,ok,,3.337684916332364,2.0059199929237366,0.5343928933143616
1596,covertype,hydra_small,581012,54,16384.0,16384.0,3,5,ok,,12.085558268241584,10.759313053451478,0.8601035475730896
1596,covertype,hydra,581012,54,16384.0,16384.0,3,6,ok,,3.27296772133559,2.002341312356293,0.5343928933143616
1596,covertype,hydra_small,581012,54,16384.0,16384.0,3,6,ok,,12.02994970139116,10.757241007871926,0.8601035475730896
1596,covertype,hydra_small,581012,54,16384.0,16384.0,3,7,ok,,12.030492318794131,10.755970540456474,0.8601035475730896
1596,covertype,hydra,581012,54,16384.0,16384.0,3,7,ok,,3.2622719379141927,2.004623076878488,0.5343928933143616
1596,covertype,hydra,581012,54,16384.0,16384.0,3,8,ok,,3.3306989995762706,2.0063638342544436,0.5343928933143616
1596,covertype,hydra_small,581012,54,16384.0,16384.0,3,8,ok,,12.103446609340608,10.757521718740463,0.8601035475730896
1596,covertype,hydra_small,581012,54,16384.0,16384.0,3,9,ok,,12.049347963184118,10.758575496263802,0.8601035475730896
1596,covertype,hydra,581012,54,16384.0,16384.0,3,9,ok,,3.49931213632226,2.003589286468923,0.5343928933143616
1596,covertype,hydra,581012,54,16384.0,16384.0,3,10,ok,,3.3176757842302322,2.0056746881455183,0.5343928933143616
1596,covertype,hydra_small,581012,54,16384.0,16384.0,3,10,ok,,12.053501452319324,10.759221409447491,0.8601035475730896
1596,covertype,hydra_small,581012,54,16384.0,16384.0,3,11,ok,,12.073765392415226,10.760846059769392,0.8601035475730896
1596,covertype,hydra,581012,54,16384.0,16384.0,3,11,ok,,3.2975663570687175,2.003997815772891,0.5343928933143616
1596,covertype,hydra_small,581012,54,16384.0,16384.0,3,12,ok,,12.056013906374574,10.757147907279432,0.8601035475730896
1596,covertype,hydra,581012,54,16384.0,16384.0,3,12,ok,,3.268671085126698,2.003754342906177,0.5343928933143616
1596,covertype,hydra,581012,54,16384.0,16384.0,3,13,ok,,3.3026763405650854,2.0053007090464234,0.5343928933143616
1596,covertype,hydra_small,581012,54,16384.0,16384.0,3,13,ok,,12.049037293531,10.757020766846836,0.8601035475730896
1596,covertype,hydra,581012,54,16384.0,16384.0,3,14,ok,,3.2674825359135866,2.005818545818329,0.5343928933143616
1596,covertype,hydra_small,581012,54,16384.0,16384.0,3,14,ok,,12.095480679534376,10.76199659332633,0.8601035475730896
1596,covertype,hydra_small,581012,54,16384.0,16384.0,3,15,ok,,12.020328460261226,10.756605840288103,0.8601035475730896
1596,covertype,hydra,581012,54,16384.0,16384.0,3,15,ok,,3.2651297310367227,2.0060061337426305,0.5343928933143616
1596,covertype,hydra_small,581012,54,16384.0,16384.0,4,1,ok,,11.989436165429652,10.757757801562548,0.8619059920310974
1596,covertype,hydra,581012,54,16384.0,16384.0,4,1,ok,,3.235061758197844,2.0030199512839317,0.5244908928871155
1596,covertype,hydra_small,581012,54,16384.0,16384.0,4,2,ok,,12.000017661601305,10.760030422359705,0.8619059920310974
1596,covertype,hydra,581012,54,16384.0,16384.0,4,2,ok,,3.3401666060090065,2.0036834897473454,0.5244908928871155
1596,covertype,hydra_small,581012,54,16384.0,16384.0,4,3,ok,,12.019545767456293,10.759407201781869,0.8619059920310974
1596,covertype,hydra,581012,54,16384.0,16384.0,4,3,ok,,3.3143414855003357,2.003863492049277,0.5244908928871155
1596,covertype,hydra_small,581012,54,16384.0,16384.0,4,4,ok,,11.992046220228076,10.759446763433516,0.8619059920310974
1596,covertype,hydra,581012,54,16384.0,16384.0,4,4,ok,,3.603490105830133,2.0050571048632264,0.5244908928871155
1596,covertype,hydra,581012,54,16384.0,16384.0,4,5,ok,,3.336040375754237,2.0048793647438288,0.5244908928871155
1596,covertype,hydra_small,581012,54,16384.0,16384.0,4,5,ok,,12.598812864162028,10.792852599173784,0.8619059920310974
1596,covertype,hydra,581012,54,16384.0,16384.0,4,6,ok,,3.6874592946842313,2.015549063682556,0.5244908928871155
1596,covertype,hydra_small,581012,54,16384.0,16384.0,4,6,ok,,12.072599557228386,10.761357276700437,0.8619059920310974
1596,covertype,hydra_small,581012,54,16384.0,16384.0,4,7,ok,,12.22783978562802,10.763602199964225,0.8619059920310974
1596,covertype,hydra,581012,54,16384.0,16384.0,4,7,ok,,3.2963381046429276,2.004640743136406,0.5244908928871155
1596,covertype,hydra_small,581012,54,16384.0,16384.0,4,8,ok,,12.04816369432956,10.761141065508127,0.8619059920310974
1596,covertype,hydra,581012,54,16384.0,16384.0,4,8,ok,,3.351608625613153,2.0035335244610906,0.5244908928871155
1596,covertype,hydra_small,581012,54,16384.0,16384.0,4,9,ok,,12.162293637171388,10.76368407625705,0.8619059920310974
1596,covertype,hydra,581012,54,16384.0,16384.0,4,9,ok,,3.279057211242616,2.0061648339033127,0.5244908928871155
1596,covertype,hydra_small,581012,54,16384.0,16384.0,4,10,ok,,12.129730457440019,10.758964406326413,0.8619059920310974
1596,covertype,hydra,581012,54,16384.0,16384.0,4,10,ok,,3.2444890262559056,2.0061745876446366,0.5244908928871155
1596,covertype,hydra_small,581012,54,16384.0,16384.0,4,11,ok,,12.189656525850296,10.755290512926877,0.8619059920310974
1596,covertype,hydra,581012,54,16384.0,16384.0,4,11,ok,,3.322320238687098,2.005117630586028,0.5244908928871155
1596,covertype,hydra_small,581012,54,16384.0,16384.0,4,12,ok,,12.247144443914294,10.756528859958053,0.8619059920310974
1596,covertype,hydra,581012,54,16384.0,16384.0,4,12,ok,,3.3456290382891893,2.005203679203987,0.5244908928871155
1596,covertype,hydra,581012,54,16384.0,16384.0,4,13,ok,,4.077218554913998,2.028128106147051,0.5244908928871155
1596,covertype,hydra_small,581012,54,16384.0,16384.0,4,13,ok,,12.11606617923826,10.756334532052279,0.8619059920310974
1596,covertype,hydra_small,581012,54,16384.0,16384.0,4,14,ok,,12.022784530185163,10.754046293906868,0.8619059920310974
1596,covertype,hydra,581012,54,16384.0,16384.0,4,14,ok,,3.8467976804822683,2.018504119478166,0.5244908928871155
1596,covertype,hydra,581012,54,16384.0,16384.0,4,15,ok,,3.3815784491598606,2.0022227354347706,0.5244908928871155
1596,covertype,hydra_small,581012,54,16384.0,16384.0,4,15,ok,,12.368382569402456,10.758285835385323,0.8619059920310974
1596,covertype,hydra,581012,54,16384.0,16384.0,5,1,ok,,3.7421871349215508,2.0054961377754807,0.523547887802124
1596,covertype,hydra_small,581012,54,16384.0,16384.0,5,1,ok,,12.529550608247519,10.789004342630506,0.8580901026725769
1596,covertype,hydra,581012,54,16384.0,16384.0,5,2,ok,,3.8661658838391304,2.1756876204162836,0.523547887802124
1596,covertype,hydra_small,581012,54,16384.0,16384.0,5,2,ok,,12.349678006023169,10.754488160833716,0.8580901026725769
1596,covertype,hydra,581012,54,16384.0,16384.0,5,3,ok,,3.524520098231733,2.0055002188310027,0.523547887802124
1596,covertype,hydra_small,581012,54,16384.0,16384.0,5,3,ok,,12.175165574997663,10.757197773084044,0.8580901026725769
1596,covertype,hydra_small,581012,54,16384.0,16384.0,5,4,ok,,12.125034961849451,10.756921882741153,0.8580901026725769
1596,covertype,hydra,581012,54,16384.0,16384.0,5,4,ok,,3.5441477987915277,2.003784826025367,0.523547887802124
1596,covertype,hydra,581012,54,16384.0,16384.0,5,5,ok,,3.8728262977674603,2.0303542083129287,0.523547887802124
1596,covertype,hydra_small,581012,54,16384.0,16384.0,5,5,ok,,12.081340370699763,10.760138304904103,0.8580901026725769
1596,covertype,hydra,581012,54,16384.0,16384.0,5,6,ok,,3.386716853827238,2.0040626749396324,0.523547887802124
1596,covertype,hydra_small,581012,54,16384.0,16384.0,5,6,ok,,12.087227554060519,10.754972077906132,0.8580901026725769
1596,covertype,hydra_small,581012,54,16384.0,16384.0,5,7,ok,,12.180776710622013,10.75410034134984,0.8580901026725769
1596,covertype,hydra,581012,54,16384.0,16384.0,5,7,ok,,3.2854884089902043,2.0059136329218745,0.523547887802124
1596,covertype,hydra_small,581012,54,16384.0,16384.0,5,8,ok,,12.047944803722203,10.75558377429843,0.8580901026725769
1596,covertype,hydra,581012,54,16384.0,16384.0,5,8,ok,,3.261581612750888,2.00350634008646,0.523547887802124
1596,covertype,hydra_small,581012,54,16384.0,16384.0,5,9,ok,,12.105211560614407,10.753277787007391,0.8580901026725769
1596,covertype,hydra,581012,54,16384.0,16384.0,5,9,ok,,3.4483524970710278,2.005213299766183,0.523547887802124
1596,covertype,hydra_small,581012,54,16384.0,16384.0,5,10,ok,,12.059886173345149,10.757914156652987,0.8580901026725769
1596,covertype,hydra,581012,54,16384.0,16384.0,5,10,ok,,3.3939978843554854,2.005978154949844,0.523547887802124
1596,covertype,hydra,581012,54,16384.0,16384.0,5,11,ok,,3.509974387474358,2.002860543318093,0.523547887802124
1596,covertype,hydra_small,581012,54,16384.0,16384.0,5,11,ok,,12.04562855232507,10.75800396129489,0.8580901026725769
1596,covertype,hydra,581012,54,16384.0,16384.0,5,12,ok,,3.8098037084564567,2.004170841537416,0.523547887802124
1596,covertype,hydra_small,581012,54,16384.0,16384.0,5,12,ok,,12.389649232849479,10.760180010460317,0.8580901026725769
1596,covertype,hydra_small,581012,54,16384.0,16384.0,5,13,ok,,12.229083731770515,10.759096590802073,0.8580901026725769
1596,covertype,hydra,581012,54,16384.0,16384.0,5,13,ok,,3.2972291372716427,2.0030527794733644,0.523547887802124
1596,covertype,hydra,581012,54,16384.0,16384.0,5,14,ok,,3.441450595855713,2.0021289931610227,0.523547887802124
1596,covertype,hydra_small,581012,54,16384.0,16384.0,5,14,ok,,12.025464909151196,10.757320241071284,0.8580901026725769
1596,covertype,hydra,581012,54,16384.0,16384.0,5,15,ok,,3.52831822168082,2.0081869130954146,0.523547887802124
1596,covertype,hydra_small,581012,54,16384.0,16384.0,5,15,ok,,12.185882551595569,10.756373362615705,0.8580901026725769
40668,connect-4,hybrid_8l,67557,42,16384.0,16384.0,1,1,ok,,3.784497484564781,2.5261580208316445,0.5210127234458923
40668,connect-4,hydra_small,67557,42,16384.0,16384.0,1,1,ok,,7.459452671930194,6.39321927074343,0.5940617918968201
40668,connect-4,tabpfn,67557,42,16384.0,16384.0,1,1,ok,,7.396185808815062,6.3499118043109775,0.6246970891952515
40668,connect-4,hydra,67557,42,16384.0,16384.0,1,1,ok,,2.1626704894006252,1.170196714811027,0.5007274150848389
40668,connect-4,hydra_small,67557,42,16384.0,16384.0,1,2,ok,,7.39689869992435,6.391647269017994,0.5940617918968201
40668,connect-4,tabpfn,67557,42,16384.0,16384.0,1,2,ok,,7.364392556250095,6.346766040660441,0.6246970891952515
40668,connect-4,hybrid_8l,67557,42,16384.0,16384.0,1,2,ok,,3.5125584565103054,2.525236252695322,0.5210127234458923
40668,connect-4,hydra,67557,42,16384.0,16384.0,1,2,ok,,2.183280729688704,1.1703713349997997,0.5007274150848389
40668,connect-4,hybrid_8l,67557,42,16384.0,16384.0,1,3,ok,,3.587158229202032,2.5277137020602822,0.5210127234458923
40668,connect-4,hydra,67557,42,16384.0,16384.0,1,3,ok,,2.28074389975518,1.1702705370262265,0.5007274150848389
40668,connect-4,tabpfn,67557,42,16384.0,16384.0,1,3,ok,,7.801853327080607,6.342171225696802,0.6246970891952515
40668,connect-4,hydra_small,67557,42,16384.0,16384.0,1,3,ok,,7.711756519973278,6.394092450849712,0.5940617918968201
40668,connect-4,tabpfn,67557,42,16384.0,16384.0,1,4,ok,,7.360477760434151,6.349027741700411,0.6246970891952515
40668,connect-4,hydra_small,67557,42,16384.0,16384.0,1,4,ok,,7.633787105791271,6.391627237200737,0.5940617918968201
40668,connect-4,hybrid_8l,67557,42,16384.0,16384.0,1,4,ok,,3.621217749081552,2.525403430685401,0.5210127234458923
40668,connect-4,hydra,67557,42,16384.0,16384.0,1,4,ok,,2.230299634858966,1.1681309901177883,0.5007274150848389
40668,connect-4,hydra,67557,42,16384.0,16384.0,1,5,ok,,2.2255610888823867,1.1697055539116263,0.5007274150848389
40668,connect-4,hydra_small,67557,42,16384.0,16384.0,1,5,ok,,7.39487762004137,6.392531766556203,0.5940617918968201
40668,connect-4,hybrid_8l,67557,42,16384.0,16384.0,1,5,ok,,3.859052867628634,2.526293171569705,0.5210127234458923
40668,connect-4,tabpfn,67557,42,16384.0,16384.0,1,5,ok,,7.3788049621507525,6.342673615552485,0.6246970891952515
40668,connect-4,hydra_small,67557,42,16384.0,16384.0,1,6,ok,,7.862040730193257,6.395316937938333,0.5940617918968201
40668,connect-4,tabpfn,67557,42,16384.0,16384.0,1,6,ok,,7.413023425266147,6.345121498219669,0.6246970891952515
40668,connect-4,hydra,67557,42,16384.0,16384.0,1,6,ok,,2.280259756371379,1.1716996869072318,0.5007274150848389
40668,connect-4,hybrid_8l,67557,42,16384.0,16384.0,1,6,ok,,4.525454903021455,2.5421003717929125,0.5210127234458923
40668,connect-4,hybrid_8l,67557,42,16384.0,16384.0,1,7,ok,,3.828407729975879,2.5260049160569906,0.5210127234458923
40668,connect-4,tabpfn,67557,42,16384.0,16384.0,1,7,ok,,7.533327637240291,6.343618148937821,0.6246970891952515
40668,connect-4,hydra_small,67557,42,16384.0,16384.0,1,7,ok,,7.632755856961012,6.396466800011694,0.5940617918968201
40668,connect-4,hydra,67557,42,16384.0,16384.0,1,7,ok,,2.279812187887728,1.1714591523632407,0.5007274150848389
40668,connect-4,tabpfn,67557,42,16384.0,16384.0,1,8,ok,,7.39465154055506,6.3432749370113015,0.6246970891952515
40668,connect-4,hydra_small,67557,42,16384.0,16384.0,1,8,ok,,7.42555951885879,6.393530182540417,0.5940617918968201
40668,connect-4,hybrid_8l,67557,42,16384.0,16384.0,1,8,ok,,3.5238557094708085,2.5260239420458674,0.5210127234458923
40668,connect-4,hydra,67557,42,16384.0,16384.0,1,8,ok,,2.2036658357828856,1.1711413078010082,0.5007274150848389
40668,connect-4,hydra,67557,42,16384.0,16384.0,1,9,ok,,2.1891117366030812,1.1686889017000794,0.5007274150848389
40668,connect-4,tabpfn,67557,42,16384.0,16384.0,1,9,ok,,7.489834945648909,6.369194814004004,0.6246970891952515
40668,connect-4,hybrid_8l,67557,42,16384.0,16384.0,1,9,ok,,3.946819096803665,2.5290906922891736,0.5210127234458923
40668,connect-4,hydra_small,67557,42,16384.0,16384.0,1,9,ok,,7.4140356015414,6.393988383933902,0.5940617918968201
40668,connect-4,hydra,67557,42,16384.0,16384.0,1,10,ok,,2.1826727129518986,1.1705565983429551,0.5007274150848389
40668,connect-4,tabpfn,67557,42,16384.0,16384.0,1,10,ok,,7.594773294404149,6.34229193162173,0.6246970891952515
40668,connect-4,hybrid_8l,67557,42,16384.0,16384.0,1,10,ok,,4.299373586662114,2.555271294899285,0.5210127234458923
40668,connect-4,hydra_small,67557,42,16384.0,16384.0,1,10,ok,,7.785601758398116,6.394582430832088,0.5940617918968201
40668,connect-4,hydra,67557,42,16384.0,16384.0,1,11,ok,,2.3292792327702045,1.1712314821779728,0.5007274150848389
40668,connect-4,hybrid_8l,67557,42,16384.0,16384.0,1,11,ok,,3.800871742889285,2.5266642328351736,0.5210127234458923
40668,connect-4,tabpfn,67557,42,16384.0,16384.0,1,11,ok,,7.354427528567612,6.3412678288295865,0.6246970891952515
40668,connect-4,hydra_small,67557,42,16384.0,16384.0,1,11,ok,,7.429741357453167,6.400795419700444,0.5940617918968201
40668,connect-4,hydra_small,67557,42,16384.0,16384.0,1,12,ok,,7.795370216481388,6.39433206897229,0.5940617918968201
40668,connect-4,tabpfn,67557,42,16384.0,16384.0,1,12,ok,,7.580139116384089,6.342853622511029,0.6246970891952515
40668,connect-4,hydra,67557,42,16384.0,16384.0,1,12,ok,,2.4380808575078845,1.1711146337911487,0.5007274150848389
40668,connect-4,hybrid_8l,67557,42,16384.0,16384.0,1,12,ok,,3.5084538916125894,2.5266597401350737,0.5210127234458923
40668,connect-4,hydra_small,67557,42,16384.0,16384.0,1,13,ok,,7.445914793759584,6.392095188610256,0.5940617918968201
40668,connect-4,hybrid_8l,67557,42,16384.0,16384.0,1,13,ok,,3.524668449535966,2.5261364970356226,0.5210127234458923
40668,connect-4,tabpfn,67557,42,16384.0,16384.0,1,13,ok,,7.5406977199018,6.344516694545746,0.6246970891952515
40668,connect-4,hydra,67557,42,16384.0,16384.0,1,13,ok,,2.353594744578004,1.1706128809601068,0.5007274150848389
40668,connect-4,hybrid_8l,67557,42,16384.0,16384.0,1,14,ok,,3.5646465541794896,2.5251966742798686,0.5210127234458923
40668,connect-4,tabpfn,67557,42,16384.0,16384.0,1,14,ok,,7.370634010061622,6.348094463348389,0.6246970891952515
40668,connect-4,hydra_small,67557,42,16384.0,16384.0,1,14,ok,,7.541270524263382,6.393446379341185,0.5940617918968201
40668,connect-4,hydra,67557,42,16384.0,16384.0,1,14,ok,,2.3660053685307503,1.1700261160731316,0.5007274150848389
40668,connect-4,hydra_small,67557,42,16384.0,16384.0,1,15,ok,,7.617366798222065,6.392628536559641,0.5940617918968201
40668,connect-4,hybrid_8l,67557,42,16384.0,16384.0,1,15,ok,,3.6087089609354734,2.5244840029627085,0.5210127234458923
40668,connect-4,hydra,67557,42,16384.0,16384.0,1,15,ok,,2.5553798330947757,1.1705315075814724,0.5007274150848389
40668,connect-4,tabpfn,67557,42,16384.0,16384.0,1,15,ok,,7.568691914901137,6.3421471463516355,0.6246970891952515
40668,connect-4,hybrid_8l,67557,42,16384.0,16384.0,2,1,ok,,3.663488787598908,2.5261868275702,0.5267357230186462
40668,connect-4,hydra_small,67557,42,16384.0,16384.0,2,1,ok,,8.046156037598848,6.391856322996318,0.5841310620307922
40668,connect-4,hydra,67557,42,16384.0,16384.0,2,1,ok,,2.2912621246650815,1.1709905732423067,0.5035884976387024
40668,connect-4,tabpfn,67557,42,16384.0,16384.0,2,1,ok,,7.814842930063605,6.347444695420563,0.6283506155014038
40668,connect-4,hydra_small,67557,42,16384.0,16384.0,2,2,ok,,7.695015532895923,6.3902247585356236,0.5841310620307922
40668,connect-4,hybrid_8l,67557,42,16384.0,16384.0,2,2,ok,,3.8013889491558075,2.5255254609510303,0.5267357230186462
40668,connect-4,hydra,67557,42,16384.0,16384.0,2,2,ok,,3.575361137278378,1.1897215228527784,0.5035884976387024
40668,connect-4,tabpfn,67557,42,16384.0,16384.0,2,2,ok,,7.405336061492562,6.349778025411069,0.6283506155014038
40668,connect-4,hybrid_8l,67557,42,16384.0,16384.0,2,3,ok,,3.8466132041066885,2.525875272229314,0.5267357230186462
40668,connect-4,tabpfn,67557,42,16384.0,16384.0,2,3,ok,,7.630571654997766,6.345095232129097,0.6283506155014038
40668,connect-4,hydra_small,67557,42,16384.0,16384.0,2,3,ok,,7.4428260223940015,6.3942644987255335,0.5841310620307922
40668,connect-4,hydra,67557,42,16384.0,16384.0,2,3,ok,,2.2122852159664035,1.1693669008091092,0.5035884976387024
40668,connect-4,hybrid_8l,67557,42,16384.0,16384.0,2,4,ok,,3.7141379695385695,2.5255282958969474,0.5267357230186462
40668,connect-4,hydra,67557,42,16384.0,16384.0,2,4,ok,,2.20478246640414,1.168798154219985,0.5035884976387024
40668,connect-4,hydra_small,67557,42,16384.0,16384.0,2,4,ok,,8.000517540611327,6.392502521164715,0.5841310620307922
40668,connect-4,tabpfn,67557,42,16384.0,16384.0,2,4,ok,,7.675343820825219,6.345521138980985,0.6283506155014038
40668,connect-4,hydra,67557,42,16384.0,16384.0,2,5,ok,,2.4625223679468036,1.1683705784380436,0.5035884976387024
40668,connect-4,hybrid_8l,67557,42,16384.0,16384.0,2,5,ok,,3.4975529070943594,2.5252546099945903,0.5267357230186462
40668,connect-4,hydra_small,67557,42,16384.0,16384.0,2,5,ok,,7.521616019308567,6.39434683136642,0.5841310620307922
40668,connect-4,tabpfn,67557,42,16384.0,16384.0,2,5,ok,,7.604441604577005,6.356024614535272,0.6283506155014038
40668,connect-4,hydra_small,67557,42,16384.0,16384.0,2,6,ok,,7.555531730875373,6.395989592187107,0.5841310620307922
40668,connect-4,hybrid_8l,67557,42,16384.0,16384.0,2,6,ok,,3.7420493233948946,2.5276739057153463,0.5267357230186462
40668,connect-4,hydra,67557,42,16384.0,16384.0,2,6,ok,,2.5920549212023616,1.1703503467142582,0.5035884976387024
40668,connect-4,tabpfn,67557,42,16384.0,16384.0,2,6,ok,,7.398560281842947,6.352935457602143,0.6283506155014038
40668,connect-4,hydra_small,67557,42,16384.0,16384.0,2,7,ok,,7.422272192314267,6.396836954168975,0.5841310620307922
40668,connect-4,hydra,67557,42,16384.0,16384.0,2,7,ok,,2.149711868725717,1.1689239079132676,0.5035884976387024
40668,connect-4,tabpfn,67557,42,16384.0,16384.0,2,7,ok,,7.332307414151728,6.3498182306066155,0.6283506155014038
40668,connect-4,hybrid_8l,67557,42,16384.0,16384.0,2,7,ok,,3.5075200870633125,2.5256003504619002,0.5267357230186462
40668,connect-4,hydra_small,67557,42,16384.0,16384.0,2,8,ok,,7.404373932629824,6.396660522557795,0.5841310620307922
40668,connect-4,hydra,67557,42,16384.0,16384.0,2,8,ok,,2.1553307501599193,1.168732930906117,0.5035884976387024
40668,connect-4,tabpfn,67557,42,16384.0,16384.0,2,8,ok,,7.35497747734189,6.3511176854372025,0.6283506155014038
40668,connect-4,hybrid_8l,67557,42,16384.0,16384.0,2,8,ok,,3.546387542039156,2.5293348357081413,0.5267357230186462
40668,connect-4,tabpfn,67557,42,16384.0,16384.0,2,9,ok,,7.405208058655262,6.350083347409964,0.6283506155014038
40668,connect-4,hybrid_8l,67557,42,16384.0,16384.0,2,9,ok,,3.5643874872475863,2.5284114303067327,0.5267357230186462
40668,connect-4,hydra_small,67557,42,16384.0,16384.0,2,9,ok,,7.513179324567318,6.393705198541284,0.5841310620307922
40668,connect-4,hydra,67557,42,16384.0,16384.0,2,9,ok,,2.1598476376384497,1.1706977188587189,0.5035884976387024
40668,connect-4,hydra_small,67557,42,16384.0,16384.0,2,10,ok,,7.404992124997079,6.392019925639033,0.5841310620307922
40668,connect-4,tabpfn,67557,42,16384.0,16384.0,2,10,ok,,7.341129831038415,6.353102616965771,0.6283506155014038
40668,connect-4,hybrid_8l,67557,42,16384.0,16384.0,2,10,ok,,5.5645498456433415,2.535465876571834,0.5267357230186462
40668,connect-4,hydra,67557,42,16384.0,16384.0,2,10,ok,,2.1445250483229756,1.1702229138463736,0.5035884976387024
40668,connect-4,hydra,67557,42,16384.0,16384.0,2,11,ok,,2.1467481907457113,1.1686058398336172,0.5035884976387024
40668,connect-4,tabpfn,67557,42,16384.0,16384.0,2,11,ok,,7.4316669180989265,6.342527179978788,0.6283506155014038
40668,connect-4,hydra_small,67557,42,16384.0,16384.0,2,11,ok,,7.391195726580918,6.390481663867831,0.5841310620307922
40668,connect-4,hybrid_8l,67557,42,16384.0,16384.0,2,11,ok,,3.524619017727673,2.5270013697445393,0.5267357230186462
40668,connect-4,hydra_small,67557,42,16384.0,16384.0,2,12,ok,,7.408914905972779,6.393418116495013,0.5841310620307922
40668,connect-4,hydra,67557,42,16384.0,16384.0,2,12,ok,,2.1387286074459553,1.1682003568857908,0.5035884976387024
40668,connect-4,tabpfn,67557,42,16384.0,16384.0,2,12,ok,,7.353255121968687,6.351407980546355,0.6283506155014038
40668,connect-4,hybrid_8l,67557,42,16384.0,16384.0,2,12,ok,,3.5138587234541774,2.5265933964401484,0.5267357230186462
40668,connect-4,hydra_small,67557,42,16384.0,16384.0,2,13,ok,,7.407729292288423,6.395473018288612,0.5841310620307922
40668,connect-4,tabpfn,67557,42,16384.0,16384.0,2,13,ok,,7.3857615534216166,6.3489233599975705,0.6283506155014038
40668,connect-4,hybrid_8l,67557,42,16384.0,16384.0,2,13,ok,,3.503317464143038,2.5257366988807917,0.5267357230186462
40668,connect-4,hydra,67557,42,16384.0,16384.0,2,13,ok,,2.1494921883568168,1.167990774847567,0.5035884976387024
40668,connect-4,tabpfn,67557,42,16384.0,16384.0,2,14,ok,,7.365037887357175,6.343381533399224,0.6283506155014038
40668,connect-4,hybrid_8l,67557,42,16384.0,16384.0,2,14,ok,,3.5187933687120676,2.52809779625386,0.5267357230186462
40668,connect-4,hydra_small,67557,42,16384.0,16384.0,2,14,ok,,7.374627565965056,6.394591797143221,0.5841310620307922
40668,connect-4,hydra,67557,42,16384.0,16384.0,2,14,ok,,2.18500002194196,1.1698866998776793,0.5035884976387024
40668,connect-4,hydra,67557,42,16384.0,16384.0,2,15,ok,,2.1643767533823848,1.1693832967430353,0.5035884976387024
40668,connect-4,hybrid_8l,67557,42,16384.0,16384.0,2,15,ok,,3.6738407844677567,2.525882705114782,0.5267357230186462
40668,connect-4,hydra_small,67557,42,16384.0,16384.0,2,15,ok,,7.375514890067279,6.393654233776033,0.5841310620307922
40668,connect-4,tabpfn,67557,42,16384.0,16384.0,2,15,ok,,7.366095213219523,6.3535810224711895,0.6283506155014038
40668,connect-4,hydra,67557,42,16384.0,16384.0,3,1,ok,,2.1669878140091896,1.1709152422845364,0.5022706985473633
40668,connect-4,tabpfn,67557,42,16384.0,16384.0,3,1,ok,,7.368345635011792,6.350821924395859,0.6345942616462708
40668,connect-4,hydra_small,67557,42,16384.0,16384.0,3,1,ok,,7.373522047884762,6.393801792524755,0.5888092517852783
40668,connect-4,hybrid_8l,67557,42,16384.0,16384.0,3,1,ok,,3.5132356621325016,2.526845270767808,0.5234923362731934
40668,connect-4,hydra_small,67557,42,16384.0,16384.0,3,2,ok,,7.389304106123745,6.392412991262972,0.5888092517852783
40668,connect-4,tabpfn,67557,42,16384.0,16384.0,3,2,ok,,7.397772545926273,6.352354778908193,0.6345942616462708
40668,connect-4,hybrid_8l,67557,42,16384.0,16384.0,3,2,ok,,3.5350335147231817,2.5273785768076777,0.5234923362731934
40668,connect-4,hydra,67557,42,16384.0,16384.0,3,2,ok,,2.1739133652299643,1.1695336503908038,0.5022706985473633
40668,connect-4,hybrid_8l,67557,42,16384.0,16384.0,3,3,ok,,3.535092478618026,2.5254885274916887,0.5234923362731934
40668,connect-4,hydra_small,67557,42,16384.0,16384.0,3,3,ok,,7.377026206813753,6.391572496853769,0.5888092517852783
40668,connect-4,tabpfn,67557,42,16384.0,16384.0,3,3,ok,,7.413993585854769,6.349333190359175,0.6345942616462708
40668,connect-4,hydra,67557,42,16384.0,16384.0,3,3,ok,,2.3157049575820565,1.170994771644473,0.5022706985473633
40668,connect-4,tabpfn,67557,42,16384.0,16384.0,3,4,ok,,7.375615861266851,6.351020475849509,0.6345942616462708
40668,connect-4,hydra_small,67557,42,16384.0,16384.0,3,4,ok,,7.397291308268905,6.392153183929622,0.5888092517852783
40668,connect-4,hybrid_8l,67557,42,16384.0,16384.0,3,4,ok,,3.541479825042188,2.5258164294064045,0.5234923362731934
40668,connect-4,hydra,67557,42,16384.0,16384.0,3,4,ok,,2.1387172983959317,1.1679940093308687,0.5022706985473633
40668,connect-4,tabpfn,67557,42,16384.0,16384.0,3,5,ok,,7.337011463008821,6.3502321960404515,0.6345942616462708
40668,connect-4,hybrid_8l,67557,42,16384.0,16384.0,3,5,ok,,3.5376022337004542,2.528178966604173,0.5234923362731934
40668,connect-4,hydra_small,67557,42,16384.0,16384.0,3,5,ok,,7.363290265202522,6.391734408214688,0.5888092517852783
40668,connect-4,hydra,67557,42,16384.0,16384.0,3,5,ok,,2.290699927136302,1.3058829456567764,0.5022706985473633
40668,connect-4,tabpfn,67557,42,16384.0,16384.0,3,6,ok,,7.356670190580189,6.344470374286175,0.6345942616462708
40668,connect-4,hybrid_8l,67557,42,16384.0,16384.0,3,6,ok,,3.584428980946541,2.5239053070545197,0.5234923362731934
40668,connect-4,hydra,67557,42,16384.0,16384.0,3,6,ok,,2.1785836815834045,1.1696581859141588,0.5022706985473633
40668,connect-4,hydra_small,67557,42,16384.0,16384.0,3,6,ok,,7.473221432417631,6.393656142987311,0.5888092517852783
40668,connect-4,hydra,67557,42,16384.0,16384.0,3,7,ok,,2.154967692680657,1.1705529019236565,0.5022706985473633
40668,connect-4,hydra_small,67557,42,16384.0,16384.0,3,7,ok,,7.366160466335714,6.390995239838958,0.5888092517852783
40668,connect-4,hybrid_8l,67557,42,16384.0,16384.0,3,7,ok,,3.6558959214016795,2.527555317617953,0.5234923362731934
40668,connect-4,tabpfn,67557,42,16384.0,16384.0,3,7,ok,,7.378363031893969,6.350123446434736,0.6345942616462708
40668,connect-4,hydra,67557,42,16384.0,16384.0,3,8,ok,,2.2381355557590723,1.169514668174088,0.5022706985473633
40668,connect-4,tabpfn,67557,42,16384.0,16384.0,3,8,ok,,7.344587332569063,6.348006390966475,0.6345942616462708
40668,connect-4,hydra_small,67557,42,16384.0,16384.0,3,8,ok,,7.3848614962771535,6.390945200808346,0.5888092517852783
40668,connect-4,hybrid_8l,67557,42,16384.0,16384.0,3,8,ok,,3.521343997679651,2.5252826381474733,0.5234923362731934
40668,connect-4,hydra_small,67557,42,16384.0,16384.0,3,9,ok,,7.358800902031362,6.392222727648914,0.5888092517852783
40668,connect-4,tabpfn,67557,42,16384.0,16384.0,3,9,ok,,7.42296511400491,6.368103438988328,0.6345942616462708
40668,connect-4,hydra,67557,42,16384.0,16384.0,3,9,ok,,2.1422227807343006,1.1680642943829298,0.5022706985473633
40668,connect-4,hybrid_8l,67557,42,16384.0,16384.0,3,9,ok,,3.506811232306063,2.5245734797790647,0.5234923362731934
40668,connect-4,hybrid_8l,67557,42,16384.0,16384.0,3,10,ok,,3.514416079968214,2.5269943568855524,0.5234923362731934
40668,connect-4,tabpfn,67557,42,16384.0,16384.0,3,10,ok,,7.402860688045621,6.354035136289895,0.6345942616462708
40668,connect-4,hydra,67557,42,16384.0,16384.0,3,10,ok,,2.1265706410631537,1.1666798330843449,0.5022706985473633
40668,connect-4,hydra_small,67557,42,16384.0,16384.0,3,10,ok,,7.486548678018153,6.388509943149984,0.5888092517852783
40668,connect-4,hybrid_8l,67557,42,16384.0,16384.0,3,11,ok,,3.5494831604883075,2.53072268422693,0.5234923362731934
40668,connect-4,hydra_small,67557,42,16384.0,16384.0,3,11,ok,,7.379086491651833,6.391783650033176,0.5888092517852783
40668,connect-4,hydra,67557,42,16384.0,16384.0,3,11,ok,,2.1325921127572656,1.1683367928490043,0.5022706985473633
40668,connect-4,tabpfn,67557,42,16384.0,16384.0,3,11,ok,,7.322924669831991,6.355424082837999,0.6345942616462708
40668,connect-4,hybrid_8l,67557,42,16384.0,16384.0,3,12,ok,,3.5955269634723663,2.5280621387064457,0.5234923362731934
40668,connect-4,tabpfn,67557,42,16384.0,16384.0,3,12,ok,,7.326056649908423,6.3569113072007895,0.6345942616462708
40668,connect-4,hydra,67557,42,16384.0,16384.0,3,12,ok,,2.1791508104652166,1.170380787923932,0.5022706985473633
40668,connect-4,hydra_small,67557,42,16384.0,16384.0,3,12,ok,,7.531337815336883,6.390375128015876,0.5888092517852783
40668,connect-4,hybrid_8l,67557,42,16384.0,16384.0,3,13,ok,,3.6921959966421127,2.5278587974607944,0.5234923362731934
40668,connect-4,tabpfn,67557,42,16384.0,16384.0,3,13,ok,,7.423123371787369,6.353348848409951,0.6345942616462708
40668,connect-4,hydra,67557,42,16384.0,16384.0,3,13,ok,,2.177791046909988,1.170311488211155,0.5022706985473633
40668,connect-4,hydra_small,67557,42,16384.0,16384.0,3,13,ok,,7.816882663406432,6.391646978445351,0.5888092517852783
40668,connect-4,tabpfn,67557,42,16384.0,16384.0,3,14,ok,,7.354859768413007,6.352240297012031,0.6345942616462708
40668,connect-4,hybrid_8l,67557,42,16384.0,16384.0,3,14,ok,,3.6074529020115733,2.5258248383179307,0.5234923362731934
40668,connect-4,hydra,67557,42,16384.0,16384.0,3,14,ok,,2.27093018963933,1.166662416420877,0.5022706985473633
40668,connect-4,hydra_small,67557,42,16384.0,16384.0,3,14,ok,,7.493946732021868,6.393024057149887,0.5888092517852783
40668,connect-4,hydra,67557,42,16384.0,16384.0,3,15,ok,,2.346039733849466,1.1668615946546197,0.5022706985473633
40668,connect-4,hydra_small,67557,42,16384.0,16384.0,3,15,ok,,7.4272173112258315,6.391878199763596,0.5888092517852783
40668,connect-4,tabpfn,67557,42,16384.0,16384.0,3,15,ok,,7.4523947620764375,6.347772598266602,0.6345942616462708
40668,connect-4,hybrid_8l,67557,42,16384.0,16384.0,3,15,ok,,3.578298938460648,2.5247803665697575,0.5234923362731934
40668,connect-4,tabpfn,67557,42,16384.0,16384.0,4,1,ok,,7.416548669338226,6.3451486406847835,0.6355248093605042
40668,connect-4,hybrid_8l,67557,42,16384.0,16384.0,4,1,ok,,3.5915879663079977,2.524715435691178,0.5251115560531616
40668,connect-4,hydra,67557,42,16384.0,16384.0,4,1,ok,,2.2126661464571953,1.1689344262704253,0.49616771936416626
40668,connect-4,hydra_small,67557,42,16384.0,16384.0,4,1,ok,,7.510913478210568,6.392330851405859,0.5879405736923218
40668,connect-4,tabpfn,67557,42,16384.0,16384.0,4,2,ok,,7.325227183289826,6.345620452426374,0.6355248093605042
40668,connect-4,hybrid_8l,67557,42,16384.0,16384.0,4,2,ok,,3.507914354093373,2.526462199166417,0.5251115560531616
40668,connect-4,hydra,67557,42,16384.0,16384.0,4,2,ok,,2.1451625851914287,1.1709905518218875,0.49616771936416626
40668,connect-4,hydra_small,67557,42,16384.0,16384.0,4,2,ok,,7.377922388724983,6.394334435462952,0.5879405736923218
40668,connect-4,hydra,67557,42,16384.0,16384.0,4,3,ok,,2.1932652266696095,1.1697439411655068,0.49616771936416626
40668,connect-4,hybrid_8l,67557,42,16384.0,16384.0,4,3,ok,,3.506531157530844,2.5261601991951466,0.5251115560531616
40668,connect-4,hydra_small,67557,42,16384.0,16384.0,4,3,ok,,7.3758532255887985,6.3932951325550675,0.5879405736923218
40668,connect-4,tabpfn,67557,42,16384.0,16384.0,4,3,ok,,7.381451765075326,6.348421844653785,0.6355248093605042
40668,connect-4,tabpfn,67557,42,16384.0,16384.0,4,4,ok,,7.4666451858356595,6.347648904658854,0.6355248093605042
40668,connect-4,hydra_small,67557,42,16384.0,16384.0,4,4,ok,,7.398312212899327,6.39434255566448,0.5879405736923218
40668,connect-4,hydra,67557,42,16384.0,16384.0,4,4,ok,,2.2084296215325594,1.1677512787282467,0.49616771936416626
40668,connect-4,hybrid_8l,67557,42,16384.0,16384.0,4,4,ok,,3.5322615606710315,2.5229601617902517,0.5251115560531616
40668,connect-4,hydra_small,67557,42,16384.0,16384.0,4,5,ok,,7.520531411282718,6.389232890680432,0.5879405736923218
40668,connect-4,hydra,67557,42,16384.0,16384.0,4,5,ok,,2.234829326160252,1.1705555114895105,0.49616771936416626
40668,connect-4,hybrid_8l,67557,42,16384.0,16384.0,4,5,ok,,3.6613109344616532,2.5244529116898775,0.5251115560531616
40668,connect-4,tabpfn,67557,42,16384.0,16384.0,4,5,ok,,7.327520661987364,6.34916449803859,0.6355248093605042
40668,connect-4,hybrid_8l,67557,42,16384.0,16384.0,4,6,ok,,3.5102973142638803,2.528698366135359,0.5251115560531616
40668,connect-4,tabpfn,67557,42,16384.0,16384.0,4,6,ok,,7.37136325519532,6.350379632785916,0.6355248093605042
40668,connect-4,hydra,67557,42,16384.0,16384.0,4,6,ok,,2.1761653712019324,1.1690113581717014,0.49616771936416626
40668,connect-4,hydra_small,67557,42,16384.0,16384.0,4,6,ok,,7.396640977822244,6.392069668509066,0.5879405736923218
40668,connect-4,tabpfn,67557,42,16384.0,16384.0,4,7,ok,,7.491012184880674,6.352298174053431,0.6355248093605042
40668,connect-4,hydra,67557,42,16384.0,16384.0,4,7,ok,,2.14859099406749,1.1677983617410064,0.49616771936416626
40668,connect-4,hybrid_8l,67557,42,16384.0,16384.0,4,7,ok,,3.501751991920173,2.524364821612835,0.5251115560531616
40668,connect-4,hydra_small,67557,42,16384.0,16384.0,4,7,ok,,7.419250138103962,6.391161674633622,0.5879405736923218
40668,connect-4,hybrid_8l,67557,42,16384.0,16384.0,4,8,ok,,3.623253415338695,2.5268954457715154,0.5251115560531616
40668,connect-4,hydra,67557,42,16384.0,16384.0,4,8,ok,,2.1788197746500373,1.1688960315659642,0.49616771936416626
40668,connect-4,hydra_small,67557,42,16384.0,16384.0,4,8,ok,,7.6576192304492,6.3939760103821754,0.5879405736923218
40668,connect-4,tabpfn,67557,42,16384.0,16384.0,4,8,ok,,7.39216803945601,6.350818912498653,0.6355248093605042
40668,connect-4,hybrid_8l,67557,42,16384.0,16384.0,4,9,ok,,3.962343971244991,2.525896285660565,0.5251115560531616
40668,connect-4,tabpfn,67557,42,16384.0,16384.0,4,9,ok,,7.332019815221429,6.352704397402704,0.6355248093605042
40668,connect-4,hydra,67557,42,16384.0,16384.0,4,9,ok,,2.147218198515475,1.1679901080206037,0.49616771936416626
40668,connect-4,hydra_small,67557,42,16384.0,16384.0,4,9,ok,,7.391048866324127,6.3912379229441285,0.5879405736923218
40668,connect-4,hydra,67557,42,16384.0,16384.0,4,10,ok,,2.1505237417295575,1.1710726981982589,0.49616771936416626
40668,connect-4,hybrid_8l,67557,42,16384.0,16384.0,4,10,ok,,3.515788462944329,2.5269870050251484,0.5251115560531616
40668,connect-4,tabpfn,67557,42,16384.0,16384.0,4,10,ok,,7.325012508779764,6.346942069008946,0.6355248093605042
40668,connect-4,hydra_small,67557,42,16384.0,16384.0,4,10,ok,,7.446112400852144,6.392053443938494,0.5879405736923218
40668,connect-4,tabpfn,67557,42,16384.0,16384.0,4,11,ok,,7.390649640932679,6.349200692027807,0.6355248093605042
40668,connect-4,hydra,67557,42,16384.0,16384.0,4,11,ok,,2.1693865889683366,1.1692562783136964,0.49616771936416626
40668,connect-4,hybrid_8l,67557,42,16384.0,16384.0,4,11,ok,,3.687688359990716,2.524950680322945,0.5251115560531616
40668,connect-4,hydra_small,67557,42,16384.0,16384.0,4,11,ok,,7.377117710188031,6.394352524541318,0.5879405736923218
40668,connect-4,hydra_small,67557,42,16384.0,16384.0,4,12,ok,,7.374569113366306,6.392325706779957,0.5879405736923218
40668,connect-4,tabpfn,67557,42,16384.0,16384.0,4,12,ok,,7.333674089983106,6.351980376057327,0.6355248093605042
40668,connect-4,hydra,67557,42,16384.0,16384.0,4,12,ok,,2.1509669767692685,1.1704232702031732,0.49616771936416626
40668,connect-4,hybrid_8l,67557,42,16384.0,16384.0,4,12,ok,,3.7458868296816945,2.5263856016099453,0.5251115560531616
40668,connect-4,hydra_small,67557,42,16384.0,16384.0,4,13,ok,,7.439804336987436,6.39448603708297,0.5879405736923218
40668,connect-4,hydra,67557,42,16384.0,16384.0,4,13,ok,,2.5480851717293262,1.1684801196679473,0.49616771936416626
40668,connect-4,tabpfn,67557,42,16384.0,16384.0,4,13,ok,,7.565460323356092,6.343207552097738,0.6355248093605042
40668,connect-4,hybrid_8l,67557,42,16384.0,16384.0,4,13,ok,,3.512212099507451,2.5251681180670857,0.5251115560531616
40668,connect-4,hydra,67557,42,16384.0,16384.0,4,14,ok,,2.1463566347956657,1.169304832816124,0.49616771936416626
40668,connect-4,tabpfn,67557,42,16384.0,16384.0,4,14,ok,,7.336201741360128,6.348398048430681,0.6355248093605042
40668,connect-4,hydra_small,67557,42,16384.0,16384.0,4,14,ok,,7.37761615216732,6.394884238950908,0.5879405736923218
40668,connect-4,hybrid_8l,67557,42,16384.0,16384.0,4,14,ok,,3.517371387220919,2.5268389051780105,0.5251115560531616
40668,connect-4,hybrid_8l,67557,42,16384.0,16384.0,4,15,ok,,3.503302955068648,2.525529163889587,0.5251115560531616
40668,connect-4,tabpfn,67557,42,16384.0,16384.0,4,15,ok,,7.3323965687304735,6.354259698651731,0.6355248093605042
40668,connect-4,hydra,67557,42,16384.0,16384.0,4,15,ok,,2.193753108382225,1.170445335097611,0.49616771936416626
40668,connect-4,hydra_small,67557,42,16384.0,16384.0,4,15,ok,,7.374694452621043,6.393784902058542,0.5879405736923218
40668,connect-4,hydra,67557,42,16384.0,16384.0,5,1,ok,,2.1643157210201025,1.1704606842249632,0.49788424372673035
40668,connect-4,hybrid_8l,67557,42,16384.0,16384.0,5,1,ok,,3.541214411146939,2.525134850293398,0.5250411629676819
40668,connect-4,tabpfn,67557,42,16384.0,16384.0,5,1,ok,,7.3778249975293875,6.346314372494817,0.6367798447608948
40668,connect-4,hydra_small,67557,42,16384.0,16384.0,5,1,ok,,7.917495790868998,6.3946385234594345,0.595130205154419
40668,connect-4,hybrid_8l,67557,42,16384.0,16384.0,5,2,ok,,3.728665689006448,2.5240892600268126,0.5250411629676819
40668,connect-4,tabpfn,67557,42,16384.0,16384.0,5,2,ok,,7.625146913342178,6.342439506202936,0.6367798447608948
40668,connect-4,hydra,67557,42,16384.0,16384.0,5,2,ok,,2.1879783738404512,1.170218818821013,0.49788424372673035
40668,connect-4,hydra_small,67557,42,16384.0,16384.0,5,2,ok,,7.575596761889756,6.3925353940576315,0.595130205154419
40668,connect-4,hydra_small,67557,42,16384.0,16384.0,5,3,ok,,7.433601265773177,6.393832773901522,0.595130205154419
40668,connect-4,hybrid_8l,67557,42,16384.0,16384.0,5,3,ok,,3.523153530433774,2.523460451513529,0.5250411629676819
40668,connect-4,hydra,67557,42,16384.0,16384.0,5,3,ok,,2.16628760099411,1.16933405213058,0.49788424372673035
40668,connect-4,tabpfn,67557,42,16384.0,16384.0,5,3,ok,,7.605551617220044,6.350002350285649,0.6367798447608948
40668,connect-4,hydra_small,67557,42,16384.0,16384.0,5,4,ok,,7.394587880931795,6.39136460237205,0.595130205154419
40668,connect-4,hydra,67557,42,16384.0,16384.0,5,4,ok,,2.2686028480529785,1.1686421921476722,0.49788424372673035
40668,connect-4,tabpfn,67557,42,16384.0,16384.0,5,4,ok,,7.385371622629464,6.347804521210492,0.6367798447608948
40668,connect-4,hybrid_8l,67557,42,16384.0,16384.0,5,4,ok,,3.52698752656579,2.524010826833546,0.5250411629676819
40668,connect-4,hydra_small,67557,42,16384.0,16384.0,5,5,ok,,7.816900462843478,6.392145247198641,0.595130205154419
40668,connect-4,hybrid_8l,67557,42,16384.0,16384.0,5,5,ok,,3.938638678751886,2.526263164356351,0.5250411629676819
40668,connect-4,tabpfn,67557,42,16384.0,16384.0,5,5,ok,,7.4281414039433,6.343128747306764,0.6367798447608948
40668,connect-4,hydra,67557,42,16384.0,16384.0,5,5,ok,,2.323731031268835,1.1691113831475377,0.49788424372673035
40668,connect-4,hydra_small,67557,42,16384.0,16384.0,5,6,ok,,7.7054753340780735,6.3927065543830395,0.595130205154419
40668,connect-4,hybrid_8l,67557,42,16384.0,16384.0,5,6,ok,,3.533124619163573,2.5255699725821614,0.5250411629676819
40668,connect-4,hydra,67557,42,16384.0,16384.0,5,6,ok,,2.1838310519233346,1.166796256788075,0.49788424372673035
40668,connect-4,tabpfn,67557,42,16384.0,16384.0,5,6,ok,,7.651342612691224,6.344906490296125,0.6367798447608948
40668,connect-4,hybrid_8l,67557,42,16384.0,16384.0,5,7,ok,,3.523578274063766,2.5288426652550697,0.5250411629676819
40668,connect-4,hydra_small,67557,42,16384.0,16384.0,5,7,ok,,7.395484643988311,6.395497255027294,0.595130205154419
40668,connect-4,tabpfn,67557,42,16384.0,16384.0,5,7,ok,,7.343799188733101,6.3480273354798555,0.6367798447608948
40668,connect-4,hydra,67557,42,16384.0,16384.0,5,7,ok,,2.1831768043339252,1.169738382101059,0.49788424372673035
40668,connect-4,hybrid_8l,67557,42,16384.0,16384.0,5,8,ok,,3.543349713087082,2.5269799763336778,0.5250411629676819
40668,connect-4,hydra_small,67557,42,16384.0,16384.0,5,8,ok,,7.401342966593802,6.3937592171132565,0.595130205154419
40668,connect-4,hydra,67557,42,16384.0,16384.0,5,8,ok,,2.1674862587824464,1.1709651565179229,0.49788424372673035
40668,connect-4,tabpfn,67557,42,16384.0,16384.0,5,8,ok,,7.339661283418536,6.343852980993688,0.6367798447608948
40668,connect-4,tabpfn,67557,42,16384.0,16384.0,5,9,ok,,7.343477605842054,6.342607121914625,0.6367798447608948
40668,connect-4,hydra_small,67557,42,16384.0,16384.0,5,9,ok,,7.403303246945143,6.395066367462277,0.595130205154419
40668,connect-4,hybrid_8l,67557,42,16384.0,16384.0,5,9,ok,,3.5488034086301923,2.5266715260222554,0.5250411629676819
40668,connect-4,hydra,67557,42,16384.0,16384.0,5,9,ok,,2.1631769267842174,1.169451910071075,0.49788424372673035
40668,connect-4,hydra,67557,42,16384.0,16384.0,5,10,ok,,2.168753451667726,1.1721326997503638,0.49788424372673035
40668,connect-4,hybrid_8l,67557,42,16384.0,16384.0,5,10,ok,,3.5243876026943326,2.5271659437566996,0.5250411629676819
40668,connect-4,hydra_small,67557,42,16384.0,16384.0,5,10,ok,,7.393172427080572,6.392428052611649,0.595130205154419
40668,connect-4,tabpfn,67557,42,16384.0,16384.0,5,10,ok,,7.344072417356074,6.344998718239367,0.6367798447608948
40668,connect-4,hydra_small,67557,42,16384.0,16384.0,5,11,ok,,7.394064840860665,6.391342687420547,0.595130205154419
40668,connect-4,tabpfn,67557,42,16384.0,16384.0,5,11,ok,,7.343192684464157,6.345774109475315,0.6367798447608948
40668,connect-4,hydra,67557,42,16384.0,16384.0,5,11,ok,,2.168047866784036,1.1691220169886947,0.49788424372673035
40668,connect-4,hybrid_8l,67557,42,16384.0,16384.0,5,11,ok,,3.5242031682282686,2.5260425871238112,0.5250411629676819
40668,connect-4,tabpfn,67557,42,16384.0,16384.0,5,12,ok,,7.340283976867795,6.344762986525893,0.6367798447608948
40668,connect-4,hydra,67557,42,16384.0,16384.0,5,12,ok,,2.589197243563831,1.2154708243906498,0.49788424372673035
40668,connect-4,hybrid_8l,67557,42,16384.0,16384.0,5,12,ok,,3.54718869458884,2.525054325349629,0.5250411629676819
40668,connect-4,hydra_small,67557,42,16384.0,16384.0,5,12,ok,,7.396122516132891,6.395347421057522,0.595130205154419
40668,connect-4,hydra,67557,42,16384.0,16384.0,5,13,ok,,2.164432638324797,1.1698074461892247,0.49788424372673035
40668,connect-4,tabpfn,67557,42,16384.0,16384.0,5,13,ok,,7.39108594506979,6.343880678527057,0.6367798447608948
40668,connect-4,hybrid_8l,67557,42,16384.0,16384.0,5,13,ok,,3.531510254368186,2.5250923791900277,0.5250411629676819
40668,connect-4,hydra_small,67557,42,16384.0,16384.0,5,13,ok,,7.4893736289814115,6.393774098716676,0.595130205154419
40668,connect-4,hydra_small,67557,42,16384.0,16384.0,5,14,ok,,7.392457902431488,6.390795520506799,0.595130205154419
40668,connect-4,hydra,67557,42,16384.0,16384.0,5,14,ok,,2.1636038096621633,1.1669645169749856,0.49788424372673035
40668,connect-4,hybrid_8l,67557,42,16384.0,16384.0,5,14,ok,,3.5245859818533063,2.5274955527856946,0.5250411629676819
40668,connect-4,tabpfn,67557,42,16384.0,16384.0,5,14,ok,,7.424046943895519,6.345813969150186,0.6367798447608948
40668,connect-4,hybrid_8l,67557,42,16384.0,16384.0,5,15,ok,,3.53140564635396,2.5256099803373218,0.5250411629676819
40668,connect-4,tabpfn,67557,42,16384.0,16384.0,5,15,ok,,7.360491809435189,6.344320598989725,0.6367798447608948
40668,connect-4,hydra,67557,42,16384.0,16384.0,5,15,ok,,2.2006885586306453,1.1681851278990507,0.49788424372673035
40668,connect-4,hydra_small,67557,42,16384.0,16384.0,5,15,ok,,7.41033311188221,6.407252120785415,0.595130205154419
40685,shuttle,hydra,58000,9,16384.0,16384.0,1,1,ok,,2.5558324987068772,2.004826355725527,0.6141433715820312
40685,shuttle,hydra_small,58000,9,16384.0,16384.0,1,1,ok,,11.12367741484195,10.75902795419097,0.8102575540542603
40685,shuttle,hydra,58000,9,16384.0,16384.0,1,2,ok,,2.349184462800622,2.004470550455153,0.6141433715820312
40685,shuttle,hydra_small,58000,9,16384.0,16384.0,1,2,ok,,11.108673512004316,10.758360342122614,0.8102575540542603
40685,shuttle,hydra_small,58000,9,16384.0,16384.0,1,3,ok,,11.112340074963868,10.757337771356106,0.8102575540542603
40685,shuttle,hydra,58000,9,16384.0,16384.0,1,3,ok,,2.3535881713032722,2.0057488521561027,0.6141433715820312
40685,shuttle,hydra_small,58000,9,16384.0,16384.0,1,4,ok,,11.120871908031404,10.759325695224106,0.8102575540542603
40685,shuttle,hydra,58000,9,16384.0,16384.0,1,4,ok,,2.3529282296076417,2.005806286819279,0.6141433715820312
40685,shuttle,hydra_small,58000,9,16384.0,16384.0,1,5,ok,,11.122158363461494,10.75717009883374,0.8102575540542603
40685,shuttle,hydra,58000,9,16384.0,16384.0,1,5,ok,,2.3684346303343773,2.0066536590456963,0.6141433715820312
40685,shuttle,hydra,58000,9,16384.0,16384.0,1,6,ok,,2.351883794181049,2.0050686402246356,0.6141433715820312
40685,shuttle,hydra_small,58000,9,16384.0,16384.0,1,6,ok,,11.106889846734703,10.754307447001338,0.8102575540542603
40685,shuttle,hydra,58000,9,16384.0,16384.0,1,7,ok,,2.352413616143167,2.0057803131639957,0.6141433715820312
40685,shuttle,hydra_small,58000,9,16384.0,16384.0,1,7,ok,,11.11449718941003,10.756658901460469,0.8102575540542603
40685,shuttle,hydra_small,58000,9,16384.0,16384.0,1,8,ok,,11.105049774050713,10.75696646142751,0.8102575540542603
40685,shuttle,hydra,58000,9,16384.0,16384.0,1,8,ok,,2.368161858059466,2.0048100324347615,0.6141433715820312
40685,shuttle,hydra_small,58000,9,16384.0,16384.0,1,9,ok,,11.105546405538917,10.753664264455438,0.8102575540542603
40685,shuttle,hydra,58000,9,16384.0,16384.0,1,9,ok,,2.394199254922569,2.002575132995844,0.6141433715820312
40685,shuttle,hydra_small,58000,9,16384.0,16384.0,1,10,ok,,11.10736271366477,10.757274640724063,0.8102575540542603
40685,shuttle,hydra,58000,9,16384.0,16384.0,1,10,ok,,2.3618279937654734,2.00696265976876,0.6141433715820312
40685,shuttle,hydra,58000,9,16384.0,16384.0,1,11,ok,,2.360827460885048,2.0013065561652184,0.6141433715820312
40685,shuttle,hydra_small,58000,9,16384.0,16384.0,1,11,ok,,11.109808987937868,10.758404946886003,0.8102575540542603
40685,shuttle,hydra,58000,9,16384.0,16384.0,1,12,ok,,2.350353207439184,2.005376970395446,0.6141433715820312
40685,shuttle,hydra_small,58000,9,16384.0,16384.0,1,12,ok,,11.108783128671348,10.757113562896848,0.8102575540542603
40685,shuttle,hydra,58000,9,16384.0,16384.0,1,13,ok,,2.364379871636629,2.0046783601865172,0.6141433715820312
40685,shuttle,hydra_small,58000,9,16384.0,16384.0,1,13,ok,,11.110119212418795,10.758697774261236,0.8102575540542603
40685,shuttle,hydra_small,58000,9,16384.0,16384.0,1,14,ok,,11.115532413125038,10.763255353085697,0.8102575540542603
40685,shuttle,hydra,58000,9,16384.0,16384.0,1,14,ok,,2.349494422785938,2.0033309226855636,0.6141433715820312
40685,shuttle,hydra_small,58000,9,16384.0,16384.0,1,15,ok,,11.126567566767335,10.760405132547021,0.8102575540542603
40685,shuttle,hydra,58000,9,16384.0,16384.0,1,15,ok,,2.3524138471111655,2.005423678085208,0.6141433715820312
40685,shuttle,hydra_small,58000,9,16384.0,16384.0,2,1,ok,,11.100091121159494,10.759678410366178,0.8208734393119812
40685,shuttle,hydra,58000,9,16384.0,16384.0,2,1,ok,,2.3401975417509675,2.0051984740421176,0.6128284931182861
40685,shuttle,hydra,58000,9,16384.0,16384.0,2,2,ok,,2.3424847163259983,2.004862939938903,0.6128284931182861
40685,shuttle,hydra_small,58000,9,16384.0,16384.0,2,2,ok,,11.118720124475658,10.764506227336824,0.8208734393119812
40685,shuttle,hydra,58000,9,16384.0,16384.0,2,3,ok,,2.3447855580598116,2.004564495757222,0.6128284931182861
40685,shuttle,hydra_small,58000,9,16384.0,16384.0,2,3,ok,,11.101246188394725,10.759325596503913,0.8208734393119812
40685,shuttle,hydra_small,58000,9,16384.0,16384.0,2,4,ok,,11.094889408908784,10.754139352589846,0.8208734393119812
40685,shuttle,hydra,58000,9,16384.0,16384.0,2,4,ok,,2.3890945743769407,2.004674194380641,0.6128284931182861
40685,shuttle,hydra_small,58000,9,16384.0,16384.0,2,5,ok,,11.097138327546418,10.754966678097844,0.8208734393119812
40685,shuttle,hydra,58000,9,16384.0,16384.0,2,5,ok,,2.3516156021505594,2.0042714113369584,0.6128284931182861
40685,shuttle,hydra,58000,9,16384.0,16384.0,2,6,ok,,2.338045016862452,2.001156123355031,0.6128284931182861
40685,shuttle,hydra_small,58000,9,16384.0,16384.0,2,6,ok,,11.102043689228594,10.758892661891878,0.8208734393119812
40685,shuttle,hydra,58000,9,16384.0,16384.0,2,7,ok,,2.38682153634727,2.005650687031448,0.6128284931182861
40685,shuttle,hydra_small,58000,9,16384.0,16384.0,2,7,ok,,11.176813719794154,10.757464371621609,0.8208734393119812
40685,shuttle,hydra_small,58000,9,16384.0,16384.0,2,8,ok,,11.092495466582477,10.753082305192947,0.8208734393119812
40685,shuttle,hydra,58000,9,16384.0,16384.0,2,8,ok,,2.3391172317788005,2.0012584952637553,0.6128284931182861
40685,shuttle,hydra_small,58000,9,16384.0,16384.0,2,9,ok,,11.131948625668883,10.750765929929912,0.8208734393119812
40685,shuttle,hydra,58000,9,16384.0,16384.0,2,9,ok,,2.401190919801593,2.0030519319698215,0.6128284931182861
40685,shuttle,hydra,58000,9,16384.0,16384.0,2,10,ok,,2.3595546102151275,2.0046894755214453,0.6128284931182861
40685,shuttle,hydra_small,58000,9,16384.0,16384.0,2,10,ok,,11.208080302923918,10.759420674294233,0.8208734393119812
40685,shuttle,hydra,58000,9,16384.0,16384.0,2,11,ok,,2.3396692434325814,2.0047568529844284,0.6128284931182861
40685,shuttle,hydra_small,58000,9,16384.0,16384.0,2,11,ok,,11.095649728551507,10.75536700617522,0.8208734393119812
40685,shuttle,hydra,58000,9,16384.0,16384.0,2,12,ok,,2.490539316087961,2.004993449896574,0.6128284931182861
40685,shuttle,hydra_small,58000,9,16384.0,16384.0,2,12,ok,,11.258914891630411,10.756075997836888,0.8208734393119812
40685,shuttle,hydra_small,58000,9,16384.0,16384.0,2,13,ok,,11.099491577595472,10.758951584808528,0.8208734393119812
40685,shuttle,hydra,58000,9,16384.0,16384.0,2,13,ok,,2.3411864768713713,2.0047399969771504,0.6128284931182861
40685,shuttle,hydra,58000,9,16384.0,16384.0,2,14,ok,,2.342559678480029,2.0056421970948577,0.6128284931182861
40685,shuttle,hydra_small,58000,9,16384.0,16384.0,2,14,ok,,11.334409618750215,10.759794976562262,0.8208734393119812
40685,shuttle,hydra_small,58000,9,16384.0,16384.0,2,15,ok,,11.101520786061883,10.75944050308317,0.8208734393119812
40685,shuttle,hydra,58000,9,16384.0,16384.0,2,15,ok,,2.3378614680841565,2.0019684825092554,0.6128284931182861
40685,shuttle,hydra_small,58000,9,16384.0,16384.0,3,1,ok,,11.103101626038551,10.760672549717128,0.7854960560798645
40685,shuttle,hydra,58000,9,16384.0,16384.0,3,1,ok,,2.3546953154727817,2.0029256232082844,0.610734760761261
40685,shuttle,hydra,58000,9,16384.0,16384.0,3,2,ok,,2.3451220523566008,2.0055083883926272,0.610734760761261
40685,shuttle,hydra_small,58000,9,16384.0,16384.0,3,2,ok,,11.50585522968322,10.757898095995188,0.7854960560798645
40685,shuttle,hydra_small,58000,9,16384.0,16384.0,3,3,ok,,11.101741027086973,10.759311666712165,0.7854960560798645
40685,shuttle,hydra,58000,9,16384.0,16384.0,3,3,ok,,2.3598763877525926,2.0068911220878363,0.610734760761261
40685,shuttle,hydra,58000,9,16384.0,16384.0,3,4,ok,,2.41941143758595,2.0054319398477674,0.610734760761261
40685,shuttle,hydra_small,58000,9,16384.0,16384.0,3,4,ok,,11.109468845650554,10.762521886266768,0.7854960560798645
40685,shuttle,hydra,58000,9,16384.0,16384.0,3,5,ok,,2.3419223176315427,2.003105139359832,0.610734760761261
40685,shuttle,hydra_small,58000,9,16384.0,16384.0,3,5,ok,,11.129628813825548,10.764394722878933,0.7854960560798645
40685,shuttle,hydra_small,58000,9,16384.0,16384.0,3,6,ok,,11.154489271342754,10.760776489973068,0.7854960560798645
40685,shuttle,hydra,58000,9,16384.0,16384.0,3,6,ok,,2.427599544636905,2.0023934226483107,0.610734760761261
40685,shuttle,hydra,58000,9,16384.0,16384.0,3,7,ok,,2.3532213494181633,2.0049100518226624,0.610734760761261
40685,shuttle,hydra_small,58000,9,16384.0,16384.0,3,7,ok,,11.101235516369343,10.760173441842198,0.7854960560798645
40685,shuttle,hydra,58000,9,16384.0,16384.0,3,8,ok,,2.341972528025508,2.004486355930567,0.610734760761261
40685,shuttle,hydra_small,58000,9,16384.0,16384.0,3,8,ok,,11.11227277200669,10.760327709838748,0.7854960560798645
40685,shuttle,hydra_small,58000,9,16384.0,16384.0,3,9,ok,,11.142829307354987,10.762310064397752,0.7854960560798645
40685,shuttle,hydra,58000,9,16384.0,16384.0,3,9,ok,,2.4271079571917653,2.004108002409339,0.610734760761261
40685,shuttle,hydra,58000,9,16384.0,16384.0,3,10,ok,,2.343037330545485,2.0051147900521755,0.610734760761261
40685,shuttle,hydra_small,58000,9,16384.0,16384.0,3,10,ok,,11.122471054084599,10.764999940991402,0.7854960560798645
40685,shuttle,hydra,58000,9,16384.0,16384.0,3,11,ok,,2.351760882884264,2.0034391917288303,0.610734760761261
40685,shuttle,hydra_small,58000,9,16384.0,16384.0,3,11,ok,,11.258247525431216,10.757171815261245,0.7854960560798645
40685,shuttle,hydra_small,58000,9,16384.0,16384.0,3,12,ok,,11.253526399843395,10.761268422938883,0.7854960560798645
40685,shuttle,hydra,58000,9,16384.0,16384.0,3,12,ok,,2.403180493041873,2.003615526482463,0.610734760761261
40685,shuttle,hydra_small,58000,9,16384.0,16384.0,3,13,ok,,11.137802022509277,10.75543730892241,0.7854960560798645
40685,shuttle,hydra,58000,9,16384.0,16384.0,3,13,ok,,2.3890730254352093,2.005173023790121,0.610734760761261
40685,shuttle,hydra_small,58000,9,16384.0,16384.0,3,14,ok,,11.116096536628902,10.757342710159719,0.7854960560798645
40685,shuttle,hydra,58000,9,16384.0,16384.0,3,14,ok,,2.3608497167006135,2.0061486065387726,0.610734760761261
40685,shuttle,hydra_small,58000,9,16384.0,16384.0,3,15,ok,,11.122459060512483,10.758466838859022,0.7854960560798645
40685,shuttle,hydra,58000,9,16384.0,16384.0,3,15,ok,,2.8439109455794096,2.0030502630397677,0.610734760761261
40685,shuttle,hydra_small,58000,9,16384.0,16384.0,4,1,ok,,11.126730533316731,10.759568667039275,0.8637223243713379
40685,shuttle,hydra,58000,9,16384.0,16384.0,4,1,ok,,2.397973886691034,2.0028222976252437,0.5700761079788208
40685,shuttle,hydra_small,58000,9,16384.0,16384.0,4,2,ok,,11.55327264778316,10.75929558929056,0.8637223243713379
40685,shuttle,hydra,58000,9,16384.0,16384.0,4,2,ok,,2.5770161747932434,2.002760335803032,0.5700761079788208
40685,shuttle,hydra,58000,9,16384.0,16384.0,4,3,ok,,2.3507764050737023,2.00284353364259,0.5700761079788208
40685,shuttle,hydra_small,58000,9,16384.0,16384.0,4,3,ok,,11.101616392843425,10.760416747070849,0.8637223243713379
40685,shuttle,hydra,58000,9,16384.0,16384.0,4,4,ok,,2.3439813889563084,2.0058839293196797,0.5700761079788208
40685,shuttle,hydra_small,58000,9,16384.0,16384.0,4,4,ok,,11.100264851003885,10.759343289770186,0.8637223243713379
40685,shuttle,hydra,58000,9,16384.0,16384.0,4,5,ok,,2.366828897036612,2.0043760081753135,0.5700761079788208
40685,shuttle,hydra_small,58000,9,16384.0,16384.0,4,5,ok,,11.102239568717778,10.761290485039353,0.8637223243713379
40685,shuttle,hydra,58000,9,16384.0,16384.0,4,6,ok,,2.3383616134524345,2.0021302569657564,0.5700761079788208
40685,shuttle,hydra_small,58000,9,16384.0,16384.0,4,6,ok,,11.121785011142492,10.758307179436088,0.8637223243713379
40685,shuttle,hydra_small,58000,9,16384.0,16384.0,4,7,ok,,11.3684390373528,10.758146615698934,0.8637223243713379
40685,shuttle,hydra,58000,9,16384.0,16384.0,4,7,ok,,2.408310535363853,2.003554663620889,0.5700761079788208
40685,shuttle,hydra,58000,9,16384.0,16384.0,4,8,ok,,2.3513220082968473,2.004641314037144,0.5700761079788208
40685,shuttle,hydra_small,58000,9,16384.0,16384.0,4,8,ok,,11.118432963266969,10.753157653845847,0.8637223243713379
40685,shuttle,hydra,58000,9,16384.0,16384.0,4,9,ok,,2.3484054673463106,2.005229553207755,0.5700761079788208
40685,shuttle,hydra_small,58000,9,16384.0,16384.0,4,9,ok,,11.123550441116095,10.757782007567585,0.8637223243713379
40685,shuttle,hydra_small,58000,9,16384.0,16384.0,4,10,ok,,11.170506143011153,10.758245694451034,0.8637223243713379
40685,shuttle,hydra,58000,9,16384.0,16384.0,4,10,ok,,2.3651987994089723,2.0025039380416274,0.5700761079788208
40685,shuttle,hydra_small,58000,9,16384.0,16384.0,4,11,ok,,11.243123803287745,10.763416453264654,0.8637223243713379
40685,shuttle,hydra,58000,9,16384.0,16384.0,4,11,ok,,2.3487311685457826,2.0048695215955377,0.5700761079788208
40685,shuttle,hydra_small,58000,9,16384.0,16384.0,4,12,ok,,11.101128782145679,10.761686658486724,0.8637223243713379
40685,shuttle,hydra,58000,9,16384.0,16384.0,4,12,ok,,2.365987072698772,2.0050495378673077,0.5700761079788208
40685,shuttle,hydra_small,58000,9,16384.0,16384.0,4,13,ok,,11.276248188689351,10.76234017778188,0.8637223243713379
40685,shuttle,hydra,58000,9,16384.0,16384.0,4,13,ok,,2.3382020322605968,2.004129508510232,0.5700761079788208
40685,shuttle,hydra_small,58000,9,16384.0,16384.0,4,14,ok,,11.13662329595536,10.760157353244722,0.8637223243713379
40685,shuttle,hydra,58000,9,16384.0,16384.0,4,14,ok,,2.7362776761874557,2.0022861510515213,0.5700761079788208
40685,shuttle,hydra_small,58000,9,16384.0,16384.0,4,15,ok,,11.099809628911316,10.760876758024096,0.8637223243713379
40685,shuttle,hydra,58000,9,16384.0,16384.0,4,15,ok,,2.4726075688377023,2.0037888819351792,0.5700761079788208
40685,shuttle,hydra_small,58000,9,16384.0,16384.0,5,1,ok,,11.143528510816395,10.761765421368182,0.8363039493560791
40685,shuttle,hydra,58000,9,16384.0,16384.0,5,1,ok,,2.3747542398050427,2.0056193126365542,0.5991606712341309
40685,shuttle,hydra_small,58000,9,16384.0,16384.0,5,2,ok,,11.116067938506603,10.762166088446975,0.8363039493560791
40685,shuttle,hydra,58000,9,16384.0,16384.0,5,2,ok,,2.3838326428085566,2.0062426775693893,0.5991606712341309
40685,shuttle,hydra_small,58000,9,16384.0,16384.0,5,3,ok,,11.120319152250886,10.757942026481032,0.8363039493560791
40685,shuttle,hydra,58000,9,16384.0,16384.0,5,3,ok,,2.35065701790154,2.0024932883679867,0.5991606712341309
40685,shuttle,hydra,58000,9,16384.0,16384.0,5,4,ok,,2.3544215597212315,2.003585376776755,0.5991606712341309
40685,shuttle,hydra_small,58000,9,16384.0,16384.0,5,4,ok,,11.116975440643728,10.760694372467697,0.8363039493560791
40685,shuttle,hydra,58000,9,16384.0,16384.0,5,5,ok,,2.349409810267389,2.0017644511535764,0.5991606712341309
40685,shuttle,hydra_small,58000,9,16384.0,16384.0,5,5,ok,,11.112369482405484,10.759697571396828,0.8363039493560791
40685,shuttle,hydra,58000,9,16384.0,16384.0,5,6,ok,,2.3600305942818522,2.0026473151519895,0.5991606712341309
40685,shuttle,hydra_small,58000,9,16384.0,16384.0,5,6,ok,,11.148414173163474,10.760976602323353,0.8363039493560791
40685,shuttle,hydra,58000,9,16384.0,16384.0,5,7,ok,,2.398550129495561,2.0050876131281257,0.5991606712341309
40685,shuttle,hydra_small,58000,9,16384.0,16384.0,5,7,ok,,11.138111183419824,10.760011139325798,0.8363039493560791
40685,shuttle,hydra_small,58000,9,16384.0,16384.0,5,8,ok,,12.428072014823556,10.760095855221152,0.8363039493560791
40685,shuttle,hydra,58000,9,16384.0,16384.0,5,8,ok,,2.6627661380916834,2.0025888551026583,0.5991606712341309
40685,shuttle,hydra_small,58000,9,16384.0,16384.0,5,9,ok,,12.379360576160252,10.764071352779865,0.8363039493560791
40685,shuttle,hydra,58000,9,16384.0,16384.0,5,9,ok,,2.5878856480121613,2.0028090057894588,0.5991606712341309
40685,shuttle,hydra,58000,9,16384.0,16384.0,5,10,ok,,3.363322372548282,2.00477328710258,0.5991606712341309
40685,shuttle,hydra_small,58000,9,16384.0,16384.0,5,10,ok,,11.523054778575897,10.759238548576832,0.8363039493560791
40685,shuttle,hydra_small,58000,9,16384.0,16384.0,5,11,ok,,11.116131140850484,10.759898249991238,0.8363039493560791
40685,shuttle,hydra,58000,9,16384.0,16384.0,5,11,ok,,2.3659732434898615,2.004624329507351,0.5991606712341309
40685,shuttle,hydra,58000,9,16384.0,16384.0,5,12,ok,,2.367623739875853,2.0037796208634973,0.5991606712341309
40685,shuttle,hydra_small,58000,9,16384.0,16384.0,5,12,ok,,11.126259385608137,10.760451245121658,0.8363039493560791
40685,shuttle,hydra,58000,9,16384.0,16384.0,5,13,ok,,2.35478020273149,2.0051633240655065,0.5991606712341309
40685,shuttle,hydra_small,58000,9,16384.0,16384.0,5,13,ok,,11.111128786578774,10.758342515677214,0.8363039493560791
40685,shuttle,hydra,58000,9,16384.0,16384.0,5,14,ok,,2.364973665215075,2.0035416539758444,0.5991606712341309
40685,shuttle,hydra_small,58000,9,16384.0,16384.0,5,14,ok,,11.133185304701328,10.759005665779114,0.8363039493560791
40685,shuttle,hydra_small,58000,9,16384.0,16384.0,5,15,ok,,11.163435644470155,10.758142350241542,0.8363039493560791
40685,shuttle,hydra,58000,9,16384.0,16384.0,5,15,ok,,2.3812952218577266,2.004208432510495,0.5991606712341309
