did,dataset_name,model,num_samples,num_features,configured_eval_position,real_eval_position,split_number,timing_repetition,status,error,synchronized_elapsed_seconds,synchronized_model_inference_seconds,mean_metric
11,balance-scale,looped_transformer_6physical_core4x2,625,4,972,312,1,1,ok,,0.045511008240282536,0.020404470153152943,1.0
11,balance-scale,hybrid_8l,625,4,972,312,1,1,ok,,0.10223197471350431,0.020721961744129658,0.9993098974227905
11,balance-scale,tabpfn,625,4,972,312,1,1,ok,,0.05109810270369053,0.02418577391654253,0.9993955492973328
11,balance-scale,hydra,625,4,972,312,1,1,ok,,0.054463679902255535,0.02623275201767683,0.9934437274932861
11,balance-scale,looped_transformer_6physical_core4x2,625,4,972,312,1,2,ok,,0.043868955224752426,0.020647559314966202,1.0
11,balance-scale,hybrid_8l,625,4,972,312,1,2,ok,,0.0773973111063242,0.01758610922843218,0.9993098974227905
11,balance-scale,hydra,625,4,972,312,1,2,ok,,0.05209761671721935,0.026431349106132984,0.9934437274932861
11,balance-scale,tabpfn,625,4,972,312,1,2,ok,,0.06274425890296698,0.02462929394096136,0.9993955492973328
11,balance-scale,looped_transformer_6physical_core4x2,625,4,972,312,1,3,ok,,0.08126575034111738,0.023647142574191093,1.0
11,balance-scale,hybrid_8l,625,4,972,312,1,3,ok,,0.04286868218332529,0.0175571134313941,0.9993098974227905
11,balance-scale,hydra,625,4,972,312,1,3,ok,,0.07573550287634134,0.026278669014573097,0.9934437274932861
11,balance-scale,tabpfn,625,4,972,312,1,3,ok,,0.04975035972893238,0.024368601851165295,0.9993955492973328
11,balance-scale,looped_transformer_6physical_core4x2,625,4,972,312,1,4,ok,,0.055300976149737835,0.020562568679451942,1.0
11,balance-scale,hydra,625,4,972,312,1,4,ok,,0.09151065070182085,0.02566978521645069,0.9934437274932861
11,balance-scale,hybrid_8l,625,4,972,312,1,4,ok,,0.04625373333692551,0.016943050548434258,0.9993098974227905
11,balance-scale,tabpfn,625,4,972,312,1,4,ok,,0.04804578050971031,0.023540842346847057,0.9993955492973328
11,balance-scale,looped_transformer_6physical_core4x2,625,4,972,312,1,5,ok,,0.09157963190227747,0.019877259619534016,1.0
11,balance-scale,tabpfn,625,4,972,312,1,5,ok,,0.04763858765363693,0.0232898760586977,0.9993955492973328
11,balance-scale,hybrid_8l,625,4,972,312,1,5,ok,,0.04414251446723938,0.016979200765490532,0.9993098974227905
11,balance-scale,hydra,625,4,972,312,1,5,ok,,0.07627042569220066,0.025312168523669243,0.9934437274932861
11,balance-scale,looped_transformer_6physical_core4x2,625,4,972,312,2,1,ok,,0.04745439998805523,0.01986804325133562,0.9940271973609924
11,balance-scale,hybrid_8l,625,4,972,312,2,1,ok,,0.04171769134700298,0.017282985150814056,0.9926596283912659
11,balance-scale,hydra,625,4,972,312,2,1,ok,,0.07487175613641739,0.02578744851052761,0.9822571873664856
11,balance-scale,tabpfn,625,4,972,312,2,1,ok,,0.04601243697106838,0.02114802785217762,0.996491014957428
11,balance-scale,tabpfn,625,4,972,312,2,2,ok,,0.049372623674571514,0.02124481089413166,0.996491014957428
11,balance-scale,looped_transformer_6physical_core4x2,625,4,972,312,2,2,ok,,0.05287682358175516,0.017890315502882004,0.9940271973609924
11,balance-scale,hybrid_8l,625,4,972,312,2,2,ok,,0.053031254559755325,0.01536914985626936,0.9926596283912659
11,balance-scale,hydra,625,4,972,312,2,2,ok,,0.048299712128937244,0.02364407666027546,0.9822571873664856
11,balance-scale,hybrid_8l,625,4,972,312,2,3,ok,,0.07989718671888113,0.015698382630944252,0.9926596283912659
11,balance-scale,looped_transformer_6physical_core4x2,625,4,972,312,2,3,ok,,0.0416842270642519,0.018091917969286442,0.9940271973609924
11,balance-scale,tabpfn,625,4,972,312,2,3,ok,,0.0649792943149805,0.021169819869101048,0.996491014957428
11,balance-scale,hydra,625,4,972,312,2,3,ok,,0.05763083044439554,0.023345652036368847,0.9822571873664856
11,balance-scale,hybrid_8l,625,4,972,312,2,4,ok,,0.045116810128092766,0.015274249017238617,0.9926596283912659
11,balance-scale,hydra,625,4,972,312,2,4,ok,,0.047610215842723846,0.022876153700053692,0.9822571873664856
11,balance-scale,looped_transformer_6physical_core4x2,625,4,972,312,2,4,ok,,0.08015876356512308,0.017033844254910946,0.9940271973609924
11,balance-scale,tabpfn,625,4,972,312,2,4,ok,,0.04470605216920376,0.02027784939855337,0.996491014957428
11,balance-scale,hybrid_8l,625,4,972,312,2,5,ok,,0.09166991338133812,0.017356845550239086,0.9926596283912659
11,balance-scale,hydra,625,4,972,312,2,5,ok,,0.053205955773591995,0.022380794398486614,0.9822571873664856
11,balance-scale,looped_transformer_6physical_core4x2,625,4,972,312,2,5,ok,,0.0531667023897171,0.017008845694363117,0.9940271973609924
11,balance-scale,tabpfn,625,4,972,312,2,5,ok,,0.059109010733664036,0.02012678235769272,0.996491014957428
11,balance-scale,hybrid_8l,625,4,972,312,3,1,ok,,0.04919267352670431,0.014649585820734501,0.9962307810783386
11,balance-scale,looped_transformer_6physical_core4x2,625,4,972,312,3,1,ok,,0.04000033624470234,0.017098004929721355,0.9975317716598511
11,balance-scale,tabpfn,625,4,972,312,3,1,ok,,0.04485273081809282,0.020299560390412807,0.998451828956604
11,balance-scale,hydra,625,4,972,312,3,1,ok,,0.07231688499450684,0.02349549625068903,0.9882017970085144
11,balance-scale,looped_transformer_6physical_core4x2,625,4,972,312,3,2,ok,,0.04497011285275221,0.017067828215658665,0.9975317716598511
11,balance-scale,hydra,625,4,972,312,3,2,ok,,0.047535612247884274,0.022022203542292118,0.9882017970085144
11,balance-scale,tabpfn,625,4,972,312,3,2,ok,,0.0577853936702013,0.02029663510620594,0.998451828956604
11,balance-scale,hybrid_8l,625,4,972,312,3,2,ok,,0.05288536939769983,0.014720140025019646,0.9962307810783386
11,balance-scale,tabpfn,625,4,972,312,3,3,ok,,0.05864475108683109,0.020099752582609653,0.998451828956604
11,balance-scale,hybrid_8l,625,4,972,312,3,3,ok,,0.05269301496446133,0.0151200070977211,0.9962307810783386
11,balance-scale,hydra,625,4,972,312,3,3,ok,,0.05895815510302782,0.022661536000669003,0.9882017970085144
11,balance-scale,looped_transformer_6physical_core4x2,625,4,972,312,3,3,ok,,0.039971692487597466,0.016953361220657825,0.9975317716598511
11,balance-scale,hybrid_8l,625,4,972,312,3,4,ok,,0.07919377461075783,0.014627483673393726,0.9962307810783386
11,balance-scale,tabpfn,625,4,972,312,3,4,ok,,0.051393723115324974,0.02007865160703659,0.998451828956604
11,balance-scale,hydra,625,4,972,312,3,4,ok,,0.0843379208818078,0.021866428665816784,0.9882017970085144
11,balance-scale,looped_transformer_6physical_core4x2,625,4,972,312,3,4,ok,,0.059934345073997974,0.0170156080275774,0.9975317716598511
11,balance-scale,hydra,625,4,972,312,3,5,ok,,0.07678765710443258,0.02225856203585863,0.9882017970085144
11,balance-scale,hybrid_8l,625,4,972,312,3,5,ok,,0.08804840128868818,0.015215648338198662,0.9962307810783386
11,balance-scale,looped_transformer_6physical_core4x2,625,4,972,312,3,5,ok,,0.04157479014247656,0.017300517298281193,0.9975317716598511
11,balance-scale,tabpfn,625,4,972,312,3,5,ok,,0.04851950705051422,0.02003853488713503,0.998451828956604
11,balance-scale,hybrid_8l,625,4,972,312,4,1,ok,,0.07859520055353642,0.01468101516366005,0.9892569780349731
11,balance-scale,looped_transformer_6physical_core4x2,625,4,972,312,4,1,ok,,0.050753540359437466,0.017188847064971924,0.9934405088424683
11,balance-scale,hydra,625,4,972,312,4,1,ok,,0.05034764111042023,0.02253123838454485,0.9771883487701416
11,balance-scale,tabpfn,625,4,972,312,4,1,ok,,0.07916277647018433,0.02039499208331108,0.9949772357940674
11,balance-scale,hybrid_8l,625,4,972,312,4,2,ok,,0.04035575967282057,0.015543750487267971,0.9892569780349731
11,balance-scale,looped_transformer_6physical_core4x2,625,4,972,312,4,2,ok,,0.05576993525028229,0.018691644072532654,0.9934405088424683
11,balance-scale,tabpfn,625,4,972,312,4,2,ok,,0.08685281593352556,0.022427531890571117,0.9949772357940674
11,balance-scale,hydra,625,4,972,312,4,2,ok,,0.049544379115104675,0.02396930381655693,0.9771883487701416
11,balance-scale,hybrid_8l,625,4,972,312,4,3,ok,,0.040922162123024464,0.016421894542872906,0.9892569780349731
11,balance-scale,tabpfn,625,4,972,312,4,3,ok,,0.0505409175530076,0.022041562013328075,0.9949772357940674
11,balance-scale,looped_transformer_6physical_core4x2,625,4,972,312,4,3,ok,,0.045311118476092815,0.018559223972260952,0.9934405088424683
11,balance-scale,hydra,625,4,972,312,4,3,ok,,0.05572282522916794,0.02388143725693226,0.9771883487701416
11,balance-scale,hydra,625,4,972,312,4,4,ok,,0.04864738043397665,0.023118111304938793,0.9771883487701416
11,balance-scale,tabpfn,625,4,972,312,4,4,ok,,0.06354926247149706,0.021141615696251392,0.9949772357940674
11,balance-scale,hybrid_8l,625,4,972,312,4,4,ok,,0.040793539956212044,0.01582733727991581,0.9892569780349731
11,balance-scale,looped_transformer_6physical_core4x2,625,4,972,312,4,4,ok,,0.05317499861121178,0.017803692258894444,0.9934405088424683
11,balance-scale,looped_transformer_6physical_core4x2,625,4,972,312,4,5,ok,,0.06555554457008839,0.017802037298679352,0.9934405088424683
11,balance-scale,hybrid_8l,625,4,972,312,4,5,ok,,0.045916725881397724,0.015478625893592834,0.9892569780349731
11,balance-scale,hydra,625,4,972,312,4,5,ok,,0.04782006237655878,0.023140523582696915,0.9771883487701416
11,balance-scale,tabpfn,625,4,972,312,4,5,ok,,0.07671633176505566,0.021308221854269505,0.9949772357940674
11,balance-scale,hybrid_8l,625,4,972,312,5,1,ok,,0.04043341800570488,0.015356514602899551,0.9940381646156311
11,balance-scale,looped_transformer_6physical_core4x2,625,4,972,312,5,1,ok,,0.05258262623101473,0.017888040281832218,0.9965973496437073
11,balance-scale,hydra,625,4,972,312,5,1,ok,,0.05469301529228687,0.023097853176295757,0.9914498925209045
11,balance-scale,tabpfn,625,4,972,312,5,1,ok,,0.06222087703645229,0.021110107190907,0.9976605176925659
11,balance-scale,hydra,625,4,972,312,5,2,ok,,0.047998180612921715,0.023156434297561646,0.9914498925209045
11,balance-scale,looped_transformer_6physical_core4x2,625,4,972,312,5,2,ok,,0.0925684655085206,0.017843516543507576,0.9965973496437073
11,balance-scale,hybrid_8l,625,4,972,312,5,2,ok,,0.04549786262214184,0.015227319672703743,0.9940381646156311
11,balance-scale,tabpfn,625,4,972,312,5,2,ok,,0.04676070436835289,0.021590125747025013,0.9976605176925659
11,balance-scale,hydra,625,4,972,312,5,3,ok,,0.06775810942053795,0.022947137244045734,0.9914498925209045
11,balance-scale,hybrid_8l,625,4,972,312,5,3,ok,,0.04613428842276335,0.015413522720336914,0.9940381646156311
11,balance-scale,tabpfn,625,4,972,312,5,3,ok,,0.04830839764326811,0.02117076050490141,0.9976605176925659
11,balance-scale,looped_transformer_6physical_core4x2,625,4,972,312,5,3,ok,,0.04556771460920572,0.017863033339381218,0.9965973496437073
11,balance-scale,tabpfn,625,4,972,312,5,4,ok,,0.07893922366201878,0.02121665794402361,0.9976605176925659
11,balance-scale,hydra,625,4,972,312,5,4,ok,,0.04903507325798273,0.02306516095995903,0.9914498925209045
11,balance-scale,hybrid_8l,625,4,972,312,5,4,ok,,0.03977024182677269,0.014967668801546097,0.9940381646156311
11,balance-scale,looped_transformer_6physical_core4x2,625,4,972,312,5,4,ok,,0.10504916030913591,0.020579340867698193,0.9965973496437073
11,balance-scale,hybrid_8l,625,4,972,312,5,5,ok,,0.1727388696745038,0.015139424242079258,0.9940381646156311
11,balance-scale,hydra,625,4,972,312,5,5,ok,,0.1812778590247035,0.027438165619969368,0.9914498925209045
11,balance-scale,looped_transformer_6physical_core4x2,625,4,972,312,5,5,ok,,0.2257264144718647,0.02272956445813179,0.9965973496437073
11,balance-scale,tabpfn,625,4,972,312,5,5,ok,,0.21600238978862762,0.022037694230675697,0.9976605176925659
14,mfeat-fourier,looped_transformer_6physical_core4x2,2000,76,972,512,1,1,ok,,0.5034754509106278,0.04123716056346893,0.9769321084022522
14,mfeat-fourier,tabpfn,2000,76,972,512,1,1,ok,,0.3808821393176913,0.04898425843566656,0.9763577580451965
14,mfeat-fourier,hybrid_8l,2000,76,972,512,1,1,ok,,0.3659889716655016,0.04164468217641115,0.9729669094085693
14,mfeat-fourier,hydra,2000,76,972,512,1,1,ok,,0.8556541977450252,0.06447309348732233,0.9607399106025696
14,mfeat-fourier,looped_transformer_6physical_core4x2,2000,76,972,512,1,2,ok,,0.3592401947826147,0.04764212481677532,0.9769321084022522
14,mfeat-fourier,hybrid_8l,2000,76,972,512,1,2,ok,,0.37712840735912323,0.04169186111539602,0.9729669094085693
14,mfeat-fourier,tabpfn,2000,76,972,512,1,2,ok,,0.3826870387420058,0.05665742605924606,0.9763577580451965
14,mfeat-fourier,hydra,2000,76,972,512,1,2,ok,,0.39515966083854437,0.06440905295312405,0.9607399106025696
14,mfeat-fourier,tabpfn,2000,76,972,512,1,3,ok,,0.3762648608535528,0.0562922740355134,0.9763577580451965
14,mfeat-fourier,hybrid_8l,2000,76,972,512,1,3,ok,,0.36215778440237045,0.041922427713871,0.9729669094085693
14,mfeat-fourier,looped_transformer_6physical_core4x2,2000,76,972,512,1,3,ok,,0.38424478005617857,0.04742703679949045,0.9769321084022522
14,mfeat-fourier,hydra,2000,76,972,512,1,3,ok,,0.4062761114910245,0.06448396388441324,0.9607399106025696
14,mfeat-fourier,hybrid_8l,2000,76,972,512,1,4,ok,,0.36402270663529634,0.041654069907963276,0.9729669094085693
14,mfeat-fourier,looped_transformer_6physical_core4x2,2000,76,972,512,1,4,ok,,0.36475545447319746,0.047536274418234825,0.9769321084022522
14,mfeat-fourier,hydra,2000,76,972,512,1,4,ok,,0.37972484715282917,0.06438949424773455,0.9607399106025696
14,mfeat-fourier,tabpfn,2000,76,972,512,1,4,ok,,0.3889433927834034,0.05655680503696203,0.9763577580451965
14,mfeat-fourier,looped_transformer_6physical_core4x2,2000,76,972,512,1,5,ok,,0.36060844734311104,0.04759090766310692,0.9769321084022522
14,mfeat-fourier,hybrid_8l,2000,76,972,512,1,5,ok,,2.1807854119688272,0.048120731487870216,0.9729669094085693
14,mfeat-fourier,hydra,2000,76,972,512,1,5,ok,,1.3590705171227455,0.06472872849553823,0.9607399106025696
14,mfeat-fourier,tabpfn,2000,76,972,512,1,5,ok,,0.8850392121821642,0.0565401641651988,0.9763577580451965
14,mfeat-fourier,looped_transformer_6physical_core4x2,2000,76,972,512,2,1,ok,,0.905872936360538,0.04802407883107662,0.9740130305290222
14,mfeat-fourier,hydra,2000,76,972,512,2,1,ok,,0.9802055601030588,0.06644185539335012,0.954098105430603
14,mfeat-fourier,tabpfn,2000,76,972,512,2,1,ok,,2.0271888598799706,0.06259115878492594,0.9726930856704712
14,mfeat-fourier,hybrid_8l,2000,76,972,512,2,1,ok,,2.135687799192965,0.0419686958193779,0.9723188877105713
14,mfeat-fourier,hydra,2000,76,972,512,2,2,ok,,0.39929503481835127,0.06436140183359385,0.954098105430603
14,mfeat-fourier,hybrid_8l,2000,76,972,512,2,2,ok,,0.35134804155677557,0.04168773256242275,0.9723188877105713
14,mfeat-fourier,looped_transformer_6physical_core4x2,2000,76,972,512,2,2,ok,,0.46056197490543127,0.047594524919986725,0.9740130305290222
14,mfeat-fourier,tabpfn,2000,76,972,512,2,2,ok,,0.37520457338541746,0.056950511410832405,0.9726930856704712
14,mfeat-fourier,looped_transformer_6physical_core4x2,2000,76,972,512,2,3,ok,,0.4395125349983573,0.047773394733667374,0.9740130305290222
14,mfeat-fourier,hybrid_8l,2000,76,972,512,2,3,ok,,0.3749739760532975,0.04170899372547865,0.9723188877105713
14,mfeat-fourier,hydra,2000,76,972,512,2,3,ok,,0.40230552945286036,0.06429590843617916,0.954098105430603
14,mfeat-fourier,tabpfn,2000,76,972,512,2,3,ok,,0.372788324020803,0.05646504182368517,0.9726930856704712
14,mfeat-fourier,looped_transformer_6physical_core4x2,2000,76,972,512,2,4,ok,,0.3789922883734107,0.047613960690796375,0.9740130305290222
14,mfeat-fourier,hydra,2000,76,972,512,2,4,ok,,0.42060520220547915,0.06438290234655142,0.954098105430603
14,mfeat-fourier,hybrid_8l,2000,76,972,512,2,4,ok,,2.078083336353302,0.04812276642769575,0.9723188877105713
14,mfeat-fourier,tabpfn,2000,76,972,512,2,4,ok,,0.9101238399744034,0.05758720636367798,0.9726930856704712
14,mfeat-fourier,tabpfn,2000,76,972,512,2,5,ok,,0.42384413816034794,0.056677103973925114,0.9726930856704712
14,mfeat-fourier,hybrid_8l,2000,76,972,512,2,5,ok,,0.3587948717176914,0.04208630882203579,0.9723188877105713
14,mfeat-fourier,hydra,2000,76,972,512,2,5,ok,,2.1664266381412745,0.06548850797116756,0.954098105430603
14,mfeat-fourier,looped_transformer_6physical_core4x2,2000,76,972,512,2,5,ok,,0.5291642630472779,0.048166338354349136,0.9740130305290222
14,mfeat-fourier,hydra,2000,76,972,512,3,1,ok,,1.5106539959087968,0.06839528493583202,0.9539058804512024
14,mfeat-fourier,hybrid_8l,2000,76,972,512,3,1,ok,,0.599265250377357,0.04181281104683876,0.9679796695709229
14,mfeat-fourier,tabpfn,2000,76,972,512,3,1,ok,,0.37618857715278864,0.056403414346277714,0.9682010412216187
14,mfeat-fourier,looped_transformer_6physical_core4x2,2000,76,972,512,3,1,ok,,0.36012111511081457,0.047736954875290394,0.9672890305519104
14,mfeat-fourier,hydra,2000,76,972,512,3,2,ok,,0.3927773470059037,0.06421291083097458,0.9539058804512024
14,mfeat-fourier,tabpfn,2000,76,972,512,3,2,ok,,0.37586164847016335,0.05642940476536751,0.9682010412216187
14,mfeat-fourier,looped_transformer_6physical_core4x2,2000,76,972,512,3,2,ok,,1.9305400354787707,0.04854946490377188,0.9672890305519104
14,mfeat-fourier,hybrid_8l,2000,76,972,512,3,2,ok,,0.38668916188180447,0.042236593551933765,0.9679796695709229
14,mfeat-fourier,looped_transformer_6physical_core4x2,2000,76,972,512,3,3,ok,,0.37873993162065744,0.04772772826254368,0.9672890305519104
14,mfeat-fourier,hydra,2000,76,972,512,3,3,ok,,0.3927239663898945,0.06432699784636497,0.9539058804512024
14,mfeat-fourier,tabpfn,2000,76,972,512,3,3,ok,,0.4022440128028393,0.05651236046105623,0.9682010412216187
14,mfeat-fourier,hybrid_8l,2000,76,972,512,3,3,ok,,0.37298625987023115,0.04176885727792978,0.9679796695709229
14,mfeat-fourier,tabpfn,2000,76,972,512,3,4,ok,,0.38908665534108877,0.05662347190082073,0.9682010412216187
14,mfeat-fourier,hybrid_8l,2000,76,972,512,3,4,ok,,0.3993646278977394,0.0417736666277051,0.9679796695709229
14,mfeat-fourier,looped_transformer_6physical_core4x2,2000,76,972,512,3,4,ok,,0.3877938250079751,0.047685678116977215,0.9672890305519104
14,mfeat-fourier,hydra,2000,76,972,512,3,4,ok,,0.41474244464188814,0.06451863050460815,0.9539058804512024
14,mfeat-fourier,hybrid_8l,2000,76,972,512,3,5,ok,,0.35658384300768375,0.04186138231307268,0.9679796695709229
14,mfeat-fourier,tabpfn,2000,76,972,512,3,5,ok,,1.4396471241489053,0.05821028910577297,0.9682010412216187
14,mfeat-fourier,hydra,2000,76,972,512,3,5,ok,,0.593246596865356,0.06429926492273808,0.9539058804512024
14,mfeat-fourier,looped_transformer_6physical_core4x2,2000,76,972,512,3,5,ok,,1.777049926109612,0.05116033088415861,0.9672890305519104
14,mfeat-fourier,hydra,2000,76,972,512,4,1,ok,,0.4717584699392319,0.06500145513564348,0.9601684212684631
14,mfeat-fourier,tabpfn,2000,76,972,512,4,1,ok,,0.39353079441934824,0.05645191762596369,0.9759479761123657
14,mfeat-fourier,looped_transformer_6physical_core4x2,2000,76,972,512,4,1,ok,,0.4081690292805433,0.04788825195282698,0.977515459060669
14,mfeat-fourier,hybrid_8l,2000,76,972,512,4,1,ok,,0.37391945719718933,0.04184759687632322,0.9751428365707397
14,mfeat-fourier,looped_transformer_6physical_core4x2,2000,76,972,512,4,2,ok,,0.44722136948257685,0.048010483384132385,0.977515459060669
14,mfeat-fourier,tabpfn,2000,76,972,512,4,2,ok,,0.39434700086712837,0.056624213233590126,0.9759479761123657
14,mfeat-fourier,hybrid_8l,2000,76,972,512,4,2,ok,,0.39437220990657806,0.04173481371253729,0.9751428365707397
14,mfeat-fourier,hydra,2000,76,972,512,4,2,ok,,0.4047242430970073,0.06442104652523994,0.9601684212684631
14,mfeat-fourier,tabpfn,2000,76,972,512,4,3,ok,,0.5671942681074142,0.056684767827391624,0.9759479761123657
14,mfeat-fourier,hydra,2000,76,972,512,4,3,ok,,0.39534092508256435,0.06449314206838608,0.9601684212684631
14,mfeat-fourier,hybrid_8l,2000,76,972,512,4,3,ok,,1.4799872040748596,0.044800532050430775,0.9751428365707397
14,mfeat-fourier,looped_transformer_6physical_core4x2,2000,76,972,512,4,3,ok,,2.5935748778283596,0.04904073569923639,0.977515459060669
14,mfeat-fourier,looped_transformer_6physical_core4x2,2000,76,972,512,4,4,ok,,0.869915097951889,0.047979905270040035,0.977515459060669
14,mfeat-fourier,tabpfn,2000,76,972,512,4,4,ok,,0.49039577040821314,0.05654139630496502,0.9759479761123657
14,mfeat-fourier,hybrid_8l,2000,76,972,512,4,4,ok,,0.8135416498407722,0.04229904152452946,0.9751428365707397
14,mfeat-fourier,hydra,2000,76,972,512,4,4,ok,,0.7947331452742219,0.0675244452431798,0.9601684212684631
14,mfeat-fourier,looped_transformer_6physical_core4x2,2000,76,972,512,4,5,ok,,0.37850830238312483,0.04805263318121433,0.977515459060669
14,mfeat-fourier,hybrid_8l,2000,76,972,512,4,5,ok,,0.3926672888919711,0.042207096703350544,0.9751428365707397
14,mfeat-fourier,hydra,2000,76,972,512,4,5,ok,,0.41082583274692297,0.06599458679556847,0.9601684212684631
14,mfeat-fourier,tabpfn,2000,76,972,512,4,5,ok,,0.3904130170121789,0.05710740853101015,0.9759479761123657
14,mfeat-fourier,looped_transformer_6physical_core4x2,2000,76,972,512,5,1,ok,,0.36548036988824606,0.04759101942181587,0.9738941192626953
14,mfeat-fourier,hybrid_8l,2000,76,972,512,5,1,ok,,0.4377359487116337,0.04269665479660034,0.9741052389144897
14,mfeat-fourier,tabpfn,2000,76,972,512,5,1,ok,,0.44904600642621517,0.056679558008909225,0.9742161631584167
14,mfeat-fourier,hydra,2000,76,972,512,5,1,ok,,0.43076092284172773,0.06429706141352654,0.9554125070571899
14,mfeat-fourier,looped_transformer_6physical_core4x2,2000,76,972,512,5,2,ok,,0.37645652517676353,0.04785929620265961,0.9738941192626953
14,mfeat-fourier,hybrid_8l,2000,76,972,512,5,2,ok,,1.9091943316161633,0.04484819155186415,0.9741052389144897
14,mfeat-fourier,tabpfn,2000,76,972,512,5,2,ok,,2.175716300494969,0.06005492340773344,0.9742161631584167
14,mfeat-fourier,hydra,2000,76,972,512,5,2,ok,,0.5754602579399943,0.0644016582518816,0.9554125070571899
14,mfeat-fourier,looped_transformer_6physical_core4x2,2000,76,972,512,5,3,ok,,1.439188334159553,0.0478260638192296,0.9738941192626953
14,mfeat-fourier,tabpfn,2000,76,972,512,5,3,ok,,0.7880371380597353,0.05680640786886215,0.9742161631584167
14,mfeat-fourier,hybrid_8l,2000,76,972,512,5,3,ok,,1.1897360486909747,0.04259924124926329,0.9741052389144897
14,mfeat-fourier,hydra,2000,76,972,512,5,3,ok,,0.38959867507219315,0.06446768436580896,0.9554125070571899
14,mfeat-fourier,hydra,2000,76,972,512,5,4,ok,,0.47914506401866674,0.06435312610119581,0.9554125070571899
14,mfeat-fourier,tabpfn,2000,76,972,512,5,4,ok,,0.3871042188256979,0.056657866574823856,0.9742161631584167
14,mfeat-fourier,hybrid_8l,2000,76,972,512,5,4,ok,,0.7878093468025327,0.04194739647209644,0.9741052389144897
14,mfeat-fourier,looped_transformer_6physical_core4x2,2000,76,972,512,5,4,ok,,0.7173770228400826,0.04807814210653305,0.9738941192626953
14,mfeat-fourier,hydra,2000,76,972,512,5,5,ok,,0.4078186061233282,0.06428810395300388,0.9554125070571899
14,mfeat-fourier,tabpfn,2000,76,972,512,5,5,ok,,0.3889227444306016,0.05645009409636259,0.9742161631584167
14,mfeat-fourier,hybrid_8l,2000,76,972,512,5,5,ok,,0.3986890781670809,0.041798013262450695,0.9741052389144897
14,mfeat-fourier,looped_transformer_6physical_core4x2,2000,76,972,512,5,5,ok,,0.39189206063747406,0.04778269212692976,0.9738941192626953
15,breast-w,hydra,683,9,972,341,1,1,ok,,0.10089013073593378,0.020544786006212234,0.9946280717849731
15,breast-w,hybrid_8l,683,9,972,341,1,1,ok,,0.07292841374874115,0.014752990566194057,0.993087887763977
15,breast-w,tabpfn,683,9,972,341,1,1,ok,,0.10139359626919031,0.02051925752311945,0.9940646290779114
15,breast-w,looped_transformer_6physical_core4x2,683,9,972,341,1,1,ok,,0.09161015972495079,0.01776740327477455,0.9939143657684326
15,breast-w,tabpfn,683,9,972,341,1,2,ok,,0.10954638198018074,0.020507453940808773,0.9940646290779114
15,breast-w,hydra,683,9,972,341,1,2,ok,,0.06666181143373251,0.02096062246710062,0.9946280717849731
15,breast-w,looped_transformer_6physical_core4x2,683,9,972,341,1,2,ok,,0.0791506739333272,0.01748668123036623,0.9939143657684326
15,breast-w,hybrid_8l,683,9,972,341,1,2,ok,,0.05575810186564922,0.01476689800620079,0.993087887763977
15,breast-w,looped_transformer_6physical_core4x2,683,9,972,341,1,3,ok,,0.06302422937005758,0.01734289899468422,0.9939143657684326
15,breast-w,tabpfn,683,9,972,341,1,3,ok,,0.0940614826977253,0.02054613921791315,0.9940646290779114
15,breast-w,hybrid_8l,683,9,972,341,1,3,ok,,0.08793002646416426,0.014795992523431778,0.993087887763977
15,breast-w,hydra,683,9,972,341,1,3,ok,,0.08809143304824829,0.024533272720873356,0.9946280717849731
15,breast-w,hybrid_8l,683,9,972,341,1,4,ok,,0.06436594109982252,0.014642853289842606,0.993087887763977
15,breast-w,tabpfn,683,9,972,341,1,4,ok,,0.09341372642666101,0.020570212975144386,0.9940646290779114
15,breast-w,hydra,683,9,972,341,1,4,ok,,0.09798553865402937,0.02039430011063814,0.9946280717849731
15,breast-w,looped_transformer_6physical_core4x2,683,9,972,341,1,4,ok,,0.10081253480166197,0.017641074024140835,0.9939143657684326
15,breast-w,looped_transformer_6physical_core4x2,683,9,972,341,1,5,ok,,0.06298710871487856,0.01785368751734495,0.9939143657684326
15,breast-w,tabpfn,683,9,972,341,1,5,ok,,0.1467602699995041,0.020752289332449436,0.9940646290779114
15,breast-w,hybrid_8l,683,9,972,341,1,5,ok,,0.23051573801785707,0.0229191230610013,0.993087887763977
15,breast-w,hydra,683,9,972,341,1,5,ok,,0.1495526907965541,0.023256532847881317,0.9946280717849731
15,breast-w,tabpfn,683,9,972,341,2,1,ok,,0.10392538364976645,0.020378369837999344,0.9937295913696289
15,breast-w,hydra,683,9,972,341,2,1,ok,,0.10806022677570581,0.020368069410324097,0.993349552154541
15,breast-w,hybrid_8l,683,9,972,341,2,1,ok,,0.10414238460361958,0.014642802998423576,0.9918674230575562
15,breast-w,looped_transformer_6physical_core4x2,683,9,972,341,2,1,ok,,0.07936693355441093,0.01809848938137293,0.9936535954475403
15,breast-w,hydra,683,9,972,341,2,2,ok,,0.07340350467711687,0.020359273999929428,0.993349552154541
15,breast-w,tabpfn,683,9,972,341,2,2,ok,,0.10106903035193682,0.020599398761987686,0.9937295913696289
15,breast-w,looped_transformer_6physical_core4x2,683,9,972,341,2,2,ok,,0.0990664167329669,0.017567775212228298,0.9936535954475403
15,breast-w,hybrid_8l,683,9,972,341,2,2,ok,,0.06394731812179089,0.014804079197347164,0.9918674230575562
15,breast-w,hydra,683,9,972,341,2,3,ok,,0.10046455450356007,0.02024855464696884,0.993349552154541
15,breast-w,looped_transformer_6physical_core4x2,683,9,972,341,2,3,ok,,0.11374992690980434,0.02030772529542446,0.9936535954475403
15,breast-w,hybrid_8l,683,9,972,341,2,3,ok,,0.17757463362067938,0.01982055325061083,0.9918674230575562
15,breast-w,tabpfn,683,9,972,341,2,3,ok,,0.1974026206880808,0.020755966193974018,0.9937295913696289
15,breast-w,hybrid_8l,683,9,972,341,2,4,ok,,0.16586855426430702,0.014577659778296947,0.9918674230575562
15,breast-w,tabpfn,683,9,972,341,2,4,ok,,0.11988400854170322,0.02054825145751238,0.9937295913696289
15,breast-w,looped_transformer_6physical_core4x2,683,9,972,341,2,4,ok,,0.1026898818090558,0.017394978553056717,0.9936535954475403
15,breast-w,hydra,683,9,972,341,2,4,ok,,0.10339885670691729,0.020494429394602776,0.993349552154541
15,breast-w,looped_transformer_6physical_core4x2,683,9,972,341,2,5,ok,,0.08753548003733158,0.017534371465444565,0.9936535954475403
15,breast-w,tabpfn,683,9,972,341,2,5,ok,,0.06383623648434877,0.020636599510908127,0.9937295913696289
15,breast-w,hybrid_8l,683,9,972,341,2,5,ok,,0.07178651168942451,0.01440954115241766,0.9918674230575562
15,breast-w,hydra,683,9,972,341,2,5,ok,,0.09417320601642132,0.02011147513985634,0.993349552154541
15,breast-w,hydra,683,9,972,341,3,1,ok,,0.10748395416885614,0.02009740751236677,0.9939712882041931
15,breast-w,looped_transformer_6physical_core4x2,683,9,972,341,3,1,ok,,0.10814965702593327,0.019305317662656307,0.9939331412315369
15,breast-w,hybrid_8l,683,9,972,341,3,1,ok,,0.09220168087631464,0.014517405070364475,0.9920253157615662
15,breast-w,tabpfn,683,9,972,341,3,1,ok,,0.08067576307803392,0.020345176570117474,0.9934371113777161
15,breast-w,hybrid_8l,683,9,972,341,3,2,ok,,0.0737089617177844,0.014334728941321373,0.9920253157615662
15,breast-w,hydra,683,9,972,341,3,2,ok,,0.10205485858023167,0.020241040736436844,0.9939712882041931
15,breast-w,tabpfn,683,9,972,341,3,2,ok,,0.06347404234111309,0.02066623605787754,0.9934371113777161
15,breast-w,looped_transformer_6physical_core4x2,683,9,972,341,3,2,ok,,0.08272411394864321,0.017253258265554905,0.9939331412315369
15,breast-w,looped_transformer_6physical_core4x2,683,9,972,341,3,3,ok,,0.08743085153400898,0.017204145900905132,0.9939331412315369
15,breast-w,hydra,683,9,972,341,3,3,ok,,0.10453384649008512,0.020392737351357937,0.9939712882041931
15,breast-w,tabpfn,683,9,972,341,3,3,ok,,0.06305795442312956,0.020557700656354427,0.9934371113777161
15,breast-w,hybrid_8l,683,9,972,341,3,3,ok,,0.07529918570071459,0.014784321188926697,0.9920253157615662
15,breast-w,hydra,683,9,972,341,3,4,ok,,0.07508580200374126,0.02044894266873598,0.9939712882041931
15,breast-w,looped_transformer_6physical_core4x2,683,9,972,341,3,4,ok,,0.07982258591800928,0.01732648815959692,0.9939331412315369
15,breast-w,hybrid_8l,683,9,972,341,3,4,ok,,0.08716455660760403,0.014538505114614964,0.9920253157615662
15,breast-w,tabpfn,683,9,972,341,3,4,ok,,0.1031096875667572,0.022553621791303158,0.9934371113777161
15,breast-w,looped_transformer_6physical_core4x2,683,9,972,341,3,5,ok,,0.09888043440878391,0.01745843794196844,0.9939331412315369
15,breast-w,hybrid_8l,683,9,972,341,3,5,ok,,0.09975071251392365,0.014475074596703053,0.9920253157615662
15,breast-w,hydra,683,9,972,341,3,5,ok,,0.10123160853981972,0.02069260459393263,0.9939712882041931
15,breast-w,tabpfn,683,9,972,341,3,5,ok,,0.09935214836150408,0.020747278816998005,0.9934371113777161
15,breast-w,tabpfn,683,9,972,341,4,1,ok,,0.08106744475662708,0.02030655462294817,0.9946743249893188
15,breast-w,hydra,683,9,972,341,4,1,ok,,0.07462954614311457,0.02044955361634493,0.9942528605461121
15,breast-w,looped_transformer_6physical_core4x2,683,9,972,341,4,1,ok,,0.09912142157554626,0.01731005683541298,0.9952490329742432
15,breast-w,hybrid_8l,683,9,972,341,4,1,ok,,0.05520495492964983,0.014330211095511913,0.9936015605926514
15,breast-w,looped_transformer_6physical_core4x2,683,9,972,341,4,2,ok,,0.06456662248820066,0.01731780171394348,0.9952490329742432
15,breast-w,hydra,683,9,972,341,4,2,ok,,0.10099803563207388,0.020204058848321438,0.9942528605461121
15,breast-w,tabpfn,683,9,972,341,4,2,ok,,0.11503173504024744,0.020726398564875126,0.9946743249893188
15,breast-w,hybrid_8l,683,9,972,341,4,2,ok,,0.06486905459314585,0.014341732487082481,0.9936015605926514
15,breast-w,looped_transformer_6physical_core4x2,683,9,972,341,4,3,ok,,0.09091063402593136,0.017918027937412262,0.9952490329742432
15,breast-w,hydra,683,9,972,341,4,3,ok,,0.07458759844303131,0.02034043800085783,0.9942528605461121
15,breast-w,tabpfn,683,9,972,341,4,3,ok,,0.09942015539854765,0.020716680213809013,0.9946743249893188
15,breast-w,hybrid_8l,683,9,972,341,4,3,ok,,0.06563213001936674,0.014966746792197227,0.9936015605926514
15,breast-w,looped_transformer_6physical_core4x2,683,9,972,341,4,4,ok,,0.05922696366906166,0.01760372333228588,0.9952490329742432
15,breast-w,hydra,683,9,972,341,4,4,ok,,0.0791615741327405,0.020424668677151203,0.9942528605461121
15,breast-w,hybrid_8l,683,9,972,341,4,4,ok,,0.08856339752674103,0.014414780773222446,0.9936015605926514
15,breast-w,tabpfn,683,9,972,341,4,4,ok,,0.0992818446829915,0.020576395094394684,0.9946743249893188
15,breast-w,hybrid_8l,683,9,972,341,4,5,ok,,0.10430932976305485,0.014735949225723743,0.9936015605926514
15,breast-w,looped_transformer_6physical_core4x2,683,9,972,341,4,5,ok,,0.06312060169875622,0.017486780881881714,0.9952490329742432
15,breast-w,hydra,683,9,972,341,4,5,ok,,0.09645114094018936,0.020617804490029812,0.9942528605461121
15,breast-w,tabpfn,683,9,972,341,4,5,ok,,0.09375603497028351,0.02042340487241745,0.9946743249893188
15,breast-w,hybrid_8l,683,9,972,341,5,1,ok,,0.05656616296619177,0.014793037436902523,0.9950254559516907
15,breast-w,looped_transformer_6physical_core4x2,683,9,972,341,5,1,ok,,0.0622596200555563,0.017265531234443188,0.9951429963111877
15,breast-w,hydra,683,9,972,341,5,1,ok,,0.0668936800211668,0.02040401753038168,0.9951037764549255
15,breast-w,tabpfn,683,9,972,341,5,1,ok,,0.07798263989388943,0.02059783600270748,0.9953387975692749
15,breast-w,tabpfn,683,9,972,341,5,2,ok,,0.10456363204866648,0.02043071947991848,0.9953387975692749
15,breast-w,looped_transformer_6physical_core4x2,683,9,972,341,5,2,ok,,0.09131748508661985,0.017439731396734715,0.9951429963111877
15,breast-w,hydra,683,9,972,341,5,2,ok,,0.10481045953929424,0.020432662218809128,0.9951037764549255
15,breast-w,hybrid_8l,683,9,972,341,5,2,ok,,0.08706384617835283,0.01439509354531765,0.9950254559516907
15,breast-w,tabpfn,683,9,972,341,5,3,ok,,0.10784428752958775,0.020851144567131996,0.9953387975692749
15,breast-w,looped_transformer_6physical_core4x2,683,9,972,341,5,3,ok,,0.09238895494490862,0.017347336746752262,0.9951429963111877
15,breast-w,hydra,683,9,972,341,5,3,ok,,0.10034307558089495,0.020629034377634525,0.9951037764549255
15,breast-w,hybrid_8l,683,9,972,341,5,3,ok,,0.10057033598423004,0.014382981695234776,0.9950254559516907
15,breast-w,hybrid_8l,683,9,972,341,5,4,ok,,0.11143266689032316,0.014324771240353584,0.9950254559516907
15,breast-w,tabpfn,683,9,972,341,5,4,ok,,0.10080208536237478,0.020647861063480377,0.9953387975692749
15,breast-w,looped_transformer_6physical_core4x2,683,9,972,341,5,4,ok,,0.0948955537751317,0.017516848631203175,0.9951429963111877
15,breast-w,hydra,683,9,972,341,5,4,ok,,0.06574647780507803,0.020231802947819233,0.9951037764549255
15,breast-w,looped_transformer_6physical_core4x2,683,9,972,341,5,5,ok,,0.09067781362682581,0.01752659771591425,0.9951429963111877
15,breast-w,tabpfn,683,9,972,341,5,5,ok,,0.09779368434101343,0.02031387761235237,0.9953387975692749
15,breast-w,hybrid_8l,683,9,972,341,5,5,ok,,0.09325183089822531,0.014546089805662632,0.9950254559516907
15,breast-w,hydra,683,9,972,341,5,5,ok,,0.15928355790674686,0.020915105938911438,0.9951037764549255
16,mfeat-karhunen,looped_transformer_6physical_core4x2,2000,64,972,512,1,1,ok,,1.3612918192520738,0.05361594446003437,0.9950464963912964
16,mfeat-karhunen,tabpfn,2000,64,972,512,1,1,ok,,1.7433964665979147,0.07596825435757637,0.9949474930763245
16,mfeat-karhunen,hybrid_8l,2000,64,972,512,1,1,ok,,1.6227790070697665,0.04671590123325586,0.9943613409996033
16,mfeat-karhunen,hydra,2000,64,972,512,1,1,ok,,0.7262395434081554,0.06445547100156546,0.9864434599876404
16,mfeat-karhunen,tabpfn,2000,64,972,512,1,2,ok,,0.35285943653434515,0.05658156145364046,0.9949474930763245
16,mfeat-karhunen,hydra,2000,64,972,512,1,2,ok,,0.3660274064168334,0.06425191462039948,0.9864434599876404
16,mfeat-karhunen,looped_transformer_6physical_core4x2,2000,64,972,512,1,2,ok,,0.5842643193900585,0.04780945274978876,0.9950464963912964
16,mfeat-karhunen,hybrid_8l,2000,64,972,512,1,2,ok,,0.6227011848241091,0.041973515413701534,0.9943613409996033
16,mfeat-karhunen,hydra,2000,64,972,512,1,3,ok,,0.68444883543998,0.06768702249974012,0.9864434599876404
16,mfeat-karhunen,tabpfn,2000,64,972,512,1,3,ok,,0.9268734259530902,0.058787993155419827,0.9949474930763245
16,mfeat-karhunen,looped_transformer_6physical_core4x2,2000,64,972,512,1,3,ok,,1.07081189006567,0.05675704497843981,0.9950464963912964
16,mfeat-karhunen,hybrid_8l,2000,64,972,512,1,3,ok,,0.8106732461601496,0.04350477550178766,0.9943613409996033
16,mfeat-karhunen,looped_transformer_6physical_core4x2,2000,64,972,512,1,4,ok,,0.8709896756336093,0.04927792493253946,0.9950464963912964
16,mfeat-karhunen,hydra,2000,64,972,512,1,4,ok,,1.149433090351522,0.07959313225001097,0.9864434599876404
16,mfeat-karhunen,tabpfn,2000,64,972,512,1,4,ok,,0.9685649974271655,0.05682434234768152,0.9949474930763245
16,mfeat-karhunen,hybrid_8l,2000,64,972,512,1,4,ok,,0.5763542028144002,0.04221564345061779,0.9943613409996033
16,mfeat-karhunen,hybrid_8l,2000,64,972,512,1,5,ok,,0.5730000082403421,0.04184541292488575,0.9943613409996033
16,mfeat-karhunen,looped_transformer_6physical_core4x2,2000,64,972,512,1,5,ok,,0.5783125832676888,0.048063875176012516,0.9950464963912964
16,mfeat-karhunen,hydra,2000,64,972,512,1,5,ok,,0.5406515691429377,0.06428530905395746,0.9864434599876404
16,mfeat-karhunen,tabpfn,2000,64,972,512,1,5,ok,,0.38157820887863636,0.05647566169500351,0.9949474930763245
16,mfeat-karhunen,tabpfn,2000,64,972,512,2,1,ok,,0.3798338742926717,0.0564626669511199,0.9969623684883118
16,mfeat-karhunen,hydra,2000,64,972,512,2,1,ok,,0.4503830708563328,0.06418748293071985,0.9898191690444946
16,mfeat-karhunen,looped_transformer_6physical_core4x2,2000,64,972,512,2,1,ok,,0.3550274847075343,0.04755690414458513,0.9972699284553528
16,mfeat-karhunen,hybrid_8l,2000,64,972,512,2,1,ok,,0.32899030297994614,0.041689397767186165,0.9961678981781006
16,mfeat-karhunen,hybrid_8l,2000,64,972,512,2,2,ok,,0.3166525475680828,0.04168740380555391,0.9961678981781006
16,mfeat-karhunen,looped_transformer_6physical_core4x2,2000,64,972,512,2,2,ok,,0.3624172667041421,0.047579786740243435,0.9972699284553528
16,mfeat-karhunen,tabpfn,2000,64,972,512,2,2,ok,,0.3222915017977357,0.05671868193894625,0.9969623684883118
16,mfeat-karhunen,hydra,2000,64,972,512,2,2,ok,,0.48851249273866415,0.06445226445794106,0.9898191690444946
16,mfeat-karhunen,hybrid_8l,2000,64,972,512,2,3,ok,,0.33050922118127346,0.04169150162488222,0.9961678981781006
16,mfeat-karhunen,hydra,2000,64,972,512,2,3,ok,,0.3725099675357342,0.06417861673980951,0.9898191690444946
16,mfeat-karhunen,tabpfn,2000,64,972,512,2,3,ok,,0.32929599191993475,0.05637400969862938,0.9969623684883118
16,mfeat-karhunen,looped_transformer_6physical_core4x2,2000,64,972,512,2,3,ok,,0.3157684728503227,0.04790256917476654,0.9972699284553528
16,mfeat-karhunen,hydra,2000,64,972,512,2,4,ok,,0.9095643414184451,0.06454111263155937,0.9898191690444946
16,mfeat-karhunen,looped_transformer_6physical_core4x2,2000,64,972,512,2,4,ok,,0.5906389486044645,0.04850024078041315,0.9972699284553528
16,mfeat-karhunen,hybrid_8l,2000,64,972,512,2,4,ok,,0.3398840827867389,0.041723902337253094,0.9961678981781006
16,mfeat-karhunen,tabpfn,2000,64,972,512,2,4,ok,,0.5389933567494154,0.05665977951139212,0.9969623684883118
16,mfeat-karhunen,tabpfn,2000,64,972,512,2,5,ok,,0.32684749364852905,0.0563818346709013,0.9969623684883118
16,mfeat-karhunen,looped_transformer_6physical_core4x2,2000,64,972,512,2,5,ok,,0.3256702730432153,0.047601368278265,0.9972699284553528
16,mfeat-karhunen,hybrid_8l,2000,64,972,512,2,5,ok,,0.33443610090762377,0.04162716958671808,0.9961678981781006
16,mfeat-karhunen,hydra,2000,64,972,512,2,5,ok,,0.3424935983493924,0.06418327521532774,0.9898191690444946
16,mfeat-karhunen,hybrid_8l,2000,64,972,512,3,1,ok,,0.31765900552272797,0.041702562011778355,0.9949135780334473
16,mfeat-karhunen,looped_transformer_6physical_core4x2,2000,64,972,512,3,1,ok,,0.3128868928179145,0.047424192540347576,0.9962615370750427
16,mfeat-karhunen,tabpfn,2000,64,972,512,3,1,ok,,1.2346529429778457,0.056559630669653416,0.9948896169662476
16,mfeat-karhunen,hydra,2000,64,972,512,3,1,ok,,0.6461970619857311,0.0647073183208704,0.9873192310333252
16,mfeat-karhunen,hydra,2000,64,972,512,3,2,ok,,0.3894965313374996,0.06425675377249718,0.9873192310333252
16,mfeat-karhunen,looped_transformer_6physical_core4x2,2000,64,972,512,3,2,ok,,0.3728817217051983,0.0478242002427578,0.9962615370750427
16,mfeat-karhunen,hybrid_8l,2000,64,972,512,3,2,ok,,0.32725203037261963,0.04182443395256996,0.9949135780334473
16,mfeat-karhunen,tabpfn,2000,64,972,512,3,2,ok,,0.3402166021987796,0.05639562010765076,0.9948896169662476
16,mfeat-karhunen,hydra,2000,64,972,512,3,3,ok,,0.33997200056910515,0.06433734763413668,0.9873192310333252
16,mfeat-karhunen,tabpfn,2000,64,972,512,3,3,ok,,0.32809350453317165,0.05640301387757063,0.9948896169662476
16,mfeat-karhunen,hybrid_8l,2000,64,972,512,3,3,ok,,0.308020593598485,0.04194098338484764,0.9949135780334473
16,mfeat-karhunen,looped_transformer_6physical_core4x2,2000,64,972,512,3,3,ok,,0.33905905950814486,0.04759449511766434,0.9962615370750427
16,mfeat-karhunen,hydra,2000,64,972,512,3,4,ok,,1.2141228159889579,0.06773375160992146,0.9873192310333252
16,mfeat-karhunen,hybrid_8l,2000,64,972,512,3,4,ok,,1.35388520732522,0.05131579656153917,0.9949135780334473
16,mfeat-karhunen,tabpfn,2000,64,972,512,3,4,ok,,0.7008365234360099,0.056446757167577744,0.9948896169662476
16,mfeat-karhunen,looped_transformer_6physical_core4x2,2000,64,972,512,3,4,ok,,0.3554043686017394,0.04744856897741556,0.9962615370750427
16,mfeat-karhunen,hybrid_8l,2000,64,972,512,3,5,ok,,0.3202935364097357,0.04157094284892082,0.9949135780334473
16,mfeat-karhunen,tabpfn,2000,64,972,512,3,5,ok,,0.35455774515867233,0.05639604106545448,0.9948896169662476
16,mfeat-karhunen,hydra,2000,64,972,512,3,5,ok,,0.40935888420790434,0.06486121006309986,0.9873192310333252
16,mfeat-karhunen,looped_transformer_6physical_core4x2,2000,64,972,512,3,5,ok,,0.352251635864377,0.04749433510005474,0.9962615370750427
16,mfeat-karhunen,hybrid_8l,2000,64,972,512,4,1,ok,,0.9469603737816215,0.04265579767525196,0.9983769059181213
16,mfeat-karhunen,hydra,2000,64,972,512,4,1,ok,,0.47051453310996294,0.06428946554660797,0.9933557510375977
16,mfeat-karhunen,looped_transformer_6physical_core4x2,2000,64,972,512,4,1,ok,,0.34199142549186945,0.04767889529466629,0.9986298084259033
16,mfeat-karhunen,tabpfn,2000,64,972,512,4,1,ok,,0.33204551227390766,0.05642383359372616,0.9984362125396729
16,mfeat-karhunen,looped_transformer_6physical_core4x2,2000,64,972,512,4,2,ok,,1.200720451772213,0.04779669921845198,0.9986298084259033
16,mfeat-karhunen,hydra,2000,64,972,512,4,2,ok,,0.8483372172340751,0.06455975864082575,0.9933557510375977
16,mfeat-karhunen,hybrid_8l,2000,64,972,512,4,2,ok,,0.5778013346716762,0.042093693278729916,0.9983769059181213
16,mfeat-karhunen,tabpfn,2000,64,972,512,4,2,ok,,0.39764952939003706,0.05629485007375479,0.9984362125396729
16,mfeat-karhunen,tabpfn,2000,64,972,512,4,3,ok,,0.5677307844161987,0.056547739543020725,0.9984362125396729
16,mfeat-karhunen,hybrid_8l,2000,64,972,512,4,3,ok,,0.304814369417727,0.041845351457595825,0.9983769059181213
16,mfeat-karhunen,hydra,2000,64,972,512,4,3,ok,,0.35486108902841806,0.06445008050650358,0.9933557510375977
16,mfeat-karhunen,looped_transformer_6physical_core4x2,2000,64,972,512,4,3,ok,,0.32196006271988153,0.0477387486025691,0.9986298084259033
16,mfeat-karhunen,looped_transformer_6physical_core4x2,2000,64,972,512,4,4,ok,,0.7924030311405659,0.04762975126504898,0.9986298084259033
16,mfeat-karhunen,hydra,2000,64,972,512,4,4,ok,,0.3623552480712533,0.06452902127057314,0.9933557510375977
16,mfeat-karhunen,hybrid_8l,2000,64,972,512,4,4,ok,,0.6724095549434423,0.04196970723569393,0.9983769059181213
16,mfeat-karhunen,tabpfn,2000,64,972,512,4,4,ok,,0.4428313532844186,0.05660671088844538,0.9984362125396729
16,mfeat-karhunen,hydra,2000,64,972,512,4,5,ok,,0.5925344787538052,0.06438266299664974,0.9933557510375977
16,mfeat-karhunen,hybrid_8l,2000,64,972,512,4,5,ok,,0.34483796916902065,0.0417398726567626,0.9983769059181213
16,mfeat-karhunen,looped_transformer_6physical_core4x2,2000,64,972,512,4,5,ok,,0.36020936351269484,0.047639429569244385,0.9986298084259033
16,mfeat-karhunen,tabpfn,2000,64,972,512,4,5,ok,,0.37290599942207336,0.05663565546274185,0.9984362125396729
16,mfeat-karhunen,tabpfn,2000,64,972,512,5,1,ok,,0.5494227670133114,0.05651573836803436,0.9969795346260071
16,mfeat-karhunen,hybrid_8l,2000,64,972,512,5,1,ok,,0.5557258892804384,0.0419629467651248,0.9962977170944214
16,mfeat-karhunen,hydra,2000,64,972,512,5,1,ok,,0.7496816990897059,0.06442204676568508,0.9898902773857117
16,mfeat-karhunen,looped_transformer_6physical_core4x2,2000,64,972,512,5,1,ok,,1.4277111031115055,0.048032655380666256,0.9972549080848694
16,mfeat-karhunen,hybrid_8l,2000,64,972,512,5,2,ok,,1.0086639923974872,0.041887433268129826,0.9962977170944214
16,mfeat-karhunen,looped_transformer_6physical_core4x2,2000,64,972,512,5,2,ok,,0.5660314150154591,0.048119399696588516,0.9972549080848694
16,mfeat-karhunen,hydra,2000,64,972,512,5,2,ok,,0.5612552464008331,0.06570554990321398,0.9898902773857117
16,mfeat-karhunen,tabpfn,2000,64,972,512,5,2,ok,,0.6213771058246493,0.056497152894735336,0.9969795346260071
16,mfeat-karhunen,tabpfn,2000,64,972,512,5,3,ok,,0.3913161903619766,0.0564632685855031,0.9969795346260071
16,mfeat-karhunen,looped_transformer_6physical_core4x2,2000,64,972,512,5,3,ok,,0.3285606801509857,0.047802018001675606,0.9972549080848694
16,mfeat-karhunen,hydra,2000,64,972,512,5,3,ok,,0.509867082349956,0.06425430066883564,0.9898902773857117
16,mfeat-karhunen,hybrid_8l,2000,64,972,512,5,3,ok,,0.3613058105111122,0.04178139101713896,0.9962977170944214
16,mfeat-karhunen,hydra,2000,64,972,512,5,4,ok,,0.3575050588697195,0.06432798970490694,0.9898902773857117
16,mfeat-karhunen,hybrid_8l,2000,64,972,512,5,4,ok,,0.3409188138321042,0.04169448744505644,0.9962977170944214
16,mfeat-karhunen,looped_transformer_6physical_core4x2,2000,64,972,512,5,4,ok,,0.3319155965000391,0.04758619982749224,0.9972549080848694
16,mfeat-karhunen,tabpfn,2000,64,972,512,5,4,ok,,0.5759212328121066,0.05650627985596657,0.9969795346260071
16,mfeat-karhunen,looped_transformer_6physical_core4x2,2000,64,972,512,5,5,ok,,0.5557722179219127,0.047679546289145947,0.9972549080848694
16,mfeat-karhunen,tabpfn,2000,64,972,512,5,5,ok,,0.5476364325731993,0.05667408928275108,0.9969795346260071
16,mfeat-karhunen,hydra,2000,64,972,512,5,5,ok,,0.4348564129322767,0.06423735804855824,0.9898902773857117
16,mfeat-karhunen,hybrid_8l,2000,64,972,512,5,5,ok,,0.33697885926812887,0.04158768430352211,0.9962977170944214
18,mfeat-morphological,looped_transformer_6physical_core4x2,2000,6,972,512,1,1,ok,,0.13119483925402164,0.047461943700909615,0.965745747089386
18,mfeat-morphological,tabpfn,2000,6,972,512,1,1,ok,,0.12605812679976225,0.05650313384830952,0.9655472040176392
18,mfeat-morphological,hybrid_8l,2000,6,972,512,1,1,ok,,0.14456738531589508,0.034863755106925964,0.9659136533737183
18,mfeat-morphological,hydra,2000,6,972,512,1,1,ok,,0.17461986560374498,0.05392542015761137,0.9611010551452637
18,mfeat-morphological,tabpfn,2000,6,972,512,1,2,ok,,0.12000630050897598,0.04710903577506542,0.9655472040176392
18,mfeat-morphological,looped_transformer_6physical_core4x2,2000,6,972,512,1,2,ok,,0.1036958284676075,0.0401073694229126,0.965745747089386
18,mfeat-morphological,hydra,2000,6,972,512,1,2,ok,,0.12755510304123163,0.05373525898903608,0.9611010551452637
18,mfeat-morphological,hybrid_8l,2000,6,972,512,1,2,ok,,0.15783129632472992,0.03499581478536129,0.9659136533737183
18,mfeat-morphological,hydra,2000,6,972,512,1,3,ok,,0.12613758817315102,0.054101173765957355,0.9611010551452637
18,mfeat-morphological,hybrid_8l,2000,6,972,512,1,3,ok,,0.09850778803229332,0.035162209533154964,0.9659136533737183
18,mfeat-morphological,looped_transformer_6physical_core4x2,2000,6,972,512,1,3,ok,,0.15744525473564863,0.03987273573875427,0.965745747089386
18,mfeat-morphological,tabpfn,2000,6,972,512,1,3,ok,,0.1755101215094328,0.0471226517111063,0.9655472040176392
18,mfeat-morphological,hydra,2000,6,972,512,1,4,ok,,0.11809533927589655,0.053857240825891495,0.9611010551452637
18,mfeat-morphological,hybrid_8l,2000,6,972,512,1,4,ok,,0.10166280530393124,0.035188850946724415,0.9659136533737183
18,mfeat-morphological,tabpfn,2000,6,972,512,1,4,ok,,0.1917211450636387,0.047527738846838474,0.9655472040176392
18,mfeat-morphological,looped_transformer_6physical_core4x2,2000,6,972,512,1,4,ok,,0.21570575889199972,0.03989969566464424,0.965745747089386
18,mfeat-morphological,looped_transformer_6physical_core4x2,2000,6,972,512,1,5,ok,,0.1794925658032298,0.039909204468131065,0.965745747089386
18,mfeat-morphological,tabpfn,2000,6,972,512,1,5,ok,,0.21043108496814966,0.047466122545301914,0.9655472040176392
18,mfeat-morphological,hydra,2000,6,972,512,1,5,ok,,0.2097791088744998,0.05391288734972477,0.9611010551452637
18,mfeat-morphological,hybrid_8l,2000,6,972,512,1,5,ok,,0.13627646677196026,0.035257890820503235,0.9659136533737183
18,mfeat-morphological,looped_transformer_6physical_core4x2,2000,6,972,512,2,1,ok,,0.1790424743667245,0.03986451867967844,0.9614733457565308
18,mfeat-morphological,hybrid_8l,2000,6,972,512,2,1,ok,,0.1127037750557065,0.03493356704711914,0.961776077747345
18,mfeat-morphological,hydra,2000,6,972,512,2,1,ok,,0.1326734907925129,0.053756059147417545,0.9581505656242371
18,mfeat-morphological,tabpfn,2000,6,972,512,2,1,ok,,0.3820555740967393,0.05676057189702988,0.959438681602478
18,mfeat-morphological,hydra,2000,6,972,512,2,2,ok,,0.5465390337631106,0.06770136952400208,0.9581505656242371
18,mfeat-morphological,looped_transformer_6physical_core4x2,2000,6,972,512,2,2,ok,,0.44776189513504505,0.047784474678337574,0.9614733457565308
18,mfeat-morphological,tabpfn,2000,6,972,512,2,2,ok,,0.478929677978158,0.05675647407770157,0.959438681602478
18,mfeat-morphological,hybrid_8l,2000,6,972,512,2,2,ok,,0.5446543032303452,0.04963057301938534,0.961776077747345
18,mfeat-morphological,hydra,2000,6,972,512,2,3,ok,,0.29076563101261854,0.06422517355531454,0.9581505656242371
18,mfeat-morphological,hybrid_8l,2000,6,972,512,2,3,ok,,0.14921924844384193,0.0417252853512764,0.961776077747345
18,mfeat-morphological,tabpfn,2000,6,972,512,2,3,ok,,0.1305535640567541,0.05670636985450983,0.959438681602478
18,mfeat-morphological,looped_transformer_6physical_core4x2,2000,6,972,512,2,3,ok,,0.1708427593111992,0.04756126273423433,0.9614733457565308
18,mfeat-morphological,tabpfn,2000,6,972,512,2,4,ok,,0.2027208572253585,0.05630920734256506,0.959438681602478
18,mfeat-morphological,hybrid_8l,2000,6,972,512,2,4,ok,,0.18383404146879911,0.041825223714113235,0.961776077747345
18,mfeat-morphological,looped_transformer_6physical_core4x2,2000,6,972,512,2,4,ok,,0.1687028342857957,0.047742015682160854,0.9614733457565308
18,mfeat-morphological,hydra,2000,6,972,512,2,4,ok,,0.1399157727137208,0.06420435477048159,0.9581505656242371
18,mfeat-morphological,tabpfn,2000,6,972,512,2,5,ok,,0.3406187854707241,0.05659704189747572,0.959438681602478
18,mfeat-morphological,hybrid_8l,2000,6,972,512,2,5,ok,,0.4320791717618704,0.04511711187660694,0.961776077747345
18,mfeat-morphological,looped_transformer_6physical_core4x2,2000,6,972,512,2,5,ok,,0.19183125533163548,0.04769990500062704,0.9614733457565308
18,mfeat-morphological,hydra,2000,6,972,512,2,5,ok,,0.17457615211606026,0.06500703655183315,0.9581505656242371
18,mfeat-morphological,tabpfn,2000,6,972,512,3,1,ok,,0.12390463706105947,0.0553431361913681,0.9626619219779968
18,mfeat-morphological,hybrid_8l,2000,6,972,512,3,1,ok,,0.11353848781436682,0.03495545871555805,0.9649181365966797
18,mfeat-morphological,looped_transformer_6physical_core4x2,2000,6,972,512,3,1,ok,,0.14109734166413546,0.03977816551923752,0.9638386964797974
18,mfeat-morphological,hydra,2000,6,972,512,3,1,ok,,0.1727229906246066,0.05372828710824251,0.9563263654708862
18,mfeat-morphological,looped_transformer_6physical_core4x2,2000,6,972,512,3,2,ok,,0.11017151735723019,0.03970919456332922,0.9638386964797974
18,mfeat-morphological,hybrid_8l,2000,6,972,512,3,2,ok,,0.10440299846231937,0.0348341790959239,0.9649181365966797
18,mfeat-morphological,hydra,2000,6,972,512,3,2,ok,,0.1767952861264348,0.053845188580453396,0.9563263654708862
18,mfeat-morphological,tabpfn,2000,6,972,512,3,2,ok,,0.11095599457621574,0.04764160327613354,0.9626619219779968
18,mfeat-morphological,tabpfn,2000,6,972,512,3,3,ok,,0.10900569800287485,0.04713679850101471,0.9626619219779968
18,mfeat-morphological,hydra,2000,6,972,512,3,3,ok,,0.20217279810458422,0.05399519205093384,0.9563263654708862
18,mfeat-morphological,looped_transformer_6physical_core4x2,2000,6,972,512,3,3,ok,,0.19156715366989374,0.039835124276578426,0.9638386964797974
18,mfeat-morphological,hybrid_8l,2000,6,972,512,3,3,ok,,0.17231147084385157,0.03493380639702082,0.9649181365966797
18,mfeat-morphological,looped_transformer_6physical_core4x2,2000,6,972,512,3,4,ok,,0.12596792541444302,0.03981157951056957,0.9638386964797974
18,mfeat-morphological,hydra,2000,6,972,512,3,4,ok,,0.1988129522651434,0.06072158645838499,0.9563263654708862
18,mfeat-morphological,tabpfn,2000,6,972,512,3,4,ok,,0.1370104169473052,0.05445373244583607,0.9626619219779968
18,mfeat-morphological,hybrid_8l,2000,6,972,512,3,4,ok,,0.16673376318067312,0.04061448946595192,0.9649181365966797
18,mfeat-morphological,hybrid_8l,2000,6,972,512,3,5,ok,,0.11370407044887543,0.040644677355885506,0.9649181365966797
18,mfeat-morphological,tabpfn,2000,6,972,512,3,5,ok,,0.13350284192711115,0.055733295157551765,0.9626619219779968
18,mfeat-morphological,hydra,2000,6,972,512,3,5,ok,,0.1410383703187108,0.06092579383403063,0.9563263654708862
18,mfeat-morphological,looped_transformer_6physical_core4x2,2000,6,972,512,3,5,ok,,0.17125940695405006,0.03993908129632473,0.9638386964797974
18,mfeat-morphological,hydra,2000,6,972,512,4,1,ok,,0.1600914690643549,0.05405124928802252,0.9546549320220947
18,mfeat-morphological,tabpfn,2000,6,972,512,4,1,ok,,0.11067059263586998,0.04734146595001221,0.9615218639373779
18,mfeat-morphological,hybrid_8l,2000,6,972,512,4,1,ok,,0.09687456395477057,0.03504799399524927,0.9606669545173645
18,mfeat-morphological,looped_transformer_6physical_core4x2,2000,6,972,512,4,1,ok,,0.16183181572705507,0.039704266004264355,0.9601565599441528
18,mfeat-morphological,hybrid_8l,2000,6,972,512,4,2,ok,,0.14822535682469606,0.03484275471419096,0.9606669545173645
18,mfeat-morphological,looped_transformer_6physical_core4x2,2000,6,972,512,4,2,ok,,0.1032275203615427,0.03981651831418276,0.9601565599441528
18,mfeat-morphological,tabpfn,2000,6,972,512,4,2,ok,,0.11690241936594248,0.047274078242480755,0.9615218639373779
18,mfeat-morphological,hydra,2000,6,972,512,4,2,ok,,0.1845546280965209,0.05382341705262661,0.9546549320220947
18,mfeat-morphological,hydra,2000,6,972,512,4,3,ok,,0.1410005073994398,0.05374227371066809,0.9546549320220947
18,mfeat-morphological,tabpfn,2000,6,972,512,4,3,ok,,0.12416908703744411,0.04708019085228443,0.9615218639373779
18,mfeat-morphological,looped_transformer_6physical_core4x2,2000,6,972,512,4,3,ok,,0.18025797698646784,0.03983106557279825,0.9601565599441528
18,mfeat-morphological,hybrid_8l,2000,6,972,512,4,3,ok,,0.16911520436406136,0.03505960572510958,0.9606669545173645
18,mfeat-morphological,tabpfn,2000,6,972,512,4,4,ok,,0.20661749877035618,0.04712685849517584,0.9615218639373779
18,mfeat-morphological,hybrid_8l,2000,6,972,512,4,4,ok,,0.17109740059822798,0.034923167899250984,0.9606669545173645
18,mfeat-morphological,hydra,2000,6,972,512,4,4,ok,,0.1786257354542613,0.053830841556191444,0.9546549320220947
18,mfeat-morphological,looped_transformer_6physical_core4x2,2000,6,972,512,4,4,ok,,0.10711562819778919,0.039780329912900925,0.9601565599441528
18,mfeat-morphological,hybrid_8l,2000,6,972,512,4,5,ok,,0.18600664846599102,0.03495416697114706,0.9606669545173645
18,mfeat-morphological,hydra,2000,6,972,512,4,5,ok,,0.136558311060071,0.053940157406032085,0.9546549320220947
18,mfeat-morphological,tabpfn,2000,6,972,512,4,5,ok,,0.11064315121620893,0.04711681976914406,0.9615218639373779
18,mfeat-morphological,looped_transformer_6physical_core4x2,2000,6,972,512,4,5,ok,,0.10184694454073906,0.03997165337204933,0.9601565599441528
18,mfeat-morphological,looped_transformer_6physical_core4x2,2000,6,972,512,5,1,ok,,0.1184416376054287,0.03972071688622236,0.9645039439201355
18,mfeat-morphological,tabpfn,2000,6,972,512,5,1,ok,,0.19627860002219677,0.04744103457778692,0.965533971786499
18,mfeat-morphological,hydra,2000,6,972,512,5,1,ok,,0.1933607431128621,0.053898840211331844,0.9624843597412109
18,mfeat-morphological,hybrid_8l,2000,6,972,512,5,1,ok,,0.1875167703256011,0.035488467663526535,0.9652762413024902
18,mfeat-morphological,hybrid_8l,2000,6,972,512,5,2,ok,,0.11122531443834305,0.035064355470240116,0.9652762413024902
18,mfeat-morphological,hydra,2000,6,972,512,5,2,ok,,0.11751185543835163,0.053868903778493404,0.9624843597412109
18,mfeat-morphological,tabpfn,2000,6,972,512,5,2,ok,,0.1835683286190033,0.047443097457289696,0.965533971786499
18,mfeat-morphological,looped_transformer_6physical_core4x2,2000,6,972,512,5,2,ok,,0.18284128233790398,0.04004261735826731,0.9645039439201355
18,mfeat-morphological,hydra,2000,6,972,512,5,3,ok,,0.13899615034461021,0.05431767273694277,0.9624843597412109
18,mfeat-morphological,tabpfn,2000,6,972,512,5,3,ok,,0.19630246609449387,0.047469157725572586,0.965533971786499
18,mfeat-morphological,looped_transformer_6physical_core4x2,2000,6,972,512,5,3,ok,,0.1700850436463952,0.04019699897617102,0.9645039439201355
18,mfeat-morphological,hybrid_8l,2000,6,972,512,5,3,ok,,0.1799074225127697,0.03506634850054979,0.9652762413024902
18,mfeat-morphological,looped_transformer_6physical_core4x2,2000,6,972,512,5,4,ok,,0.12041748967021704,0.039752887561917305,0.9645039439201355
18,mfeat-morphological,hydra,2000,6,972,512,5,4,ok,,0.12354397401213646,0.053944194689393044,0.9624843597412109
18,mfeat-morphological,hybrid_8l,2000,6,972,512,5,4,ok,,0.16969774942845106,0.035200933925807476,0.9652762413024902
18,mfeat-morphological,tabpfn,2000,6,972,512,5,4,ok,,0.11091151833534241,0.04744776617735624,0.965533971786499
18,mfeat-morphological,looped_transformer_6physical_core4x2,2000,6,972,512,5,5,ok,,0.10236320272088051,0.03972332272678614,0.9645039439201355
18,mfeat-morphological,hybrid_8l,2000,6,972,512,5,5,ok,,0.1456609470769763,0.03512592054903507,0.9652762413024902
18,mfeat-morphological,tabpfn,2000,6,972,512,5,5,ok,,0.2101846979930997,0.04745356738567352,0.965533971786499
18,mfeat-morphological,hydra,2000,6,972,512,5,5,ok,,0.17524247337132692,0.05387943424284458,0.9624843597412109
22,mfeat-zernike,hybrid_8l,2000,47,972,512,1,1,ok,,0.34598635602742434,0.035110972821712494,0.9785817265510559
22,mfeat-zernike,tabpfn,2000,47,972,512,1,1,ok,,0.449410748668015,0.04733026400208473,0.9807880520820618
22,mfeat-zernike,hydra,2000,47,972,512,1,1,ok,,0.45099304616451263,0.05583172198385,0.959888756275177
22,mfeat-zernike,looped_transformer_6physical_core4x2,2000,47,972,512,1,1,ok,,0.43390636425465345,0.047724842093884945,0.9801363945007324
22,mfeat-zernike,tabpfn,2000,47,972,512,1,2,ok,,0.43982516787946224,0.0566838663071394,0.9807880520820618
22,mfeat-zernike,hydra,2000,47,972,512,1,2,ok,,0.49985711835324764,0.06426351703703403,0.959888756275177
22,mfeat-zernike,looped_transformer_6physical_core4x2,2000,47,972,512,1,2,ok,,0.4272586889564991,0.04778619762510061,0.9801363945007324
22,mfeat-zernike,hybrid_8l,2000,47,972,512,1,2,ok,,0.40364367701113224,0.041686912067234516,0.9785817265510559
22,mfeat-zernike,tabpfn,2000,47,972,512,1,3,ok,,0.4248628504574299,0.05661356262862682,0.9807880520820618
22,mfeat-zernike,looped_transformer_6physical_core4x2,2000,47,972,512,1,3,ok,,0.2968517728149891,0.04759430605918169,0.9801363945007324
22,mfeat-zernike,hydra,2000,47,972,512,1,3,ok,,0.9296594057232141,0.06692710425704718,0.959888756275177
22,mfeat-zernike,hybrid_8l,2000,47,972,512,1,3,ok,,1.1042345762252808,0.04447141848504543,0.9785817265510559
22,mfeat-zernike,looped_transformer_6physical_core4x2,2000,47,972,512,1,4,ok,,1.2547833239659667,0.05053082760423422,0.9801363945007324
22,mfeat-zernike,tabpfn,2000,47,972,512,1,4,ok,,1.603038719855249,0.06285928655415773,0.9807880520820618
22,mfeat-zernike,hydra,2000,47,972,512,1,4,ok,,1.1553712217137218,0.06777472048997879,0.959888756275177
22,mfeat-zernike,hybrid_8l,2000,47,972,512,1,4,ok,,0.3427429609000683,0.041892762295901775,0.9785817265510559
22,mfeat-zernike,hydra,2000,47,972,512,1,5,ok,,0.456701491959393,0.06425542198121548,0.959888756275177
22,mfeat-zernike,hybrid_8l,2000,47,972,512,1,5,ok,,0.2929774522781372,0.04154850076884031,0.9785817265510559
22,mfeat-zernike,looped_transformer_6physical_core4x2,2000,47,972,512,1,5,ok,,0.2650776421651244,0.04757652059197426,0.9801363945007324
22,mfeat-zernike,tabpfn,2000,47,972,512,1,5,ok,,0.43203561939299107,0.056681372225284576,0.9807880520820618
22,mfeat-zernike,tabpfn,2000,47,972,512,2,1,ok,,0.4501253329217434,0.05684188473969698,0.9839026927947998
22,mfeat-zernike,hydra,2000,47,972,512,2,1,ok,,0.31112564634531736,0.06443349830806255,0.9669663310050964
22,mfeat-zernike,looped_transformer_6physical_core4x2,2000,47,972,512,2,1,ok,,0.26557811070233583,0.047651203349232674,0.9833463430404663
22,mfeat-zernike,hybrid_8l,2000,47,972,512,2,1,ok,,0.31070372741669416,0.041695909574627876,0.9822232723236084
22,mfeat-zernike,tabpfn,2000,47,972,512,2,2,ok,,0.3746099667623639,0.056820906698703766,0.9839026927947998
22,mfeat-zernike,hydra,2000,47,972,512,2,2,ok,,0.2934031877666712,0.06472168583422899,0.9669663310050964
22,mfeat-zernike,looped_transformer_6physical_core4x2,2000,47,972,512,2,2,ok,,0.3771785143762827,0.04768451675772667,0.9833463430404663
22,mfeat-zernike,hybrid_8l,2000,47,972,512,2,2,ok,,0.2707019066438079,0.041830974631011486,0.9822232723236084
22,mfeat-zernike,tabpfn,2000,47,972,512,2,3,ok,,0.3322930121794343,0.056395950727164745,0.9839026927947998
22,mfeat-zernike,hybrid_8l,2000,47,972,512,2,3,ok,,0.2604898093268275,0.04181578662246466,0.9822232723236084
22,mfeat-zernike,hydra,2000,47,972,512,2,3,ok,,0.35547756776213646,0.06430299207568169,0.9669663310050964
22,mfeat-zernike,looped_transformer_6physical_core4x2,2000,47,972,512,2,3,ok,,0.352142509073019,0.04767757188528776,0.9833463430404663
22,mfeat-zernike,tabpfn,2000,47,972,512,2,4,ok,,0.4104013694450259,0.05680142994970083,0.9839026927947998
22,mfeat-zernike,hybrid_8l,2000,47,972,512,2,4,ok,,0.31992236245423555,0.04194017220288515,0.9822232723236084
22,mfeat-zernike,hydra,2000,47,972,512,2,4,ok,,0.8395951045677066,0.0646045533940196,0.9669663310050964
22,mfeat-zernike,looped_transformer_6physical_core4x2,2000,47,972,512,2,4,ok,,0.883474551141262,0.04781155567616224,0.9833463430404663
22,mfeat-zernike,tabpfn,2000,47,972,512,2,5,ok,,0.8780399858951569,0.05668153241276741,0.9839026927947998
22,mfeat-zernike,hybrid_8l,2000,47,972,512,2,5,ok,,0.4625071231275797,0.04178625997155905,0.9822232723236084
22,mfeat-zernike,hydra,2000,47,972,512,2,5,ok,,0.3530152225866914,0.06436198391020298,0.9669663310050964
22,mfeat-zernike,looped_transformer_6physical_core4x2,2000,47,972,512,2,5,ok,,0.42159117106348276,0.04773978050798178,0.9833463430404663
22,mfeat-zernike,hydra,2000,47,972,512,3,1,ok,,0.3524394612759352,0.0646187299862504,0.9645849466323853
22,mfeat-zernike,tabpfn,2000,47,972,512,3,1,ok,,0.3352014319971204,0.05760760698467493,0.9811184406280518
22,mfeat-zernike,looped_transformer_6physical_core4x2,2000,47,972,512,3,1,ok,,0.3094580676406622,0.047600035555660725,0.9796202182769775
22,mfeat-zernike,hybrid_8l,2000,47,972,512,3,1,ok,,0.31891606748104095,0.041720205917954445,0.9789596796035767
22,mfeat-zernike,tabpfn,2000,47,972,512,3,2,ok,,0.41091401129961014,0.05658194422721863,0.9811184406280518
22,mfeat-zernike,looped_transformer_6physical_core4x2,2000,47,972,512,3,2,ok,,0.28255198057740927,0.04757109098136425,0.9796202182769775
22,mfeat-zernike,hydra,2000,47,972,512,3,2,ok,,0.31985839176923037,0.06431835051625967,0.9645849466323853
22,mfeat-zernike,hybrid_8l,2000,47,972,512,3,2,ok,,0.35933555848896503,0.041681502014398575,0.9789596796035767
22,mfeat-zernike,looped_transformer_6physical_core4x2,2000,47,972,512,3,3,ok,,0.3521419884636998,0.04778446536511183,0.9796202182769775
22,mfeat-zernike,tabpfn,2000,47,972,512,3,3,ok,,0.4489001715555787,0.05654626525938511,0.9811184406280518
22,mfeat-zernike,hydra,2000,47,972,512,3,3,ok,,0.457173396833241,0.06439349427819252,0.9645849466323853
22,mfeat-zernike,hybrid_8l,2000,47,972,512,3,3,ok,,0.34042683243751526,0.042072572745382786,0.9789596796035767
22,mfeat-zernike,hybrid_8l,2000,47,972,512,3,4,ok,,0.26954626850783825,0.04196646250784397,0.9789596796035767
22,mfeat-zernike,looped_transformer_6physical_core4x2,2000,47,972,512,3,4,ok,,0.35672952979803085,0.04767955653369427,0.9796202182769775
22,mfeat-zernike,tabpfn,2000,47,972,512,3,4,ok,,0.30875315237790346,0.056617431342601776,0.9811184406280518
22,mfeat-zernike,hydra,2000,47,972,512,3,4,ok,,0.36466502584517,0.06437920778989792,0.9645849466323853
22,mfeat-zernike,hybrid_8l,2000,47,972,512,3,5,ok,,0.44002391397953033,0.041885389015078545,0.9789596796035767
22,mfeat-zernike,hydra,2000,47,972,512,3,5,ok,,0.47339394874870777,0.06447080988436937,0.9645849466323853
22,mfeat-zernike,looped_transformer_6physical_core4x2,2000,47,972,512,3,5,ok,,0.37362875882536173,0.047755710780620575,0.9796202182769775
22,mfeat-zernike,tabpfn,2000,47,972,512,3,5,ok,,0.31136095244437456,0.056499507278203964,0.9811184406280518
22,mfeat-zernike,hybrid_8l,2000,47,972,512,4,1,ok,,0.33379343524575233,0.04181921295821667,0.9829148054122925
22,mfeat-zernike,hydra,2000,47,972,512,4,1,ok,,0.32456677313894033,0.06425530184060335,0.9780209064483643
22,mfeat-zernike,tabpfn,2000,47,972,512,4,1,ok,,0.385838121175766,0.05647536180913448,0.9846197962760925
22,mfeat-zernike,looped_transformer_6physical_core4x2,2000,47,972,512,4,1,ok,,0.36129904817789793,0.04777915496379137,0.9838618636131287
22,mfeat-zernike,looped_transformer_6physical_core4x2,2000,47,972,512,4,2,ok,,0.8072812613099813,0.04906503204256296,0.9838618636131287
22,mfeat-zernike,hydra,2000,47,972,512,4,2,ok,,0.6018834533169866,0.064357815310359,0.9780209064483643
22,mfeat-zernike,hybrid_8l,2000,47,972,512,4,2,ok,,0.4262386057525873,0.04183151759207249,0.9829148054122925
22,mfeat-zernike,tabpfn,2000,47,972,512,4,2,ok,,0.3292632410302758,0.056433833204209805,0.9846197962760925
22,mfeat-zernike,looped_transformer_6physical_core4x2,2000,47,972,512,4,3,ok,,0.27409060671925545,0.047805655747652054,0.9838618636131287
22,mfeat-zernike,hydra,2000,47,972,512,4,3,ok,,0.3041572142392397,0.0643021808937192,0.9780209064483643
22,mfeat-zernike,hybrid_8l,2000,47,972,512,4,3,ok,,0.4225433552637696,0.04196924716234207,0.9829148054122925
22,mfeat-zernike,tabpfn,2000,47,972,512,4,3,ok,,0.7578346878290176,0.05645097512751818,0.9846197962760925
22,mfeat-zernike,tabpfn,2000,47,972,512,4,4,ok,,0.9532134830951691,0.05956198833882809,0.9846197962760925
22,mfeat-zernike,looped_transformer_6physical_core4x2,2000,47,972,512,4,4,ok,,0.5183867150917649,0.04847901128232479,0.9838618636131287
22,mfeat-zernike,hybrid_8l,2000,47,972,512,4,4,ok,,0.4029794782400131,0.041812390089035034,0.9829148054122925
22,mfeat-zernike,hydra,2000,47,972,512,4,4,ok,,0.327199830673635,0.06435190420597792,0.9780209064483643
22,mfeat-zernike,tabpfn,2000,47,972,512,4,5,ok,,0.3524189731106162,0.05640758387744427,0.9846197962760925
22,mfeat-zernike,looped_transformer_6physical_core4x2,2000,47,972,512,4,5,ok,,0.2875163350254297,0.047933257184922695,0.9838618636131287
22,mfeat-zernike,hybrid_8l,2000,47,972,512,4,5,ok,,0.4019816070795059,0.04172458406537771,0.9829148054122925
22,mfeat-zernike,hydra,2000,47,972,512,4,5,ok,,0.3407795811071992,0.06421246938407421,0.9780209064483643
22,mfeat-zernike,hydra,2000,47,972,512,5,1,ok,,0.30659043323248625,0.06431126687675714,0.9646868109703064
22,mfeat-zernike,hybrid_8l,2000,47,972,512,5,1,ok,,0.5793199017643929,0.04195732530206442,0.9810996651649475
22,mfeat-zernike,tabpfn,2000,47,972,512,5,1,ok,,0.4800801780074835,0.05655217729508877,0.9824225306510925
22,mfeat-zernike,looped_transformer_6physical_core4x2,2000,47,972,512,5,1,ok,,0.39283055905252695,0.04810423031449318,0.9813411235809326
22,mfeat-zernike,looped_transformer_6physical_core4x2,2000,47,972,512,5,2,ok,,0.2743126293644309,0.04776287358254194,0.9813411235809326
22,mfeat-zernike,tabpfn,2000,47,972,512,5,2,ok,,0.329970701597631,0.05669785290956497,0.9824225306510925
22,mfeat-zernike,hydra,2000,47,972,512,5,2,ok,,0.3352028848603368,0.06476099044084549,0.9646868109703064
22,mfeat-zernike,hybrid_8l,2000,47,972,512,5,2,ok,,0.31966073624789715,0.041935342364013195,0.9810996651649475
22,mfeat-zernike,hybrid_8l,2000,47,972,512,5,3,ok,,0.35662270803004503,0.041823381558060646,0.9810996651649475
22,mfeat-zernike,looped_transformer_6physical_core4x2,2000,47,972,512,5,3,ok,,0.39374635461717844,0.047678954899311066,0.9813411235809326
22,mfeat-zernike,hydra,2000,47,972,512,5,3,ok,,0.378873435780406,0.06428519915789366,0.9646868109703064
22,mfeat-zernike,tabpfn,2000,47,972,512,5,3,ok,,0.2947915690019727,0.05651268269866705,0.9824225306510925
22,mfeat-zernike,hybrid_8l,2000,47,972,512,5,4,ok,,0.2619281932711601,0.042141604237258434,0.9810996651649475
22,mfeat-zernike,hydra,2000,47,972,512,5,4,ok,,0.31153171602636576,0.06442785914987326,0.9646868109703064
22,mfeat-zernike,looped_transformer_6physical_core4x2,2000,47,972,512,5,4,ok,,0.34163029305636883,0.047585939057171345,0.9813411235809326
22,mfeat-zernike,tabpfn,2000,47,972,512,5,4,ok,,0.3114900467917323,0.05641302280128002,0.9824225306510925
22,mfeat-zernike,tabpfn,2000,47,972,512,5,5,ok,,0.28782973904162645,0.05673775915056467,0.9824225306510925
22,mfeat-zernike,looped_transformer_6physical_core4x2,2000,47,972,512,5,5,ok,,0.3002690766006708,0.04767980705946684,0.9813411235809326
22,mfeat-zernike,hybrid_8l,2000,47,972,512,5,5,ok,,0.3243782361969352,0.041847406886518,0.9810996651649475
22,mfeat-zernike,hydra,2000,47,972,512,5,5,ok,,0.31737448554486036,0.06444960087537766,0.9646868109703064
23,cmc,tabpfn,1473,9,972,512,1,1,ok,,0.14997296780347824,0.037858208641409874,0.701123058795929
23,cmc,hydra,1473,9,972,512,1,1,ok,,0.13890772312879562,0.04021200817078352,0.6866907477378845
23,cmc,hybrid_8l,1473,9,972,512,1,1,ok,,0.16220106650143862,0.03070706967264414,0.695460855960846
23,cmc,looped_transformer_6physical_core4x2,1473,9,972,512,1,1,ok,,0.1581898359581828,0.03195044491440058,0.6967049837112427
23,cmc,looped_transformer_6physical_core4x2,1473,9,972,512,1,2,ok,,0.26146881375461817,0.03458163980394602,0.6967049837112427
23,cmc,hybrid_8l,1473,9,972,512,1,2,ok,,0.3432605806738138,0.032299245707690716,0.695460855960846
23,cmc,tabpfn,1473,9,972,512,1,2,ok,,0.3971537100151181,0.03830110654234886,0.701123058795929
23,cmc,hydra,1473,9,972,512,1,2,ok,,0.3802035562694073,0.047708552330732346,0.6866907477378845
23,cmc,tabpfn,1473,9,972,512,1,3,ok,,0.46055829152464867,0.03783752862364054,0.701123058795929
23,cmc,hydra,1473,9,972,512,1,3,ok,,0.458149085752666,0.046832150779664516,0.6866907477378845
23,cmc,hybrid_8l,1473,9,972,512,1,3,ok,,0.39418112952262163,0.02865808829665184,0.695460855960846
23,cmc,looped_transformer_6physical_core4x2,1473,9,972,512,1,3,ok,,0.35968038253486156,0.03199043124914169,0.6967049837112427
23,cmc,hydra,1473,9,972,512,1,4,ok,,0.20785816106945276,0.04243018105626106,0.6866907477378845
23,cmc,looped_transformer_6physical_core4x2,1473,9,972,512,1,4,ok,,0.16945266537368298,0.031809037551283836,0.6967049837112427
23,cmc,hybrid_8l,1473,9,972,512,1,4,ok,,0.12470890115946531,0.026739572174847126,0.695460855960846
23,cmc,tabpfn,1473,9,972,512,1,4,ok,,0.15451282914727926,0.03787237498909235,0.701123058795929
23,cmc,hybrid_8l,1473,9,972,512,1,5,ok,,0.13183707650750875,0.027077111415565014,0.695460855960846
23,cmc,hydra,1473,9,972,512,1,5,ok,,0.15181311406195164,0.04006333649158478,0.6866907477378845
23,cmc,looped_transformer_6physical_core4x2,1473,9,972,512,1,5,ok,,0.13659883849322796,0.03183121047914028,0.6967049837112427
23,cmc,tabpfn,1473,9,972,512,1,5,ok,,0.13474092818796635,0.037742309272289276,0.701123058795929
23,cmc,looped_transformer_6physical_core4x2,1473,9,972,512,2,1,ok,,0.12558782659471035,0.03164979536086321,0.7046401500701904
23,cmc,hydra,1473,9,972,512,2,1,ok,,0.13432886824011803,0.039797152392566204,0.6782634258270264
23,cmc,tabpfn,1473,9,972,512,2,1,ok,,0.08400799613445997,0.03748009167611599,0.7031378149986267
23,cmc,hybrid_8l,1473,9,972,512,2,1,ok,,0.12369933724403381,0.02656946051865816,0.7020114660263062
23,cmc,looped_transformer_6physical_core4x2,1473,9,972,512,2,2,ok,,0.08684654533863068,0.03168639447540045,0.7046401500701904
23,cmc,hybrid_8l,1473,9,972,512,2,2,ok,,0.08102785050868988,0.026748348958790302,0.7020114660263062
23,cmc,tabpfn,1473,9,972,512,2,2,ok,,0.09095709212124348,0.03679333161562681,0.7031378149986267
23,cmc,hydra,1473,9,972,512,2,2,ok,,0.14763860497623682,0.0405370844528079,0.6782634258270264
23,cmc,tabpfn,1473,9,972,512,2,3,ok,,0.1438572509214282,0.03655510861426592,0.7031378149986267
23,cmc,hydra,1473,9,972,512,2,3,ok,,0.16081770416349173,0.03890442010015249,0.6782634258270264
23,cmc,looped_transformer_6physical_core4x2,1473,9,972,512,2,3,ok,,0.15731255430728197,0.03088984452188015,0.7046401500701904
23,cmc,hybrid_8l,1473,9,972,512,2,3,ok,,0.15508521255105734,0.026590759865939617,0.7020114660263062
23,cmc,hybrid_8l,1473,9,972,512,2,4,ok,,0.12540024984627962,0.0262477807700634,0.7020114660263062
23,cmc,looped_transformer_6physical_core4x2,1473,9,972,512,2,4,ok,,0.1346367197111249,0.0316000422462821,0.7046401500701904
23,cmc,hydra,1473,9,972,512,2,4,ok,,0.1576176816597581,0.03921003919094801,0.6782634258270264
23,cmc,tabpfn,1473,9,972,512,2,4,ok,,0.2768382029607892,0.037012104876339436,0.7031378149986267
23,cmc,looped_transformer_6physical_core4x2,1473,9,972,512,2,5,ok,,0.309143059886992,0.04218322318047285,0.7046401500701904
23,cmc,tabpfn,1473,9,972,512,2,5,ok,,0.348407163284719,0.03836778365075588,0.7031378149986267
23,cmc,hydra,1473,9,972,512,2,5,ok,,0.3722985880449414,0.045479838736355305,0.6782634258270264
23,cmc,hybrid_8l,1473,9,972,512,2,5,ok,,0.27459654584527016,0.029289724305272102,0.7020114660263062
23,cmc,looped_transformer_6physical_core4x2,1473,9,972,512,3,1,ok,,0.182451032102108,0.03429380524903536,0.7028542160987854
23,cmc,hydra,1473,9,972,512,3,1,ok,,0.2012594984844327,0.04013014305382967,0.6708348393440247
23,cmc,tabpfn,1473,9,972,512,3,1,ok,,0.1509505594149232,0.03762385342270136,0.7065351009368896
23,cmc,hybrid_8l,1473,9,972,512,3,1,ok,,0.13580045569688082,0.02656379994004965,0.6997268795967102
23,cmc,hydra,1473,9,972,512,3,2,ok,,0.1427173400297761,0.040388353168964386,0.6708348393440247
23,cmc,looped_transformer_6physical_core4x2,1473,9,972,512,3,2,ok,,0.13731050677597523,0.03179132379591465,0.7028542160987854
23,cmc,hybrid_8l,1473,9,972,512,3,2,ok,,0.12310756742954254,0.026811979711055756,0.6997268795967102
23,cmc,tabpfn,1473,9,972,512,3,2,ok,,0.157912521623075,0.03775661624968052,0.7065351009368896
23,cmc,looped_transformer_6physical_core4x2,1473,9,972,512,3,3,ok,,0.1042856564745307,0.03165704011917114,0.7028542160987854
23,cmc,hydra,1473,9,972,512,3,3,ok,,0.10668654553592205,0.04001403320580721,0.6708348393440247
23,cmc,tabpfn,1473,9,972,512,3,3,ok,,0.12425720505416393,0.03769326489418745,0.7065351009368896
23,cmc,hybrid_8l,1473,9,972,512,3,3,ok,,0.0726111838594079,0.026622511446475983,0.6997268795967102
23,cmc,hybrid_8l,1473,9,972,512,3,4,ok,,0.09461020305752754,0.026813732460141182,0.6997268795967102
23,cmc,looped_transformer_6physical_core4x2,1473,9,972,512,3,4,ok,,0.08058943971991539,0.0318252881988883,0.7028542160987854
23,cmc,tabpfn,1473,9,972,512,3,4,ok,,0.10461058095097542,0.037736126221716404,0.7065351009368896
23,cmc,hydra,1473,9,972,512,3,4,ok,,0.09015347063541412,0.03975034411996603,0.6708348393440247
23,cmc,tabpfn,1473,9,972,512,3,5,ok,,0.12948825675994158,0.03706120885908604,0.7065351009368896
23,cmc,looped_transformer_6physical_core4x2,1473,9,972,512,3,5,ok,,0.08971185237169266,0.03129374049603939,0.7028542160987854
23,cmc,hybrid_8l,1473,9,972,512,3,5,ok,,0.11236026417464018,0.02627172600477934,0.6997268795967102
23,cmc,hydra,1473,9,972,512,3,5,ok,,0.13342337124049664,0.03941357508301735,0.6708348393440247
23,cmc,tabpfn,1473,9,972,512,4,1,ok,,0.08722870890051126,0.03706597629934549,0.7171720266342163
23,cmc,hydra,1473,9,972,512,4,1,ok,,0.2531503438949585,0.04185337759554386,0.7040572166442871
23,cmc,hybrid_8l,1473,9,972,512,4,1,ok,,0.326314864680171,0.0382760101929307,0.7113727927207947
23,cmc,looped_transformer_6physical_core4x2,1473,9,972,512,4,1,ok,,0.3424743916839361,0.03255844675004482,0.7168574929237366
23,cmc,hydra,1473,9,972,512,4,2,ok,,0.33621135633438826,0.04130300506949425,0.7040572166442871
23,cmc,hybrid_8l,1473,9,972,512,4,2,ok,,0.33174034394323826,0.03453717567026615,0.7113727927207947
23,cmc,tabpfn,1473,9,972,512,4,2,ok,,0.32314536068588495,0.03765278961509466,0.7171720266342163
23,cmc,looped_transformer_6physical_core4x2,1473,9,972,512,4,2,ok,,0.322243832051754,0.03389187343418598,0.7168574929237366
23,cmc,tabpfn,1473,9,972,512,4,3,ok,,0.22821360733360052,0.03769211284816265,0.7171720266342163
23,cmc,hybrid_8l,1473,9,972,512,4,3,ok,,0.1272882679477334,0.02696081157773733,0.7113727927207947
23,cmc,hydra,1473,9,972,512,4,3,ok,,0.14795798994600773,0.04045393690466881,0.7040572166442871
23,cmc,looped_transformer_6physical_core4x2,1473,9,972,512,4,3,ok,,0.13251160364598036,0.03232455439865589,0.7168574929237366
23,cmc,tabpfn,1473,9,972,512,4,4,ok,,0.1457063928246498,0.03769810497760773,0.7171720266342163
23,cmc,looped_transformer_6physical_core4x2,1473,9,972,512,4,4,ok,,0.08797734696418047,0.03177047427743673,0.7168574929237366
23,cmc,hydra,1473,9,972,512,4,4,ok,,0.15298993419855833,0.040066782385110855,0.7040572166442871
23,cmc,hybrid_8l,1473,9,972,512,4,4,ok,,0.08502599503844976,0.02668966818600893,0.7113727927207947
23,cmc,hydra,1473,9,972,512,4,5,ok,,0.13133047707378864,0.04006015136837959,0.7040572166442871
23,cmc,tabpfn,1473,9,972,512,4,5,ok,,0.11789220478385687,0.03785981237888336,0.7171720266342163
23,cmc,looped_transformer_6physical_core4x2,1473,9,972,512,4,5,ok,,0.13273569848388433,0.03196895960718393,0.7168574929237366
23,cmc,hybrid_8l,1473,9,972,512,4,5,ok,,0.08657479006797075,0.028185952454805374,0.7113727927207947
23,cmc,looped_transformer_6physical_core4x2,1473,9,972,512,5,1,ok,,0.1300003957003355,0.03203365206718445,0.7241944074630737
23,cmc,hydra,1473,9,972,512,5,1,ok,,0.10141129046678543,0.03993225749582052,0.7035810351371765
23,cmc,tabpfn,1473,9,972,512,5,1,ok,,0.14378736820071936,0.03802158683538437,0.7290870547294617
23,cmc,hybrid_8l,1473,9,972,512,5,1,ok,,0.07990551460534334,0.026638501323759556,0.7199289202690125
23,cmc,hydra,1473,9,972,512,5,2,ok,,0.14939961209893227,0.040001739747822285,0.7035810351371765
23,cmc,tabpfn,1473,9,972,512,5,2,ok,,0.10226770211011171,0.037646858021616936,0.7290870547294617
23,cmc,hybrid_8l,1473,9,972,512,5,2,ok,,0.11361552309244871,0.02714327722787857,0.7199289202690125
23,cmc,looped_transformer_6physical_core4x2,1473,9,972,512,5,2,ok,,0.07469971012324095,0.03152190428227186,0.7241944074630737
23,cmc,hybrid_8l,1473,9,972,512,5,3,ok,,0.12490685563534498,0.02679106965661049,0.7199289202690125
23,cmc,looped_transformer_6physical_core4x2,1473,9,972,512,5,3,ok,,0.08791950810700655,0.03178970143198967,0.7241944074630737
23,cmc,hydra,1473,9,972,512,5,3,ok,,0.14994396176189184,0.043758136220276356,0.7035810351371765
23,cmc,tabpfn,1473,9,972,512,5,3,ok,,0.15046047046780586,0.03788696322590113,0.7290870547294617
23,cmc,tabpfn,1473,9,972,512,5,4,ok,,0.15260607562959194,0.03794272802770138,0.7290870547294617
23,cmc,hybrid_8l,1473,9,972,512,5,4,ok,,0.1331479288637638,0.028286061249673367,0.7199289202690125
23,cmc,hydra,1473,9,972,512,5,4,ok,,0.13891882356256247,0.04020227864384651,0.7035810351371765
23,cmc,looped_transformer_6physical_core4x2,1473,9,972,512,5,4,ok,,0.14678743202239275,0.03203086834400892,0.7241944074630737
23,cmc,hydra,1473,9,972,512,5,5,ok,,0.1433009160682559,0.040035152807831764,0.7035810351371765
23,cmc,tabpfn,1473,9,972,512,5,5,ok,,0.12416814640164375,0.037818172946572304,0.7290870547294617
23,cmc,hybrid_8l,1473,9,972,512,5,5,ok,,0.12373504601418972,0.02683338988572359,0.7199289202690125
23,cmc,looped_transformer_6physical_core4x2,1473,9,972,512,5,5,ok,,0.08361599408090115,0.03169666416943073,0.7241944074630737
29,credit-approval,hydra,653,15,972,326,1,1,ok,,0.11628306563943624,0.020222235471010208,0.9469627141952515
29,credit-approval,tabpfn,653,15,972,326,1,1,ok,,0.08905387669801712,0.020404810085892677,0.9488513469696045
29,credit-approval,hybrid_8l,653,15,972,326,1,1,ok,,0.12472853809595108,0.015008646063506603,0.9405257701873779
29,credit-approval,looped_transformer_6physical_core4x2,653,15,972,326,1,1,ok,,0.1218964634463191,0.017464670352637768,0.950624406337738
29,credit-approval,tabpfn,653,15,972,326,1,2,ok,,0.11844899971038103,0.0203531626611948,0.9488513469696045
29,credit-approval,hydra,653,15,972,326,1,2,ok,,0.1270058322697878,0.01999598555266857,0.9469627141952515
29,credit-approval,hybrid_8l,653,15,972,326,1,2,ok,,0.13476222846657038,0.014388722367584705,0.9405257701873779
29,credit-approval,looped_transformer_6physical_core4x2,653,15,972,326,1,2,ok,,0.15295723173767328,0.02779113408178091,0.950624406337738
29,credit-approval,tabpfn,653,15,972,326,1,3,ok,,0.15224513225257397,0.020495171658694744,0.9488513469696045
29,credit-approval,hydra,653,15,972,326,1,3,ok,,0.12316690851002932,0.020030551590025425,0.9469627141952515
29,credit-approval,hybrid_8l,653,15,972,326,1,3,ok,,0.12208920810371637,0.01439625583589077,0.9405257701873779
29,credit-approval,looped_transformer_6physical_core4x2,653,15,972,326,1,3,ok,,0.14630432706326246,0.017489648424088955,0.950624406337738
29,credit-approval,tabpfn,653,15,972,326,1,4,ok,,0.1313387919217348,0.02081076055765152,0.9488513469696045
29,credit-approval,looped_transformer_6physical_core4x2,653,15,972,326,1,4,ok,,0.13600693736225367,0.01734163612127304,0.950624406337738
29,credit-approval,hydra,653,15,972,326,1,4,ok,,0.13864912185817957,0.02005763165652752,0.9469627141952515
29,credit-approval,hybrid_8l,653,15,972,326,1,4,ok,,0.1283031115308404,0.014474053867161274,0.9405257701873779
29,credit-approval,hybrid_8l,653,15,972,326,1,5,ok,,0.15126204956322908,0.014652751386165619,0.9405257701873779
29,credit-approval,tabpfn,653,15,972,326,1,5,ok,,0.14621499739587307,0.023458266630768776,0.9488513469696045
29,credit-approval,hydra,653,15,972,326,1,5,ok,,0.12788119073957205,0.02024079952389002,0.9469627141952515
29,credit-approval,looped_transformer_6physical_core4x2,653,15,972,326,1,5,ok,,0.2513776449486613,0.021271522156894207,0.950624406337738
29,credit-approval,tabpfn,653,15,972,326,2,1,ok,,0.3310481542721391,0.029734176583588123,0.939894437789917
29,credit-approval,hybrid_8l,653,15,972,326,2,1,ok,,0.33077095728367567,0.017724801786243916,0.9307692050933838
29,credit-approval,hydra,653,15,972,326,2,1,ok,,0.32954427413642406,0.029300814494490623,0.9343891143798828
29,credit-approval,looped_transformer_6physical_core4x2,653,15,972,326,2,1,ok,,0.3394051669165492,0.02017970383167267,0.9365761876106262
29,credit-approval,hydra,653,15,972,326,2,2,ok,,0.25418279971927404,0.024121071211993694,0.9343891143798828
29,credit-approval,tabpfn,653,15,972,326,2,2,ok,,0.12966685462743044,0.020389581099152565,0.939894437789917
29,credit-approval,hybrid_8l,653,15,972,326,2,2,ok,,0.09163248259574175,0.014331754297018051,0.9307692050933838
29,credit-approval,looped_transformer_6physical_core4x2,653,15,972,326,2,2,ok,,0.12077991664409637,0.01730598881840706,0.9365761876106262
29,credit-approval,hybrid_8l,653,15,972,326,2,3,ok,,0.10364194586873055,0.01421093475073576,0.9307692050933838
29,credit-approval,tabpfn,653,15,972,326,2,3,ok,,0.08110341336578131,0.020250137895345688,0.939894437789917
29,credit-approval,hydra,653,15,972,326,2,3,ok,,0.10058165807276964,0.019682821817696095,0.9343891143798828
29,credit-approval,looped_transformer_6physical_core4x2,653,15,972,326,2,3,ok,,0.07635512761771679,0.01705059502273798,0.9365761876106262
29,credit-approval,tabpfn,653,15,972,326,2,4,ok,,0.0904022017493844,0.02031509019434452,0.939894437789917
29,credit-approval,looped_transformer_6physical_core4x2,653,15,972,326,2,4,ok,,0.08050464931875467,0.017011401243507862,0.9365761876106262
29,credit-approval,hydra,653,15,972,326,2,4,ok,,0.12092490214854479,0.01993291638791561,0.9343891143798828
29,credit-approval,hybrid_8l,653,15,972,326,2,4,ok,,0.12491234671324492,0.016587458550930023,0.9307692050933838
29,credit-approval,looped_transformer_6physical_core4x2,653,15,972,326,2,5,ok,,0.11708084773272276,0.017184989526867867,0.9365761876106262
29,credit-approval,tabpfn,653,15,972,326,2,5,ok,,0.1351319383829832,0.020354383625090122,0.939894437789917
29,credit-approval,hydra,653,15,972,326,2,5,ok,,0.12481969129294157,0.020031021907925606,0.9343891143798828
29,credit-approval,hybrid_8l,653,15,972,326,2,5,ok,,0.13028854131698608,0.014729747548699379,0.9307692050933838
29,credit-approval,looped_transformer_6physical_core4x2,653,15,972,326,3,1,ok,,0.08937864191830158,0.017335716634988785,0.9219464063644409
29,credit-approval,hydra,653,15,972,326,3,1,ok,,0.10655943397432566,0.020079574547708035,0.9152971506118774
29,credit-approval,hybrid_8l,653,15,972,326,3,1,ok,,0.10880063939839602,0.014402797445654869,0.9202840924263
29,credit-approval,tabpfn,653,15,972,326,3,1,ok,,0.08985382318496704,0.020357870496809483,0.9222486615180969
29,credit-approval,hydra,653,15,972,326,3,2,ok,,0.12703728210180998,0.020075134932994843,0.9152971506118774
29,credit-approval,looped_transformer_6physical_core4x2,653,15,972,326,3,2,ok,,0.1169804884120822,0.0171827245503664,0.9219464063644409
29,credit-approval,tabpfn,653,15,972,326,3,2,ok,,0.12138316966593266,0.020442000590264797,0.9222486615180969
29,credit-approval,hybrid_8l,653,15,972,326,3,2,ok,,0.13404941838234663,0.017842063680291176,0.9202840924263
29,credit-approval,hydra,653,15,972,326,3,3,ok,,0.12991203926503658,0.02011344861239195,0.9152971506118774
29,credit-approval,hybrid_8l,653,15,972,326,3,3,ok,,0.12221257109194994,0.014469084329903126,0.9202840924263
29,credit-approval,tabpfn,653,15,972,326,3,3,ok,,0.12511768471449614,0.020549625158309937,0.9222486615180969
29,credit-approval,looped_transformer_6physical_core4x2,653,15,972,326,3,3,ok,,0.1301692659035325,0.0170776154845953,0.9219464063644409
29,credit-approval,tabpfn,653,15,972,326,3,4,ok,,0.1225066976621747,0.02044147066771984,0.9222486615180969
29,credit-approval,hydra,653,15,972,326,3,4,ok,,0.17686845641583204,0.02027982287108898,0.9152971506118774
29,credit-approval,hybrid_8l,653,15,972,326,3,4,ok,,0.11664077453315258,0.014142916537821293,0.9202840924263
29,credit-approval,looped_transformer_6physical_core4x2,653,15,972,326,3,4,ok,,0.12594988197088242,0.017282504588365555,0.9219464063644409
29,credit-approval,hybrid_8l,653,15,972,326,3,5,ok,,0.12155220936983824,0.014682848937809467,0.9202840924263
29,credit-approval,tabpfn,653,15,972,326,3,5,ok,,0.12246386706829071,0.020399078726768494,0.9222486615180969
29,credit-approval,looped_transformer_6physical_core4x2,653,15,972,326,3,5,ok,,0.11143848858773708,0.017104728147387505,0.9219464063644409
29,credit-approval,hydra,653,15,972,326,3,5,ok,,0.08794903289526701,0.019834299571812153,0.9152971506118774
29,credit-approval,looped_transformer_6physical_core4x2,653,15,972,326,4,1,ok,,0.08490845281630754,0.01720340456813574,0.9315223693847656
29,credit-approval,hydra,653,15,972,326,4,1,ok,,0.0800093412399292,0.019816544838249683,0.927523136138916
29,credit-approval,hybrid_8l,653,15,972,326,4,1,ok,,0.0760172363370657,0.014130473136901855,0.9256366491317749
29,credit-approval,tabpfn,653,15,972,326,4,1,ok,,0.12645748257637024,0.020537571981549263,0.9315978288650513
29,credit-approval,tabpfn,653,15,972,326,4,2,ok,,0.1394158061593771,0.021943094208836555,0.9315978288650513
29,credit-approval,hydra,653,15,972,326,4,2,ok,,0.13577391486614943,0.020176888443529606,0.927523136138916
29,credit-approval,looped_transformer_6physical_core4x2,653,15,972,326,4,2,ok,,0.11088480893522501,0.017203194089233875,0.9315223693847656
29,credit-approval,hybrid_8l,653,15,972,326,4,2,ok,,0.15731798391789198,0.017256414517760277,0.9256366491317749
29,credit-approval,looped_transformer_6physical_core4x2,653,15,972,326,4,3,ok,,0.13009454403072596,0.017471643164753914,0.9315223693847656
29,credit-approval,tabpfn,653,15,972,326,4,3,ok,,0.15677963476628065,0.020308418199419975,0.9315978288650513
29,credit-approval,hybrid_8l,653,15,972,326,4,3,ok,,0.11739393044263124,0.014412074349820614,0.9256366491317749
29,credit-approval,hydra,653,15,972,326,4,3,ok,,0.13394503016024828,0.021063968539237976,0.927523136138916
29,credit-approval,hybrid_8l,653,15,972,326,4,4,ok,,0.14339856058359146,0.01451374776661396,0.9256366491317749
29,credit-approval,looped_transformer_6physical_core4x2,653,15,972,326,4,4,ok,,0.14112201798707247,0.017355283722281456,0.9315223693847656
29,credit-approval,hydra,653,15,972,326,4,4,ok,,0.12004969269037247,0.019908439368009567,0.927523136138916
29,credit-approval,tabpfn,653,15,972,326,4,4,ok,,0.1378751564770937,0.020456268452107906,0.9315978288650513
29,credit-approval,tabpfn,653,15,972,326,4,5,ok,,0.09574678726494312,0.02032407745718956,0.9315978288650513
29,credit-approval,looped_transformer_6physical_core4x2,653,15,972,326,4,5,ok,,0.11028980184346437,0.017093666829168797,0.9315223693847656
29,credit-approval,hydra,653,15,972,326,4,5,ok,,0.12443861924111843,0.021314023062586784,0.927523136138916
29,credit-approval,hybrid_8l,653,15,972,326,4,5,ok,,0.12441517319530249,0.014150289818644524,0.9256366491317749
29,credit-approval,hydra,653,15,972,326,5,1,ok,,0.1221904894337058,0.0199552895501256,0.930614709854126
29,credit-approval,looped_transformer_6physical_core4x2,653,15,972,326,5,1,ok,,0.13134686648845673,0.018029228784143925,0.932009220123291
29,credit-approval,tabpfn,653,15,972,326,5,1,ok,,0.18785570189356804,0.02182936854660511,0.9346097111701965
29,credit-approval,hybrid_8l,653,15,972,326,5,1,ok,,0.11700313072651625,0.014842642471194267,0.9350243210792542
29,credit-approval,tabpfn,653,15,972,326,5,2,ok,,0.09492088295519352,0.020499910227954388,0.9346097111701965
29,credit-approval,looped_transformer_6physical_core4x2,653,15,972,326,5,2,ok,,0.11617396958172321,0.017227239906787872,0.932009220123291
29,credit-approval,hydra,653,15,972,326,5,2,ok,,0.12133255321532488,0.020250998437404633,0.930614709854126
29,credit-approval,hybrid_8l,653,15,972,326,5,2,ok,,0.09562887530773878,0.014364145696163177,0.9350243210792542
29,credit-approval,tabpfn,653,15,972,326,5,3,ok,,0.1440130965784192,0.02051862608641386,0.9346097111701965
29,credit-approval,hybrid_8l,653,15,972,326,5,3,ok,,0.1782477479428053,0.014459935948252678,0.9350243210792542
29,credit-approval,hydra,653,15,972,326,5,3,ok,,0.09535726998001337,0.019800315611064434,0.930614709854126
29,credit-approval,looped_transformer_6physical_core4x2,653,15,972,326,5,3,ok,,0.1199257094413042,0.017228291369974613,0.932009220123291
29,credit-approval,looped_transformer_6physical_core4x2,653,15,972,326,5,4,ok,,0.10882783215492964,0.017361914739012718,0.932009220123291
29,credit-approval,hybrid_8l,653,15,972,326,5,4,ok,,0.0951391663402319,0.014654485508799553,0.9350243210792542
29,credit-approval,hydra,653,15,972,326,5,4,ok,,0.13429934158921242,0.02147707249969244,0.930614709854126
29,credit-approval,tabpfn,653,15,972,326,5,4,ok,,0.13915010262280703,0.020377058535814285,0.9346097111701965
29,credit-approval,hydra,653,15,972,326,5,5,ok,,0.09071666747331619,0.01980066578835249,0.930614709854126
29,credit-approval,looped_transformer_6physical_core4x2,653,15,972,326,5,5,ok,,0.0789173822849989,0.017067518085241318,0.932009220123291
29,credit-approval,tabpfn,653,15,972,326,5,5,ok,,0.08883987180888653,0.020212315022945404,0.9346097111701965
29,credit-approval,hybrid_8l,653,15,972,326,5,5,ok,,0.07587766274809837,0.014195786789059639,0.9350243210792542
31,credit-g,hybrid_8l,1000,20,972,500,1,1,ok,,0.10486582480370998,0.01930888369679451,0.7922534942626953
31,credit-g,tabpfn,1000,20,972,500,1,1,ok,,0.11478035897016525,0.027769061736762524,0.79292231798172
31,credit-g,hydra,1000,20,972,500,1,1,ok,,0.15493448823690414,0.027954463846981525,0.7867259383201599
31,credit-g,looped_transformer_6physical_core4x2,1000,20,972,500,1,1,ok,,0.12141327559947968,0.024613925255835056,0.7893618941307068
31,credit-g,hydra,1000,20,972,500,1,2,ok,,0.15470726694911718,0.028397622518241405,0.7867259383201599
31,credit-g,hybrid_8l,1000,20,972,500,1,2,ok,,0.1481702020391822,0.020039057359099388,0.7922534942626953
31,credit-g,looped_transformer_6physical_core4x2,1000,20,972,500,1,2,ok,,0.15695975441485643,0.023942984640598297,0.7893618941307068
31,credit-g,tabpfn,1000,20,972,500,1,2,ok,,0.15981157775968313,0.028235125355422497,0.79292231798172
31,credit-g,looped_transformer_6physical_core4x2,1000,20,972,500,1,3,ok,,0.1656598588451743,0.023814489133656025,0.7893618941307068
31,credit-g,hydra,1000,20,972,500,1,3,ok,,0.16601163521409035,0.027768120169639587,0.7867259383201599
31,credit-g,hybrid_8l,1000,20,972,500,1,3,ok,,0.13966299407184124,0.01971276942640543,0.7922534942626953
31,credit-g,tabpfn,1000,20,972,500,1,3,ok,,0.15707174688577652,0.028248761780560017,0.79292231798172
31,credit-g,tabpfn,1000,20,972,500,1,4,ok,,0.1528407009318471,0.027997605502605438,0.79292231798172
31,credit-g,hybrid_8l,1000,20,972,500,1,4,ok,,0.1495212521404028,0.02094575483351946,0.7922534942626953
31,credit-g,hydra,1000,20,972,500,1,4,ok,,0.16289084311574697,0.027857971377670765,0.7867259383201599
31,credit-g,looped_transformer_6physical_core4x2,1000,20,972,500,1,4,ok,,0.1579241119325161,0.02453034557402134,0.7893618941307068
31,credit-g,hybrid_8l,1000,20,972,500,1,5,ok,,0.1538008600473404,0.019822265952825546,0.7922534942626953
31,credit-g,tabpfn,1000,20,972,500,1,5,ok,,0.18407443910837173,0.028123184107244015,0.79292231798172
31,credit-g,hydra,1000,20,972,500,1,5,ok,,0.15653413906693459,0.02775944396853447,0.7867259383201599
31,credit-g,looped_transformer_6physical_core4x2,1000,20,972,500,1,5,ok,,0.20200028084218502,0.023472681641578674,0.7893618941307068
31,credit-g,hybrid_8l,1000,20,972,500,2,1,ok,,0.2280576415359974,0.026527720503509045,0.7905789017677307
31,credit-g,hydra,1000,20,972,500,2,1,ok,,0.20177206955850124,0.03183248080313206,0.7776221036911011
31,credit-g,looped_transformer_6physical_core4x2,1000,20,972,500,2,1,ok,,0.2033515116199851,0.023639378137886524,0.7857800722122192
31,credit-g,tabpfn,1000,20,972,500,2,1,ok,,0.18994562327861786,0.028039504773914814,0.7854537963867188
31,credit-g,tabpfn,1000,20,972,500,2,2,ok,,0.2252527680248022,0.03135011810809374,0.7854537963867188
31,credit-g,hydra,1000,20,972,500,2,2,ok,,0.21298720873892307,0.032768494449555874,0.7776221036911011
31,credit-g,hybrid_8l,1000,20,972,500,2,2,ok,,0.19037710037082434,0.019368928857147694,0.7905789017677307
31,credit-g,looped_transformer_6physical_core4x2,1000,20,972,500,2,2,ok,,0.21614795736968517,0.024069063365459442,0.7857800722122192
31,credit-g,hydra,1000,20,972,500,2,3,ok,,0.23414131812751293,0.033806552179157734,0.7776221036911011
31,credit-g,hybrid_8l,1000,20,972,500,2,3,ok,,0.2022376013919711,0.02466096356511116,0.7905789017677307
31,credit-g,tabpfn,1000,20,972,500,2,3,ok,,0.24807469733059406,0.028067649342119694,0.7854537963867188
31,credit-g,looped_transformer_6physical_core4x2,1000,20,972,500,2,3,ok,,0.2704051360487938,0.025792949832975864,0.7857800722122192
31,credit-g,hydra,1000,20,972,500,2,4,ok,,0.32141805812716484,0.030916135758161545,0.7776221036911011
31,credit-g,hybrid_8l,1000,20,972,500,2,4,ok,,0.33463839534670115,0.02455991320312023,0.7905789017677307
31,credit-g,looped_transformer_6physical_core4x2,1000,20,972,500,2,4,ok,,0.3423889996483922,0.02857975848019123,0.7857800722122192
31,credit-g,tabpfn,1000,20,972,500,2,4,ok,,0.36364153679460287,0.0411378713324666,0.7854537963867188
31,credit-g,hydra,1000,20,972,500,2,5,ok,,0.2580723185092211,0.03123732376843691,0.7776221036911011
31,credit-g,tabpfn,1000,20,972,500,2,5,ok,,0.17708292230963707,0.027709349989891052,0.7854537963867188
31,credit-g,hybrid_8l,1000,20,972,500,2,5,ok,,0.1658291406929493,0.019573845900595188,0.7905789017677307
31,credit-g,looped_transformer_6physical_core4x2,1000,20,972,500,2,5,ok,,0.14495195541530848,0.023570818826556206,0.7857800722122192
31,credit-g,tabpfn,1000,20,972,500,3,1,ok,,0.1461334927007556,0.0277993306517601,0.7814569473266602
31,credit-g,looped_transformer_6physical_core4x2,1000,20,972,500,3,1,ok,,0.15846312325447798,0.02342153526842594,0.7753657698631287
31,credit-g,hydra,1000,20,972,500,3,1,ok,,0.17025751061737537,0.02798846922814846,0.764340877532959
31,credit-g,hybrid_8l,1000,20,972,500,3,1,ok,,0.1405799211934209,0.019360672682523727,0.7788193225860596
31,credit-g,hydra,1000,20,972,500,3,2,ok,,0.15615014173090458,0.02760284673422575,0.764340877532959
31,credit-g,hybrid_8l,1000,20,972,500,3,2,ok,,0.1622780803591013,0.019845040515065193,0.7788193225860596
31,credit-g,tabpfn,1000,20,972,500,3,2,ok,,0.1457563592121005,0.027773031033575535,0.7814569473266602
31,credit-g,looped_transformer_6physical_core4x2,1000,20,972,500,3,2,ok,,0.13959739916026592,0.02342257834970951,0.7753657698631287
31,credit-g,hydra,1000,20,972,500,3,3,ok,,0.16735270712524652,0.02771187387406826,0.764340877532959
31,credit-g,tabpfn,1000,20,972,500,3,3,ok,,0.16524071525782347,0.027988599613308907,0.7814569473266602
31,credit-g,hybrid_8l,1000,20,972,500,3,3,ok,,0.17567987367510796,0.0218282463029027,0.7788193225860596
31,credit-g,looped_transformer_6physical_core4x2,1000,20,972,500,3,3,ok,,0.19357509911060333,0.023811434395611286,0.7753657698631287
31,credit-g,tabpfn,1000,20,972,500,3,4,ok,,0.14915243349969387,0.027933403849601746,0.7814569473266602
31,credit-g,looped_transformer_6physical_core4x2,1000,20,972,500,3,4,ok,,0.17923288606107235,0.02377323154360056,0.7753657698631287
31,credit-g,hybrid_8l,1000,20,972,500,3,4,ok,,0.11649633105844259,0.019365661777555943,0.7788193225860596
31,credit-g,hydra,1000,20,972,500,3,4,ok,,0.1314769433811307,0.02775430493056774,0.764340877532959
31,credit-g,looped_transformer_6physical_core4x2,1000,20,972,500,3,5,ok,,0.13415069039911032,0.02359349187463522,0.7753657698631287
31,credit-g,hydra,1000,20,972,500,3,5,ok,,0.1491755172610283,0.02783266454935074,0.764340877532959
31,credit-g,tabpfn,1000,20,972,500,3,5,ok,,0.14565794169902802,0.027754606679081917,0.7814569473266602
31,credit-g,hybrid_8l,1000,20,972,500,3,5,ok,,0.15287705045193434,0.019510144367814064,0.7788193225860596
31,credit-g,tabpfn,1000,20,972,500,4,1,ok,,0.1449680756777525,0.027761398814618587,0.7924792766571045
31,credit-g,hydra,1000,20,972,500,4,1,ok,,0.14486957900226116,0.027633575722575188,0.7906557321548462
31,credit-g,looped_transformer_6physical_core4x2,1000,20,972,500,4,1,ok,,0.14747474435716867,0.023684593848884106,0.7907516956329346
31,credit-g,hybrid_8l,1000,20,972,500,4,1,ok,,0.1460781181231141,0.019346676766872406,0.7884290814399719
31,credit-g,hydra,1000,20,972,500,4,2,ok,,0.168750474229455,0.030724472366273403,0.7906557321548462
31,credit-g,looped_transformer_6physical_core4x2,1000,20,972,500,4,2,ok,,0.1534916441887617,0.023611164651811123,0.7907516956329346
31,credit-g,tabpfn,1000,20,972,500,4,2,ok,,0.18315253034234047,0.02791267540305853,0.7924792766571045
31,credit-g,hybrid_8l,1000,20,972,500,4,2,ok,,0.13919018860906363,0.01928871590644121,0.7884290814399719
31,credit-g,hybrid_8l,1000,20,972,500,4,3,ok,,0.13491019885987043,0.01929607894271612,0.7884290814399719
31,credit-g,looped_transformer_6physical_core4x2,1000,20,972,500,4,3,ok,,0.12192159052938223,0.023412838578224182,0.7907516956329346
31,credit-g,hydra,1000,20,972,500,4,3,ok,,0.15445088222622871,0.030498282983899117,0.7906557321548462
31,credit-g,tabpfn,1000,20,972,500,4,3,ok,,0.1239395122975111,0.027835809625685215,0.7924792766571045
31,credit-g,tabpfn,1000,20,972,500,4,4,ok,,0.14825816825032234,0.027867539785802364,0.7924792766571045
31,credit-g,hybrid_8l,1000,20,972,500,4,4,ok,,0.1379860769957304,0.01933518424630165,0.7884290814399719
31,credit-g,hydra,1000,20,972,500,4,4,ok,,0.14824068639427423,0.027639929205179214,0.7906557321548462
31,credit-g,looped_transformer_6physical_core4x2,1000,20,972,500,4,4,ok,,0.1476600468158722,0.023423951119184494,0.7907516956329346
31,credit-g,tabpfn,1000,20,972,500,4,5,ok,,0.1502086753025651,0.02772456966340542,0.7924792766571045
31,credit-g,hybrid_8l,1000,20,972,500,4,5,ok,,0.1660257214680314,0.01967653166502714,0.7884290814399719
31,credit-g,hydra,1000,20,972,500,4,5,ok,,0.1448583658784628,0.027694682590663433,0.7906557321548462
31,credit-g,looped_transformer_6physical_core4x2,1000,20,972,500,4,5,ok,,0.11244079656898975,0.0234115868806839,0.7907516956329346
31,credit-g,hybrid_8l,1000,20,972,500,5,1,ok,,0.14834492281079292,0.019512218423187733,0.7963786721229553
31,credit-g,tabpfn,1000,20,972,500,5,1,ok,,0.13824801333248615,0.027773432433605194,0.7957169413566589
31,credit-g,looped_transformer_6physical_core4x2,1000,20,972,500,5,1,ok,,0.13736390694975853,0.023384064435958862,0.7918198704719543
31,credit-g,hydra,1000,20,972,500,5,1,ok,,0.15016666427254677,0.027677769772708416,0.784448504447937
31,credit-g,looped_transformer_6physical_core4x2,1000,20,972,500,5,2,ok,,0.14388367999345064,0.0235600583255291,0.7918198704719543
31,credit-g,hydra,1000,20,972,500,5,2,ok,,0.15322649013251066,0.027832542546093464,0.784448504447937
31,credit-g,tabpfn,1000,20,972,500,5,2,ok,,0.149305522441864,0.02804660890251398,0.7957169413566589
31,credit-g,hybrid_8l,1000,20,972,500,5,2,ok,,0.17245932202786207,0.01959274150431156,0.7963786721229553
31,credit-g,tabpfn,1000,20,972,500,5,3,ok,,0.15202911291271448,0.028082307428121567,0.7957169413566589
31,credit-g,looped_transformer_6physical_core4x2,1000,20,972,500,5,3,ok,,0.1401923866942525,0.02334365900605917,0.7918198704719543
31,credit-g,hydra,1000,20,972,500,5,3,ok,,0.14325558952987194,0.027589252218604088,0.784448504447937
31,credit-g,hybrid_8l,1000,20,972,500,5,3,ok,,0.13562028482556343,0.01930580846965313,0.7963786721229553
31,credit-g,tabpfn,1000,20,972,500,5,4,ok,,0.1519448645412922,0.02794448472559452,0.7957169413566589
31,credit-g,looped_transformer_6physical_core4x2,1000,20,972,500,5,4,ok,,0.15254699438810349,0.023574876599013805,0.7918198704719543
31,credit-g,hybrid_8l,1000,20,972,500,5,4,ok,,0.14036998338997364,0.019362074322998524,0.7963786721229553
31,credit-g,hydra,1000,20,972,500,5,4,ok,,0.17877270467579365,0.02792765386402607,0.784448504447937
31,credit-g,hydra,1000,20,972,500,5,5,ok,,0.2268817937001586,0.03199278563261032,0.784448504447937
31,credit-g,looped_transformer_6physical_core4x2,1000,20,972,500,5,5,ok,,0.29903578106313944,0.023789954371750355,0.7918198704719543
31,credit-g,hybrid_8l,1000,20,972,500,5,5,ok,,0.26357911340892315,0.02525852620601654,0.7963786721229553
31,credit-g,tabpfn,1000,20,972,500,5,5,ok,,0.25752149522304535,0.027848233468830585,0.7957169413566589
37,diabetes,hybrid_8l,768,8,972,384,1,1,ok,,0.28554272558540106,0.019374286755919456,0.8109517097473145
37,diabetes,tabpfn,768,8,972,384,1,1,ok,,0.26510784961283207,0.024664311669766903,0.8213162422180176
37,diabetes,looped_transformer_6physical_core4x2,768,8,972,384,1,1,ok,,0.2777963588014245,0.028765319846570492,0.8235629200935364
37,diabetes,hydra,768,8,972,384,1,1,ok,,0.33373891096562147,0.03639124892652035,0.8249408602714539
37,diabetes,hybrid_8l,768,8,972,384,1,2,ok,,0.29552167281508446,0.026125838980078697,0.8109517097473145
37,diabetes,tabpfn,768,8,972,384,1,2,ok,,0.33101410884410143,0.028195399791002274,0.8213162422180176
37,diabetes,looped_transformer_6physical_core4x2,768,8,972,384,1,2,ok,,0.2662573968991637,0.020232834853231907,0.8235629200935364
37,diabetes,hydra,768,8,972,384,1,2,ok,,0.2932497877627611,0.03871182631701231,0.8249408602714539
37,diabetes,hydra,768,8,972,384,1,3,ok,,0.21704112831503153,0.022364431992173195,0.8249408602714539
37,diabetes,hybrid_8l,768,8,972,384,1,3,ok,,0.24643284548074007,0.02163703553378582,0.8109517097473145
37,diabetes,looped_transformer_6physical_core4x2,768,8,972,384,1,3,ok,,0.23027621489018202,0.025663122534751892,0.8235629200935364
37,diabetes,tabpfn,768,8,972,384,1,3,ok,,0.19310787227004766,0.021557333879172802,0.8213162422180176
37,diabetes,looped_transformer_6physical_core4x2,768,8,972,384,1,4,ok,,0.21435290481895208,0.01863909512758255,0.8235629200935364
37,diabetes,tabpfn,768,8,972,384,1,4,ok,,0.3563579572364688,0.02201429009437561,0.8213162422180176
37,diabetes,hydra,768,8,972,384,1,4,ok,,0.23169766832143068,0.024112055078148842,0.8249408602714539
37,diabetes,hybrid_8l,768,8,972,384,1,4,ok,,0.19917283486574888,0.02137965615838766,0.8109517097473145
37,diabetes,tabpfn,768,8,972,384,1,5,ok,,0.24570806417614222,0.024422151036560535,0.8213162422180176
37,diabetes,looped_transformer_6physical_core4x2,768,8,972,384,1,5,ok,,0.20205449499189854,0.021779143251478672,0.8235629200935364
37,diabetes,hybrid_8l,768,8,972,384,1,5,ok,,0.23774407245218754,0.021190648898482323,0.8109517097473145
37,diabetes,hydra,768,8,972,384,1,5,ok,,0.21557400934398174,0.026406732387840748,0.8249408602714539
37,diabetes,looped_transformer_6physical_core4x2,768,8,972,384,2,1,ok,,0.19716924894601107,0.018380113877356052,0.8462293744087219
37,diabetes,hybrid_8l,768,8,972,384,2,1,ok,,0.15431584510952234,0.01575236488133669,0.8336457014083862
37,diabetes,tabpfn,768,8,972,384,2,1,ok,,0.29571533016860485,0.024601120501756668,0.8464078307151794
37,diabetes,hydra,768,8,972,384,2,1,ok,,0.24142205342650414,0.025128940120339394,0.8541722297668457
37,diabetes,tabpfn,768,8,972,384,2,2,ok,,0.19676245655864477,0.02170242927968502,0.8464078307151794
37,diabetes,hydra,768,8,972,384,2,2,ok,,0.15044171549379826,0.025399863719940186,0.8541722297668457
37,diabetes,hybrid_8l,768,8,972,384,2,2,ok,,0.11432665959000587,0.015453518368303776,0.8336457014083862
37,diabetes,looped_transformer_6physical_core4x2,768,8,972,384,2,2,ok,,0.09325801208615303,0.01818210817873478,0.8462293744087219
37,diabetes,tabpfn,768,8,972,384,2,3,ok,,0.09988252352923155,0.021605074405670166,0.8464078307151794
37,diabetes,hybrid_8l,768,8,972,384,2,3,ok,,0.10130446869879961,0.016099552623927593,0.8336457014083862
37,diabetes,hydra,768,8,972,384,2,3,ok,,0.11002922803163528,0.02214227244257927,0.8541722297668457
37,diabetes,looped_transformer_6physical_core4x2,768,8,972,384,2,3,ok,,0.09383644815534353,0.018185526132583618,0.8462293744087219
37,diabetes,hybrid_8l,768,8,972,384,2,4,ok,,0.10171669814735651,0.0150908213108778,0.8336457014083862
37,diabetes,tabpfn,768,8,972,384,2,4,ok,,0.09960380475968122,0.02160658687353134,0.8464078307151794
37,diabetes,hydra,768,8,972,384,2,4,ok,,0.06626330595463514,0.02196304313838482,0.8541722297668457
37,diabetes,looped_transformer_6physical_core4x2,768,8,972,384,2,4,ok,,0.05576842371374369,0.018115111626684666,0.8462293744087219
37,diabetes,looped_transformer_6physical_core4x2,768,8,972,384,2,5,ok,,0.09708966128528118,0.01809098571538925,0.8462293744087219
37,diabetes,hybrid_8l,768,8,972,384,2,5,ok,,0.10126716643571854,0.015248481184244156,0.8336457014083862
37,diabetes,hydra,768,8,972,384,2,5,ok,,0.11456528212875128,0.0226192157715559,0.8541722297668457
37,diabetes,tabpfn,768,8,972,384,2,5,ok,,0.09713372588157654,0.021797267720103264,0.8464078307151794
37,diabetes,looped_transformer_6physical_core4x2,768,8,972,384,3,1,ok,,0.06362307444214821,0.018149396404623985,0.8523027896881104
37,diabetes,tabpfn,768,8,972,384,3,1,ok,,0.15297907311469316,0.021917466074228287,0.8479437232017517
37,diabetes,hybrid_8l,768,8,972,384,3,1,ok,,0.11914893705397844,0.017133542336523533,0.8317700624465942
37,diabetes,hydra,768,8,972,384,3,1,ok,,0.07067133858799934,0.02262984588742256,0.8457491397857666
37,diabetes,tabpfn,768,8,972,384,3,2,ok,,0.07202036399394274,0.0223214915022254,0.8479437232017517
37,diabetes,hydra,768,8,972,384,3,2,ok,,0.11299086827784777,0.022154846228659153,0.8457491397857666
37,diabetes,hybrid_8l,768,8,972,384,3,2,ok,,0.05402515921741724,0.01503530703485012,0.8317700624465942
37,diabetes,looped_transformer_6physical_core4x2,768,8,972,384,3,2,ok,,0.07261629216372967,0.018188200891017914,0.8523027896881104
37,diabetes,looped_transformer_6physical_core4x2,768,8,972,384,3,3,ok,,0.05508928466588259,0.018124801106750965,0.8523027896881104
37,diabetes,tabpfn,768,8,972,384,3,3,ok,,0.09155010618269444,0.02173062227666378,0.8479437232017517
37,diabetes,hybrid_8l,768,8,972,384,3,3,ok,,0.06445146258920431,0.015324785374104977,0.8317700624465942
37,diabetes,hydra,768,8,972,384,3,3,ok,,0.06620975490659475,0.024204258807003498,0.8457491397857666
37,diabetes,hydra,768,8,972,384,3,4,ok,,0.08264795877039433,0.02195966523140669,0.8457491397857666
37,diabetes,tabpfn,768,8,972,384,3,4,ok,,0.060867042280733585,0.02268066257238388,0.8479437232017517
37,diabetes,hybrid_8l,768,8,972,384,3,4,ok,,0.0979959387332201,0.016632242128252983,0.8317700624465942
37,diabetes,looped_transformer_6physical_core4x2,768,8,972,384,3,4,ok,,0.11177097912877798,0.018209870904684067,0.8523027896881104
37,diabetes,hybrid_8l,768,8,972,384,3,5,ok,,0.10367319546639919,0.01508361753076315,0.8317700624465942
37,diabetes,looped_transformer_6physical_core4x2,768,8,972,384,3,5,ok,,0.11929815914481878,0.018293038941919804,0.8523027896881104
37,diabetes,hydra,768,8,972,384,3,5,ok,,0.10069517232477665,0.0219886414706707,0.8457491397857666
37,diabetes,tabpfn,768,8,972,384,3,5,ok,,0.10470712464302778,0.02167933527380228,0.8479437232017517
37,diabetes,hydra,768,8,972,384,4,1,ok,,0.0628998139873147,0.021952752955257893,0.8299495577812195
37,diabetes,looped_transformer_6physical_core4x2,768,8,972,384,4,1,ok,,0.06439725030213594,0.01818798016756773,0.8368401527404785
37,diabetes,tabpfn,768,8,972,384,4,1,ok,,0.06421258114278316,0.02142909076064825,0.835486650466919
37,diabetes,hybrid_8l,768,8,972,384,4,1,ok,,0.0535079687833786,0.01519119180738926,0.8294880986213684
37,diabetes,hybrid_8l,768,8,972,384,4,2,ok,,0.053403071127831936,0.015096412040293217,0.8294880986213684
37,diabetes,hydra,768,8,972,384,4,2,ok,,0.07034334633499384,0.02186670061200857,0.8299495577812195
37,diabetes,looped_transformer_6physical_core4x2,768,8,972,384,4,2,ok,,0.07874847203493118,0.01832664292305708,0.8368401527404785
37,diabetes,tabpfn,768,8,972,384,4,2,ok,,0.07460261601954699,0.021692479960620403,0.835486650466919
37,diabetes,hybrid_8l,768,8,972,384,4,3,ok,,0.09637152217328548,0.015906226821243763,0.8294880986213684
37,diabetes,hydra,768,8,972,384,4,3,ok,,0.11984051670879126,0.02288703341037035,0.8299495577812195
37,diabetes,looped_transformer_6physical_core4x2,768,8,972,384,4,3,ok,,0.07251076307147741,0.019541755318641663,0.8368401527404785
37,diabetes,tabpfn,768,8,972,384,4,3,ok,,0.08283809944987297,0.02163119427859783,0.835486650466919
37,diabetes,looped_transformer_6physical_core4x2,768,8,972,384,4,4,ok,,0.10414793435484171,0.018757037818431854,0.8368401527404785
37,diabetes,hydra,768,8,972,384,4,4,ok,,0.14082414377480745,0.022725967690348625,0.8299495577812195
37,diabetes,hybrid_8l,768,8,972,384,4,4,ok,,0.09468757081776857,0.015174850821495056,0.8294880986213684
37,diabetes,tabpfn,768,8,972,384,4,4,ok,,0.11226722784340382,0.021479126065969467,0.835486650466919
37,diabetes,tabpfn,768,8,972,384,4,5,ok,,0.10434774309396744,0.021728016436100006,0.835486650466919
37,diabetes,looped_transformer_6physical_core4x2,768,8,972,384,4,5,ok,,0.08843005541712046,0.018445278517901897,0.8368401527404785
37,diabetes,hybrid_8l,768,8,972,384,4,5,ok,,0.0950710978358984,0.015517749823629856,0.8294880986213684
37,diabetes,hydra,768,8,972,384,4,5,ok,,0.09907365031540394,0.022515919990837574,0.8299495577812195
37,diabetes,hydra,768,8,972,384,5,1,ok,,0.09843340795487165,0.022034277208149433,0.8556697964668274
37,diabetes,looped_transformer_6physical_core4x2,768,8,972,384,5,1,ok,,0.09390422701835632,0.01835143007338047,0.8546777367591858
37,diabetes,hybrid_8l,768,8,972,384,5,1,ok,,0.10792989004403353,0.015387122519314289,0.8350769877433777
37,diabetes,tabpfn,768,8,972,384,5,1,ok,,0.11349931173026562,0.021581419743597507,0.8553090691566467
37,diabetes,hybrid_8l,768,8,972,384,5,2,ok,,0.11676782555878162,0.01562956254929304,0.8350769877433777
37,diabetes,tabpfn,768,8,972,384,5,2,ok,,0.14316902682185173,0.02153630368411541,0.8553090691566467
37,diabetes,looped_transformer_6physical_core4x2,768,8,972,384,5,2,ok,,0.18780634924769402,0.02575587760657072,0.8546777367591858
37,diabetes,hydra,768,8,972,384,5,2,ok,,0.31708627101033926,0.03656282462179661,0.8556697964668274
37,diabetes,tabpfn,768,8,972,384,5,3,ok,,0.31265742890536785,0.029470586217939854,0.8553090691566467
37,diabetes,looped_transformer_6physical_core4x2,768,8,972,384,5,3,ok,,0.2609185827895999,0.024795768782496452,0.8546777367591858
37,diabetes,hybrid_8l,768,8,972,384,5,3,ok,,0.18089597579091787,0.020633072592318058,0.8350769877433777
37,diabetes,hydra,768,8,972,384,5,3,ok,,0.12571767158806324,0.024741376750171185,0.8556697964668274
37,diabetes,hydra,768,8,972,384,5,4,ok,,0.11760387942194939,0.022297075018286705,0.8556697964668274
37,diabetes,hybrid_8l,768,8,972,384,5,4,ok,,0.10955409705638885,0.015538659878075123,0.8350769877433777
37,diabetes,looped_transformer_6physical_core4x2,768,8,972,384,5,4,ok,,0.2116028442978859,0.018580283038318157,0.8546777367591858
37,diabetes,tabpfn,768,8,972,384,5,4,ok,,0.16301815398037434,0.021757913753390312,0.8553090691566467
37,diabetes,looped_transformer_6physical_core4x2,768,8,972,384,5,5,ok,,0.18813818786293268,0.021303603425621986,0.8546777367591858
37,diabetes,hydra,768,8,972,384,5,5,ok,,0.1655011884868145,0.022185162641108036,0.8556697964668274
37,diabetes,hybrid_8l,768,8,972,384,5,5,ok,,0.10070088412612677,0.015458207577466965,0.8350769877433777
37,diabetes,tabpfn,768,8,972,384,5,5,ok,,0.15480517409741879,0.021589765325188637,0.8553090691566467
50,tic-tac-toe,hybrid_8l,958,9,972,479,1,1,ok,,0.1049870140850544,0.018486594781279564,0.9690789580345154
50,tic-tac-toe,hydra,958,9,972,479,1,1,ok,,0.20531941018998623,0.026577766053378582,0.8214661478996277
50,tic-tac-toe,tabpfn,958,9,972,479,1,1,ok,,0.08390859793871641,0.02626669593155384,0.979830801486969
50,tic-tac-toe,looped_transformer_6physical_core4x2,958,9,972,479,1,1,ok,,0.07970580644905567,0.022099461406469345,0.9734398722648621
50,tic-tac-toe,hybrid_8l,958,9,972,479,1,2,ok,,0.05962531827390194,0.018132985569536686,0.9690789580345154
50,tic-tac-toe,looped_transformer_6physical_core4x2,958,9,972,479,1,2,ok,,0.0672444449737668,0.022141510620713234,0.9734398722648621
50,tic-tac-toe,tabpfn,958,9,972,479,1,2,ok,,0.06866939458996058,0.026237180456519127,0.979830801486969
50,tic-tac-toe,hydra,958,9,972,479,1,2,ok,,0.08602922689169645,0.02647004183381796,0.8214661478996277
50,tic-tac-toe,looped_transformer_6physical_core4x2,958,9,972,479,1,3,ok,,0.0948419626802206,0.022909625433385372,0.9734398722648621
50,tic-tac-toe,tabpfn,958,9,972,479,1,3,ok,,0.09241842105984688,0.02624540589749813,0.979830801486969
50,tic-tac-toe,hydra,958,9,972,479,1,3,ok,,0.0786859430372715,0.02631907630711794,0.8214661478996277
50,tic-tac-toe,hybrid_8l,958,9,972,479,1,3,ok,,0.08915369585156441,0.018285715021193027,0.9690789580345154
50,tic-tac-toe,tabpfn,958,9,972,479,1,4,ok,,0.08753993734717369,0.02647039294242859,0.979830801486969
50,tic-tac-toe,hybrid_8l,958,9,972,479,1,4,ok,,0.10706304758787155,0.02184351533651352,0.9690789580345154
50,tic-tac-toe,looped_transformer_6physical_core4x2,958,9,972,479,1,4,ok,,0.09593062568455935,0.022096474654972553,0.9734398722648621
50,tic-tac-toe,hydra,958,9,972,479,1,4,ok,,0.08282339200377464,0.026262198574841022,0.8214661478996277
50,tic-tac-toe,hydra,958,9,972,479,1,5,ok,,0.0701113473623991,0.026269802823662758,0.8214661478996277
50,tic-tac-toe,tabpfn,958,9,972,479,1,5,ok,,0.0706687131896615,0.02627191599458456,0.979830801486969
50,tic-tac-toe,hybrid_8l,958,9,972,479,1,5,ok,,0.061125582084059715,0.018146702088415623,0.9690789580345154
50,tic-tac-toe,looped_transformer_6physical_core4x2,958,9,972,479,1,5,ok,,0.0631913561373949,0.022160956636071205,0.9734398722648621
50,tic-tac-toe,looped_transformer_6physical_core4x2,958,9,972,479,2,1,ok,,0.09896163921803236,0.022285573184490204,0.9770345687866211
50,tic-tac-toe,hydra,958,9,972,479,2,1,ok,,0.07956212293356657,0.02646263688802719,0.7914530038833618
50,tic-tac-toe,hybrid_8l,958,9,972,479,2,1,ok,,0.11389964167028666,0.019400387071073055,0.9755481481552124
50,tic-tac-toe,tabpfn,958,9,972,479,2,1,ok,,0.164031813852489,0.028469780460000038,0.9807134866714478
50,tic-tac-toe,hydra,958,9,972,479,2,2,ok,,0.11360051389783621,0.02899906411767006,0.7914530038833618
50,tic-tac-toe,looped_transformer_6physical_core4x2,958,9,972,479,2,2,ok,,0.10617286246269941,0.02278253436088562,0.9770345687866211
50,tic-tac-toe,hybrid_8l,958,9,972,479,2,2,ok,,0.09110869001597166,0.018359985202550888,0.9755481481552124
50,tic-tac-toe,tabpfn,958,9,972,479,2,2,ok,,0.13609140738844872,0.026508054696023464,0.9807134866714478
50,tic-tac-toe,looped_transformer_6physical_core4x2,958,9,972,479,2,3,ok,,0.12779205292463303,0.022351047955453396,0.9770345687866211
50,tic-tac-toe,hydra,958,9,972,479,2,3,ok,,0.09136114735156298,0.026293428614735603,0.7914530038833618
50,tic-tac-toe,hybrid_8l,958,9,972,479,2,3,ok,,0.10878902673721313,0.01853896491229534,0.9755481481552124
50,tic-tac-toe,tabpfn,958,9,972,479,2,3,ok,,0.11963324528187513,0.027127588167786598,0.9807134866714478
50,tic-tac-toe,looped_transformer_6physical_core4x2,958,9,972,479,2,4,ok,,0.12428473774343729,0.022863268852233887,0.9770345687866211
50,tic-tac-toe,hybrid_8l,958,9,972,479,2,4,ok,,0.0934204701334238,0.018509519286453724,0.9755481481552124
50,tic-tac-toe,tabpfn,958,9,972,479,2,4,ok,,0.13073438685387373,0.028279609978199005,0.9807134866714478
50,tic-tac-toe,hydra,958,9,972,479,2,4,ok,,0.13518952764570713,0.026513654738664627,0.7914530038833618
50,tic-tac-toe,hybrid_8l,958,9,972,479,2,5,ok,,0.07348180282860994,0.018203378655016422,0.9755481481552124
50,tic-tac-toe,looped_transformer_6physical_core4x2,958,9,972,479,2,5,ok,,0.12083192449063063,0.022325989790260792,0.9770345687866211
50,tic-tac-toe,hydra,958,9,972,479,2,5,ok,,0.12045999057590961,0.02655058354139328,0.7914530038833618
50,tic-tac-toe,tabpfn,958,9,972,479,2,5,ok,,0.107710144482553,0.026515989564359188,0.9807134866714478
50,tic-tac-toe,hydra,958,9,972,479,3,1,ok,,0.10710985772311687,0.026564020663499832,0.7898867130279541
50,tic-tac-toe,tabpfn,958,9,972,479,3,1,ok,,0.10914017353206873,0.026661984622478485,0.9673097729682922
50,tic-tac-toe,looped_transformer_6physical_core4x2,958,9,972,479,3,1,ok,,0.1284019984304905,0.022383829578757286,0.9680370688438416
50,tic-tac-toe,hybrid_8l,958,9,972,479,3,1,ok,,0.11216550599783659,0.019085070118308067,0.9678456783294678
50,tic-tac-toe,hybrid_8l,958,9,972,479,3,2,ok,,0.09911548066884279,0.018155819736421108,0.9678456783294678
50,tic-tac-toe,hydra,958,9,972,479,3,2,ok,,0.08131188806146383,0.02625629771500826,0.7898867130279541
50,tic-tac-toe,tabpfn,958,9,972,479,3,2,ok,,0.07709185313433409,0.02631627954542637,0.9673097729682922
50,tic-tac-toe,looped_transformer_6physical_core4x2,958,9,972,479,3,2,ok,,0.06198015250265598,0.02213990781456232,0.9680370688438416
50,tic-tac-toe,hydra,958,9,972,479,3,3,ok,,0.06668945401906967,0.026235667057335377,0.7898867130279541
50,tic-tac-toe,hybrid_8l,958,9,972,479,3,3,ok,,0.10805534850805998,0.01836156938225031,0.9678456783294678
50,tic-tac-toe,tabpfn,958,9,972,479,3,3,ok,,0.10894598439335823,0.0264228917658329,0.9673097729682922
50,tic-tac-toe,looped_transformer_6physical_core4x2,958,9,972,479,3,3,ok,,0.09194211848080158,0.02213873527944088,0.9680370688438416
50,tic-tac-toe,hybrid_8l,958,9,972,479,3,4,ok,,0.1093200147151947,0.018571616150438786,0.9678456783294678
50,tic-tac-toe,tabpfn,958,9,972,479,3,4,ok,,0.1333124926313758,0.02640718314796686,0.9673097729682922
50,tic-tac-toe,looped_transformer_6physical_core4x2,958,9,972,479,3,4,ok,,0.06628427654504776,0.022073430940508842,0.9680370688438416
50,tic-tac-toe,hydra,958,9,972,479,3,4,ok,,0.09636617079377174,0.026199880056083202,0.7898867130279541
50,tic-tac-toe,hybrid_8l,958,9,972,479,3,5,ok,,0.06117073819041252,0.018174785189330578,0.9678456783294678
50,tic-tac-toe,hydra,958,9,972,479,3,5,ok,,0.12042775936424732,0.02661049645394087,0.7898867130279541
50,tic-tac-toe,looped_transformer_6physical_core4x2,958,9,972,479,3,5,ok,,0.10201732814311981,0.02216333243995905,0.9680370688438416
50,tic-tac-toe,tabpfn,958,9,972,479,3,5,ok,,0.11447787564247847,0.02647201530635357,0.9673097729682922
50,tic-tac-toe,hydra,958,9,972,479,4,1,ok,,0.10153036471456289,0.02625138685107231,0.7952294945716858
50,tic-tac-toe,hybrid_8l,958,9,972,479,4,1,ok,,0.10269515216350555,0.020945634692907333,0.9664528965950012
50,tic-tac-toe,tabpfn,958,9,972,479,4,1,ok,,0.10754757560789585,0.02647824678570032,0.9663028717041016
50,tic-tac-toe,looped_transformer_6physical_core4x2,958,9,972,479,4,1,ok,,0.09885747078806162,0.022424858063459396,0.96365886926651
50,tic-tac-toe,hydra,958,9,972,479,4,2,ok,,0.11921767704188824,0.027888930402696133,0.7952294945716858
50,tic-tac-toe,looped_transformer_6physical_core4x2,958,9,972,479,4,2,ok,,0.08874311856925488,0.022186486050486565,0.96365886926651
50,tic-tac-toe,hybrid_8l,958,9,972,479,4,2,ok,,0.10841496847569942,0.018202628009021282,0.9664528965950012
50,tic-tac-toe,tabpfn,958,9,972,479,4,2,ok,,0.10326633509248495,0.02630939707159996,0.9663028717041016
50,tic-tac-toe,looped_transformer_6physical_core4x2,958,9,972,479,4,3,ok,,0.11158433370292187,0.022243382409214973,0.96365886926651
50,tic-tac-toe,tabpfn,958,9,972,479,4,3,ok,,0.10395964980125427,0.026270504109561443,0.9663028717041016
50,tic-tac-toe,hydra,958,9,972,479,4,3,ok,,0.11144599225372076,0.02634066715836525,0.7952294945716858
50,tic-tac-toe,hybrid_8l,958,9,972,479,4,3,ok,,0.09534453507512808,0.01823757402598858,0.9664528965950012
50,tic-tac-toe,hybrid_8l,958,9,972,479,4,4,ok,,0.10359534807503223,0.018494690768420696,0.9664528965950012
50,tic-tac-toe,looped_transformer_6physical_core4x2,958,9,972,479,4,4,ok,,0.09410774242132902,0.022126111201941967,0.96365886926651
50,tic-tac-toe,tabpfn,958,9,972,479,4,4,ok,,0.13009544648230076,0.026259152218699455,0.9663028717041016
50,tic-tac-toe,hydra,958,9,972,479,4,4,ok,,0.12033044546842575,0.02645330037921667,0.7952294945716858
50,tic-tac-toe,tabpfn,958,9,972,479,4,5,ok,,0.1609063521027565,0.026314266957342625,0.9663028717041016
50,tic-tac-toe,hydra,958,9,972,479,4,5,ok,,0.11244389321655035,0.026173599995672703,0.7952294945716858
50,tic-tac-toe,hybrid_8l,958,9,972,479,4,5,ok,,0.10432046186178923,0.018370485864579678,0.9664528965950012
50,tic-tac-toe,looped_transformer_6physical_core4x2,958,9,972,479,4,5,ok,,0.09855949692428112,0.022158583626151085,0.96365886926651
50,tic-tac-toe,hybrid_8l,958,9,972,479,5,1,ok,,0.09520354773849249,0.018171959556639194,0.9723463654518127
50,tic-tac-toe,looped_transformer_6physical_core4x2,958,9,972,479,5,1,ok,,0.10160057805478573,0.02216651849448681,0.9849534630775452
50,tic-tac-toe,hydra,958,9,972,479,5,1,ok,,0.1363499416038394,0.027143577113747597,0.7973743081092834
50,tic-tac-toe,tabpfn,958,9,972,479,5,1,ok,,0.13136225286871195,0.02963589783757925,0.9813966751098633
50,tic-tac-toe,tabpfn,958,9,972,479,5,2,ok,,0.17245485540479422,0.02669638954102993,0.9813966751098633
50,tic-tac-toe,looped_transformer_6physical_core4x2,958,9,972,479,5,2,ok,,0.10696646105498075,0.022433193400502205,0.9849534630775452
50,tic-tac-toe,hydra,958,9,972,479,5,2,ok,,0.13790590967983007,0.02909884136170149,0.7973743081092834
50,tic-tac-toe,hybrid_8l,958,9,972,479,5,2,ok,,0.1293390691280365,0.020814847201108932,0.9723463654518127
50,tic-tac-toe,looped_transformer_6physical_core4x2,958,9,972,479,5,3,ok,,0.12540808599442244,0.022120035253465176,0.9849534630775452
50,tic-tac-toe,tabpfn,958,9,972,479,5,3,ok,,0.15220599435269833,0.026426504366099834,0.9813966751098633
50,tic-tac-toe,hydra,958,9,972,479,5,3,ok,,0.14231311157345772,0.026351329870522022,0.7973743081092834
50,tic-tac-toe,hybrid_8l,958,9,972,479,5,3,ok,,0.09470545314252377,0.018156987614929676,0.9723463654518127
50,tic-tac-toe,hydra,958,9,972,479,5,4,ok,,0.1039977353066206,0.026237926445901394,0.7973743081092834
50,tic-tac-toe,hybrid_8l,958,9,972,479,5,4,ok,,0.12101540621370077,0.026638885959982872,0.9723463654518127
50,tic-tac-toe,tabpfn,958,9,972,479,5,4,ok,,0.11621849797666073,0.026466629467904568,0.9813966751098633
50,tic-tac-toe,looped_transformer_6physical_core4x2,958,9,972,479,5,4,ok,,0.1085402024909854,0.022212490439414978,0.9849534630775452
50,tic-tac-toe,tabpfn,958,9,972,479,5,5,ok,,0.10454481281340122,0.026368914172053337,0.9813966751098633
50,tic-tac-toe,hybrid_8l,958,9,972,479,5,5,ok,,0.14369250554591417,0.018481170758605003,0.9723463654518127
50,tic-tac-toe,hydra,958,9,972,479,5,5,ok,,0.12012133188545704,0.026666036807000637,0.7973743081092834
50,tic-tac-toe,looped_transformer_6physical_core4x2,958,9,972,479,5,5,ok,,0.119668984785676,0.022391850128769875,0.9849534630775452
54,vehicle,hybrid_8l,846,18,972,423,1,1,ok,,0.17697935551404953,0.02967057842761278,0.9561764597892761
54,vehicle,looped_transformer_6physical_core4x2,846,18,972,423,1,1,ok,,0.3123922562226653,0.034814233891665936,0.9579814076423645
54,vehicle,tabpfn,846,18,972,423,1,1,ok,,0.421329690143466,0.04114907421171665,0.9591176509857178
54,vehicle,hydra,846,18,972,423,1,1,ok,,0.33566376380622387,0.047015707939863205,0.9270367622375488
54,vehicle,hydra,846,18,972,423,1,2,ok,,0.32916155457496643,0.05115437787026167,0.9270367622375488
54,vehicle,looped_transformer_6physical_core4x2,846,18,972,423,1,2,ok,,0.2576307049021125,0.034582594409585,0.9579814076423645
54,vehicle,tabpfn,846,18,972,423,1,2,ok,,0.1790415123105049,0.04087773151695728,0.9591176509857178
54,vehicle,hybrid_8l,846,18,972,423,1,2,ok,,0.23938405700027943,0.029617338441312313,0.9561764597892761
54,vehicle,hybrid_8l,846,18,972,423,1,3,ok,,0.16916376072913408,0.02949668001383543,0.9561764597892761
54,vehicle,looped_transformer_6physical_core4x2,846,18,972,423,1,3,ok,,0.2532224738970399,0.03468633070588112,0.9579814076423645
54,vehicle,tabpfn,846,18,972,423,1,3,ok,,0.19510858971625566,0.04092209413647652,0.9591176509857178
54,vehicle,hydra,846,18,972,423,1,3,ok,,0.19424042664468288,0.044493759982287884,0.9270367622375488
54,vehicle,hybrid_8l,846,18,972,423,1,4,ok,,0.14537351112812757,0.029481840319931507,0.9561764597892761
54,vehicle,hydra,846,18,972,423,1,4,ok,,0.12579033244401217,0.04459908977150917,0.9270367622375488
54,vehicle,looped_transformer_6physical_core4x2,846,18,972,423,1,4,ok,,0.15470650140196085,0.03460649028420448,0.9579814076423645
54,vehicle,tabpfn,846,18,972,423,1,4,ok,,0.12413295265287161,0.040775216184556484,0.9591176509857178
54,vehicle,looped_transformer_6physical_core4x2,846,18,972,423,1,5,ok,,0.1384533317759633,0.03448278550058603,0.9579814076423645
54,vehicle,hybrid_8l,846,18,972,423,1,5,ok,,0.11278306972235441,0.029348398558795452,0.9561764597892761
54,vehicle,tabpfn,846,18,972,423,1,5,ok,,0.20484664849936962,0.04098059516400099,0.9591176509857178
54,vehicle,hydra,846,18,972,423,1,5,ok,,0.19049430917948484,0.044585585594177246,0.9270367622375488
54,vehicle,hydra,846,18,972,423,2,1,ok,,0.2031119717285037,0.044625049456954,0.9316560626029968
54,vehicle,looped_transformer_6physical_core4x2,846,18,972,423,2,1,ok,,0.17464847024530172,0.034608262591063976,0.9543614983558655
54,vehicle,tabpfn,846,18,972,423,2,1,ok,,0.20113588962703943,0.041115800850093365,0.9552718997001648
54,vehicle,hybrid_8l,846,18,972,423,2,1,ok,,0.2624255372211337,0.03035696968436241,0.9517263770103455
54,vehicle,hydra,846,18,972,423,2,2,ok,,0.19353117235004902,0.0445608077570796,0.9316560626029968
54,vehicle,looped_transformer_6physical_core4x2,846,18,972,423,2,2,ok,,0.18665333185344934,0.034469010308384895,0.9543614983558655
54,vehicle,hybrid_8l,846,18,972,423,2,2,ok,,0.1462291209027171,0.029399143531918526,0.9517263770103455
54,vehicle,tabpfn,846,18,972,423,2,2,ok,,0.20894588436931372,0.04158810619264841,0.9552718997001648
54,vehicle,hybrid_8l,846,18,972,423,2,3,ok,,0.12012082152068615,0.029429491609334946,0.9517263770103455
54,vehicle,tabpfn,846,18,972,423,2,3,ok,,0.20345244649797678,0.0407563503831625,0.9552718997001648
54,vehicle,looped_transformer_6physical_core4x2,846,18,972,423,2,3,ok,,0.13251279573887587,0.03442206047475338,0.9543614983558655
54,vehicle,hydra,846,18,972,423,2,3,ok,,0.12960729282349348,0.04542010650038719,0.9316560626029968
54,vehicle,hydra,846,18,972,423,2,4,ok,,0.13050295040011406,0.04440754745155573,0.9316560626029968
54,vehicle,looped_transformer_6physical_core4x2,846,18,972,423,2,4,ok,,0.14348229859024286,0.03460073936730623,0.9543614983558655
54,vehicle,tabpfn,846,18,972,423,2,4,ok,,0.437497210688889,0.04265988618135452,0.9552718997001648
54,vehicle,hybrid_8l,846,18,972,423,2,4,ok,,0.28661148715764284,0.029379576444625854,0.9517263770103455
54,vehicle,hybrid_8l,846,18,972,423,2,5,ok,,0.31170412339270115,0.030182138085365295,0.9517263770103455
54,vehicle,looped_transformer_6physical_core4x2,846,18,972,423,2,5,ok,,0.4285246217623353,0.03735374379903078,0.9543614983558655
54,vehicle,hydra,846,18,972,423,2,5,ok,,0.3364364067092538,0.04478163551539183,0.9316560626029968
54,vehicle,tabpfn,846,18,972,423,2,5,ok,,0.3974799597635865,0.04103325493633747,0.9552718997001648
54,vehicle,hybrid_8l,846,18,972,423,3,1,ok,,0.43104055896401405,0.02961284015327692,0.9502933621406555
54,vehicle,hydra,846,18,972,423,3,1,ok,,0.21176046691834927,0.044713687151670456,0.9262009263038635
54,vehicle,tabpfn,846,18,972,423,3,1,ok,,0.18321948777884245,0.04108793754130602,0.961459219455719
54,vehicle,looped_transformer_6physical_core4x2,846,18,972,423,3,1,ok,,0.21158542670309544,0.034791890531778336,0.9589040875434875
54,vehicle,tabpfn,846,18,972,423,3,2,ok,,0.1717628138139844,0.0408891923725605,0.961459219455719
54,vehicle,hydra,846,18,972,423,3,2,ok,,0.17892592400312424,0.04449875093996525,0.9262009263038635
54,vehicle,hybrid_8l,846,18,972,423,3,2,ok,,0.17321177758276463,0.02926796581596136,0.9502933621406555
54,vehicle,looped_transformer_6physical_core4x2,846,18,972,423,3,2,ok,,0.13196943793445826,0.03441700991243124,0.9589040875434875
54,vehicle,tabpfn,846,18,972,423,3,3,ok,,0.1234836122021079,0.04074356611818075,0.961459219455719
54,vehicle,looped_transformer_6physical_core4x2,846,18,972,423,3,3,ok,,0.11724452301859856,0.03435657545924187,0.9589040875434875
54,vehicle,hybrid_8l,846,18,972,423,3,3,ok,,0.11299615353345871,0.029196721501648426,0.9502933621406555
54,vehicle,hydra,846,18,972,423,3,3,ok,,0.12823840882629156,0.0444837911054492,0.9262009263038635
54,vehicle,tabpfn,846,18,972,423,3,4,ok,,0.23559782467782497,0.04109871946275234,0.961459219455719
54,vehicle,hydra,846,18,972,423,3,4,ok,,0.5083580520004034,0.04891733080148697,0.9262009263038635
54,vehicle,looped_transformer_6physical_core4x2,846,18,972,423,3,4,ok,,0.1523949932307005,0.034474809654057026,0.9589040875434875
54,vehicle,hybrid_8l,846,18,972,423,3,4,ok,,0.12071980722248554,0.029385379515588284,0.9502933621406555
54,vehicle,hydra,846,18,972,423,3,5,ok,,0.14910497050732374,0.04465667903423309,0.9262009263038635
54,vehicle,looped_transformer_6physical_core4x2,846,18,972,423,3,5,ok,,0.14239222276955843,0.03466921765357256,0.9589040875434875
54,vehicle,tabpfn,846,18,972,423,3,5,ok,,0.17415052745491266,0.041038304567337036,0.961459219455719
54,vehicle,hybrid_8l,846,18,972,423,3,5,ok,,0.11314252205193043,0.029223863035440445,0.9502933621406555
54,vehicle,hydra,846,18,972,423,4,1,ok,,0.12487175129354,0.04442593269050121,0.9323957562446594
54,vehicle,looped_transformer_6physical_core4x2,846,18,972,423,4,1,ok,,0.18047976773232222,0.034598423168063164,0.9559170007705688
54,vehicle,hybrid_8l,846,18,972,423,4,1,ok,,0.14565237890928984,0.029584866017103195,0.9486177563667297
54,vehicle,tabpfn,846,18,972,423,4,1,ok,,0.13885115459561348,0.04089057445526123,0.9565224051475525
54,vehicle,hybrid_8l,846,18,972,423,4,2,ok,,0.14120282046496868,0.02944878861308098,0.9486177563667297
54,vehicle,looped_transformer_6physical_core4x2,846,18,972,423,4,2,ok,,0.1251994837075472,0.034636988304555416,0.9559170007705688
54,vehicle,hydra,846,18,972,423,4,2,ok,,0.26936050690710545,0.045178016647696495,0.9323957562446594
54,vehicle,tabpfn,846,18,972,423,4,2,ok,,0.18808655813336372,0.040974644012749195,0.9565224051475525
54,vehicle,looped_transformer_6physical_core4x2,846,18,972,423,4,3,ok,,0.1667128372937441,0.03454454243183136,0.9559170007705688
54,vehicle,tabpfn,846,18,972,423,4,3,ok,,0.21709880884736776,0.0413573794066906,0.9565224051475525
54,vehicle,hydra,846,18,972,423,4,3,ok,,0.2021763101220131,0.04457348212599754,0.9323957562446594
54,vehicle,hybrid_8l,846,18,972,423,4,3,ok,,0.1672993479296565,0.029416167177259922,0.9486177563667297
54,vehicle,hydra,846,18,972,423,4,4,ok,,0.18415731377899647,0.04460181575268507,0.9323957562446594
54,vehicle,tabpfn,846,18,972,423,4,4,ok,,0.1901500578969717,0.04075795225799084,0.9565224051475525
54,vehicle,looped_transformer_6physical_core4x2,846,18,972,423,4,4,ok,,0.2009897716343403,0.03459895681589842,0.9559170007705688
54,vehicle,hybrid_8l,846,18,972,423,4,4,ok,,0.15585597977042198,0.029423129744827747,0.9486177563667297
54,vehicle,hydra,846,18,972,423,4,5,ok,,0.18852366600185633,0.04478904977440834,0.9323957562446594
54,vehicle,tabpfn,846,18,972,423,4,5,ok,,0.15445237047970295,0.04109541233628988,0.9565224051475525
54,vehicle,hybrid_8l,846,18,972,423,4,5,ok,,0.17652420420199633,0.029498202726244926,0.9486177563667297
54,vehicle,looped_transformer_6physical_core4x2,846,18,972,423,4,5,ok,,0.17552218679338694,0.03441376518458128,0.9559170007705688
54,vehicle,looped_transformer_6physical_core4x2,846,18,972,423,5,1,ok,,0.2495575612410903,0.03472664766013622,0.9512538313865662
54,vehicle,tabpfn,846,18,972,423,5,1,ok,,0.14799818210303783,0.04074804484844208,0.9536774754524231
54,vehicle,hybrid_8l,846,18,972,423,5,1,ok,,0.17584545817226171,0.029450781643390656,0.9402631521224976
54,vehicle,hydra,846,18,972,423,5,1,ok,,0.13892727997153997,0.044873771257698536,0.9165899753570557
54,vehicle,tabpfn,846,18,972,423,5,2,ok,,0.18827495630830526,0.04120844788849354,0.9536774754524231
54,vehicle,looped_transformer_6physical_core4x2,846,18,972,423,5,2,ok,,0.172056982293725,0.03453232999891043,0.9512538313865662
54,vehicle,hybrid_8l,846,18,972,423,5,2,ok,,0.16455088183283806,0.029334633611142635,0.9402631521224976
54,vehicle,hydra,846,18,972,423,5,2,ok,,0.15593778528273106,0.0444469815120101,0.9165899753570557
54,vehicle,tabpfn,846,18,972,423,5,3,ok,,0.19052560906857252,0.04094735253602266,0.9536774754524231
54,vehicle,hybrid_8l,846,18,972,423,5,3,ok,,0.18501396849751472,0.029469147324562073,0.9402631521224976
54,vehicle,hydra,846,18,972,423,5,3,ok,,0.18655806314200163,0.04456092789769173,0.9165899753570557
54,vehicle,looped_transformer_6physical_core4x2,846,18,972,423,5,3,ok,,0.2388175055384636,0.03502661641687155,0.9512538313865662
54,vehicle,hydra,846,18,972,423,5,4,ok,,0.20805020816624165,0.04459137562662363,0.9165899753570557
54,vehicle,tabpfn,846,18,972,423,5,4,ok,,0.17997409962117672,0.040810092352330685,0.9536774754524231
54,vehicle,hybrid_8l,846,18,972,423,5,4,ok,,0.14893316570669413,0.02934864815324545,0.9402631521224976
54,vehicle,looped_transformer_6physical_core4x2,846,18,972,423,5,4,ok,,0.18710129149258137,0.03461568709462881,0.9512538313865662
54,vehicle,hydra,846,18,972,423,5,5,ok,,0.18889515940099955,0.04460201598703861,0.9165899753570557
54,vehicle,tabpfn,846,18,972,423,5,5,ok,,0.17876086197793484,0.04095425549894571,0.9536774754524231
54,vehicle,hybrid_8l,846,18,972,423,5,5,ok,,0.16416593175381422,0.029236276634037495,0.9402631521224976
54,vehicle,looped_transformer_6physical_core4x2,846,18,972,423,5,5,ok,,0.1274051321670413,0.034455995075404644,0.9512538313865662
188,eucalyptus,hydra,641,19,972,320,1,1,ok,,0.1227863309904933,0.04223319794982672,0.9020155072212219
188,eucalyptus,tabpfn,641,19,972,320,1,1,ok,,0.14997908752411604,0.038351534865796566,0.9160637855529785
188,eucalyptus,hybrid_8l,641,19,972,320,1,1,ok,,0.19438732601702213,0.02819305006414652,0.9106759428977966
188,eucalyptus,looped_transformer_6physical_core4x2,641,19,972,320,1,1,ok,,0.19982791133224964,0.03616209700703621,0.9168176054954529
188,eucalyptus,hybrid_8l,641,19,972,320,1,2,ok,,0.20966861490160227,0.0279814088717103,0.9106759428977966
188,eucalyptus,tabpfn,641,19,972,320,1,2,ok,,0.3298268774524331,0.03840939421206713,0.9160637855529785
188,eucalyptus,hydra,641,19,972,320,1,2,ok,,0.3953334055840969,0.04254986811429262,0.9020155072212219
188,eucalyptus,looped_transformer_6physical_core4x2,641,19,972,320,1,2,ok,,0.17231706529855728,0.03240122180432081,0.9168176054954529
188,eucalyptus,hybrid_8l,641,19,972,320,1,3,ok,,0.16961160860955715,0.027794084511697292,0.9106759428977966
188,eucalyptus,looped_transformer_6physical_core4x2,641,19,972,320,1,3,ok,,0.18119976203888655,0.032079823315143585,0.9168176054954529
188,eucalyptus,tabpfn,641,19,972,320,1,3,ok,,0.13441871851682663,0.03818218410015106,0.9160637855529785
188,eucalyptus,hydra,641,19,972,320,1,3,ok,,0.12521108519285917,0.04227669071406126,0.9020155072212219
188,eucalyptus,hydra,641,19,972,320,1,4,ok,,0.15032857935875654,0.0422508018091321,0.9020155072212219
188,eucalyptus,hybrid_8l,641,19,972,320,1,4,ok,,0.11122851632535458,0.027690689079463482,0.9106759428977966
188,eucalyptus,looped_transformer_6physical_core4x2,641,19,972,320,1,4,ok,,0.1814050218090415,0.03234636876732111,0.9168176054954529
188,eucalyptus,tabpfn,641,19,972,320,1,4,ok,,0.18385684583336115,0.03846155293285847,0.9160637855529785
188,eucalyptus,hydra,641,19,972,320,1,5,ok,,0.20942901074886322,0.04301380645483732,0.9020155072212219
188,eucalyptus,looped_transformer_6physical_core4x2,641,19,972,320,1,5,ok,,0.2855221964418888,0.032422090880572796,0.9168176054954529
188,eucalyptus,tabpfn,641,19,972,320,1,5,ok,,0.42886851634830236,0.03867191169410944,0.9160637855529785
188,eucalyptus,hybrid_8l,641,19,972,320,1,5,ok,,0.34765920974314213,0.03288782387971878,0.9106759428977966
188,eucalyptus,hybrid_8l,641,19,972,320,2,1,ok,,0.1785509940236807,0.02766095194965601,0.9190394282341003
188,eucalyptus,tabpfn,641,19,972,320,2,1,ok,,0.18104930780828,0.03808632120490074,0.919638454914093
188,eucalyptus,hydra,641,19,972,320,2,1,ok,,0.20860907807946205,0.04240621626377106,0.9035791754722595
188,eucalyptus,looped_transformer_6physical_core4x2,641,19,972,320,2,1,ok,,0.46125645376741886,0.03259064070880413,0.9198712110519409
188,eucalyptus,looped_transformer_6physical_core4x2,641,19,972,320,2,2,ok,,0.5625622309744358,0.032493206672370434,0.9198712110519409
188,eucalyptus,hybrid_8l,641,19,972,320,2,2,ok,,0.5052003329619765,0.03280405513942242,0.9190394282341003
188,eucalyptus,tabpfn,641,19,972,320,2,2,ok,,0.49005895759910345,0.04430731851607561,0.919638454914093
188,eucalyptus,hydra,641,19,972,320,2,2,ok,,0.31450817827135324,0.04420716781169176,0.9035791754722595
188,eucalyptus,tabpfn,641,19,972,320,2,3,ok,,0.22021228913217783,0.038485387340188026,0.919638454914093
188,eucalyptus,hybrid_8l,641,19,972,320,2,3,ok,,0.2962597766891122,0.0284994812682271,0.9190394282341003
188,eucalyptus,hydra,641,19,972,320,2,3,ok,,0.21298091113567352,0.042387038469314575,0.9035791754722595
188,eucalyptus,looped_transformer_6physical_core4x2,641,19,972,320,2,3,ok,,0.11957103107124567,0.03209823742508888,0.9198712110519409
188,eucalyptus,hydra,641,19,972,320,2,4,ok,,0.1557466723024845,0.04226584918797016,0.9035791754722595
188,eucalyptus,hybrid_8l,641,19,972,320,2,4,ok,,0.10514572262763977,0.027615445666015148,0.9190394282341003
188,eucalyptus,tabpfn,641,19,972,320,2,4,ok,,0.16471507400274277,0.03826532047241926,0.919638454914093
188,eucalyptus,looped_transformer_6physical_core4x2,641,19,972,320,2,4,ok,,0.23844854719936848,0.04056414682418108,0.9198712110519409
188,eucalyptus,hybrid_8l,641,19,972,320,2,5,ok,,0.18450614716857672,0.028032095171511173,0.9190394282341003
188,eucalyptus,looped_transformer_6physical_core4x2,641,19,972,320,2,5,ok,,0.16923894360661507,0.032339815981686115,0.9198712110519409
188,eucalyptus,tabpfn,641,19,972,320,2,5,ok,,0.35095909237861633,0.04337183479219675,0.919638454914093
188,eucalyptus,hydra,641,19,972,320,2,5,ok,,0.4913500240072608,0.043115369975566864,0.9035791754722595
188,eucalyptus,looped_transformer_6physical_core4x2,641,19,972,320,3,1,ok,,0.3742365501821041,0.03225843235850334,0.922148585319519
188,eucalyptus,tabpfn,641,19,972,320,3,1,ok,,0.4190971553325653,0.039139436557888985,0.9235729575157166
188,eucalyptus,hydra,641,19,972,320,3,1,ok,,0.5589413922280073,0.04678575228899717,0.9069083333015442
188,eucalyptus,hybrid_8l,641,19,972,320,3,1,ok,,0.6308622742071748,0.04716434981673956,0.9175295829772949
188,eucalyptus,tabpfn,641,19,972,320,3,2,ok,,0.5181138580664992,0.03895277250558138,0.9235729575157166
188,eucalyptus,looped_transformer_6physical_core4x2,641,19,972,320,3,2,ok,,0.46120649948716164,0.03238497208803892,0.922148585319519
188,eucalyptus,hydra,641,19,972,320,3,2,ok,,0.4916345253586769,0.04876051377505064,0.9069083333015442
188,eucalyptus,hybrid_8l,641,19,972,320,3,2,ok,,0.5060827564448118,0.03832881152629852,0.9175295829772949
188,eucalyptus,tabpfn,641,19,972,320,3,3,ok,,0.5540485540404916,0.055301615968346596,0.9235729575157166
188,eucalyptus,hybrid_8l,641,19,972,320,3,3,ok,,0.42376107163727283,0.03322934079915285,0.9175295829772949
188,eucalyptus,looped_transformer_6physical_core4x2,641,19,972,320,3,3,ok,,0.2742358250543475,0.03229294717311859,0.922148585319519
188,eucalyptus,hydra,641,19,972,320,3,3,ok,,0.22034406010061502,0.042915900237858295,0.9069083333015442
188,eucalyptus,hydra,641,19,972,320,3,4,ok,,0.19168383534997702,0.04224001057446003,0.9069083333015442
188,eucalyptus,looped_transformer_6physical_core4x2,641,19,972,320,3,4,ok,,0.11384113598614931,0.032089851796627045,0.922148585319519
188,eucalyptus,hybrid_8l,641,19,972,320,3,4,ok,,0.11070041637867689,0.027849780395627022,0.9175295829772949
188,eucalyptus,tabpfn,641,19,972,320,3,4,ok,,0.14428963977843523,0.03822564613074064,0.9235729575157166
188,eucalyptus,hydra,641,19,972,320,3,5,ok,,0.2215606151148677,0.04473096039146185,0.9069083333015442
188,eucalyptus,tabpfn,641,19,972,320,3,5,ok,,0.2210641447454691,0.03846801444888115,0.9235729575157166
188,eucalyptus,looped_transformer_6physical_core4x2,641,19,972,320,3,5,ok,,0.23044156841933727,0.032472096383571625,0.922148585319519
188,eucalyptus,hybrid_8l,641,19,972,320,3,5,ok,,0.21731180418282747,0.027856383472681046,0.9175295829772949
188,eucalyptus,tabpfn,641,19,972,320,4,1,ok,,0.161174557171762,0.03806724678725004,0.9144350290298462
188,eucalyptus,hydra,641,19,972,320,4,1,ok,,0.14989526756107807,0.0424962667748332,0.8931503891944885
188,eucalyptus,hybrid_8l,641,19,972,320,4,1,ok,,0.3690470503643155,0.028522824868559837,0.9154658317565918
188,eucalyptus,looped_transformer_6physical_core4x2,641,19,972,320,4,1,ok,,0.3674695920199156,0.032489449717104435,0.9143920540809631
188,eucalyptus,tabpfn,641,19,972,320,4,2,ok,,0.3328858148306608,0.03844587318599224,0.9144350290298462
188,eucalyptus,hydra,641,19,972,320,4,2,ok,,0.2748700072988868,0.04271259717643261,0.8931503891944885
188,eucalyptus,looped_transformer_6physical_core4x2,641,19,972,320,4,2,ok,,0.23795831017196178,0.03244743961840868,0.9143920540809631
188,eucalyptus,hybrid_8l,641,19,972,320,4,2,ok,,0.12829880509525537,0.027669577859342098,0.9154658317565918
188,eucalyptus,tabpfn,641,19,972,320,4,3,ok,,0.1785850003361702,0.03806570451706648,0.9144350290298462
188,eucalyptus,looped_transformer_6physical_core4x2,641,19,972,320,4,3,ok,,0.21006473619490862,0.03279290348291397,0.9143920540809631
188,eucalyptus,hydra,641,19,972,320,4,3,ok,,0.12906616926193237,0.04244528990238905,0.8931503891944885
188,eucalyptus,hybrid_8l,641,19,972,320,4,3,ok,,0.18207537196576595,0.028460757806897163,0.9154658317565918
188,eucalyptus,looped_transformer_6physical_core4x2,641,19,972,320,4,4,ok,,0.40654560923576355,0.03224426507949829,0.9143920540809631
188,eucalyptus,hybrid_8l,641,19,972,320,4,4,ok,,0.5395505707710981,0.028083162382245064,0.9154658317565918
188,eucalyptus,tabpfn,641,19,972,320,4,4,ok,,0.5496793985366821,0.03912626300007105,0.9144350290298462
188,eucalyptus,hydra,641,19,972,320,4,4,ok,,0.4419190315529704,0.042807646095752716,0.8931503891944885
188,eucalyptus,hybrid_8l,641,19,972,320,4,5,ok,,0.1960152117535472,0.027854949235916138,0.9154658317565918
188,eucalyptus,tabpfn,641,19,972,320,4,5,ok,,0.19230019208043814,0.03831766080111265,0.9144350290298462
188,eucalyptus,hydra,641,19,972,320,4,5,ok,,0.14017810951918364,0.0423014173284173,0.8931503891944885
188,eucalyptus,looped_transformer_6physical_core4x2,641,19,972,320,4,5,ok,,0.11680232733488083,0.03225140832364559,0.9143920540809631
188,eucalyptus,looped_transformer_6physical_core4x2,641,19,972,320,5,1,ok,,0.11820600461214781,0.03208659589290619,0.8980889916419983
188,eucalyptus,hydra,641,19,972,320,5,1,ok,,0.12667035032063723,0.04226313624531031,0.8906342387199402
188,eucalyptus,tabpfn,641,19,972,320,5,1,ok,,0.11767728347331285,0.03818446956574917,0.9000552296638489
188,eucalyptus,hybrid_8l,641,19,972,320,5,1,ok,,0.12608481105417013,0.027290030382573605,0.894574761390686
188,eucalyptus,looped_transformer_6physical_core4x2,641,19,972,320,5,2,ok,,0.1330844610929489,0.03158165980130434,0.8980889916419983
188,eucalyptus,hydra,641,19,972,320,5,2,ok,,0.13563493266701698,0.04147097375243902,0.8906342387199402
188,eucalyptus,hybrid_8l,641,19,972,320,5,2,ok,,0.2729384573176503,0.028322376310825348,0.894574761390686
188,eucalyptus,tabpfn,641,19,972,320,5,2,ok,,0.27343625109642744,0.03755509573966265,0.9000552296638489
188,eucalyptus,hybrid_8l,641,19,972,320,5,3,ok,,0.19378396403044462,0.02713160030543804,0.894574761390686
188,eucalyptus,hydra,641,19,972,320,5,3,ok,,0.19261806551367044,0.04128459095954895,0.8906342387199402
188,eucalyptus,tabpfn,641,19,972,320,5,3,ok,,0.1904861656948924,0.0373133784160018,0.9000552296638489
188,eucalyptus,looped_transformer_6physical_core4x2,641,19,972,320,5,3,ok,,0.18376416247338057,0.03129380475729704,0.8980889916419983
188,eucalyptus,looped_transformer_6physical_core4x2,641,19,972,320,5,4,ok,,0.20858149696141481,0.03211448900401592,0.8980889916419983
188,eucalyptus,hydra,641,19,972,320,5,4,ok,,0.18965493235737085,0.0424165353178978,0.8906342387199402
188,eucalyptus,hybrid_8l,641,19,972,320,5,4,ok,,0.17909762170165777,0.02783709578216076,0.894574761390686
188,eucalyptus,tabpfn,641,19,972,320,5,4,ok,,0.20557565242052078,0.03832433372735977,0.9000552296638489
188,eucalyptus,hydra,641,19,972,320,5,5,ok,,0.24347637314349413,0.047222611494362354,0.8906342387199402
188,eucalyptus,tabpfn,641,19,972,320,5,5,ok,,0.263034344650805,0.038575529120862484,0.9000552296638489
188,eucalyptus,looped_transformer_6physical_core4x2,641,19,972,320,5,5,ok,,0.16892228554934263,0.03225903306156397,0.8980889916419983
188,eucalyptus,hybrid_8l,641,19,972,320,5,5,ok,,0.16662022285163403,0.028062202036380768,0.894574761390686
458,analcatdata_authorship,hydra,841,70,972,420,1,1,ok,,0.43942129239439964,0.04399709030985832,1.0
458,analcatdata_authorship,tabpfn,841,70,972,420,1,1,ok,,0.36580623127520084,0.04076424613595009,1.0
458,analcatdata_authorship,looped_transformer_6physical_core4x2,841,70,972,420,1,1,ok,,0.35102205350995064,0.03457319736480713,1.0
458,analcatdata_authorship,hybrid_8l,841,70,972,420,1,1,ok,,0.7054881826043129,0.029231947846710682,1.0
458,analcatdata_authorship,hybrid_8l,841,70,972,420,1,2,ok,,0.7323467945680022,0.02918156236410141,1.0
458,analcatdata_authorship,hydra,841,70,972,420,1,2,ok,,0.5452312938869,0.043944740667939186,1.0
458,analcatdata_authorship,looped_transformer_6physical_core4x2,841,70,972,420,1,2,ok,,0.3951000878587365,0.034581393003463745,1.0
458,analcatdata_authorship,tabpfn,841,70,972,420,1,2,ok,,0.4084390373900533,0.04073945991694927,1.0
458,analcatdata_authorship,hydra,841,70,972,420,1,3,ok,,0.38311930000782013,0.044001699425280094,1.0
458,analcatdata_authorship,hybrid_8l,841,70,972,420,1,3,ok,,0.3378962278366089,0.0294994143769145,1.0
458,analcatdata_authorship,tabpfn,841,70,972,420,1,3,ok,,0.3504640366882086,0.04073909763246775,1.0
458,analcatdata_authorship,looped_transformer_6physical_core4x2,841,70,972,420,1,3,ok,,0.3396001048386097,0.034667475149035454,1.0
458,analcatdata_authorship,hydra,841,70,972,420,1,4,ok,,0.8074508672580123,0.05368090607225895,1.0
458,analcatdata_authorship,hybrid_8l,841,70,972,420,1,4,ok,,0.8943342231214046,0.042991905473172665,1.0
458,analcatdata_authorship,looped_transformer_6physical_core4x2,841,70,972,420,1,4,ok,,0.5353101789951324,0.03543320670723915,1.0
458,analcatdata_authorship,tabpfn,841,70,972,420,1,4,ok,,0.3451574956998229,0.041086786426603794,1.0
458,analcatdata_authorship,looped_transformer_6physical_core4x2,841,70,972,420,1,5,ok,,0.5018447702750564,0.03463994339108467,1.0
458,analcatdata_authorship,hybrid_8l,841,70,972,420,1,5,ok,,0.34776224847882986,0.02971751894801855,1.0
458,analcatdata_authorship,tabpfn,841,70,972,420,1,5,ok,,0.3613273873925209,0.04105614963918924,1.0
458,analcatdata_authorship,hydra,841,70,972,420,1,5,ok,,0.3050661338493228,0.04396696388721466,1.0
458,analcatdata_authorship,tabpfn,841,70,972,420,2,1,ok,,0.32209188770502806,0.04089271929115057,1.0
458,analcatdata_authorship,hydra,841,70,972,420,2,1,ok,,0.3141285106539726,0.043841807171702385,0.999993085861206
458,analcatdata_authorship,hybrid_8l,841,70,972,420,2,1,ok,,0.32875991985201836,0.029054722748696804,1.0
458,analcatdata_authorship,looped_transformer_6physical_core4x2,841,70,972,420,2,1,ok,,0.32266594655811787,0.03457754570990801,1.0
458,analcatdata_authorship,looped_transformer_6physical_core4x2,841,70,972,420,2,2,ok,,0.5527634648606181,0.037899307906627655,1.0
458,analcatdata_authorship,hybrid_8l,841,70,972,420,2,2,ok,,0.6821086341515183,0.03776669688522816,1.0
458,analcatdata_authorship,hydra,841,70,972,420,2,2,ok,,0.8891839077696204,0.045817638747394085,0.999993085861206
458,analcatdata_authorship,tabpfn,841,70,972,420,2,2,ok,,0.3860559156164527,0.04087253101170063,1.0
458,analcatdata_authorship,hybrid_8l,841,70,972,420,2,3,ok,,0.45201001316308975,0.02943709772080183,1.0
458,analcatdata_authorship,hydra,841,70,972,420,2,3,ok,,0.4386789370328188,0.04396917670965195,0.999993085861206
458,analcatdata_authorship,tabpfn,841,70,972,420,2,3,ok,,0.40074971225112677,0.04109151568263769,1.0
458,analcatdata_authorship,looped_transformer_6physical_core4x2,841,70,972,420,2,3,ok,,0.5029928172007203,0.03464925102889538,1.0
458,analcatdata_authorship,tabpfn,841,70,972,420,2,4,ok,,0.6765158493071795,0.04489838797599077,1.0
458,analcatdata_authorship,hydra,841,70,972,420,2,4,ok,,0.7098596775904298,0.04416388738900423,0.999993085861206
458,analcatdata_authorship,looped_transformer_6physical_core4x2,841,70,972,420,2,4,ok,,0.5275465128943324,0.03457336686551571,1.0
458,analcatdata_authorship,hybrid_8l,841,70,972,420,2,4,ok,,0.754067256115377,0.0311124911531806,1.0
458,analcatdata_authorship,looped_transformer_6physical_core4x2,841,70,972,420,2,5,ok,,0.8069359734654427,0.03496176470071077,1.0
458,analcatdata_authorship,tabpfn,841,70,972,420,2,5,ok,,0.542792315594852,0.040941210463643074,1.0
458,analcatdata_authorship,hydra,841,70,972,420,2,5,ok,,0.44973975140601397,0.043946404941380024,0.999993085861206
458,analcatdata_authorship,hybrid_8l,841,70,972,420,2,5,ok,,0.4008986549451947,0.02982807718217373,1.0
458,analcatdata_authorship,hydra,841,70,972,420,3,1,ok,,0.3337685503065586,0.043945652432739735,0.9996320009231567
458,analcatdata_authorship,tabpfn,841,70,972,420,3,1,ok,,0.6627018908038735,0.04142449703067541,0.999984860420227
458,analcatdata_authorship,hybrid_8l,841,70,972,420,3,1,ok,,0.4816650738939643,0.029301049187779427,0.999984860420227
458,analcatdata_authorship,looped_transformer_6physical_core4x2,841,70,972,420,3,1,ok,,0.40024530701339245,0.0345989353954792,0.9999924302101135
458,analcatdata_authorship,hybrid_8l,841,70,972,420,3,2,ok,,0.39321360643953085,0.02912033721804619,0.999984860420227
458,analcatdata_authorship,looped_transformer_6physical_core4x2,841,70,972,420,3,2,ok,,0.416260969825089,0.03459170367568731,0.9999924302101135
458,analcatdata_authorship,tabpfn,841,70,972,420,3,2,ok,,0.39524930249899626,0.040745281614363194,0.999984860420227
458,analcatdata_authorship,hydra,841,70,972,420,3,2,ok,,0.8507015388458967,0.0482138292863965,0.9996320009231567
458,analcatdata_authorship,tabpfn,841,70,972,420,3,3,ok,,0.7854233523830771,0.04360834416002035,0.999984860420227
458,analcatdata_authorship,looped_transformer_6physical_core4x2,841,70,972,420,3,3,ok,,0.4541207132861018,0.034623402170836926,0.9999924302101135
458,analcatdata_authorship,hydra,841,70,972,420,3,3,ok,,0.45558123011142015,0.04402912128716707,0.9996320009231567
458,analcatdata_authorship,hybrid_8l,841,70,972,420,3,3,ok,,0.5418815314769745,0.029381833039224148,0.999984860420227
458,analcatdata_authorship,hybrid_8l,841,70,972,420,3,4,ok,,0.34780076425522566,0.029492652975022793,0.999984860420227
458,analcatdata_authorship,tabpfn,841,70,972,420,3,4,ok,,0.3433672646060586,0.040829118341207504,0.999984860420227
458,analcatdata_authorship,looped_transformer_6physical_core4x2,841,70,972,420,3,4,ok,,0.3042207434773445,0.034593104384839535,0.9999924302101135
458,analcatdata_authorship,hydra,841,70,972,420,3,4,ok,,0.32099646516144276,0.0439533581957221,0.9996320009231567
458,analcatdata_authorship,hybrid_8l,841,70,972,420,3,5,ok,,0.3514814367517829,0.029144282452762127,0.999984860420227
458,analcatdata_authorship,hydra,841,70,972,420,3,5,ok,,0.32176210451871157,0.044008501805365086,0.9996320009231567
458,analcatdata_authorship,looped_transformer_6physical_core4x2,841,70,972,420,3,5,ok,,0.33659319300204515,0.034570492804050446,0.9999924302101135
458,analcatdata_authorship,tabpfn,841,70,972,420,3,5,ok,,0.3138004234060645,0.04098714888095856,0.999984860420227
458,analcatdata_authorship,hybrid_8l,841,70,972,420,4,1,ok,,0.37813721504062414,0.029128682799637318,1.0
458,analcatdata_authorship,looped_transformer_6physical_core4x2,841,70,972,420,4,1,ok,,0.3041868396103382,0.03457058314234018,1.0
458,analcatdata_authorship,tabpfn,841,70,972,420,4,1,ok,,0.40452307369560003,0.04087800066918135,1.0
458,analcatdata_authorship,hydra,841,70,972,420,4,1,ok,,0.3839211631566286,0.04422613512724638,0.9999876022338867
458,analcatdata_authorship,hybrid_8l,841,70,972,420,4,2,ok,,0.3180851601064205,0.02911210246384144,1.0
458,analcatdata_authorship,tabpfn,841,70,972,420,4,2,ok,,0.6722201146185398,0.041626330465078354,1.0
458,analcatdata_authorship,hydra,841,70,972,420,4,2,ok,,0.5050219232216477,0.04408317431807518,0.9999876022338867
458,analcatdata_authorship,looped_transformer_6physical_core4x2,841,70,972,420,4,2,ok,,0.4583771666511893,0.034821366891264915,1.0
458,analcatdata_authorship,looped_transformer_6physical_core4x2,841,70,972,420,4,3,ok,,0.458040208555758,0.03485441021621227,1.0
458,analcatdata_authorship,hydra,841,70,972,420,4,3,ok,,0.720208547078073,0.0494725639000535,0.9999876022338867
458,analcatdata_authorship,hybrid_8l,841,70,972,420,4,3,ok,,0.8637388898059726,0.03223656117916107,1.0
458,analcatdata_authorship,tabpfn,841,70,972,420,4,3,ok,,0.4619603855535388,0.040818700566887856,1.0
458,analcatdata_authorship,hydra,841,70,972,420,4,4,ok,,0.41336851101368666,0.04397297464311123,0.9999876022338867
458,analcatdata_authorship,hybrid_8l,841,70,972,420,4,4,ok,,0.36684676725417376,0.02904332149773836,1.0
458,analcatdata_authorship,looped_transformer_6physical_core4x2,841,70,972,420,4,4,ok,,0.3782231602817774,0.03456434980034828,1.0
458,analcatdata_authorship,tabpfn,841,70,972,420,4,4,ok,,0.547224416397512,0.040876769460737705,1.0
458,analcatdata_authorship,tabpfn,841,70,972,420,4,5,ok,,0.48722743429243565,0.04093850590288639,1.0
458,analcatdata_authorship,hydra,841,70,972,420,4,5,ok,,0.3474167576059699,0.04408420529216528,0.9999876022338867
458,analcatdata_authorship,hybrid_8l,841,70,972,420,4,5,ok,,0.3425831515341997,0.029186973348259926,1.0
458,analcatdata_authorship,looped_transformer_6physical_core4x2,841,70,972,420,4,5,ok,,0.34651783388108015,0.034496172331273556,1.0
458,analcatdata_authorship,hydra,841,70,972,420,5,1,ok,,0.4187697246670723,0.04426096100360155,0.999954879283905
458,analcatdata_authorship,looped_transformer_6physical_core4x2,841,70,972,420,5,1,ok,,0.7625789074227214,0.039567108266055584,1.0
458,analcatdata_authorship,tabpfn,841,70,972,420,5,1,ok,,0.43338099494576454,0.04258062690496445,0.9999935030937195
458,analcatdata_authorship,hybrid_8l,841,70,972,420,5,1,ok,,0.34944127406924963,0.02938964683562517,1.0
458,analcatdata_authorship,looped_transformer_6physical_core4x2,841,70,972,420,5,2,ok,,0.4077351689338684,0.03458934836089611,1.0
458,analcatdata_authorship,tabpfn,841,70,972,420,5,2,ok,,0.35931861586868763,0.041087377816438675,0.9999935030937195
458,analcatdata_authorship,hybrid_8l,841,70,972,420,5,2,ok,,0.32052750792354345,0.029091191478073597,1.0
458,analcatdata_authorship,hydra,841,70,972,420,5,2,ok,,0.4055894650518894,0.04721052851527929,0.999954879283905
458,analcatdata_authorship,hybrid_8l,841,70,972,420,5,3,ok,,0.39954841043800116,0.029167878441512585,1.0
458,analcatdata_authorship,tabpfn,841,70,972,420,5,3,ok,,0.3732388885691762,0.04092934913933277,0.9999935030937195
458,analcatdata_authorship,looped_transformer_6physical_core4x2,841,70,972,420,5,3,ok,,0.5899057146161795,0.03694254718720913,1.0
458,analcatdata_authorship,hydra,841,70,972,420,5,3,ok,,0.47135607711970806,0.04390493594110012,0.999954879283905
458,analcatdata_authorship,tabpfn,841,70,972,420,5,4,ok,,0.3885410577058792,0.040864305570721626,0.9999935030937195
458,analcatdata_authorship,hydra,841,70,972,420,5,4,ok,,0.32311379723250866,0.04395213630050421,0.999954879283905
458,analcatdata_authorship,looped_transformer_6physical_core4x2,841,70,972,420,5,4,ok,,0.33760037180036306,0.03451876528561115,1.0
458,analcatdata_authorship,hybrid_8l,841,70,972,420,5,4,ok,,0.354758407920599,0.029128512367606163,1.0
458,analcatdata_authorship,hybrid_8l,841,70,972,420,5,5,ok,,0.6334377266466618,0.03435549605637789,1.0
458,analcatdata_authorship,tabpfn,841,70,972,420,5,5,ok,,0.7653290089219809,0.04299726616591215,0.9999935030937195
458,analcatdata_authorship,hydra,841,70,972,420,5,5,ok,,0.6723689492791891,0.046048286370933056,0.999954879283905
458,analcatdata_authorship,looped_transformer_6physical_core4x2,841,70,972,420,5,5,ok,,0.5489158220589161,0.03576137777417898,1.0
469,analcatdata_dmft,hydra,797,4,972,398,1,1,ok,,0.20246012415736914,0.05217391159385443,0.5566450953483582
469,analcatdata_dmft,tabpfn,797,4,972,398,1,1,ok,,0.15519703458994627,0.0475792670622468,0.5784197449684143
469,analcatdata_dmft,hybrid_8l,797,4,972,398,1,1,ok,,0.14711866155266762,0.030027225613594055,0.5852188467979431
469,analcatdata_dmft,looped_transformer_6physical_core4x2,797,4,972,398,1,1,ok,,0.21224206499755383,0.035866858437657356,0.5829238891601562
469,analcatdata_dmft,hydra,797,4,972,398,1,2,ok,,0.38042981177568436,0.048118989914655685,0.5566450953483582
469,analcatdata_dmft,tabpfn,797,4,972,398,1,2,ok,,0.405584005638957,0.04140930809080601,0.5784197449684143
469,analcatdata_dmft,looped_transformer_6physical_core4x2,797,4,972,398,1,2,ok,,0.5021067839115858,0.0349805299192667,0.5829238891601562
469,analcatdata_dmft,hybrid_8l,797,4,972,398,1,2,ok,,0.31907828338444233,0.03444010578095913,0.5852188467979431
469,analcatdata_dmft,hydra,797,4,972,398,1,3,ok,,0.40456592570990324,0.052112855948507786,0.5566450953483582
469,analcatdata_dmft,hybrid_8l,797,4,972,398,1,3,ok,,0.40141275245696306,0.03482686821371317,0.5852188467979431
469,analcatdata_dmft,looped_transformer_6physical_core4x2,797,4,972,398,1,3,ok,,0.44447196647524834,0.04022995475679636,0.5829238891601562
469,analcatdata_dmft,tabpfn,797,4,972,398,1,3,ok,,0.5135474177077413,0.05064076650887728,0.5784197449684143
469,analcatdata_dmft,tabpfn,797,4,972,398,1,4,ok,,0.3182304771617055,0.04769598785787821,0.5784197449684143
469,analcatdata_dmft,hydra,797,4,972,398,1,4,ok,,0.16188997495919466,0.05187674891203642,0.5566450953483582
469,analcatdata_dmft,looped_transformer_6physical_core4x2,797,4,972,398,1,4,ok,,0.1982497274875641,0.037494522519409657,0.5829238891601562
469,analcatdata_dmft,hybrid_8l,797,4,972,398,1,4,ok,,0.0897038308903575,0.03191102482378483,0.5852188467979431
469,analcatdata_dmft,tabpfn,797,4,972,398,1,5,ok,,0.15958055946975946,0.04423240665346384,0.5784197449684143
469,analcatdata_dmft,hybrid_8l,797,4,972,398,1,5,ok,,0.13805855810642242,0.03194007929414511,0.5852188467979431
469,analcatdata_dmft,hydra,797,4,972,398,1,5,ok,,0.15075458027422428,0.04850808624178171,0.5566450953483582
469,analcatdata_dmft,looped_transformer_6physical_core4x2,797,4,972,398,1,5,ok,,0.16239941027015448,0.037267591804265976,0.5829238891601562
469,analcatdata_dmft,hydra,797,4,972,398,2,1,ok,,0.17578323557972908,0.048590512946248055,0.5803341269493103
469,analcatdata_dmft,hybrid_8l,797,4,972,398,2,1,ok,,0.14252251386642456,0.032233575358986855,0.5948212146759033
469,analcatdata_dmft,looped_transformer_6physical_core4x2,797,4,972,398,2,1,ok,,0.14646610524505377,0.037335339933633804,0.5985174179077148
469,analcatdata_dmft,tabpfn,797,4,972,398,2,1,ok,,0.1553326528519392,0.044372291304171085,0.580539345741272
469,analcatdata_dmft,hybrid_8l,797,4,972,398,2,2,ok,,0.22792726010084152,0.032225729897618294,0.5948212146759033
469,analcatdata_dmft,tabpfn,797,4,972,398,2,2,ok,,0.1339818350970745,0.047696469351649284,0.580539345741272
469,analcatdata_dmft,hydra,797,4,972,398,2,2,ok,,0.09611579775810242,0.05199746787548065,0.5803341269493103
469,analcatdata_dmft,looped_transformer_6physical_core4x2,797,4,972,398,2,2,ok,,0.0773662980645895,0.034018054604530334,0.5985174179077148
469,analcatdata_dmft,looped_transformer_6physical_core4x2,797,4,972,398,2,3,ok,,0.11913449689745903,0.03335960954427719,0.5985174179077148
469,analcatdata_dmft,hybrid_8l,797,4,972,398,2,3,ok,,0.12526129372417927,0.02894292213022709,0.5948212146759033
469,analcatdata_dmft,hydra,797,4,972,398,2,3,ok,,0.08443535957485437,0.04364672675728798,0.5803341269493103
469,analcatdata_dmft,tabpfn,797,4,972,398,2,3,ok,,0.15656367409974337,0.03991733118891716,0.580539345741272
469,analcatdata_dmft,hydra,797,4,972,398,2,4,ok,,0.08971885964274406,0.04372071661055088,0.5803341269493103
469,analcatdata_dmft,looped_transformer_6physical_core4x2,797,4,972,398,2,4,ok,,0.13559753634035587,0.03336877562105656,0.5985174179077148
469,analcatdata_dmft,tabpfn,797,4,972,398,2,4,ok,,0.08038384467363358,0.039445457980036736,0.580539345741272
469,analcatdata_dmft,hybrid_8l,797,4,972,398,2,4,ok,,0.0774405486881733,0.02869286760687828,0.5948212146759033
469,analcatdata_dmft,tabpfn,797,4,972,398,2,5,ok,,0.08512012753635645,0.03946153912693262,0.580539345741272
469,analcatdata_dmft,hybrid_8l,797,4,972,398,2,5,ok,,0.06551286205649376,0.02864787168800831,0.5948212146759033
469,analcatdata_dmft,hydra,797,4,972,398,2,5,ok,,0.10653758235275745,0.043565153144299984,0.5803341269493103
469,analcatdata_dmft,looped_transformer_6physical_core4x2,797,4,972,398,2,5,ok,,0.07389695476740599,0.03337784297764301,0.5985174179077148
469,analcatdata_dmft,hybrid_8l,797,4,972,398,3,1,ok,,0.23200025781989098,0.029690097086131573,0.5881410837173462
469,analcatdata_dmft,hydra,797,4,972,398,3,1,ok,,0.35746342223137617,0.043841537088155746,0.5845770239830017
469,analcatdata_dmft,tabpfn,797,4,972,398,3,1,ok,,0.14818651415407658,0.03973913472145796,0.5788693428039551
469,analcatdata_dmft,looped_transformer_6physical_core4x2,797,4,972,398,3,1,ok,,0.07202093116939068,0.033388733863830566,0.5884107351303101
469,analcatdata_dmft,hybrid_8l,797,4,972,398,3,2,ok,,0.06484219152480364,0.028709239326417446,0.5881410837173462
469,analcatdata_dmft,looped_transformer_6physical_core4x2,797,4,972,398,3,2,ok,,0.09907300025224686,0.03342605475336313,0.5884107351303101
469,analcatdata_dmft,hydra,797,4,972,398,3,2,ok,,0.09266082290560007,0.04362757131457329,0.5845770239830017
469,analcatdata_dmft,tabpfn,797,4,972,398,3,2,ok,,0.07692570239305496,0.03965375293046236,0.5788693428039551
469,analcatdata_dmft,looped_transformer_6physical_core4x2,797,4,972,398,3,3,ok,,0.11470188945531845,0.03350339084863663,0.5884107351303101
469,analcatdata_dmft,hydra,797,4,972,398,3,3,ok,,0.17449226044118404,0.043803644366562366,0.5845770239830017
469,analcatdata_dmft,tabpfn,797,4,972,398,3,3,ok,,0.157346086576581,0.039582258090376854,0.5788693428039551
469,analcatdata_dmft,hybrid_8l,797,4,972,398,3,3,ok,,0.13593357149511576,0.02872302383184433,0.5881410837173462
469,analcatdata_dmft,looped_transformer_6physical_core4x2,797,4,972,398,3,4,ok,,0.07727771159261465,0.03333183657377958,0.5884107351303101
469,analcatdata_dmft,tabpfn,797,4,972,398,3,4,ok,,0.13873720448464155,0.0397104499861598,0.5788693428039551
469,analcatdata_dmft,hydra,797,4,972,398,3,4,ok,,0.08078932296484709,0.04353463463485241,0.5845770239830017
469,analcatdata_dmft,hybrid_8l,797,4,972,398,3,4,ok,,0.0649349968880415,0.028655076399445534,0.5881410837173462
469,analcatdata_dmft,hybrid_8l,797,4,972,398,3,5,ok,,0.08286662772297859,0.028719227761030197,0.5881410837173462
469,analcatdata_dmft,tabpfn,797,4,972,398,3,5,ok,,0.08719572890549898,0.03957756794989109,0.5788693428039551
469,analcatdata_dmft,looped_transformer_6physical_core4x2,797,4,972,398,3,5,ok,,0.19467815104871988,0.03611644171178341,0.5884107351303101
469,analcatdata_dmft,hydra,797,4,972,398,3,5,ok,,0.17576036229729652,0.04470203723758459,0.5845770239830017
469,analcatdata_dmft,hydra,797,4,972,398,4,1,ok,,0.26290926337242126,0.04382198955863714,0.5451471209526062
469,analcatdata_dmft,tabpfn,797,4,972,398,4,1,ok,,0.15939589031040668,0.03983352240175009,0.5597556829452515
469,analcatdata_dmft,hybrid_8l,797,4,972,398,4,1,ok,,0.09893476869910955,0.02870306745171547,0.5750206112861633
469,analcatdata_dmft,looped_transformer_6physical_core4x2,797,4,972,398,4,1,ok,,0.06920511648058891,0.03330473508685827,0.5694266557693481
469,analcatdata_dmft,hydra,797,4,972,398,4,2,ok,,0.08179785404354334,0.04351859539747238,0.5451471209526062
469,analcatdata_dmft,hybrid_8l,797,4,972,398,4,2,ok,,0.06492998823523521,0.02857653610408306,0.5750206112861633
469,analcatdata_dmft,looped_transformer_6physical_core4x2,797,4,972,398,4,2,ok,,0.12606055848300457,0.03359433263540268,0.5694266557693481
469,analcatdata_dmft,tabpfn,797,4,972,398,4,2,ok,,0.07704295497387648,0.0394693436101079,0.5597556829452515
469,analcatdata_dmft,looped_transformer_6physical_core4x2,797,4,972,398,4,3,ok,,0.18484361097216606,0.03350745886564255,0.5694266557693481
469,analcatdata_dmft,tabpfn,797,4,972,398,4,3,ok,,0.18154793698340654,0.03960628341883421,0.5597556829452515
469,analcatdata_dmft,hybrid_8l,797,4,972,398,4,3,ok,,0.14246389362961054,0.028809928335249424,0.5750206112861633
469,analcatdata_dmft,hydra,797,4,972,398,4,3,ok,,0.151642682030797,0.043639593757689,0.5451471209526062
469,analcatdata_dmft,hydra,797,4,972,398,4,4,ok,,0.09222765360027552,0.043588646687567234,0.5451471209526062
469,analcatdata_dmft,tabpfn,797,4,972,398,4,4,ok,,0.11873146332800388,0.03950502071529627,0.5597556829452515
469,analcatdata_dmft,hybrid_8l,797,4,972,398,4,4,ok,,0.06464955769479275,0.02860583271831274,0.5750206112861633
469,analcatdata_dmft,looped_transformer_6physical_core4x2,797,4,972,398,4,4,ok,,0.06956898607313633,0.03354887664318085,0.5694266557693481
469,analcatdata_dmft,looped_transformer_6physical_core4x2,797,4,972,398,4,5,ok,,0.06946918647736311,0.0334679139778018,0.5694266557693481
469,analcatdata_dmft,hybrid_8l,797,4,972,398,4,5,ok,,0.1641664793714881,0.029025979340076447,0.5750206112861633
469,analcatdata_dmft,tabpfn,797,4,972,398,4,5,ok,,0.29443009942770004,0.03955399431288242,0.5597556829452515
469,analcatdata_dmft,hydra,797,4,972,398,4,5,ok,,0.41426122561097145,0.043968127109110355,0.5451471209526062
469,analcatdata_dmft,hybrid_8l,797,4,972,398,5,1,ok,,0.3765696194022894,0.02946830727159977,0.5955395102500916
469,analcatdata_dmft,hydra,797,4,972,398,5,1,ok,,0.3605128116905689,0.043674069456756115,0.5643451809883118
469,analcatdata_dmft,tabpfn,797,4,972,398,5,1,ok,,0.16942139342427254,0.04194472264498472,0.5796971321105957
469,analcatdata_dmft,looped_transformer_6physical_core4x2,797,4,972,398,5,1,ok,,0.10640695411711931,0.038636464625597,0.5850442051887512
469,analcatdata_dmft,tabpfn,797,4,972,398,5,2,ok,,0.10337387770414352,0.046122598461806774,0.5796971321105957
469,analcatdata_dmft,hybrid_8l,797,4,972,398,5,2,ok,,0.0680476538836956,0.03337685111910105,0.5955395102500916
469,analcatdata_dmft,hydra,797,4,972,398,5,2,ok,,0.0913140419870615,0.05029010307043791,0.5643451809883118
469,analcatdata_dmft,looped_transformer_6physical_core4x2,797,4,972,398,5,2,ok,,0.28491749707609415,0.033509451895952225,0.5850442051887512
469,analcatdata_dmft,tabpfn,797,4,972,398,5,3,ok,,0.5603333143517375,0.039923383854329586,0.5796971321105957
469,analcatdata_dmft,hydra,797,4,972,398,5,3,ok,,0.20459838584065437,0.04471700545400381,0.5643451809883118
469,analcatdata_dmft,hybrid_8l,797,4,972,398,5,3,ok,,0.16527627035975456,0.029451304115355015,0.5955395102500916
469,analcatdata_dmft,looped_transformer_6physical_core4x2,797,4,972,398,5,3,ok,,0.1778764519840479,0.033944327384233475,0.5850442051887512
469,analcatdata_dmft,looped_transformer_6physical_core4x2,797,4,972,398,5,4,ok,,0.15850617550313473,0.033634960651397705,0.5850442051887512
469,analcatdata_dmft,tabpfn,797,4,972,398,5,4,ok,,0.15104212518781424,0.039449114352464676,0.5796971321105957
469,analcatdata_dmft,hydra,797,4,972,398,5,4,ok,,0.1835708599537611,0.05530578549951315,0.5643451809883118
469,analcatdata_dmft,hybrid_8l,797,4,972,398,5,4,ok,,0.33218901231884956,0.03718229103833437,0.5955395102500916
469,analcatdata_dmft,tabpfn,797,4,972,398,5,5,ok,,0.4458736749365926,0.04804355651140213,0.5796971321105957
469,analcatdata_dmft,hydra,797,4,972,398,5,5,ok,,0.20411160308867693,0.05193156283348799,0.5643451809883118
469,analcatdata_dmft,looped_transformer_6physical_core4x2,797,4,972,398,5,5,ok,,0.22953540831804276,0.040107933804392815,0.5850442051887512
469,analcatdata_dmft,hybrid_8l,797,4,972,398,5,5,ok,,0.25238649919629097,0.04640343878418207,0.5955395102500916
1049,pc4,looped_transformer_6physical_core4x2,1458,37,972,512,1,1,ok,,0.7396642128005624,0.02412048541009426,0.9093223214149475
1049,pc4,tabpfn,1458,37,972,512,1,1,ok,,0.6669793836772442,0.029335265047848225,0.9093576669692993
1049,pc4,hydra,1458,37,972,512,1,1,ok,,0.6472016554325819,0.03264475520700216,0.9021812081336975
1049,pc4,hybrid_8l,1458,37,972,512,1,1,ok,,0.44347439985722303,0.019933332689106464,0.9100293517112732
1049,pc4,looped_transformer_6physical_core4x2,1458,37,972,512,1,2,ok,,0.19652954023331404,0.023936457000672817,0.9093223214149475
1049,pc4,hydra,1458,37,972,512,1,2,ok,,0.18526932783424854,0.028261329978704453,0.9021812081336975
1049,pc4,tabpfn,1458,37,972,512,1,2,ok,,0.19505300279706717,0.028006277047097683,0.9093576669692993
1049,pc4,hybrid_8l,1458,37,972,512,1,2,ok,,0.17393082659691572,0.01985268108546734,0.9100293517112732
1049,pc4,tabpfn,1458,37,972,512,1,3,ok,,0.19269599672406912,0.028144439682364464,0.9093576669692993
1049,pc4,looped_transformer_6physical_core4x2,1458,37,972,512,1,3,ok,,0.2426411174237728,0.023598517291247845,0.9093223214149475
1049,pc4,hybrid_8l,1458,37,972,512,1,3,ok,,0.23331284429877996,0.0201506856828928,0.9100293517112732
1049,pc4,hydra,1458,37,972,512,1,3,ok,,0.38003325276076794,0.028165679425001144,0.9021812081336975
1049,pc4,hybrid_8l,1458,37,972,512,1,4,ok,,0.6644660327583551,0.023605220019817352,0.9100293517112732
1049,pc4,hydra,1458,37,972,512,1,4,ok,,0.8624790925532579,0.029935250990092754,0.9021812081336975
1049,pc4,looped_transformer_6physical_core4x2,1458,37,972,512,1,4,ok,,0.4259288003668189,0.02386163640767336,0.9093223214149475
1049,pc4,tabpfn,1458,37,972,512,1,4,ok,,0.31435118056833744,0.028423236683011055,0.9093576669692993
1049,pc4,looped_transformer_6physical_core4x2,1458,37,972,512,1,5,ok,,0.3241357672959566,0.02370742242783308,0.9093223214149475
1049,pc4,tabpfn,1458,37,972,512,1,5,ok,,0.1960295019671321,0.028529598377645016,0.9093576669692993
1049,pc4,hydra,1458,37,972,512,1,5,ok,,0.264921385794878,0.028319861739873886,0.9021812081336975
1049,pc4,hybrid_8l,1458,37,972,512,1,5,ok,,0.25198743399232626,0.01947573572397232,0.9100293517112732
1049,pc4,looped_transformer_6physical_core4x2,1458,37,972,512,2,1,ok,,0.1790016833692789,0.02364935353398323,0.9446210861206055
1049,pc4,tabpfn,1458,37,972,512,2,1,ok,,0.3242425285279751,0.028265888802707195,0.947900116443634
1049,pc4,hybrid_8l,1458,37,972,512,2,1,ok,,0.19925356097519398,0.019581557251513004,0.9418389201164246
1049,pc4,hydra,1458,37,972,512,2,1,ok,,0.1971877971664071,0.027991809882223606,0.9260069131851196
1049,pc4,looped_transformer_6physical_core4x2,1458,37,972,512,2,2,ok,,0.18850006815046072,0.02372798230499029,0.9446210861206055
1049,pc4,hybrid_8l,1458,37,972,512,2,2,ok,,0.3334457343444228,0.019567019306123257,0.9418389201164246
1049,pc4,hydra,1458,37,972,512,2,2,ok,,0.3093830281868577,0.027986799366772175,0.9260069131851196
1049,pc4,tabpfn,1458,37,972,512,2,2,ok,,0.29150337632745504,0.02794137503951788,0.947900116443634
1049,pc4,tabpfn,1458,37,972,512,2,3,ok,,0.18807023391127586,0.028039931319653988,0.947900116443634
1049,pc4,hydra,1458,37,972,512,2,3,ok,,0.3661809712648392,0.02799105830490589,0.9260069131851196
1049,pc4,hybrid_8l,1458,37,972,512,2,3,ok,,0.20195489842444658,0.019794659689068794,0.9418389201164246
1049,pc4,looped_transformer_6physical_core4x2,1458,37,972,512,2,3,ok,,0.44975694362074137,0.026812614873051643,0.9446210861206055
1049,pc4,looped_transformer_6physical_core4x2,1458,37,972,512,2,4,ok,,0.4299782030284405,0.023853530175983906,0.9446210861206055
1049,pc4,hybrid_8l,1458,37,972,512,2,4,ok,,0.37950313929468393,0.01957270037382841,0.9418389201164246
1049,pc4,hydra,1458,37,972,512,2,4,ok,,0.3135592807084322,0.027984817512333393,0.9260069131851196
1049,pc4,tabpfn,1458,37,972,512,2,4,ok,,0.32628280483186245,0.028340100310742855,0.947900116443634
1049,pc4,hybrid_8l,1458,37,972,512,2,5,ok,,0.2438016263768077,0.01953109074383974,0.9418389201164246
1049,pc4,tabpfn,1458,37,972,512,2,5,ok,,0.30836798530071974,0.028026936575770378,0.947900116443634
1049,pc4,looped_transformer_6physical_core4x2,1458,37,972,512,2,5,ok,,0.34800312388688326,0.023828553035855293,0.9446210861206055
1049,pc4,hydra,1458,37,972,512,2,5,ok,,0.29187299590557814,0.02793313842266798,0.9260069131851196
1049,pc4,hybrid_8l,1458,37,972,512,3,1,ok,,0.20440226513892412,0.019524147734045982,0.9231733083724976
1049,pc4,hydra,1458,37,972,512,3,1,ok,,0.2272301521152258,0.02799306157976389,0.9174008965492249
1049,pc4,looped_transformer_6physical_core4x2,1458,37,972,512,3,1,ok,,0.23206403013318777,0.02374543622136116,0.9301230311393738
1049,pc4,tabpfn,1458,37,972,512,3,1,ok,,0.2885672841221094,0.03234589844942093,0.9390095472335815
1049,pc4,tabpfn,1458,37,972,512,3,2,ok,,0.656079757027328,0.03239809721708298,0.9390095472335815
1049,pc4,hybrid_8l,1458,37,972,512,3,2,ok,,0.7046044263988733,0.02578538004308939,0.9231733083724976
1049,pc4,hydra,1458,37,972,512,3,2,ok,,0.6063920659944415,0.03030295856297016,0.9174008965492249
1049,pc4,looped_transformer_6physical_core4x2,1458,37,972,512,3,2,ok,,0.39441689383238554,0.025504748336970806,0.9301230311393738
1049,pc4,looped_transformer_6physical_core4x2,1458,37,972,512,3,3,ok,,0.3115140972658992,0.02373765129595995,0.9301230311393738
1049,pc4,tabpfn,1458,37,972,512,3,3,ok,,0.354251841083169,0.02874251175671816,0.9390095472335815
1049,pc4,hybrid_8l,1458,37,972,512,3,3,ok,,0.3305088924244046,0.019412637688219547,0.9231733083724976
1049,pc4,hydra,1458,37,972,512,3,3,ok,,0.2551197772845626,0.028005565516650677,0.9174008965492249
1049,pc4,hydra,1458,37,972,512,3,4,ok,,0.26178405433893204,0.028147444128990173,0.9174008965492249
1049,pc4,tabpfn,1458,37,972,512,3,4,ok,,0.3157225092872977,0.028092880733311176,0.9390095472335815
1049,pc4,looped_transformer_6physical_core4x2,1458,37,972,512,3,4,ok,,0.38871842809021473,0.02386667486280203,0.9301230311393738
1049,pc4,hybrid_8l,1458,37,972,512,3,4,ok,,0.26009786035865545,0.01955945510417223,0.9231733083724976
1049,pc4,looped_transformer_6physical_core4x2,1458,37,972,512,3,5,ok,,0.17323742527514696,0.023714176379144192,0.9301230311393738
1049,pc4,hydra,1458,37,972,512,3,5,ok,,0.4561779173091054,0.0279010571539402,0.9174008965492249
1049,pc4,hybrid_8l,1458,37,972,512,3,5,ok,,0.2836859468370676,0.019633405841886997,0.9231733083724976
1049,pc4,tabpfn,1458,37,972,512,3,5,ok,,0.31136221904307604,0.028115594759583473,0.9390095472335815
1049,pc4,tabpfn,1458,37,972,512,4,1,ok,,0.49842944275587797,0.028154036961495876,0.929912805557251
1049,pc4,looped_transformer_6physical_core4x2,1458,37,972,512,4,1,ok,,0.2974377488717437,0.0238302955403924,0.9288908243179321
1049,pc4,hybrid_8l,1458,37,972,512,4,1,ok,,0.2140563651919365,0.019614879973232746,0.9312382340431213
1049,pc4,hydra,1458,37,972,512,4,1,ok,,0.22346865572035313,0.028094403445720673,0.9052409529685974
1049,pc4,hydra,1458,37,972,512,4,2,ok,,0.41275210957974195,0.028072702698409557,0.9052409529685974
1049,pc4,looped_transformer_6physical_core4x2,1458,37,972,512,4,2,ok,,0.24456237815320492,0.023683005943894386,0.9288908243179321
1049,pc4,tabpfn,1458,37,972,512,4,2,ok,,0.23633628524839878,0.02813052386045456,0.929912805557251
1049,pc4,hybrid_8l,1458,37,972,512,4,2,ok,,0.3875058712437749,0.02006191574037075,0.9312382340431213
1049,pc4,tabpfn,1458,37,972,512,4,3,ok,,0.29023720789700747,0.02806264441460371,0.929912805557251
1049,pc4,hydra,1458,37,972,512,4,3,ok,,0.2207328248769045,0.028025714680552483,0.9052409529685974
1049,pc4,looped_transformer_6physical_core4x2,1458,37,972,512,4,3,ok,,0.32314376905560493,0.023667416535317898,0.9288908243179321
1049,pc4,hybrid_8l,1458,37,972,512,4,3,ok,,0.34174580965191126,0.019618676975369453,0.9312382340431213
1049,pc4,hydra,1458,37,972,512,4,4,ok,,0.24998118355870247,0.027883795090019703,0.9052409529685974
1049,pc4,looped_transformer_6physical_core4x2,1458,37,972,512,4,4,ok,,0.22112424485385418,0.023712883703410625,0.9288908243179321
1049,pc4,tabpfn,1458,37,972,512,4,4,ok,,0.20280752517282963,0.02807378489524126,0.929912805557251
1049,pc4,hybrid_8l,1458,37,972,512,4,4,ok,,0.23734173830598593,0.019600803963840008,0.9312382340431213
1049,pc4,tabpfn,1458,37,972,512,4,5,ok,,0.369603605940938,0.028223578818142414,0.929912805557251
1049,pc4,hybrid_8l,1458,37,972,512,4,5,ok,,0.24296367075294256,0.019699941389262676,0.9312382340431213
1049,pc4,looped_transformer_6physical_core4x2,1458,37,972,512,4,5,ok,,0.2396694179624319,0.023849752731621265,0.9288908243179321
1049,pc4,hydra,1458,37,972,512,4,5,ok,,0.1994203682988882,0.02785969991236925,0.9052409529685974
1049,pc4,looped_transformer_6physical_core4x2,1458,37,972,512,5,1,ok,,0.17917217779904604,0.023638922721147537,0.934036374092102
1049,pc4,tabpfn,1458,37,972,512,5,1,ok,,0.3721685754135251,0.0281119579449296,0.939146876335144
1049,pc4,hydra,1458,37,972,512,5,1,ok,,0.31954678520560265,0.02802227810025215,0.9187935590744019
1049,pc4,hybrid_8l,1458,37,972,512,5,1,ok,,0.3814393486827612,0.0223268186673522,0.942130446434021
1049,pc4,tabpfn,1458,37,972,512,5,2,ok,,0.3482265882194042,0.02810086589306593,0.939146876335144
1049,pc4,hybrid_8l,1458,37,972,512,5,2,ok,,0.3348184274509549,0.02378353662788868,0.942130446434021
1049,pc4,looped_transformer_6physical_core4x2,1458,37,972,512,5,2,ok,,0.3026442937552929,0.023762297816574574,0.934036374092102
1049,pc4,hydra,1458,37,972,512,5,2,ok,,0.34111237060278654,0.027886029332876205,0.9187935590744019
1049,pc4,looped_transformer_6physical_core4x2,1458,37,972,512,5,3,ok,,0.40848316438496113,0.025459432043135166,0.934036374092102
1049,pc4,hybrid_8l,1458,37,972,512,5,3,ok,,0.5058251162990928,0.021554545499384403,0.942130446434021
1049,pc4,tabpfn,1458,37,972,512,5,3,ok,,0.6358633702620864,0.02826638985425234,0.939146876335144
1049,pc4,hydra,1458,37,972,512,5,3,ok,,0.5307912938296795,0.03018546663224697,0.9187935590744019
1049,pc4,looped_transformer_6physical_core4x2,1458,37,972,512,5,4,ok,,0.40576433297246695,0.023887413553893566,0.934036374092102
1049,pc4,hydra,1458,37,972,512,5,4,ok,,0.41161985602229834,0.032537421211600304,0.9187935590744019
1049,pc4,tabpfn,1458,37,972,512,5,4,ok,,0.37638992350548506,0.028218048624694347,0.939146876335144
1049,pc4,hybrid_8l,1458,37,972,512,5,4,ok,,0.34836913831532,0.019716261886060238,0.942130446434021
1049,pc4,hydra,1458,37,972,512,5,5,ok,,0.4012813903391361,0.031058779917657375,0.9187935590744019
1049,pc4,hybrid_8l,1458,37,972,512,5,5,ok,,0.459341574460268,0.02600732073187828,0.942130446434021
1049,pc4,looped_transformer_6physical_core4x2,1458,37,972,512,5,5,ok,,0.3991952380165458,0.024088595062494278,0.934036374092102
1049,pc4,tabpfn,1458,37,972,512,5,5,ok,,0.3979519736021757,0.028155420906841755,0.939146876335144
1050,pc3,hydra,1563,37,972,512,1,1,ok,,0.35065654292702675,0.028508939780294895,0.8497858643531799
1050,pc3,tabpfn,1563,37,972,512,1,1,ok,,0.3624951709061861,0.028104964643716812,0.8528215885162354
1050,pc3,looped_transformer_6physical_core4x2,1563,37,972,512,1,1,ok,,0.3147255424410105,0.02381540834903717,0.8639886975288391
1050,pc3,hybrid_8l,1563,37,972,512,1,1,ok,,0.41825943533331156,0.019636159762740135,0.8503279685974121
1050,pc3,tabpfn,1563,37,972,512,1,2,ok,,0.3707116963341832,0.028222016990184784,0.8528215885162354
1050,pc3,looped_transformer_6physical_core4x2,1563,37,972,512,1,2,ok,,0.332459157332778,0.02382600773125887,0.8639886975288391
1050,pc3,hydra,1563,37,972,512,1,2,ok,,0.1842591455206275,0.02797328494489193,0.8497858643531799
1050,pc3,hybrid_8l,1563,37,972,512,1,2,ok,,0.193006687797606,0.019569954834878445,0.8503279685974121
1050,pc3,hydra,1563,37,972,512,1,3,ok,,0.22037315275520086,0.03027698863297701,0.8497858643531799
1050,pc3,looped_transformer_6physical_core4x2,1563,37,972,512,1,3,ok,,0.26102419663220644,0.023775512352585793,0.8639886975288391
1050,pc3,tabpfn,1563,37,972,512,1,3,ok,,0.3025631411001086,0.028242995962500572,0.8528215885162354
1050,pc3,hybrid_8l,1563,37,972,512,1,3,ok,,0.22896329686045647,0.019579202868044376,0.8503279685974121
1050,pc3,hybrid_8l,1563,37,972,512,1,4,ok,,0.17038519121706486,0.019586646929383278,0.8503279685974121
1050,pc3,tabpfn,1563,37,972,512,1,4,ok,,0.31586471013724804,0.02824420854449272,0.8528215885162354
1050,pc3,looped_transformer_6physical_core4x2,1563,37,972,512,1,4,ok,,0.3365142596885562,0.02388780564069748,0.8639886975288391
1050,pc3,hydra,1563,37,972,512,1,4,ok,,0.354107029736042,0.028028570115566254,0.8497858643531799
1050,pc3,hydra,1563,37,972,512,1,5,ok,,0.33311999030411243,0.030231723561882973,0.8497858643531799
1050,pc3,hybrid_8l,1563,37,972,512,1,5,ok,,0.35353154968470335,0.024646773003041744,0.8503279685974121
1050,pc3,tabpfn,1563,37,972,512,1,5,ok,,0.39593546371906996,0.028442924842238426,0.8528215885162354
1050,pc3,looped_transformer_6physical_core4x2,1563,37,972,512,1,5,ok,,0.4089289391413331,0.023857547901570797,0.8639886975288391
1050,pc3,tabpfn,1563,37,972,512,2,1,ok,,0.40706987772136927,0.028163325041532516,0.8394255042076111
1050,pc3,hybrid_8l,1563,37,972,512,2,1,ok,,0.786931348964572,0.02901754342019558,0.8372855186462402
1050,pc3,looped_transformer_6physical_core4x2,1563,37,972,512,2,1,ok,,0.7389946328476071,0.024629429914057255,0.842664361000061
1050,pc3,hydra,1563,37,972,512,2,1,ok,,0.6905811242759228,0.030720108188688755,0.8121457695960999
1050,pc3,tabpfn,1563,37,972,512,2,2,ok,,0.565544605255127,0.028208660893142223,0.8394255042076111
1050,pc3,hybrid_8l,1563,37,972,512,2,2,ok,,0.3234432889148593,0.02285138051956892,0.8372855186462402
1050,pc3,looped_transformer_6physical_core4x2,1563,37,972,512,2,2,ok,,0.3114335462450981,0.02376548293977976,0.842664361000061
1050,pc3,hydra,1563,37,972,512,2,2,ok,,0.33524669986218214,0.02801655698567629,0.8121457695960999
1050,pc3,tabpfn,1563,37,972,512,2,3,ok,,0.6819767542183399,0.033604564145207405,0.8394255042076111
1050,pc3,hybrid_8l,1563,37,972,512,2,3,ok,,0.7758394759148359,0.03567019756883383,0.8372855186462402
1050,pc3,hydra,1563,37,972,512,2,3,ok,,0.720219986513257,0.046497056260704994,0.8121457695960999
1050,pc3,looped_transformer_6physical_core4x2,1563,37,972,512,2,3,ok,,0.69853441324085,0.02649451419711113,0.842664361000061
1050,pc3,tabpfn,1563,37,972,512,2,4,ok,,0.7189573552459478,0.03474000375717878,0.8394255042076111
1050,pc3,hybrid_8l,1563,37,972,512,2,4,ok,,0.4779937621206045,0.019767028279602528,0.8372855186462402
1050,pc3,hydra,1563,37,972,512,2,4,ok,,0.35538893938064575,0.028166801668703556,0.8121457695960999
1050,pc3,looped_transformer_6physical_core4x2,1563,37,972,512,2,4,ok,,0.356690876185894,0.025080766528844833,0.842664361000061
1050,pc3,tabpfn,1563,37,972,512,2,5,ok,,0.30940423160791397,0.02807360514998436,0.8394255042076111
1050,pc3,hybrid_8l,1563,37,972,512,2,5,ok,,0.3357101287692785,0.01969132572412491,0.8372855186462402
1050,pc3,looped_transformer_6physical_core4x2,1563,37,972,512,2,5,ok,,0.3231021920219064,0.023806721903383732,0.842664361000061
1050,pc3,hydra,1563,37,972,512,2,5,ok,,0.31869117729365826,0.028202648274600506,0.8121457695960999
1050,pc3,hybrid_8l,1563,37,972,512,3,1,ok,,0.33786484971642494,0.02248903550207615,0.8125558495521545
1050,pc3,tabpfn,1563,37,972,512,3,1,ok,,0.34254766162484884,0.03139456734061241,0.8120454549789429
1050,pc3,hydra,1563,37,972,512,3,1,ok,,0.328173971734941,0.028007970191538334,0.7977117300033569
1050,pc3,looped_transformer_6physical_core4x2,1563,37,972,512,3,1,ok,,0.33391766157001257,0.02373660821467638,0.8082174062728882
1050,pc3,tabpfn,1563,37,972,512,3,2,ok,,0.34334173519164324,0.02814425900578499,0.8120454549789429
1050,pc3,hybrid_8l,1563,37,972,512,3,2,ok,,0.27473165560513735,0.019755546934902668,0.8125558495521545
1050,pc3,looped_transformer_6physical_core4x2,1563,37,972,512,3,2,ok,,0.22851953748613596,0.023752047680318356,0.8082174062728882
1050,pc3,hydra,1563,37,972,512,3,2,ok,,0.29037788696587086,0.02834815438836813,0.7977117300033569
1050,pc3,hydra,1563,37,972,512,3,3,ok,,0.3516420116648078,0.02810899168252945,0.7977117300033569
1050,pc3,hybrid_8l,1563,37,972,512,3,3,ok,,0.5790575165301561,0.029069220647215843,0.8125558495521545
1050,pc3,looped_transformer_6physical_core4x2,1563,37,972,512,3,3,ok,,0.30316360108554363,0.023741829209029675,0.8082174062728882
1050,pc3,tabpfn,1563,37,972,512,3,3,ok,,0.3295316146686673,0.028226484544575214,0.8120454549789429
1050,pc3,hybrid_8l,1563,37,972,512,3,4,ok,,0.22653980553150177,0.019584222696721554,0.8125558495521545
1050,pc3,tabpfn,1563,37,972,512,3,4,ok,,0.3285200968384743,0.031239252537488937,0.8120454549789429
1050,pc3,hydra,1563,37,972,512,3,4,ok,,0.24396899715065956,0.028027888387441635,0.7977117300033569
1050,pc3,looped_transformer_6physical_core4x2,1563,37,972,512,3,4,ok,,0.25170402973890305,0.023971354588866234,0.8082174062728882
1050,pc3,hybrid_8l,1563,37,972,512,3,5,ok,,0.6118379887193441,0.03021190594881773,0.8125558495521545
1050,pc3,tabpfn,1563,37,972,512,3,5,ok,,0.8030360117554665,0.028433846309781075,0.8120454549789429
1050,pc3,hydra,1563,37,972,512,3,5,ok,,0.3606716971844435,0.028230231255292892,0.7977117300033569
1050,pc3,looped_transformer_6physical_core4x2,1563,37,972,512,3,5,ok,,0.3424655068665743,0.024591056630015373,0.8082174062728882
1050,pc3,hydra,1563,37,972,512,4,1,ok,,0.3148588966578245,0.0284647261723876,0.7844139933586121
1050,pc3,hybrid_8l,1563,37,972,512,4,1,ok,,0.3178410567343235,0.01976153813302517,0.7924802899360657
1050,pc3,looped_transformer_6physical_core4x2,1563,37,972,512,4,1,ok,,0.30856772791594267,0.023832079954445362,0.7974610924720764
1050,pc3,tabpfn,1563,37,972,512,4,1,ok,,0.3076789239421487,0.0281702084466815,0.7964913845062256
1050,pc3,looped_transformer_6physical_core4x2,1563,37,972,512,4,2,ok,,0.30740821175277233,0.02377467043697834,0.7974610924720764
1050,pc3,hybrid_8l,1563,37,972,512,4,2,ok,,0.6453299392014742,0.022730853408575058,0.7924802899360657
1050,pc3,tabpfn,1563,37,972,512,4,2,ok,,0.8707098700106144,0.02842196449637413,0.7964913845062256
1050,pc3,hydra,1563,37,972,512,4,2,ok,,0.7131963223218918,0.033924479968845844,0.7844139933586121
1050,pc3,hybrid_8l,1563,37,972,512,4,3,ok,,0.740828150883317,0.022845830768346786,0.7924802899360657
1050,pc3,tabpfn,1563,37,972,512,4,3,ok,,0.9514790065586567,0.028284314088523388,0.7964913845062256
1050,pc3,looped_transformer_6physical_core4x2,1563,37,972,512,4,3,ok,,0.48570008389651775,0.023738461546599865,0.7974610924720764
1050,pc3,hydra,1563,37,972,512,4,3,ok,,0.47844810504466295,0.028020383790135384,0.7844139933586121
1050,pc3,hydra,1563,37,972,512,4,4,ok,,0.5233467863872647,0.030093281529843807,0.7844139933586121
1050,pc3,looped_transformer_6physical_core4x2,1563,37,972,512,4,4,ok,,0.5413760403171182,0.023832108825445175,0.7974610924720764
1050,pc3,hybrid_8l,1563,37,972,512,4,4,ok,,0.550727266818285,0.019703769125044346,0.7924802899360657
1050,pc3,tabpfn,1563,37,972,512,4,4,ok,,0.4130142405629158,0.028133317828178406,0.7964913845062256
1050,pc3,looped_transformer_6physical_core4x2,1563,37,972,512,4,5,ok,,0.33811700996011496,0.024025525897741318,0.7974610924720764
1050,pc3,hydra,1563,37,972,512,4,5,ok,,0.3432371290400624,0.028124951757490635,0.7844139933586121
1050,pc3,hybrid_8l,1563,37,972,512,4,5,ok,,0.29890572372823954,0.01975366286933422,0.7924802899360657
1050,pc3,tabpfn,1563,37,972,512,4,5,ok,,0.32413632329553366,0.028102909214794636,0.7964913845062256
1050,pc3,hydra,1563,37,972,512,5,1,ok,,0.26733982283622026,0.027978244237601757,0.83576500415802
1050,pc3,tabpfn,1563,37,972,512,5,1,ok,,0.28613504860550165,0.02812610473483801,0.8180676102638245
1050,pc3,looped_transformer_6physical_core4x2,1563,37,972,512,5,1,ok,,0.3157416796311736,0.023672057315707207,0.84548419713974
1050,pc3,hybrid_8l,1563,37,972,512,5,1,ok,,0.28159893676638603,0.019412986934185028,0.8440075516700745
1050,pc3,looped_transformer_6physical_core4x2,1563,37,972,512,5,2,ok,,0.3037748485803604,0.023810388520359993,0.84548419713974
1050,pc3,hybrid_8l,1563,37,972,512,5,2,ok,,0.3076007664203644,0.01962914690375328,0.8440075516700745
1050,pc3,hydra,1563,37,972,512,5,2,ok,,0.3380127614364028,0.028016347438097,0.83576500415802
1050,pc3,tabpfn,1563,37,972,512,5,2,ok,,0.35394352301955223,0.028093542903661728,0.8180676102638245
1050,pc3,hybrid_8l,1563,37,972,512,5,3,ok,,0.3281876891851425,0.01944892667233944,0.8440075516700745
1050,pc3,hydra,1563,37,972,512,5,3,ok,,0.3038399936631322,0.028044058941304684,0.83576500415802
1050,pc3,tabpfn,1563,37,972,512,5,3,ok,,0.22869591135531664,0.028285116888582706,0.8180676102638245
1050,pc3,looped_transformer_6physical_core4x2,1563,37,972,512,5,3,ok,,0.3171949330717325,0.023824245668947697,0.84548419713974
1050,pc3,hybrid_8l,1563,37,972,512,5,4,ok,,0.3182863714173436,0.01963991764932871,0.8440075516700745
1050,pc3,hydra,1563,37,972,512,5,4,ok,,0.33224923349916935,0.028564666397869587,0.83576500415802
1050,pc3,looped_transformer_6physical_core4x2,1563,37,972,512,5,4,ok,,0.3245696136727929,0.02379317581653595,0.84548419713974
1050,pc3,tabpfn,1563,37,972,512,5,4,ok,,0.381179491057992,0.028056543320417404,0.8180676102638245
1050,pc3,hydra,1563,37,972,512,5,5,ok,,0.35306608118116856,0.028045070357620716,0.83576500415802
1050,pc3,hybrid_8l,1563,37,972,512,5,5,ok,,0.37342113349586725,0.021725970320403576,0.8440075516700745
1050,pc3,tabpfn,1563,37,972,512,5,5,ok,,0.3645124062895775,0.02813846804201603,0.8180676102638245
1050,pc3,looped_transformer_6physical_core4x2,1563,37,972,512,5,5,ok,,0.35686183255165815,0.024317909963428974,0.84548419713974
1063,kc2,hydra,522,21,972,261,1,1,ok,,0.14259889349341393,0.019075889140367508,0.8613269925117493
1063,kc2,looped_transformer_6physical_core4x2,522,21,972,261,1,1,ok,,0.1427832217887044,0.014414258301258087,0.8657819628715515
1063,kc2,tabpfn,522,21,972,261,1,1,ok,,0.14758221246302128,0.016947797499597073,0.8705213069915771
1063,kc2,hybrid_8l,522,21,972,261,1,1,ok,,0.12936617340892553,0.012476085685193539,0.8174407482147217
1063,kc2,tabpfn,522,21,972,261,1,2,ok,,0.15547817293554544,0.016978024505078793,0.8705213069915771
1063,kc2,looped_transformer_6physical_core4x2,522,21,972,261,1,2,ok,,0.1550314761698246,0.016709215939044952,0.8657819628715515
1063,kc2,hybrid_8l,522,21,972,261,1,2,ok,,0.15083543676882982,0.02014165837317705,0.8174407482147217
1063,kc2,hydra,522,21,972,261,1,2,ok,,0.14895478449761868,0.017682719975709915,0.8613269925117493
1063,kc2,tabpfn,522,21,972,261,1,3,ok,,0.14438138995319605,0.016971683129668236,0.8705213069915771
1063,kc2,hybrid_8l,522,21,972,261,1,3,ok,,0.1583944270387292,0.015460298396646976,0.8174407482147217
1063,kc2,hydra,522,21,972,261,1,3,ok,,0.14112806599587202,0.01762167364358902,0.8613269925117493
1063,kc2,looped_transformer_6physical_core4x2,522,21,972,261,1,3,ok,,0.1599723268300295,0.015191399492323399,0.8657819628715515
1063,kc2,tabpfn,522,21,972,261,1,4,ok,,0.15018824115395546,0.017135432921350002,0.8705213069915771
1063,kc2,hydra,522,21,972,261,1,4,ok,,0.1428058547899127,0.01765539776533842,0.8613269925117493
1063,kc2,hybrid_8l,522,21,972,261,1,4,ok,,0.13689305167645216,0.012706803157925606,0.8174407482147217
1063,kc2,looped_transformer_6physical_core4x2,522,21,972,261,1,4,ok,,0.15983720030635595,0.014574951492249966,0.8657819628715515
1063,kc2,hydra,522,21,972,261,1,5,ok,,0.1495735663920641,0.020831895992159843,0.8613269925117493
1063,kc2,tabpfn,522,21,972,261,1,5,ok,,0.10129013378173113,0.01695706509053707,0.8705213069915771
1063,kc2,hybrid_8l,522,21,972,261,1,5,ok,,0.08920760359615088,0.012480163015425205,0.8174407482147217
1063,kc2,looped_transformer_6physical_core4x2,522,21,972,261,1,5,ok,,0.14514320250600576,0.018650594167411327,0.8657819628715515
1063,kc2,looped_transformer_6physical_core4x2,522,21,972,261,2,1,ok,,0.15420379862189293,0.01461851503700018,0.8196208477020264
1063,kc2,hybrid_8l,522,21,972,261,2,1,ok,,0.12357310857623816,0.012761477380990982,0.7895734310150146
1063,kc2,hydra,522,21,972,261,2,1,ok,,0.14591414295136929,0.01734596211463213,0.8173459768295288
1063,kc2,tabpfn,522,21,972,261,2,1,ok,,0.3453972628340125,0.026041265577077866,0.8116587400436401
1063,kc2,hydra,522,21,972,261,2,2,ok,,0.25019553396850824,0.02391972579061985,0.8173459768295288
1063,kc2,looped_transformer_6physical_core4x2,522,21,972,261,2,2,ok,,0.1822847779840231,0.01442461647093296,0.8196208477020264
1063,kc2,tabpfn,522,21,972,261,2,2,ok,,0.15650730207562447,0.01900943461805582,0.8116587400436401
1063,kc2,hybrid_8l,522,21,972,261,2,2,ok,,0.1439267797395587,0.013041006401181221,0.7895734310150146
1063,kc2,hybrid_8l,522,21,972,261,2,3,ok,,0.13285394106060266,0.01287452969700098,0.7895734310150146
1063,kc2,hydra,522,21,972,261,2,3,ok,,0.1573034105822444,0.021189823746681213,0.8173459768295288
1063,kc2,tabpfn,522,21,972,261,2,3,ok,,0.15637545194476843,0.017124091275036335,0.8116587400436401
1063,kc2,looped_transformer_6physical_core4x2,522,21,972,261,2,3,ok,,0.14303295593708754,0.014476937241852283,0.8196208477020264
1063,kc2,tabpfn,522,21,972,261,2,4,ok,,0.14342455752193928,0.016963145695626736,0.8116587400436401
1063,kc2,looped_transformer_6physical_core4x2,522,21,972,261,2,4,ok,,0.1407333593815565,0.014405160211026669,0.8196208477020264
1063,kc2,hybrid_8l,522,21,972,261,2,4,ok,,0.1401450438424945,0.013649418018758297,0.7895734310150146
1063,kc2,hydra,522,21,972,261,2,4,ok,,0.14403215795755386,0.02091692667454481,0.8173459768295288
1063,kc2,hydra,522,21,972,261,2,5,ok,,0.15125194657593966,0.021250488236546516,0.8173459768295288
1063,kc2,looped_transformer_6physical_core4x2,522,21,972,261,2,5,ok,,0.1338955955579877,0.014389551244676113,0.8196208477020264
1063,kc2,tabpfn,522,21,972,261,2,5,ok,,0.18393866159021854,0.01722089573740959,0.8116587400436401
1063,kc2,hybrid_8l,522,21,972,261,2,5,ok,,0.1532382294535637,0.012633463367819786,0.7895734310150146
1063,kc2,tabpfn,522,21,972,261,3,1,ok,,0.1402402939274907,0.01696695387363434,0.7999656200408936
1063,kc2,looped_transformer_6physical_core4x2,522,21,972,261,3,1,ok,,0.144687139429152,0.014407595619559288,0.7930856347084045
1063,kc2,hydra,522,21,972,261,3,1,ok,,0.16732274182140827,0.017415964975953102,0.7895596623420715
1063,kc2,hybrid_8l,522,21,972,261,3,1,ok,,0.1749955778941512,0.012750404886901379,0.7857757210731506
1063,kc2,hybrid_8l,522,21,972,261,3,2,ok,,0.1447631036862731,0.012515139766037464,0.7857757210731506
1063,kc2,hydra,522,21,972,261,3,2,ok,,0.16408331412822008,0.017728577367961407,0.7895596623420715
1063,kc2,looped_transformer_6physical_core4x2,522,21,972,261,3,2,ok,,0.13341560494154692,0.014393358491361141,0.7930856347084045
1063,kc2,tabpfn,522,21,972,261,3,2,ok,,0.14352362509816885,0.016999967396259308,0.7999656200408936
1063,kc2,hydra,522,21,972,261,3,3,ok,,0.14938751235604286,0.017467192374169827,0.7895596623420715
1063,kc2,hybrid_8l,522,21,972,261,3,3,ok,,0.14623557217419147,0.012622823938727379,0.7857757210731506
1063,kc2,tabpfn,522,21,972,261,3,3,ok,,0.17493596486747265,0.017543545924127102,0.7999656200408936
1063,kc2,looped_transformer_6physical_core4x2,522,21,972,261,3,3,ok,,0.13829512055963278,0.014453412033617496,0.7930856347084045
1063,kc2,hydra,522,21,972,261,3,4,ok,,0.1427920190617442,0.017252945341169834,0.7895596623420715
1063,kc2,hybrid_8l,522,21,972,261,3,4,ok,,0.1462094932794571,0.012513906694948673,0.7857757210731506
1063,kc2,tabpfn,522,21,972,261,3,4,ok,,0.23231188394129276,0.03715954814106226,0.7999656200408936
1063,kc2,looped_transformer_6physical_core4x2,522,21,972,261,3,4,ok,,0.29513284657150507,0.022861361503601074,0.7930856347084045
1063,kc2,hybrid_8l,522,21,972,261,3,5,ok,,0.29359249025583267,0.02855783235281706,0.7857757210731506
1063,kc2,hydra,522,21,972,261,3,5,ok,,0.3349618539214134,0.0346648832783103,0.7895596623420715
1063,kc2,looped_transformer_6physical_core4x2,522,21,972,261,3,5,ok,,0.3229406801983714,0.022940910421311855,0.7930856347084045
1063,kc2,tabpfn,522,21,972,261,3,5,ok,,0.34228415600955486,0.017197219654917717,0.7999656200408936
1063,kc2,tabpfn,522,21,972,261,4,1,ok,,0.3088207198306918,0.01887818519026041,0.8702961802482605
1063,kc2,hydra,522,21,972,261,4,1,ok,,0.32324203103780746,0.030013609677553177,0.8682926893234253
1063,kc2,looped_transformer_6physical_core4x2,522,21,972,261,4,1,ok,,0.29758760798722506,0.014597894623875618,0.8716027736663818
1063,kc2,hybrid_8l,522,21,972,261,4,1,ok,,0.2725100992247462,0.014609788544476032,0.8009582161903381
1063,kc2,hybrid_8l,522,21,972,261,4,2,ok,,0.2656355444341898,0.012615920975804329,0.8009582161903381
1063,kc2,looped_transformer_6physical_core4x2,522,21,972,261,4,2,ok,,0.19055008608847857,0.014532512053847313,0.8716027736663818
1063,kc2,hydra,522,21,972,261,4,2,ok,,0.18346812948584557,0.02105435635894537,0.8682926893234253
1063,kc2,tabpfn,522,21,972,261,4,2,ok,,0.17723791766911745,0.018345294520258904,0.8702961802482605
1063,kc2,hybrid_8l,522,21,972,261,4,3,ok,,0.1592194503173232,0.01666450034826994,0.8009582161903381
1063,kc2,tabpfn,522,21,972,261,4,3,ok,,0.16920259408652782,0.017061874270439148,0.8702961802482605
1063,kc2,looped_transformer_6physical_core4x2,522,21,972,261,4,3,ok,,0.1393730416893959,0.014446387998759747,0.8716027736663818
1063,kc2,hydra,522,21,972,261,4,3,ok,,0.16584626492112875,0.017584163695573807,0.8682926893234253
1063,kc2,hybrid_8l,522,21,972,261,4,4,ok,,0.1483519021421671,0.012839514762163162,0.8009582161903381
1063,kc2,tabpfn,522,21,972,261,4,4,ok,,0.1398141272366047,0.01701630838215351,0.8702961802482605
1063,kc2,looped_transformer_6physical_core4x2,522,21,972,261,4,4,ok,,0.2247021570801735,0.019415010698139668,0.8716027736663818
1063,kc2,hydra,522,21,972,261,4,4,ok,,0.3234132146462798,0.04874200187623501,0.8682926893234253
1063,kc2,tabpfn,522,21,972,261,4,5,ok,,0.27939726784825325,0.02317881118506193,0.8702961802482605
1063,kc2,hydra,522,21,972,261,4,5,ok,,0.28317957278341055,0.025401954539120197,0.8682926893234253
1063,kc2,hybrid_8l,522,21,972,261,4,5,ok,,0.2845779610797763,0.026585625484585762,0.8009582161903381
1063,kc2,looped_transformer_6physical_core4x2,522,21,972,261,4,5,ok,,0.29860125854611397,0.024136214517056942,0.8716027736663818
1063,kc2,looped_transformer_6physical_core4x2,522,21,972,261,5,1,ok,,0.3290735585615039,0.0195400295779109,0.8191877007484436
1063,kc2,tabpfn,522,21,972,261,5,1,ok,,0.1781590012833476,0.01704644411802292,0.8173202872276306
1063,kc2,hybrid_8l,522,21,972,261,5,1,ok,,0.13702023588120937,0.01260416954755783,0.7891690135002136
1063,kc2,hydra,522,21,972,261,5,1,ok,,0.13737508561462164,0.017784002237021923,0.8131652474403381
1063,kc2,looped_transformer_6physical_core4x2,522,21,972,261,5,2,ok,,0.12950962502509356,0.014403046108782291,0.8191877007484436
1063,kc2,hybrid_8l,522,21,972,261,5,2,ok,,0.1301621701568365,0.012597466818988323,0.7891690135002136
1063,kc2,tabpfn,522,21,972,261,5,2,ok,,0.1473891595378518,0.01704925950616598,0.8173202872276306
1063,kc2,hydra,522,21,972,261,5,2,ok,,0.13899713940918446,0.020453388802707195,0.8131652474403381
1063,kc2,hybrid_8l,522,21,972,261,5,3,ok,,0.1459462745115161,0.015478023327887058,0.7891690135002136
1063,kc2,tabpfn,522,21,972,261,5,3,ok,,0.13770371954888105,0.017434009350836277,0.8173202872276306
1063,kc2,looped_transformer_6physical_core4x2,522,21,972,261,5,3,ok,,0.1453355774283409,0.014504958875477314,0.8191877007484436
1063,kc2,hydra,522,21,972,261,5,3,ok,,0.14544155821204185,0.017358354292809963,0.8131652474403381
1063,kc2,hybrid_8l,522,21,972,261,5,4,ok,,0.12791750952601433,0.012907975353300571,0.7891690135002136
1063,kc2,hydra,522,21,972,261,5,4,ok,,0.11379648745059967,0.017737562768161297,0.8131652474403381
1063,kc2,tabpfn,522,21,972,261,5,4,ok,,0.12765764724463224,0.01715229544788599,0.8173202872276306
1063,kc2,looped_transformer_6physical_core4x2,522,21,972,261,5,4,ok,,0.12458726018667221,0.014548973180353642,0.8191877007484436
1063,kc2,looped_transformer_6physical_core4x2,522,21,972,261,5,5,ok,,0.08993084356188774,0.014379401691257954,0.8191877007484436
1063,kc2,hydra,522,21,972,261,5,5,ok,,0.10809649806469679,0.017348647117614746,0.8131652474403381
1063,kc2,tabpfn,522,21,972,261,5,5,ok,,0.1385945277288556,0.017029142007231712,0.8173202872276306
1063,kc2,hybrid_8l,522,21,972,261,5,5,ok,,0.14420242235064507,0.016606341116130352,0.7891690135002136
1068,pc1,hybrid_8l,1109,21,972,512,1,1,ok,,0.1492378804832697,0.021397477015852928,0.8977903723716736
1068,pc1,tabpfn,1109,21,972,512,1,1,ok,,0.16705098748207092,0.02810853160917759,0.8948478698730469
1068,pc1,hydra,1109,21,972,512,1,1,ok,,0.1613706760108471,0.028434128500521183,0.8416610956192017
1068,pc1,looped_transformer_6physical_core4x2,1109,21,972,512,1,1,ok,,0.15259639360010624,0.023736348375678062,0.8902398347854614
1068,pc1,looped_transformer_6physical_core4x2,1109,21,972,512,1,2,ok,,0.14892240334302187,0.023781132884323597,0.8902398347854614
1068,pc1,hydra,1109,21,972,512,1,2,ok,,0.1731809414923191,0.027991319075226784,0.8416610956192017
1068,pc1,hybrid_8l,1109,21,972,512,1,2,ok,,0.15557921398431063,0.019608547911047935,0.8977903723716736
1068,pc1,tabpfn,1109,21,972,512,1,2,ok,,0.16844082064926624,0.028128881007432938,0.8948478698730469
1068,pc1,looped_transformer_6physical_core4x2,1109,21,972,512,1,3,ok,,0.17018244974315166,0.023814154788851738,0.8902398347854614
1068,pc1,hybrid_8l,1109,21,972,512,1,3,ok,,0.15428692568093538,0.01971595175564289,0.8977903723716736
1068,pc1,hydra,1109,21,972,512,1,3,ok,,0.17538539692759514,0.02810841239988804,0.8416610956192017
1068,pc1,tabpfn,1109,21,972,512,1,3,ok,,0.1737884311005473,0.028209001757204533,0.8948478698730469
1068,pc1,tabpfn,1109,21,972,512,1,4,ok,,0.16225235722959042,0.028280407190322876,0.8948478698730469
1068,pc1,hybrid_8l,1109,21,972,512,1,4,ok,,0.1712603224441409,0.028514140285551548,0.8977903723716736
1068,pc1,looped_transformer_6physical_core4x2,1109,21,972,512,1,4,ok,,0.18114971835166216,0.02385748829692602,0.8902398347854614
1068,pc1,hydra,1109,21,972,512,1,4,ok,,0.18301240634173155,0.02802225761115551,0.8416610956192017
1068,pc1,looped_transformer_6physical_core4x2,1109,21,972,512,1,5,ok,,0.1686486043035984,0.02387934923171997,0.8902398347854614
1068,pc1,hydra,1109,21,972,512,1,5,ok,,0.17331015598028898,0.028117818757891655,0.8416610956192017
1068,pc1,hybrid_8l,1109,21,972,512,1,5,ok,,0.15569627564400434,0.01970873773097992,0.8977903723716736
1068,pc1,tabpfn,1109,21,972,512,1,5,ok,,0.17996852938085794,0.028148768469691277,0.8948478698730469
1068,pc1,tabpfn,1109,21,972,512,2,1,ok,,0.16581972502171993,0.028131505474448204,0.9239242076873779
1068,pc1,hydra,1109,21,972,512,2,1,ok,,0.15763435885310173,0.028036764822900295,0.860058069229126
1068,pc1,looped_transformer_6physical_core4x2,1109,21,972,512,2,1,ok,,0.31353873759508133,0.02436678297817707,0.9147028923034668
1068,pc1,hybrid_8l,1109,21,972,512,2,1,ok,,0.28765538334846497,0.025091275572776794,0.9227288365364075
1068,pc1,looped_transformer_6physical_core4x2,1109,21,972,512,2,2,ok,,0.3575135385617614,0.03339476604014635,0.9147028923034668
1068,pc1,hydra,1109,21,972,512,2,2,ok,,0.31309200171381235,0.02801530435681343,0.860058069229126
1068,pc1,tabpfn,1109,21,972,512,2,2,ok,,0.3753181593492627,0.035468204878270626,0.9239242076873779
1068,pc1,hybrid_8l,1109,21,972,512,2,2,ok,,0.35464806016534567,0.03409410081803799,0.9227288365364075
1068,pc1,hybrid_8l,1109,21,972,512,2,3,ok,,0.3231721296906471,0.019846869632601738,0.9227288365364075
1068,pc1,looped_transformer_6physical_core4x2,1109,21,972,512,2,3,ok,,0.314594398252666,0.029003947973251343,0.9147028923034668
1068,pc1,tabpfn,1109,21,972,512,2,3,ok,,0.29370076581835747,0.028133438900113106,0.9239242076873779
1068,pc1,hydra,1109,21,972,512,2,3,ok,,0.3502405406907201,0.028219152241945267,0.860058069229126
1068,pc1,hydra,1109,21,972,512,2,4,ok,,0.2926178853958845,0.030456310138106346,0.860058069229126
1068,pc1,tabpfn,1109,21,972,512,2,4,ok,,0.4269898720085621,0.02893291413784027,0.9239242076873779
1068,pc1,looped_transformer_6physical_core4x2,1109,21,972,512,2,4,ok,,0.3165030349045992,0.02422776911407709,0.9147028923034668
1068,pc1,hybrid_8l,1109,21,972,512,2,4,ok,,0.2635823553428054,0.019703268073499203,0.9227288365364075
1068,pc1,tabpfn,1109,21,972,512,2,5,ok,,0.2745009521022439,0.02818541694432497,0.9239242076873779
1068,pc1,hybrid_8l,1109,21,972,512,2,5,ok,,0.27626656647771597,0.02521939855068922,0.9227288365364075
1068,pc1,hydra,1109,21,972,512,2,5,ok,,0.2916935943067074,0.028128689154982567,0.860058069229126
1068,pc1,looped_transformer_6physical_core4x2,1109,21,972,512,2,5,ok,,0.2654033172875643,0.02375077549368143,0.9147028923034668
1068,pc1,hydra,1109,21,972,512,3,1,ok,,0.29612571001052856,0.028174816630780697,0.761094868183136
1068,pc1,hybrid_8l,1109,21,972,512,3,1,ok,,0.24737357906997204,0.02381082996726036,0.8066643476486206
1068,pc1,tabpfn,1109,21,972,512,3,1,ok,,0.18495826423168182,0.028108661994338036,0.807631254196167
1068,pc1,looped_transformer_6physical_core4x2,1109,21,972,512,3,1,ok,,0.20858494471758604,0.02369064185768366,0.8135319948196411
1068,pc1,hydra,1109,21,972,512,3,2,ok,,0.16461095493286848,0.028065290302038193,0.761094868183136
1068,pc1,looped_transformer_6physical_core4x2,1109,21,972,512,3,2,ok,,0.16379580087959766,0.0237210001796484,0.8135319948196411
1068,pc1,hybrid_8l,1109,21,972,512,3,2,ok,,0.18980388436466455,0.01991604082286358,0.8066643476486206
1068,pc1,tabpfn,1109,21,972,512,3,2,ok,,0.18787432834506035,0.028171061538159847,0.807631254196167
1068,pc1,hybrid_8l,1109,21,972,512,3,3,ok,,0.17794244177639484,0.01982869580388069,0.8066643476486206
1068,pc1,hydra,1109,21,972,512,3,3,ok,,0.2006310559809208,0.02812395989894867,0.761094868183136
1068,pc1,tabpfn,1109,21,972,512,3,3,ok,,0.18098781257867813,0.02820236887782812,0.807631254196167
1068,pc1,looped_transformer_6physical_core4x2,1109,21,972,512,3,3,ok,,0.1587288323789835,0.023837058804929256,0.8135319948196411
1068,pc1,looped_transformer_6physical_core4x2,1109,21,972,512,3,4,ok,,0.16473830677568913,0.023760554380714893,0.8135319948196411
1068,pc1,hydra,1109,21,972,512,3,4,ok,,0.16989002749323845,0.02794959954917431,0.761094868183136
1068,pc1,hybrid_8l,1109,21,972,512,3,4,ok,,0.1487030079588294,0.01961000170558691,0.8066643476486206
1068,pc1,tabpfn,1109,21,972,512,3,4,ok,,0.1579197198152542,0.028699520975351334,0.807631254196167
1068,pc1,hydra,1109,21,972,512,3,5,ok,,0.15213940758258104,0.028180807828903198,0.761094868183136
1068,pc1,hybrid_8l,1109,21,972,512,3,5,ok,,0.1482662297785282,0.019664024002850056,0.8066643476486206
1068,pc1,tabpfn,1109,21,972,512,3,5,ok,,0.1653221333399415,0.028003874234855175,0.807631254196167
1068,pc1,looped_transformer_6physical_core4x2,1109,21,972,512,3,5,ok,,0.14770371466875076,0.023749083280563354,0.8135319948196411
1068,pc1,hydra,1109,21,972,512,4,1,ok,,0.1579214222729206,0.028309733606874943,0.8387342095375061
1068,pc1,looped_transformer_6physical_core4x2,1109,21,972,512,4,1,ok,,0.14387148432433605,0.023775151930749416,0.8716868758201599
1068,pc1,tabpfn,1109,21,972,512,4,1,ok,,0.11382491234689951,0.02800386305898428,0.8523197770118713
1068,pc1,hybrid_8l,1109,21,972,512,4,1,ok,,0.15113016590476036,0.01995958387851715,0.8686176538467407
1068,pc1,looped_transformer_6physical_core4x2,1109,21,972,512,4,2,ok,,0.156073241494596,0.024437827058136463,0.8716868758201599
1068,pc1,hybrid_8l,1109,21,972,512,4,2,ok,,0.14642968121916056,0.019592718221247196,0.8686176538467407
1068,pc1,hydra,1109,21,972,512,4,2,ok,,0.16352401673793793,0.028198893181979656,0.8387342095375061
1068,pc1,tabpfn,1109,21,972,512,4,2,ok,,0.17187807336449623,0.02812635526061058,0.8523197770118713
1068,pc1,hydra,1109,21,972,512,4,3,ok,,0.16186103597283363,0.028033388778567314,0.8387342095375061
1068,pc1,tabpfn,1109,21,972,512,4,3,ok,,0.1683218264952302,0.02822734694927931,0.8523197770118713
1068,pc1,looped_transformer_6physical_core4x2,1109,21,972,512,4,3,ok,,0.2241288935765624,0.023963117972016335,0.8716868758201599
1068,pc1,hybrid_8l,1109,21,972,512,4,3,ok,,0.3593474542722106,0.01962820626795292,0.8686176538467407
1068,pc1,tabpfn,1109,21,972,512,4,4,ok,,0.2998860450461507,0.028214432299137115,0.8523197770118713
1068,pc1,looped_transformer_6physical_core4x2,1109,21,972,512,4,4,ok,,0.16482960898429155,0.025375323370099068,0.8716868758201599
1068,pc1,hydra,1109,21,972,512,4,4,ok,,0.17515924014151096,0.028033520095050335,0.8387342095375061
1068,pc1,hybrid_8l,1109,21,972,512,4,4,ok,,0.1459591081365943,0.0196323124691844,0.8686176538467407
1068,pc1,tabpfn,1109,21,972,512,4,5,ok,,0.15580202732235193,0.02823625411838293,0.8523197770118713
1068,pc1,hybrid_8l,1109,21,972,512,4,5,ok,,0.10949927661567926,0.019385166466236115,0.8686176538467407
1068,pc1,hydra,1109,21,972,512,4,5,ok,,0.12232957314699888,0.027954750694334507,0.8387342095375061
1068,pc1,looped_transformer_6physical_core4x2,1109,21,972,512,4,5,ok,,0.14718998037278652,0.023752770386636257,0.8716868758201599
1068,pc1,hybrid_8l,1109,21,972,512,5,1,ok,,0.1503921179100871,0.019764965400099754,0.8806673884391785
1068,pc1,hydra,1109,21,972,512,5,1,ok,,0.15808882005512714,0.028148326091468334,0.8301377296447754
1068,pc1,tabpfn,1109,21,972,512,5,1,ok,,0.16257105115801096,0.02809676993638277,0.8794491291046143
1068,pc1,looped_transformer_6physical_core4x2,1109,21,972,512,5,1,ok,,0.14910021983087063,0.024159920401871204,0.8926377296447754
1068,pc1,looped_transformer_6physical_core4x2,1109,21,972,512,5,2,ok,,0.1482405625283718,0.023707964457571507,0.8926377296447754
1068,pc1,hybrid_8l,1109,21,972,512,5,2,ok,,0.1569961104542017,0.019597988575696945,0.8806673884391785
1068,pc1,tabpfn,1109,21,972,512,5,2,ok,,0.1555414441972971,0.028122548013925552,0.8794491291046143
1068,pc1,hydra,1109,21,972,512,5,2,ok,,0.1490123551338911,0.028311055153608322,0.8301377296447754
1068,pc1,tabpfn,1109,21,972,512,5,3,ok,,0.14730785600841045,0.028343917801976204,0.8794491291046143
1068,pc1,hydra,1109,21,972,512,5,3,ok,,0.16104630287736654,0.027957716025412083,0.8301377296447754
1068,pc1,hybrid_8l,1109,21,972,512,5,3,ok,,0.16569616179913282,0.01958167739212513,0.8806673884391785
1068,pc1,looped_transformer_6physical_core4x2,1109,21,972,512,5,3,ok,,0.17336472868919373,0.023766005411744118,0.8926377296447754
1068,pc1,tabpfn,1109,21,972,512,5,4,ok,,0.17592466063797474,0.028118140995502472,0.8794491291046143
1068,pc1,looped_transformer_6physical_core4x2,1109,21,972,512,5,4,ok,,0.17425728030502796,0.023684028536081314,0.8926377296447754
1068,pc1,hydra,1109,21,972,512,5,4,ok,,0.16648798156529665,0.028061443008482456,0.8301377296447754
1068,pc1,hybrid_8l,1109,21,972,512,5,4,ok,,0.15637302864342928,0.019633937627077103,0.8806673884391785
1068,pc1,hybrid_8l,1109,21,972,512,5,5,ok,,0.14374452363699675,0.019576136954128742,0.8806673884391785
1068,pc1,tabpfn,1109,21,972,512,5,5,ok,,0.15648389887064695,0.028119373135268688,0.8794491291046143
1068,pc1,looped_transformer_6physical_core4x2,1109,21,972,512,5,5,ok,,0.1536375368013978,0.023779490031301975,0.8926377296447754
1068,pc1,hydra,1109,21,972,512,5,5,ok,,0.17454956378787756,0.02811528369784355,0.8301377296447754
1462,banknote-authentication,hydra,1372,4,972,512,1,1,ok,,0.11055371351540089,0.02817631047219038,1.0
1462,banknote-authentication,tabpfn,1372,4,972,512,1,1,ok,,0.12504842411726713,0.028290215879678726,1.0
1462,banknote-authentication,looped_transformer_6physical_core4x2,1372,4,972,512,1,1,ok,,0.10802463348954916,0.024053660221397877,1.0
1462,banknote-authentication,hybrid_8l,1372,4,972,512,1,1,ok,,0.09958605654537678,0.019653714261949062,1.0
1462,banknote-authentication,hydra,1372,4,972,512,1,2,ok,,0.11196655128151178,0.027984846383333206,1.0
1462,banknote-authentication,hybrid_8l,1372,4,972,512,1,2,ok,,0.08296312391757965,0.019590956158936024,1.0
1462,banknote-authentication,tabpfn,1372,4,972,512,1,2,ok,,0.10661202576011419,0.02812334895133972,1.0
1462,banknote-authentication,looped_transformer_6physical_core4x2,1372,4,972,512,1,2,ok,,0.09993259329348803,0.023998655378818512,1.0
1462,banknote-authentication,hybrid_8l,1372,4,972,512,1,3,ok,,0.09709536656737328,0.020243171602487564,1.0
1462,banknote-authentication,looped_transformer_6physical_core4x2,1372,4,972,512,1,3,ok,,0.11047703959047794,0.023814305663108826,1.0
1462,banknote-authentication,tabpfn,1372,4,972,512,1,3,ok,,0.09603138267993927,0.02807889599353075,1.0
1462,banknote-authentication,hydra,1372,4,972,512,1,3,ok,,0.10313834436237812,0.028229710645973682,1.0
1462,banknote-authentication,hybrid_8l,1372,4,972,512,1,4,ok,,0.08691508043557405,0.01942405942827463,1.0
1462,banknote-authentication,hydra,1372,4,972,512,1,4,ok,,0.10258014779537916,0.0281049944460392,1.0
1462,banknote-authentication,tabpfn,1372,4,972,512,1,4,ok,,0.09589395113289356,0.028053256683051586,1.0
1462,banknote-authentication,looped_transformer_6physical_core4x2,1372,4,972,512,1,4,ok,,0.10058327578008175,0.02369696367532015,1.0
1462,banknote-authentication,hydra,1372,4,972,512,1,5,ok,,0.0920488266274333,0.027829451486468315,1.0
1462,banknote-authentication,looped_transformer_6physical_core4x2,1372,4,972,512,1,5,ok,,0.10177786834537983,0.02364998497068882,1.0
1462,banknote-authentication,tabpfn,1372,4,972,512,1,5,ok,,0.09197465609759092,0.02810268010944128,1.0
1462,banknote-authentication,hybrid_8l,1372,4,972,512,1,5,ok,,0.08711939863860607,0.019470226019620895,1.0
1462,banknote-authentication,looped_transformer_6physical_core4x2,1372,4,972,512,2,1,ok,,0.12025150749832392,0.023900920525193214,1.0
1462,banknote-authentication,hybrid_8l,1372,4,972,512,2,1,ok,,0.09398764930665493,0.01992451585829258,1.0
1462,banknote-authentication,tabpfn,1372,4,972,512,2,1,ok,,0.11247340217232704,0.028200536035001278,1.0
1462,banknote-authentication,hydra,1372,4,972,512,2,1,ok,,0.09554326720535755,0.027911598794162273,1.0
1462,banknote-authentication,hydra,1372,4,972,512,2,2,ok,,0.09774883557111025,0.027956703677773476,1.0
1462,banknote-authentication,hybrid_8l,1372,4,972,512,2,2,ok,,0.08333241380751133,0.019433336332440376,1.0
1462,banknote-authentication,tabpfn,1372,4,972,512,2,2,ok,,0.09972832445055246,0.027995948679745197,1.0
1462,banknote-authentication,looped_transformer_6physical_core4x2,1372,4,972,512,2,2,ok,,0.11119335610419512,0.023597615770995617,1.0
1462,banknote-authentication,tabpfn,1372,4,972,512,2,3,ok,,0.1045905677601695,0.028085517697036266,1.0
1462,banknote-authentication,hybrid_8l,1372,4,972,512,2,3,ok,,0.10755349975079298,0.019634968601167202,1.0
1462,banknote-authentication,looped_transformer_6physical_core4x2,1372,4,972,512,2,3,ok,,0.08720672409981489,0.02369535155594349,1.0
1462,banknote-authentication,hydra,1372,4,972,512,2,3,ok,,0.11088588368147612,0.027969778515398502,1.0
1462,banknote-authentication,hydra,1372,4,972,512,2,4,ok,,0.09668643213808537,0.029522630386054516,1.0
1462,banknote-authentication,looped_transformer_6physical_core4x2,1372,4,972,512,2,4,ok,,0.09353865869343281,0.023616130463778973,1.0
1462,banknote-authentication,hybrid_8l,1372,4,972,512,2,4,ok,,0.08483961876481771,0.019460697658360004,1.0
1462,banknote-authentication,tabpfn,1372,4,972,512,2,4,ok,,0.09753155335783958,0.031046979129314423,1.0
1462,banknote-authentication,hydra,1372,4,972,512,2,5,ok,,0.10356497392058372,0.027857676148414612,1.0
1462,banknote-authentication,tabpfn,1372,4,972,512,2,5,ok,,0.09943083208054304,0.028126957826316357,1.0
1462,banknote-authentication,hybrid_8l,1372,4,972,512,2,5,ok,,0.10243629477918148,0.019677129574120045,1.0
1462,banknote-authentication,looped_transformer_6physical_core4x2,1372,4,972,512,2,5,ok,,0.09483340382575989,0.02358935959637165,1.0
1462,banknote-authentication,hybrid_8l,1372,4,972,512,3,1,ok,,0.08880597446113825,0.01945166103541851,1.0
1462,banknote-authentication,hydra,1372,4,972,512,3,1,ok,,0.13829880766570568,0.03432247508317232,1.0
1462,banknote-authentication,looped_transformer_6physical_core4x2,1372,4,972,512,3,1,ok,,0.20630337204784155,0.023785341531038284,1.0
1462,banknote-authentication,tabpfn,1372,4,972,512,3,1,ok,,0.20927355997264385,0.028171692043542862,1.0
1462,banknote-authentication,tabpfn,1372,4,972,512,3,2,ok,,0.22738419007509947,0.03176848590373993,1.0
1462,banknote-authentication,hybrid_8l,1372,4,972,512,3,2,ok,,0.18996868655085564,0.019697627052664757,1.0
1462,banknote-authentication,hydra,1372,4,972,512,3,2,ok,,0.19415478687733412,0.027997560799121857,1.0
1462,banknote-authentication,looped_transformer_6physical_core4x2,1372,4,972,512,3,2,ok,,0.1944807143881917,0.02380418684333563,1.0
1462,banknote-authentication,hydra,1372,4,972,512,3,3,ok,,0.19525950029492378,0.03147536050528288,1.0
1462,banknote-authentication,hybrid_8l,1372,4,972,512,3,3,ok,,0.20708598475903273,0.022035757079720497,1.0
1462,banknote-authentication,looped_transformer_6physical_core4x2,1372,4,972,512,3,3,ok,,0.1947426898404956,0.02396734617650509,1.0
1462,banknote-authentication,tabpfn,1372,4,972,512,3,3,ok,,0.20714165922254324,0.031087925657629967,1.0
1462,banknote-authentication,tabpfn,1372,4,972,512,3,4,ok,,0.2229733234271407,0.028200535103678703,1.0
1462,banknote-authentication,hybrid_8l,1372,4,972,512,3,4,ok,,0.2065413324162364,0.020491862669587135,1.0
1462,banknote-authentication,hydra,1372,4,972,512,3,4,ok,,0.22864011954516172,0.028377991169691086,1.0
1462,banknote-authentication,looped_transformer_6physical_core4x2,1372,4,972,512,3,4,ok,,0.11317639332264662,0.023701212368905544,1.0
1462,banknote-authentication,tabpfn,1372,4,972,512,3,5,ok,,0.11757247056812048,0.03046587761491537,1.0
1462,banknote-authentication,hybrid_8l,1372,4,972,512,3,5,ok,,0.08384354040026665,0.02234313078224659,1.0
1462,banknote-authentication,hydra,1372,4,972,512,3,5,ok,,0.09341683890670538,0.02779082953929901,1.0
1462,banknote-authentication,looped_transformer_6physical_core4x2,1372,4,972,512,3,5,ok,,0.0848812973126769,0.0236929664388299,1.0
1462,banknote-authentication,hybrid_8l,1372,4,972,512,4,1,ok,,0.07769211661070585,0.019454016350209713,1.0
1462,banknote-authentication,tabpfn,1372,4,972,512,4,1,ok,,0.09399145655333996,0.028015997260808945,1.0
1462,banknote-authentication,looped_transformer_6physical_core4x2,1372,4,972,512,4,1,ok,,0.08896361105144024,0.02380885649472475,1.0
1462,banknote-authentication,hydra,1372,4,972,512,4,1,ok,,0.09856485109776258,0.028023109771311283,1.0
1462,banknote-authentication,hybrid_8l,1372,4,972,512,4,2,ok,,0.09416416380554438,0.019474814645946026,1.0
1462,banknote-authentication,hydra,1372,4,972,512,4,2,ok,,0.10501233581453562,0.028122829273343086,1.0
1462,banknote-authentication,tabpfn,1372,4,972,512,4,2,ok,,0.10104122292250395,0.02822734694927931,1.0
1462,banknote-authentication,looped_transformer_6physical_core4x2,1372,4,972,512,4,2,ok,,0.08893915545195341,0.023826248943805695,1.0
1462,banknote-authentication,hydra,1372,4,972,512,4,3,ok,,0.10905196983367205,0.028434699401259422,1.0
1462,banknote-authentication,looped_transformer_6physical_core4x2,1372,4,972,512,4,3,ok,,0.0676394822075963,0.023792044259607792,1.0
1462,banknote-authentication,tabpfn,1372,4,972,512,4,3,ok,,0.10000472888350487,0.02819910366088152,1.0
1462,banknote-authentication,hybrid_8l,1372,4,972,512,4,3,ok,,0.0841950885951519,0.01966173853725195,1.0
1462,banknote-authentication,hydra,1372,4,972,512,4,4,ok,,0.09751431085169315,0.028133518993854523,1.0
1462,banknote-authentication,looped_transformer_6physical_core4x2,1372,4,972,512,4,4,ok,,0.07112527638673782,0.023716730996966362,1.0
1462,banknote-authentication,tabpfn,1372,4,972,512,4,4,ok,,0.059867157600820065,0.027989345602691174,1.0
1462,banknote-authentication,hybrid_8l,1372,4,972,512,4,4,ok,,0.05728711001574993,0.01949975173920393,1.0
1462,banknote-authentication,hybrid_8l,1372,4,972,512,4,5,ok,,0.056583818048238754,0.01943214423954487,1.0
1462,banknote-authentication,tabpfn,1372,4,972,512,4,5,ok,,0.08822353929281235,0.027922560460865498,1.0
1462,banknote-authentication,hydra,1372,4,972,512,4,5,ok,,0.06556176673620939,0.02784443087875843,1.0
1462,banknote-authentication,looped_transformer_6physical_core4x2,1372,4,972,512,4,5,ok,,0.056230077520012856,0.023606854490935802,1.0
1462,banknote-authentication,tabpfn,1372,4,972,512,5,1,ok,,0.05370682757347822,0.027910565957427025,1.0
1462,banknote-authentication,hybrid_8l,1372,4,972,512,5,1,ok,,0.07638967037200928,0.019396526739001274,1.0
1462,banknote-authentication,hydra,1372,4,972,512,5,1,ok,,0.14564235042780638,0.03112276177853346,1.0
1462,banknote-authentication,looped_transformer_6physical_core4x2,1372,4,972,512,5,1,ok,,0.1736778635531664,0.023768199607729912,1.0
1462,banknote-authentication,looped_transformer_6physical_core4x2,1372,4,972,512,5,2,ok,,0.16804437059909105,0.023743371479213238,1.0
1462,banknote-authentication,hydra,1372,4,972,512,5,2,ok,,0.1835118541494012,0.02809142880141735,1.0
1462,banknote-authentication,hybrid_8l,1372,4,972,512,5,2,ok,,0.18860014341771603,0.021181728690862656,1.0
1462,banknote-authentication,tabpfn,1372,4,972,512,5,2,ok,,0.17226047907024622,0.028108983300626278,1.0
1462,banknote-authentication,hydra,1372,4,972,512,5,3,ok,,0.2319308640435338,0.028030363842844963,1.0
1462,banknote-authentication,hybrid_8l,1372,4,972,512,5,3,ok,,0.23986145947128534,0.02792347129434347,1.0
1462,banknote-authentication,tabpfn,1372,4,972,512,5,3,ok,,0.23840350657701492,0.028291137889027596,1.0
1462,banknote-authentication,looped_transformer_6physical_core4x2,1372,4,972,512,5,3,ok,,0.16821820009499788,0.023906881920993328,1.0
1462,banknote-authentication,tabpfn,1372,4,972,512,5,4,ok,,0.09400010295212269,0.0280837444588542,1.0
1462,banknote-authentication,looped_transformer_6physical_core4x2,1372,4,972,512,5,4,ok,,0.12645554076880217,0.023617874830961227,1.0
1462,banknote-authentication,hybrid_8l,1372,4,972,512,5,4,ok,,0.1753882635384798,0.01981650199741125,1.0
1462,banknote-authentication,hydra,1372,4,972,512,5,4,ok,,0.17589525412768126,0.028475075960159302,1.0
1462,banknote-authentication,looped_transformer_6physical_core4x2,1372,4,972,512,5,5,ok,,0.20359009224921465,0.02370847575366497,1.0
1462,banknote-authentication,hybrid_8l,1372,4,972,512,5,5,ok,,0.22037463076412678,0.019574402831494808,1.0
1462,banknote-authentication,tabpfn,1372,4,972,512,5,5,ok,,0.1292496044188738,0.028229481540620327,1.0
1462,banknote-authentication,hydra,1372,4,972,512,5,5,ok,,0.09933862742036581,0.028053928166627884,1.0
1464,blood-transfusion-service-center,hybrid_8l,748,4,972,374,1,1,ok,,0.09387569781392813,0.018541877157986164,0.74922776222229
1464,blood-transfusion-service-center,looped_transformer_6physical_core4x2,748,4,972,374,1,1,ok,,0.09726064093410969,0.018361466005444527,0.7731214165687561
1464,blood-transfusion-service-center,tabpfn,748,4,972,374,1,1,ok,,0.08631943259388208,0.02171562984585762,0.7736052870750427
1464,blood-transfusion-service-center,hydra,748,4,972,374,1,1,ok,,0.0987272197380662,0.02239761222153902,0.7747589945793152
1464,blood-transfusion-service-center,tabpfn,748,4,972,374,1,2,ok,,0.0938326371833682,0.02147410251200199,0.7736052870750427
1464,blood-transfusion-service-center,hybrid_8l,748,4,972,374,1,2,ok,,0.07946438528597355,0.015243769623339176,0.74922776222229
1464,blood-transfusion-service-center,hydra,748,4,972,374,1,2,ok,,0.08859163802117109,0.0216589430347085,0.7747589945793152
1464,blood-transfusion-service-center,looped_transformer_6physical_core4x2,748,4,972,374,1,2,ok,,0.07511956337839365,0.018167197704315186,0.7731214165687561
1464,blood-transfusion-service-center,looped_transformer_6physical_core4x2,748,4,972,374,1,3,ok,,0.05677393730729818,0.018026139587163925,0.7731214165687561
1464,blood-transfusion-service-center,hybrid_8l,748,4,972,374,1,3,ok,,0.08854230400174856,0.015438438393175602,0.74922776222229
1464,blood-transfusion-service-center,hydra,748,4,972,374,1,3,ok,,0.08187358919531107,0.021398299373686314,0.7747589945793152
1464,blood-transfusion-service-center,tabpfn,748,4,972,374,1,3,ok,,0.08513642195612192,0.0216200090944767,0.7736052870750427
1464,blood-transfusion-service-center,tabpfn,748,4,972,374,1,4,ok,,0.08299906179308891,0.021435028873384,0.7736052870750427
1464,blood-transfusion-service-center,hydra,748,4,972,374,1,4,ok,,0.08388438913971186,0.021765164099633694,0.7747589945793152
1464,blood-transfusion-service-center,looped_transformer_6physical_core4x2,748,4,972,374,1,4,ok,,0.0781546039506793,0.018226470798254013,0.7731214165687561
1464,blood-transfusion-service-center,hybrid_8l,748,4,972,374,1,4,ok,,0.07309887651354074,0.01532330084592104,0.74922776222229
1464,blood-transfusion-service-center,tabpfn,748,4,972,374,1,5,ok,,0.0831489060074091,0.021559925749897957,0.7736052870750427
1464,blood-transfusion-service-center,hybrid_8l,748,4,972,374,1,5,ok,,0.12583475466817617,0.015338558703660965,0.74922776222229
1464,blood-transfusion-service-center,looped_transformer_6physical_core4x2,748,4,972,374,1,5,ok,,0.14839116856455803,0.019935346208512783,0.7731214165687561
1464,blood-transfusion-service-center,hydra,748,4,972,374,1,5,ok,,0.19852600898593664,0.026569806970655918,0.7747589945793152
1464,blood-transfusion-service-center,hybrid_8l,748,4,972,374,2,1,ok,,0.18310927040874958,0.015503992326557636,0.7223004698753357
1464,blood-transfusion-service-center,hydra,748,4,972,374,2,1,ok,,0.2130465991795063,0.022192714735865593,0.746635377407074
1464,blood-transfusion-service-center,looped_transformer_6physical_core4x2,748,4,972,374,2,1,ok,,0.17314270976930857,0.019673241302371025,0.7330790162086487
1464,blood-transfusion-service-center,tabpfn,748,4,972,374,2,1,ok,,0.19759692810475826,0.021726632490754128,0.7269366383552551
1464,blood-transfusion-service-center,hydra,748,4,972,374,2,2,ok,,0.1800497556105256,0.02194737922400236,0.746635377407074
1464,blood-transfusion-service-center,tabpfn,748,4,972,374,2,2,ok,,0.1772382389754057,0.022873172536492348,0.7269366383552551
1464,blood-transfusion-service-center,looped_transformer_6physical_core4x2,748,4,972,374,2,2,ok,,0.1796627128496766,0.018124476075172424,0.7330790162086487
1464,blood-transfusion-service-center,hybrid_8l,748,4,972,374,2,2,ok,,0.18274209741503,0.01856049243360758,0.7223004698753357
1464,blood-transfusion-service-center,hydra,748,4,972,374,2,3,ok,,0.18564929347485304,0.022348780184984207,0.746635377407074
1464,blood-transfusion-service-center,looped_transformer_6physical_core4x2,748,4,972,374,2,3,ok,,0.21106415335088968,0.01970519218593836,0.7330790162086487
1464,blood-transfusion-service-center,hybrid_8l,748,4,972,374,2,3,ok,,0.17094980645924807,0.015242157503962517,0.7223004698753357
1464,blood-transfusion-service-center,tabpfn,748,4,972,374,2,3,ok,,0.20004323311150074,0.02373109944164753,0.7269366383552551
1464,blood-transfusion-service-center,tabpfn,748,4,972,374,2,4,ok,,0.19370802212506533,0.021586165763437748,0.7269366383552551
1464,blood-transfusion-service-center,hybrid_8l,748,4,972,374,2,4,ok,,0.18451113812625408,0.021627734415233135,0.7223004698753357
1464,blood-transfusion-service-center,looped_transformer_6physical_core4x2,748,4,972,374,2,4,ok,,0.17812416702508926,0.018424205482006073,0.7330790162086487
1464,blood-transfusion-service-center,hydra,748,4,972,374,2,4,ok,,0.1955788154155016,0.02223567571491003,0.746635377407074
1464,blood-transfusion-service-center,looped_transformer_6physical_core4x2,748,4,972,374,2,5,ok,,0.14538523275405169,0.01826336979866028,0.7330790162086487
1464,blood-transfusion-service-center,hybrid_8l,748,4,972,374,2,5,ok,,0.07194213476032019,0.015003322623670101,0.7223004698753357
1464,blood-transfusion-service-center,hydra,748,4,972,374,2,5,ok,,0.08505576942116022,0.023873289115726948,0.746635377407074
1464,blood-transfusion-service-center,tabpfn,748,4,972,374,2,5,ok,,0.07777142897248268,0.021596944890916348,0.7269366383552551
1464,blood-transfusion-service-center,hybrid_8l,748,4,972,374,3,1,ok,,0.07080821599811316,0.015513409860432148,0.7487483024597168
1464,blood-transfusion-service-center,hydra,748,4,972,374,3,1,ok,,0.08121195528656244,0.021882436238229275,0.7664104104042053
1464,blood-transfusion-service-center,looped_transformer_6physical_core4x2,748,4,972,374,3,1,ok,,0.05121736228466034,0.01835100632160902,0.7555490136146545
1464,blood-transfusion-service-center,tabpfn,748,4,972,374,3,1,ok,,0.04780329391360283,0.021470445208251476,0.7632367610931396
1464,blood-transfusion-service-center,hydra,748,4,972,374,3,2,ok,,0.08770099002867937,0.021820969879627228,0.7664104104042053
1464,blood-transfusion-service-center,looped_transformer_6physical_core4x2,748,4,972,374,3,2,ok,,0.06509528402239084,0.018499125726521015,0.7555490136146545
1464,blood-transfusion-service-center,hybrid_8l,748,4,972,374,3,2,ok,,0.07082702219486237,0.015231596305966377,0.7487483024597168
1464,blood-transfusion-service-center,tabpfn,748,4,972,374,3,2,ok,,0.08032716996967793,0.021553874015808105,0.7632367610931396
1464,blood-transfusion-service-center,hybrid_8l,748,4,972,374,3,3,ok,,0.08208464086055756,0.0157948425039649,0.7487483024597168
1464,blood-transfusion-service-center,hydra,748,4,972,374,3,3,ok,,0.08600295335054398,0.02183409593999386,0.7664104104042053
1464,blood-transfusion-service-center,tabpfn,748,4,972,374,3,3,ok,,0.08029239438474178,0.02135543804615736,0.7632367610931396
1464,blood-transfusion-service-center,looped_transformer_6physical_core4x2,748,4,972,374,3,3,ok,,0.07420373894274235,0.018297694623470306,0.7555490136146545
1464,blood-transfusion-service-center,looped_transformer_6physical_core4x2,748,4,972,374,3,4,ok,,0.07235858403146267,0.018012523651123047,0.7555490136146545
1464,blood-transfusion-service-center,hydra,748,4,972,374,3,4,ok,,0.10022857412695885,0.021923955529928207,0.7664104104042053
1464,blood-transfusion-service-center,tabpfn,748,4,972,374,3,4,ok,,0.08408696297556162,0.021499069407582283,0.7632367610931396
1464,blood-transfusion-service-center,hybrid_8l,748,4,972,374,3,4,ok,,0.07913542352616787,0.015324593521654606,0.7487483024597168
1464,blood-transfusion-service-center,hydra,748,4,972,374,3,5,ok,,0.0841097766533494,0.021744415163993835,0.7664104104042053
1464,blood-transfusion-service-center,looped_transformer_6physical_core4x2,748,4,972,374,3,5,ok,,0.0808457424864173,0.018094509840011597,0.7555490136146545
1464,blood-transfusion-service-center,hybrid_8l,748,4,972,374,3,5,ok,,0.08758280612528324,0.015381500124931335,0.7487483024597168
1464,blood-transfusion-service-center,tabpfn,748,4,972,374,3,5,ok,,0.06329805962741375,0.021548954769968987,0.7632367610931396
1464,blood-transfusion-service-center,tabpfn,748,4,972,374,4,1,ok,,0.09095298126339912,0.021660816855728626,0.7599059343338013
1464,blood-transfusion-service-center,looped_transformer_6physical_core4x2,748,4,972,374,4,1,ok,,0.07514885161072016,0.01814811211079359,0.756668210029602
1464,blood-transfusion-service-center,hydra,748,4,972,374,4,1,ok,,0.08328949194401503,0.022136989049613476,0.7614477276802063
1464,blood-transfusion-service-center,hybrid_8l,748,4,972,374,4,1,ok,,0.07630304619669914,0.016526459716260433,0.7483040690422058
1464,blood-transfusion-service-center,hybrid_8l,748,4,972,374,4,2,ok,,0.08958300575613976,0.01828617323189974,0.7483040690422058
1464,blood-transfusion-service-center,looped_transformer_6physical_core4x2,748,4,972,374,4,2,ok,,0.0753381373360753,0.01811259426176548,0.756668210029602
1464,blood-transfusion-service-center,hydra,748,4,972,374,4,2,ok,,0.0753944143652916,0.021494271233677864,0.7614477276802063
1464,blood-transfusion-service-center,tabpfn,748,4,972,374,4,2,ok,,0.08426978997886181,0.021695813164114952,0.7599059343338013
1464,blood-transfusion-service-center,looped_transformer_6physical_core4x2,748,4,972,374,4,3,ok,,0.07707979809492826,0.018030627630650997,0.756668210029602
1464,blood-transfusion-service-center,hybrid_8l,748,4,972,374,4,3,ok,,0.08441163785755634,0.015354719944298267,0.7483040690422058
1464,blood-transfusion-service-center,tabpfn,748,4,972,374,4,3,ok,,0.08571497723460197,0.021349957212805748,0.7599059343338013
1464,blood-transfusion-service-center,hydra,748,4,972,374,4,3,ok,,0.07173761818557978,0.02151817549020052,0.7614477276802063
1464,blood-transfusion-service-center,looped_transformer_6physical_core4x2,748,4,972,374,4,4,ok,,0.06868159770965576,0.018167017959058285,0.756668210029602
1464,blood-transfusion-service-center,hybrid_8l,748,4,972,374,4,4,ok,,0.04046577215194702,0.015055553056299686,0.7483040690422058
1464,blood-transfusion-service-center,hydra,748,4,972,374,4,4,ok,,0.04877849109470844,0.021359826438128948,0.7614477276802063
1464,blood-transfusion-service-center,tabpfn,748,4,972,374,4,4,ok,,0.09040972217917442,0.02159849740564823,0.7599059343338013
1464,blood-transfusion-service-center,hybrid_8l,748,4,972,374,4,5,ok,,0.05368448607623577,0.015189256519079208,0.7483040690422058
1464,blood-transfusion-service-center,looped_transformer_6physical_core4x2,748,4,972,374,4,5,ok,,0.08025694731622934,0.018456585705280304,0.756668210029602
1464,blood-transfusion-service-center,tabpfn,748,4,972,374,4,5,ok,,0.07378350477665663,0.021655116230249405,0.7599059343338013
1464,blood-transfusion-service-center,hydra,748,4,972,374,4,5,ok,,0.04899405874311924,0.021585654467344284,0.7614477276802063
1464,blood-transfusion-service-center,tabpfn,748,4,972,374,5,1,ok,,0.09293206129223108,0.021615371108055115,0.7583960890769958
1464,blood-transfusion-service-center,hybrid_8l,748,4,972,374,5,1,ok,,0.07275860104709864,0.015252023935317993,0.7573783993721008
1464,blood-transfusion-service-center,looped_transformer_6physical_core4x2,748,4,972,374,5,1,ok,,0.08956178463995457,0.018554472364485264,0.7468756437301636
1464,blood-transfusion-service-center,hydra,748,4,972,374,5,1,ok,,0.08102303929626942,0.021947779692709446,0.7486261129379272
1464,blood-transfusion-service-center,tabpfn,748,4,972,374,5,2,ok,,0.08136245142668486,0.0216189781203866,0.7583960890769958
1464,blood-transfusion-service-center,hydra,748,4,972,374,5,2,ok,,0.07570327166467905,0.021593207493424416,0.7486261129379272
1464,blood-transfusion-service-center,looped_transformer_6physical_core4x2,748,4,972,374,5,2,ok,,0.08895789086818695,0.01828219648450613,0.7468756437301636
1464,blood-transfusion-service-center,hybrid_8l,748,4,972,374,5,2,ok,,0.07154674641788006,0.015205376781523228,0.7573783993721008
1464,blood-transfusion-service-center,tabpfn,748,4,972,374,5,3,ok,,0.08058934658765793,0.021578900516033173,0.7583960890769958
1464,blood-transfusion-service-center,looped_transformer_6physical_core4x2,748,4,972,374,5,3,ok,,0.07309451792389154,0.018275203183293343,0.7468756437301636
1464,blood-transfusion-service-center,hybrid_8l,748,4,972,374,5,3,ok,,0.046835570596158504,0.015037608332931995,0.7573783993721008
1464,blood-transfusion-service-center,hydra,748,4,972,374,5,3,ok,,0.08043119870126247,0.021474212408065796,0.7486261129379272
1464,blood-transfusion-service-center,looped_transformer_6physical_core4x2,748,4,972,374,5,4,ok,,0.06295082066208124,0.018068592064082623,0.7468756437301636
1464,blood-transfusion-service-center,hybrid_8l,748,4,972,374,5,4,ok,,0.08312960993498564,0.019331674091517925,0.7573783993721008
1464,blood-transfusion-service-center,hydra,748,4,972,374,5,4,ok,,0.05673790071159601,0.021586024202406406,0.7486261129379272
1464,blood-transfusion-service-center,tabpfn,748,4,972,374,5,4,ok,,0.06495816353708506,0.021469945088028908,0.7583960890769958
1464,blood-transfusion-service-center,tabpfn,748,4,972,374,5,5,ok,,0.07916850503534079,0.021596945822238922,0.7583960890769958
1464,blood-transfusion-service-center,looped_transformer_6physical_core4x2,748,4,972,374,5,5,ok,,0.05446981359273195,0.018091573379933834,0.7468756437301636
1464,blood-transfusion-service-center,hybrid_8l,748,4,972,374,5,5,ok,,0.06796839646995068,0.015199296176433563,0.7573783993721008
1464,blood-transfusion-service-center,hydra,748,4,972,374,5,5,ok,,0.04958885535597801,0.021611632779240608,0.7486261129379272
1480,ilpd,looped_transformer_6physical_core4x2,583,10,972,291,1,1,ok,,0.060577704571187496,0.015100006945431232,0.7495366334915161
1480,ilpd,hydra,583,10,972,291,1,1,ok,,0.09544250648468733,0.018180202692747116,0.752085268497467
1480,ilpd,hybrid_8l,583,10,972,291,1,1,ok,,0.0906872870400548,0.01296961959451437,0.7249189019203186
1480,ilpd,tabpfn,583,10,972,291,1,1,ok,,0.11540342215448618,0.017472712323069572,0.7562558054924011
1480,ilpd,hydra,583,10,972,291,1,2,ok,,0.10145063884556293,0.01802871562540531,0.752085268497467
1480,ilpd,tabpfn,583,10,972,291,1,2,ok,,0.11265292204916477,0.01761250663548708,0.7562558054924011
1480,ilpd,looped_transformer_6physical_core4x2,583,10,972,291,1,2,ok,,0.1108606057241559,0.016198188066482544,0.7495366334915161
1480,ilpd,hybrid_8l,583,10,972,291,1,2,ok,,0.09730295091867447,0.013080591335892677,0.7249189019203186
1480,ilpd,hybrid_8l,583,10,972,291,1,3,ok,,0.1124971266835928,0.013367575593292713,0.7249189019203186
1480,ilpd,looped_transformer_6physical_core4x2,583,10,972,291,1,3,ok,,0.10025132726877928,0.0148403849452734,0.7495366334915161
1480,ilpd,tabpfn,583,10,972,291,1,3,ok,,0.10668346285820007,0.01762434933334589,0.7562558054924011
1480,ilpd,hydra,583,10,972,291,1,3,ok,,0.10941270273178816,0.0183822363615036,0.752085268497467
1480,ilpd,looped_transformer_6physical_core4x2,583,10,972,291,1,4,ok,,0.12649007700383663,0.014829084277153015,0.7495366334915161
1480,ilpd,hydra,583,10,972,291,1,4,ok,,0.11266570631414652,0.018401913344860077,0.752085268497467
1480,ilpd,tabpfn,583,10,972,291,1,4,ok,,0.13130164239555597,0.017771477811038494,0.7562558054924011
1480,ilpd,hybrid_8l,583,10,972,291,1,4,ok,,0.11776689067482948,0.013467814773321152,0.7249189019203186
1480,ilpd,looped_transformer_6physical_core4x2,583,10,972,291,1,5,ok,,0.11074917577207088,0.015044862404465675,0.7495366334915161
1480,ilpd,tabpfn,583,10,972,291,1,5,ok,,0.1344366818666458,0.017658554948866367,0.7562558054924011
1480,ilpd,hydra,583,10,972,291,1,5,ok,,0.14661590475589037,0.01846084464341402,0.752085268497467
1480,ilpd,hybrid_8l,583,10,972,291,1,5,ok,,0.13938901480287313,0.013209765776991844,0.7249189019203186
1480,ilpd,hybrid_8l,583,10,972,291,2,1,ok,,0.14902094099670649,0.013436857610940933,0.7314643263816833
1480,ilpd,tabpfn,583,10,972,291,2,1,ok,,0.16817841585725546,0.017806004732847214,0.7509267926216125
1480,ilpd,hydra,583,10,972,291,2,1,ok,,0.13832552917301655,0.01877531874924898,0.7403267025947571
1480,ilpd,looped_transformer_6physical_core4x2,583,10,972,291,2,1,ok,,0.15558426640927792,0.015048177912831306,0.7429332733154297
1480,ilpd,looped_transformer_6physical_core4x2,583,10,972,291,2,2,ok,,0.17135548405349255,0.014993404969573021,0.7429332733154297
1480,ilpd,hybrid_8l,583,10,972,291,2,2,ok,,0.18865264393389225,0.013202833011746407,0.7314643263816833
1480,ilpd,tabpfn,583,10,972,291,2,2,ok,,0.13865178730338812,0.01870024763047695,0.7509267926216125
1480,ilpd,hydra,583,10,972,291,2,2,ok,,0.1429000161588192,0.01865458209067583,0.7403267025947571
1480,ilpd,hydra,583,10,972,291,2,3,ok,,0.12492476124316454,0.018411620520055294,0.7403267025947571
1480,ilpd,tabpfn,583,10,972,291,2,3,ok,,0.12942620925605297,0.02040612045675516,0.7509267926216125
1480,ilpd,looped_transformer_6physical_core4x2,583,10,972,291,2,3,ok,,0.12112298887223005,0.015022910200059414,0.7429332733154297
1480,ilpd,hybrid_8l,583,10,972,291,2,3,ok,,0.10478723049163818,0.013187604025006294,0.7314643263816833
1480,ilpd,hybrid_8l,583,10,972,291,2,4,ok,,0.11159559898078442,0.014942208305001259,0.7314643263816833
1480,ilpd,hydra,583,10,972,291,2,4,ok,,0.10713077057152987,0.018023335374891758,0.7403267025947571
1480,ilpd,tabpfn,583,10,972,291,2,4,ok,,0.11231007240712643,0.019988018088042736,0.7509267926216125
1480,ilpd,looped_transformer_6physical_core4x2,583,10,972,291,2,4,ok,,0.11121034901589155,0.014898454770445824,0.7429332733154297
1480,ilpd,looped_transformer_6physical_core4x2,583,10,972,291,2,5,ok,,0.10261562559753656,0.014801071025431156,0.7429332733154297
1480,ilpd,hybrid_8l,583,10,972,291,2,5,ok,,0.10832596383988857,0.01608065515756607,0.7314643263816833
1480,ilpd,tabpfn,583,10,972,291,2,5,ok,,0.10394091717898846,0.017631071619689465,0.7509267926216125
1480,ilpd,hydra,583,10,972,291,2,5,ok,,0.10291157756000757,0.01817590370774269,0.7403267025947571
1480,ilpd,tabpfn,583,10,972,291,3,1,ok,,0.10767518263310194,0.017705692909657955,0.763357937335968
1480,ilpd,hydra,583,10,972,291,3,1,ok,,0.11605703178793192,0.020863136276602745,0.7499149441719055
1480,ilpd,hybrid_8l,583,10,972,291,3,1,ok,,0.09805015660822392,0.013127471320331097,0.7616562843322754
1480,ilpd,looped_transformer_6physical_core4x2,583,10,972,291,3,1,ok,,0.09403058048337698,0.016249405220150948,0.749574601650238
1480,ilpd,looped_transformer_6physical_core4x2,583,10,972,291,3,2,ok,,0.09459868911653757,0.014901791699230671,0.749574601650238
1480,ilpd,tabpfn,583,10,972,291,3,2,ok,,0.07485039532184601,0.017915882170200348,0.763357937335968
1480,ilpd,hybrid_8l,583,10,972,291,3,2,ok,,0.09815496578812599,0.013168969191610813,0.7616562843322754
1480,ilpd,hydra,583,10,972,291,3,2,ok,,0.10588125325739384,0.017997597344219685,0.7499149441719055
1480,ilpd,hydra,583,10,972,291,3,3,ok,,0.0735673950985074,0.018023616634309292,0.7499149441719055
1480,ilpd,looped_transformer_6physical_core4x2,583,10,972,291,3,3,ok,,0.08679146785289049,0.014747078530490398,0.749574601650238
1480,ilpd,hybrid_8l,583,10,972,291,3,3,ok,,0.11649302765727043,0.013214846141636372,0.7616562843322754
1480,ilpd,tabpfn,583,10,972,291,3,3,ok,,0.11886327806860209,0.01742091402411461,0.763357937335968
1480,ilpd,looped_transformer_6physical_core4x2,583,10,972,291,3,4,ok,,0.1057963827624917,0.015108693391084671,0.749574601650238
1480,ilpd,hydra,583,10,972,291,3,4,ok,,0.09524182695895433,0.018248883076012135,0.7499149441719055
1480,ilpd,tabpfn,583,10,972,291,3,4,ok,,0.10394971445202827,0.01754172332584858,0.763357937335968
1480,ilpd,hybrid_8l,583,10,972,291,3,4,ok,,0.10952153988182545,0.013933527283370495,0.7616562843322754
1480,ilpd,hybrid_8l,583,10,972,291,3,5,ok,,0.10151276644319296,0.013368806801736355,0.7616562843322754
1480,ilpd,looped_transformer_6physical_core4x2,583,10,972,291,3,5,ok,,0.11189039703458548,0.014996531419456005,0.749574601650238
1480,ilpd,tabpfn,583,10,972,291,3,5,ok,,0.1172477575019002,0.017767030745744705,0.763357937335968
1480,ilpd,hydra,583,10,972,291,3,5,ok,,0.11555456835776567,0.018749771639704704,0.7499149441719055
1480,ilpd,tabpfn,583,10,972,291,4,1,ok,,0.11974314320832491,0.017676880583167076,0.7486456632614136
1480,ilpd,hybrid_8l,583,10,972,291,4,1,ok,,0.11431320756673813,0.014343804679811,0.7567164301872253
1480,ilpd,hydra,583,10,972,291,4,1,ok,,0.11625271197408438,0.01808345876634121,0.7448866963386536
1480,ilpd,looped_transformer_6physical_core4x2,583,10,972,291,4,1,ok,,0.1002655141055584,0.01530984416604042,0.7424544095993042
1480,ilpd,looped_transformer_6physical_core4x2,583,10,972,291,4,2,ok,,0.11591110471636057,0.016822409816086292,0.7424544095993042
1480,ilpd,hydra,583,10,972,291,4,2,ok,,0.10133648291230202,0.018129887990653515,0.7448866963386536
1480,ilpd,hybrid_8l,583,10,972,291,4,2,ok,,0.11160033661872149,0.013365001417696476,0.7567164301872253
1480,ilpd,tabpfn,583,10,972,291,4,2,ok,,0.10361083131283522,0.017434610053896904,0.7486456632614136
1480,ilpd,tabpfn,583,10,972,291,4,3,ok,,0.10525836236774921,0.01758746989071369,0.7486456632614136
1480,ilpd,hybrid_8l,583,10,972,291,4,3,ok,,0.11367848515510559,0.013443688862025738,0.7567164301872253
1480,ilpd,hydra,583,10,972,291,4,3,ok,,0.10083065368235111,0.018161977641284466,0.7448866963386536
1480,ilpd,looped_transformer_6physical_core4x2,583,10,972,291,4,3,ok,,0.12534575909376144,0.014980911277234554,0.7424544095993042
1480,ilpd,looped_transformer_6physical_core4x2,583,10,972,291,4,4,ok,,0.12436151411384344,0.01510462537407875,0.7424544095993042
1480,ilpd,hydra,583,10,972,291,4,4,ok,,0.10042998567223549,0.01819360814988613,0.7448866963386536
1480,ilpd,tabpfn,583,10,972,291,4,4,ok,,0.12369532231241465,0.017569745890796185,0.7486456632614136
1480,ilpd,hybrid_8l,583,10,972,291,4,4,ok,,0.11905953846871853,0.013410395942628384,0.7567164301872253
1480,ilpd,tabpfn,583,10,972,291,4,5,ok,,0.10041274316608906,0.017488691955804825,0.7486456632614136
1480,ilpd,hydra,583,10,972,291,4,5,ok,,0.13179356511682272,0.018316050991415977,0.7448866963386536
1480,ilpd,hybrid_8l,583,10,972,291,4,5,ok,,0.11142192967236042,0.013517579063773155,0.7567164301872253
1480,ilpd,looped_transformer_6physical_core4x2,583,10,972,291,4,5,ok,,0.09426702000200748,0.014908063225448132,0.7424544095993042
1480,ilpd,looped_transformer_6physical_core4x2,583,10,972,291,5,1,ok,,0.11619944032281637,0.014974058605730534,0.6911106109619141
1480,ilpd,hybrid_8l,583,10,972,291,5,1,ok,,0.11367302387952805,0.013203875161707401,0.6715181469917297
1480,ilpd,hydra,583,10,972,291,5,1,ok,,0.11564782541245222,0.018232300877571106,0.678851306438446
1480,ilpd,tabpfn,583,10,972,291,5,1,ok,,0.10356464423239231,0.01761606428772211,0.6753246784210205
1480,ilpd,hydra,583,10,972,291,5,2,ok,,0.11582030262798071,0.020130527205765247,0.678851306438446
1480,ilpd,looped_transformer_6physical_core4x2,583,10,972,291,5,2,ok,,0.10698749963194132,0.015150743536651134,0.6911106109619141
1480,ilpd,hybrid_8l,583,10,972,291,5,2,ok,,0.10559480171650648,0.016477095894515514,0.6715181469917297
1480,ilpd,tabpfn,583,10,972,291,5,2,ok,,0.10175570752471685,0.017494733445346355,0.6753246784210205
1480,ilpd,hybrid_8l,583,10,972,291,5,3,ok,,0.09733277838677168,0.014750413596630096,0.6715181469917297
1480,ilpd,looped_transformer_6physical_core4x2,583,10,972,291,5,3,ok,,0.12890147510915995,0.01743647363036871,0.6911106109619141
1480,ilpd,hydra,583,10,972,291,5,3,ok,,0.13115107640624046,0.024729679338634014,0.678851306438446
1480,ilpd,tabpfn,583,10,972,291,5,3,ok,,0.15114094875752926,0.022855661809444427,0.6753246784210205
1480,ilpd,looped_transformer_6physical_core4x2,583,10,972,291,5,4,ok,,0.14421979617327452,0.014988625422120094,0.6911106109619141
1480,ilpd,tabpfn,583,10,972,291,5,4,ok,,0.12453592475503683,0.017617556266486645,0.6753246784210205
1480,ilpd,hybrid_8l,583,10,972,291,5,4,ok,,0.13460353668779135,0.013275199569761753,0.6715181469917297
1480,ilpd,hydra,583,10,972,291,5,4,ok,,0.11649813689291477,0.018387865275144577,0.678851306438446
1480,ilpd,tabpfn,583,10,972,291,5,5,ok,,0.13355503138154745,0.017476218752563,0.6753246784210205
1480,ilpd,hydra,583,10,972,291,5,5,ok,,0.10816060192883015,0.01837904006242752,0.678851306438446
1480,ilpd,hybrid_8l,583,10,972,291,5,5,ok,,0.10334245394915342,0.01310134120285511,0.6715181469917297
1480,ilpd,looped_transformer_6physical_core4x2,583,10,972,291,5,5,ok,,0.11234968807548285,0.015300777740776539,0.6911106109619141
1494,qsar-biodeg,hybrid_8l,1055,41,972,512,1,1,ok,,0.3308200119063258,0.019706224091351032,0.9260568022727966
1494,qsar-biodeg,tabpfn,1055,41,972,512,1,1,ok,,0.33346717711538076,0.028139331378042698,0.9295215606689453
1494,qsar-biodeg,hydra,1055,41,972,512,1,1,ok,,0.3399150734767318,0.028066232800483704,0.9143916964530945
1494,qsar-biodeg,looped_transformer_6physical_core4x2,1055,41,972,512,1,1,ok,,0.3572258083149791,0.02435326762497425,0.9277456402778625
1494,qsar-biodeg,hydra,1055,41,972,512,1,2,ok,,0.31246352568268776,0.028070288710296154,0.9143916964530945
1494,qsar-biodeg,tabpfn,1055,41,972,512,1,2,ok,,0.3129596961662173,0.028075399808585644,0.9295215606689453
1494,qsar-biodeg,hybrid_8l,1055,41,972,512,1,2,ok,,0.32938798889517784,0.019650578498840332,0.9260568022727966
1494,qsar-biodeg,looped_transformer_6physical_core4x2,1055,41,972,512,1,2,ok,,0.5179720744490623,0.02372239250689745,0.9277456402778625
1494,qsar-biodeg,looped_transformer_6physical_core4x2,1055,41,972,512,1,3,ok,,0.31005656626075506,0.02369068283587694,0.9277456402778625
1494,qsar-biodeg,hybrid_8l,1055,41,972,512,1,3,ok,,0.3326905956491828,0.02257278375327587,0.9260568022727966
1494,qsar-biodeg,hydra,1055,41,972,512,1,3,ok,,0.34055628813803196,0.028135662898421288,0.9143916964530945
1494,qsar-biodeg,tabpfn,1055,41,972,512,1,3,ok,,0.33684994652867317,0.028142576105892658,0.9295215606689453
1494,qsar-biodeg,hybrid_8l,1055,41,972,512,1,4,ok,,0.320416652597487,0.019701825454831123,0.9260568022727966
1494,qsar-biodeg,tabpfn,1055,41,972,512,1,4,ok,,0.35093468986451626,0.028194605372846127,0.9295215606689453
1494,qsar-biodeg,looped_transformer_6physical_core4x2,1055,41,972,512,1,4,ok,,0.3520083939656615,0.02380681224167347,0.9277456402778625
1494,qsar-biodeg,hydra,1055,41,972,512,1,4,ok,,0.35199462808668613,0.028877118602395058,0.9143916964530945
1494,qsar-biodeg,tabpfn,1055,41,972,512,1,5,ok,,0.6950392909348011,0.03384048119187355,0.9295215606689453
1494,qsar-biodeg,looped_transformer_6physical_core4x2,1055,41,972,512,1,5,ok,,0.6121178651228547,0.02379405777901411,0.9277456402778625
1494,qsar-biodeg,hybrid_8l,1055,41,972,512,1,5,ok,,0.38942528143525124,0.019706234335899353,0.9260568022727966
1494,qsar-biodeg,hydra,1055,41,972,512,1,5,ok,,0.3785779708996415,0.03336783591657877,0.9143916964530945
1494,qsar-biodeg,looped_transformer_6physical_core4x2,1055,41,972,512,2,1,ok,,0.372351324185729,0.02384327072650194,0.9458414316177368
1494,qsar-biodeg,tabpfn,1055,41,972,512,2,1,ok,,0.3634682046249509,0.02817565854638815,0.9478592872619629
1494,qsar-biodeg,hybrid_8l,1055,41,972,512,2,1,ok,,0.3392270291224122,0.0196940703317523,0.945400595664978
1494,qsar-biodeg,hydra,1055,41,972,512,2,1,ok,,0.39695894345641136,0.028114864602684975,0.9245103597640991
1494,qsar-biodeg,hybrid_8l,1055,41,972,512,2,2,ok,,0.3776438217610121,0.020417621359229088,0.945400595664978
1494,qsar-biodeg,looped_transformer_6physical_core4x2,1055,41,972,512,2,2,ok,,0.372661592438817,0.023982254788279533,0.9458414316177368
1494,qsar-biodeg,tabpfn,1055,41,972,512,2,2,ok,,0.4199701389297843,0.028204633854329586,0.9478592872619629
1494,qsar-biodeg,hydra,1055,41,972,512,2,2,ok,,0.3777496423572302,0.02811104618012905,0.9245103597640991
1494,qsar-biodeg,looped_transformer_6physical_core4x2,1055,41,972,512,2,3,ok,,0.3705536788329482,0.02380248438566923,0.9458414316177368
1494,qsar-biodeg,tabpfn,1055,41,972,512,2,3,ok,,0.35225958097726107,0.02814080473035574,0.9478592872619629
1494,qsar-biodeg,hydra,1055,41,972,512,2,3,ok,,0.3076596660539508,0.028047416359186172,0.9245103597640991
1494,qsar-biodeg,hybrid_8l,1055,41,972,512,2,3,ok,,0.33683052100241184,0.019670866429805756,0.945400595664978
1494,qsar-biodeg,hydra,1055,41,972,512,2,4,ok,,0.34686731453984976,0.028095517307519913,0.9245103597640991
1494,qsar-biodeg,looped_transformer_6physical_core4x2,1055,41,972,512,2,4,ok,,0.3387504378333688,0.023879299871623516,0.9458414316177368
1494,qsar-biodeg,hybrid_8l,1055,41,972,512,2,4,ok,,0.36949047539383173,0.02432802878320217,0.945400595664978
1494,qsar-biodeg,tabpfn,1055,41,972,512,2,4,ok,,0.6337560089305043,0.028176589868962765,0.9478592872619629
1494,qsar-biodeg,hydra,1055,41,972,512,2,5,ok,,0.32592510990798473,0.02814408950507641,0.9245103597640991
1494,qsar-biodeg,tabpfn,1055,41,972,512,2,5,ok,,0.32087229657918215,0.028061222285032272,0.9478592872619629
1494,qsar-biodeg,hybrid_8l,1055,41,972,512,2,5,ok,,0.3534627603366971,0.019645358435809612,0.945400595664978
1494,qsar-biodeg,looped_transformer_6physical_core4x2,1055,41,972,512,2,5,ok,,0.3372812643647194,0.023937730118632317,0.9458414316177368
1494,qsar-biodeg,hydra,1055,41,972,512,3,1,ok,,0.5818702410906553,0.03911362122744322,0.8984582424163818
1494,qsar-biodeg,hybrid_8l,1055,41,972,512,3,1,ok,,0.7373116780072451,0.032626932486891747,0.9163107872009277
1494,qsar-biodeg,tabpfn,1055,41,972,512,3,1,ok,,0.8366371616721153,0.028752140700817108,0.9184373617172241
1494,qsar-biodeg,looped_transformer_6physical_core4x2,1055,41,972,512,3,1,ok,,0.46636982448399067,0.023831901140511036,0.9180600643157959
1494,qsar-biodeg,looped_transformer_6physical_core4x2,1055,41,972,512,3,2,ok,,0.3920934768393636,0.024068638682365417,0.9180600643157959
1494,qsar-biodeg,hybrid_8l,1055,41,972,512,3,2,ok,,0.35235955007374287,0.020462888292968273,0.9163107872009277
1494,qsar-biodeg,tabpfn,1055,41,972,512,3,2,ok,,0.35196125600486994,0.028360319323837757,0.9184373617172241
1494,qsar-biodeg,hydra,1055,41,972,512,3,2,ok,,0.3652671342715621,0.030499672517180443,0.8984582424163818
1494,qsar-biodeg,hydra,1055,41,972,512,3,3,ok,,0.39009093306958675,0.028954414650797844,0.8984582424163818
1494,qsar-biodeg,tabpfn,1055,41,972,512,3,3,ok,,0.3470241716131568,0.029661654494702816,0.9184373617172241
1494,qsar-biodeg,looped_transformer_6physical_core4x2,1055,41,972,512,3,3,ok,,0.32706632278859615,0.023908927105367184,0.9180600643157959
1494,qsar-biodeg,hybrid_8l,1055,41,972,512,3,3,ok,,0.33840391132980585,0.022738960571587086,0.9163107872009277
1494,qsar-biodeg,looped_transformer_6physical_core4x2,1055,41,972,512,3,4,ok,,0.34302034694701433,0.029517291113734245,0.9180600643157959
1494,qsar-biodeg,hydra,1055,41,972,512,3,4,ok,,0.7662115897983313,0.02809501625597477,0.8984582424163818
1494,qsar-biodeg,hybrid_8l,1055,41,972,512,3,4,ok,,0.7119702184572816,0.022502541542053223,0.9163107872009277
1494,qsar-biodeg,tabpfn,1055,41,972,512,3,4,ok,,0.833502734079957,0.028349689207971096,0.9184373617172241
1494,qsar-biodeg,tabpfn,1055,41,972,512,3,5,ok,,0.49196216091513634,0.028182261623442173,0.9184373617172241
1494,qsar-biodeg,hybrid_8l,1055,41,972,512,3,5,ok,,0.9468028638511896,0.019939055666327477,0.9163107872009277
1494,qsar-biodeg,hydra,1055,41,972,512,3,5,ok,,0.9940032558515668,0.028126826509833336,0.8984582424163818
1494,qsar-biodeg,looped_transformer_6physical_core4x2,1055,41,972,512,3,5,ok,,1.1350891748443246,0.024137187749147415,0.9180600643157959
1494,qsar-biodeg,looped_transformer_6physical_core4x2,1055,41,972,512,4,1,ok,,0.8236873494461179,0.029183839447796345,0.9350665211677551
1494,qsar-biodeg,tabpfn,1055,41,972,512,4,1,ok,,0.746838016435504,0.028137858025729656,0.9358945488929749
1494,qsar-biodeg,hydra,1055,41,972,512,4,1,ok,,0.3352226950228214,0.027862957678735256,0.9151758551597595
1494,qsar-biodeg,hybrid_8l,1055,41,972,512,4,1,ok,,0.3288019308820367,0.019512787461280823,0.9329100847244263
1494,qsar-biodeg,looped_transformer_6physical_core4x2,1055,41,972,512,4,2,ok,,0.8671803083270788,0.04171266593039036,0.9350665211677551
1494,qsar-biodeg,tabpfn,1055,41,972,512,4,2,ok,,0.49923349637538195,0.02813576441258192,0.9358945488929749
1494,qsar-biodeg,hybrid_8l,1055,41,972,512,4,2,ok,,0.3757119933143258,0.019617566838860512,0.9329100847244263
1494,qsar-biodeg,hydra,1055,41,972,512,4,2,ok,,0.20419799722731113,0.02795427106320858,0.9151758551597595
1494,qsar-biodeg,hybrid_8l,1055,41,972,512,4,3,ok,,0.25857054628431797,0.019564866088330746,0.9329100847244263
1494,qsar-biodeg,tabpfn,1055,41,972,512,4,3,ok,,0.30637580528855324,0.028377301059663296,0.9358945488929749
1494,qsar-biodeg,hydra,1055,41,972,512,4,3,ok,,0.5210840431973338,0.030348485335707664,0.9151758551597595
1494,qsar-biodeg,looped_transformer_6physical_core4x2,1055,41,972,512,4,3,ok,,0.29360672272741795,0.023663681000471115,0.9350665211677551
1494,qsar-biodeg,hydra,1055,41,972,512,4,4,ok,,0.21621615625917912,0.027950571849942207,0.9151758551597595
1494,qsar-biodeg,tabpfn,1055,41,972,512,4,4,ok,,0.3101661242544651,0.028143739327788353,0.9358945488929749
1494,qsar-biodeg,looped_transformer_6physical_core4x2,1055,41,972,512,4,4,ok,,0.20739580504596233,0.023719207383692265,0.9350665211677551
1494,qsar-biodeg,hybrid_8l,1055,41,972,512,4,4,ok,,0.2450834047049284,0.019526062533259392,0.9329100847244263
1494,qsar-biodeg,looped_transformer_6physical_core4x2,1055,41,972,512,4,5,ok,,0.19125945400446653,0.023578450083732605,0.9350665211677551
1494,qsar-biodeg,tabpfn,1055,41,972,512,4,5,ok,,0.19480481185019016,0.027877413667738438,0.9358945488929749
1494,qsar-biodeg,hybrid_8l,1055,41,972,512,4,5,ok,,0.18815370090305805,0.01950405165553093,0.9329100847244263
1494,qsar-biodeg,hydra,1055,41,972,512,4,5,ok,,0.22312637697905302,0.028019663877785206,0.9151758551597595
1494,qsar-biodeg,looped_transformer_6physical_core4x2,1055,41,972,512,5,1,ok,,0.2778099859133363,0.023645306937396526,0.9336826801300049
1494,qsar-biodeg,tabpfn,1055,41,972,512,5,1,ok,,0.21458449494093657,0.027914945036172867,0.9379134774208069
1494,qsar-biodeg,hydra,1055,41,972,512,5,1,ok,,0.5818161703646183,0.028058857657015324,0.9061564207077026
1494,qsar-biodeg,hybrid_8l,1055,41,972,512,5,1,ok,,0.44277229998260736,0.019774122163653374,0.9342920780181885
1494,qsar-biodeg,hybrid_8l,1055,41,972,512,5,2,ok,,0.19899969920516014,0.019518147222697735,0.9342920780181885
1494,qsar-biodeg,looped_transformer_6physical_core4x2,1055,41,972,512,5,2,ok,,0.19561776146292686,0.023557319305837154,0.9336826801300049
1494,qsar-biodeg,hydra,1055,41,972,512,5,2,ok,,0.25466388557106256,0.02805957943201065,0.9061564207077026
1494,qsar-biodeg,tabpfn,1055,41,972,512,5,2,ok,,0.1956285322085023,0.028312869369983673,0.9379134774208069
1494,qsar-biodeg,hybrid_8l,1055,41,972,512,5,3,ok,,0.35045777820050716,0.019751288928091526,0.9342920780181885
1494,qsar-biodeg,looped_transformer_6physical_core4x2,1055,41,972,512,5,3,ok,,0.21045263670384884,0.023719387128949165,0.9336826801300049
1494,qsar-biodeg,hydra,1055,41,972,512,5,3,ok,,0.2891827514395118,0.027928381226956844,0.9061564207077026
1494,qsar-biodeg,tabpfn,1055,41,972,512,5,3,ok,,0.2307615913450718,0.027962724678218365,0.9379134774208069
1494,qsar-biodeg,looped_transformer_6physical_core4x2,1055,41,972,512,5,4,ok,,0.18736430536955595,0.02381967566907406,0.9336826801300049
1494,qsar-biodeg,hydra,1055,41,972,512,5,4,ok,,0.21105009876191616,0.02786374744027853,0.9061564207077026
1494,qsar-biodeg,tabpfn,1055,41,972,512,5,4,ok,,0.2144800154492259,0.02793822903186083,0.9379134774208069
1494,qsar-biodeg,hybrid_8l,1055,41,972,512,5,4,ok,,0.18358841259032488,0.019458203576505184,0.9342920780181885
1494,qsar-biodeg,hydra,1055,41,972,512,5,5,ok,,0.20321187935769558,0.027835474349558353,0.9061564207077026
1494,qsar-biodeg,tabpfn,1055,41,972,512,5,5,ok,,0.31205129716545343,0.028051823377609253,0.9379134774208069
1494,qsar-biodeg,hybrid_8l,1055,41,972,512,5,5,ok,,0.4117459701374173,0.01977435313165188,0.9342920780181885
1494,qsar-biodeg,looped_transformer_6physical_core4x2,1055,41,972,512,5,5,ok,,0.3436118299141526,0.023715530522167683,0.9336826801300049
1510,wdbc,hydra,569,30,972,284,1,1,ok,,0.18266417179256678,0.020627870224416256,0.9986460208892822
1510,wdbc,hybrid_8l,569,30,972,284,1,1,ok,,0.1801772192120552,0.013574766926467419,0.9988022446632385
1510,wdbc,tabpfn,569,30,972,284,1,1,ok,,0.17458748817443848,0.01749972440302372,0.9990626573562622
1510,wdbc,looped_transformer_6physical_core4x2,569,30,972,284,1,1,ok,,0.20319737121462822,0.01483849249780178,0.9990626573562622
1510,wdbc,looped_transformer_6physical_core4x2,569,30,972,284,1,2,ok,,0.179806356318295,0.014668058604001999,0.9990626573562622
1510,wdbc,hybrid_8l,569,30,972,284,1,2,ok,,0.20178944431245327,0.013458246365189552,0.9988022446632385
1510,wdbc,tabpfn,569,30,972,284,1,2,ok,,0.20021188631653786,0.017547713592648506,0.9990626573562622
1510,wdbc,hydra,569,30,972,284,1,2,ok,,0.1956959692761302,0.028324561193585396,0.9986460208892822
1510,wdbc,looped_transformer_6physical_core4x2,569,30,972,284,1,3,ok,,0.292444521561265,0.022680790163576603,0.9990626573562622
1510,wdbc,hydra,569,30,972,284,1,3,ok,,0.30747521854937077,0.023061971180140972,0.9986460208892822
1510,wdbc,hybrid_8l,569,30,972,284,1,3,ok,,0.34681929741054773,0.026287483051419258,0.9988022446632385
1510,wdbc,tabpfn,569,30,972,284,1,3,ok,,0.3181435093283653,0.0227772518992424,0.9990626573562622
1510,wdbc,hybrid_8l,569,30,972,284,1,4,ok,,0.28167195431888103,0.018774940632283688,0.9988022446632385
1510,wdbc,looped_transformer_6physical_core4x2,569,30,972,284,1,4,ok,,0.33745917305350304,0.015219374559819698,0.9990626573562622
1510,wdbc,hydra,569,30,972,284,1,4,ok,,0.3028750028461218,0.03281247429549694,0.9986460208892822
1510,wdbc,tabpfn,569,30,972,284,1,4,ok,,0.3236004076898098,0.018931015394628048,0.9990626573562622
1510,wdbc,looped_transformer_6physical_core4x2,569,30,972,284,1,5,ok,,0.30283990688622,0.01818790752440691,0.9990626573562622
1510,wdbc,hydra,569,30,972,284,1,5,ok,,0.20771097298711538,0.029883434996008873,0.9986460208892822
1510,wdbc,hybrid_8l,569,30,972,284,1,5,ok,,0.17785334680229425,0.020853768102824688,0.9988022446632385
1510,wdbc,tabpfn,569,30,972,284,1,5,ok,,0.17354310117661953,0.017478182911872864,0.9990626573562622
1510,wdbc,looped_transformer_6physical_core4x2,569,30,972,284,2,1,ok,,0.1797001650556922,0.014969750307500362,0.9968234300613403
1510,wdbc,hydra,569,30,972,284,2,1,ok,,0.21268372423946857,0.03284560702741146,0.9970316886901855
1510,wdbc,hybrid_8l,569,30,972,284,2,1,ok,,0.1814293321222067,0.015425234101712704,0.9959381222724915
1510,wdbc,tabpfn,569,30,972,284,2,1,ok,,0.1890983311459422,0.0175724308937788,0.9970316886901855
1510,wdbc,looped_transformer_6physical_core4x2,569,30,972,284,2,2,ok,,0.18813349306583405,0.014841577038168907,0.9968234300613403
1510,wdbc,hydra,569,30,972,284,2,2,ok,,0.17442262824624777,0.023485283367335796,0.9970316886901855
1510,wdbc,hybrid_8l,569,30,972,284,2,2,ok,,0.16607415117323399,0.01472812332212925,0.9959381222724915
1510,wdbc,tabpfn,569,30,972,284,2,2,ok,,0.1668106159195304,0.017480025999248028,0.9970316886901855
1510,wdbc,hybrid_8l,569,30,972,284,2,3,ok,,0.15422621462494135,0.014134778641164303,0.9959381222724915
1510,wdbc,hydra,569,30,972,284,2,3,ok,,0.13818916212767363,0.02179302740842104,0.9970316886901855
1510,wdbc,tabpfn,569,30,972,284,2,3,ok,,0.16703541111201048,0.017352565191686153,0.9970316886901855
1510,wdbc,looped_transformer_6physical_core4x2,569,30,972,284,2,3,ok,,0.15100885927677155,0.014839272946119308,0.9968234300613403
1510,wdbc,tabpfn,569,30,972,284,2,4,ok,,0.22499721217900515,0.017418639734387398,0.9970316886901855
1510,wdbc,hybrid_8l,569,30,972,284,2,4,ok,,0.1638260819017887,0.014662427827715874,0.9959381222724915
1510,wdbc,looped_transformer_6physical_core4x2,569,30,972,284,2,4,ok,,0.17854794301092625,0.015914631076157093,0.9968234300613403
1510,wdbc,hydra,569,30,972,284,2,4,ok,,0.20218745805323124,0.03776090871542692,0.9970316886901855
1510,wdbc,hydra,569,30,972,284,2,5,ok,,0.18837311770766973,0.017754855565726757,0.9970316886901855
1510,wdbc,tabpfn,569,30,972,284,2,5,ok,,0.18269356712698936,0.017487891018390656,0.9970316886901855
1510,wdbc,looped_transformer_6physical_core4x2,569,30,972,284,2,5,ok,,0.1900924937799573,0.01781499944627285,0.9968234300613403
1510,wdbc,hybrid_8l,569,30,972,284,2,5,ok,,0.1714544938877225,0.01315977144986391,0.9959381222724915
1510,wdbc,hybrid_8l,569,30,972,284,3,1,ok,,0.16970653273165226,0.012996451929211617,0.9904259443283081
1510,wdbc,hydra,569,30,972,284,3,1,ok,,0.17902502696961164,0.018024076707661152,0.9897013902664185
1510,wdbc,looped_transformer_6physical_core4x2,569,30,972,284,3,1,ok,,0.16158234048634768,0.01481945626437664,0.9903741478919983
1510,wdbc,tabpfn,569,30,972,284,3,1,ok,,0.16863837838172913,0.017473443411290646,0.990943431854248
1510,wdbc,hydra,569,30,972,284,3,2,ok,,0.16455094516277313,0.020032783038914204,0.9897013902664185
1510,wdbc,tabpfn,569,30,972,284,3,2,ok,,0.19562410376966,0.017867790535092354,0.990943431854248
1510,wdbc,hybrid_8l,569,30,972,284,3,2,ok,,0.20740061532706022,0.016224567778408527,0.9904259443283081
1510,wdbc,looped_transformer_6physical_core4x2,569,30,972,284,3,2,ok,,0.18432740215212107,0.014742961153388023,0.9903741478919983
1510,wdbc,hydra,569,30,972,284,3,3,ok,,0.2080999994650483,0.017849696800112724,0.9897013902664185
1510,wdbc,hybrid_8l,569,30,972,284,3,3,ok,,0.1749628409743309,0.012888247147202492,0.9904259443283081
1510,wdbc,tabpfn,569,30,972,284,3,3,ok,,0.16736409440636635,0.017394503578543663,0.990943431854248
1510,wdbc,looped_transformer_6physical_core4x2,569,30,972,284,3,3,ok,,0.16318569891154766,0.01468211505562067,0.9903741478919983
1510,wdbc,looped_transformer_6physical_core4x2,569,30,972,284,3,4,ok,,0.16514961887151003,0.014826658181846142,0.9903741478919983
1510,wdbc,hybrid_8l,569,30,972,284,3,4,ok,,0.19230914395302534,0.013196560554206371,0.9904259443283081
1510,wdbc,hydra,569,30,972,284,3,4,ok,,0.19243785832077265,0.017773321829736233,0.9897013902664185
1510,wdbc,tabpfn,569,30,972,284,3,4,ok,,0.17443363834172487,0.01732567511498928,0.990943431854248
1510,wdbc,hybrid_8l,569,30,972,284,3,5,ok,,0.143456120043993,0.012875172309577465,0.9904259443283081
1510,wdbc,hydra,569,30,972,284,3,5,ok,,0.17512565944343805,0.017954635433852673,0.9897013902664185
1510,wdbc,looped_transformer_6physical_core4x2,569,30,972,284,3,5,ok,,0.1731287967413664,0.014864792115986347,0.9903741478919983
1510,wdbc,tabpfn,569,30,972,284,3,5,ok,,0.1782771898433566,0.017573644407093525,0.990943431854248
1510,wdbc,tabpfn,569,30,972,284,4,1,ok,,0.18353357911109924,0.017289175651967525,0.9980522394180298
1510,wdbc,hydra,569,30,972,284,4,1,ok,,0.17711464688181877,0.01872733887284994,0.9983227849006653
1510,wdbc,looped_transformer_6physical_core4x2,569,30,972,284,4,1,ok,,0.16447408962994814,0.015992297790944576,0.998214602470398
1510,wdbc,hybrid_8l,569,30,972,284,4,1,ok,,0.16303474362939596,0.013049121014773846,0.9984309673309326
1510,wdbc,looped_transformer_6physical_core4x2,569,30,972,284,4,2,ok,,0.168758075684309,0.014851686544716358,0.998214602470398
1510,wdbc,tabpfn,569,30,972,284,4,2,ok,,0.19960847217589617,0.01747293211519718,0.9980522394180298
1510,wdbc,hybrid_8l,569,30,972,284,4,2,ok,,0.20881394296884537,0.013303574174642563,0.9984309673309326
1510,wdbc,hydra,569,30,972,284,4,2,ok,,0.17554913368076086,0.018039866350591183,0.9983227849006653
1510,wdbc,tabpfn,569,30,972,284,4,3,ok,,0.17824796494096518,0.017531082034111023,0.9980522394180298
1510,wdbc,looped_transformer_6physical_core4x2,569,30,972,284,4,3,ok,,0.14772265311330557,0.014713646844029427,0.998214602470398
1510,wdbc,hybrid_8l,569,30,972,284,4,3,ok,,0.18334407918155193,0.017424642108380795,0.9984309673309326
1510,wdbc,hydra,569,30,972,284,4,3,ok,,0.18048702739179134,0.021285374648869038,0.9983227849006653
1510,wdbc,tabpfn,569,30,972,284,4,4,ok,,0.19114896655082703,0.017503922805190086,0.9980522394180298
1510,wdbc,looped_transformer_6physical_core4x2,569,30,972,284,4,4,ok,,0.21078449580818415,0.014991601929068565,0.998214602470398
1510,wdbc,hybrid_8l,569,30,972,284,4,4,ok,,0.19261614605784416,0.013845250010490417,0.9984309673309326
1510,wdbc,hydra,569,30,972,284,4,4,ok,,0.18313603661954403,0.019011237658560276,0.9983227849006653
1510,wdbc,looped_transformer_6physical_core4x2,569,30,972,284,4,5,ok,,0.28192500304430723,0.017003554850816727,0.998214602470398
1510,wdbc,tabpfn,569,30,972,284,4,5,ok,,0.4135258635506034,0.017534790560603142,0.9980522394180298
1510,wdbc,hybrid_8l,569,30,972,284,4,5,ok,,0.30039757024496794,0.013312951661646366,0.9984309673309326
1510,wdbc,hydra,569,30,972,284,4,5,ok,,0.1931096911430359,0.017811384052038193,0.9983227849006653
1510,wdbc,hydra,569,30,972,284,5,1,ok,,0.1811851393431425,0.01805914379656315,0.9981256127357483
1510,wdbc,looped_transformer_6physical_core4x2,569,30,972,284,5,1,ok,,0.20744341611862183,0.016904826276004314,0.9976845383644104
1510,wdbc,hybrid_8l,569,30,972,284,5,1,ok,,0.1865903101861477,0.013127340003848076,0.9978499412536621
1510,wdbc,tabpfn,569,30,972,284,5,1,ok,,0.17293861601501703,0.017326364293694496,0.9975742697715759
1510,wdbc,hydra,569,30,972,284,5,2,ok,,0.17984222620725632,0.017991595901548862,0.9981256127357483
1510,wdbc,looped_transformer_6physical_core4x2,569,30,972,284,5,2,ok,,0.19948947709053755,0.014731409028172493,0.9976845383644104
1510,wdbc,tabpfn,569,30,972,284,5,2,ok,,0.25044222734868526,0.02817660104483366,0.9975742697715759
1510,wdbc,hybrid_8l,569,30,972,284,5,2,ok,,0.35573894623667,0.01653964538127184,0.9978499412536621
1510,wdbc,hybrid_8l,569,30,972,284,5,3,ok,,0.23488364275544882,0.013055022805929184,0.9978499412536621
1510,wdbc,looped_transformer_6physical_core4x2,569,30,972,284,5,3,ok,,0.19094469863921404,0.014939333312213421,0.9976845383644104
1510,wdbc,hydra,569,30,972,284,5,3,ok,,0.19450106658041477,0.01787712797522545,0.9981256127357483
1510,wdbc,tabpfn,569,30,972,284,5,3,ok,,0.17136554513126612,0.017354337498545647,0.9975742697715759
1510,wdbc,hydra,569,30,972,284,5,4,ok,,0.1994597315788269,0.021301536820828915,0.9981256127357483
1510,wdbc,looped_transformer_6physical_core4x2,569,30,972,284,5,4,ok,,0.16988930944353342,0.014829685911536217,0.9976845383644104
1510,wdbc,tabpfn,569,30,972,284,5,4,ok,,0.17146150767803192,0.01740856096148491,0.9975742697715759
1510,wdbc,hybrid_8l,569,30,972,284,5,4,ok,,0.16377866175025702,0.013174599967896938,0.9978499412536621
1510,wdbc,hybrid_8l,569,30,972,284,5,5,ok,,0.16687064059078693,0.017272803001105785,0.9978499412536621
1510,wdbc,hydra,569,30,972,284,5,5,ok,,0.19829393364489079,0.019398249685764313,0.9981256127357483
1510,wdbc,looped_transformer_6physical_core4x2,569,30,972,284,5,5,ok,,0.20031040254980326,0.014708594419062138,0.9976845383644104
1510,wdbc,tabpfn,569,30,972,284,5,5,ok,,0.27150173764675856,0.01762527134269476,0.9975742697715759
6332,cylinder-bands,hybrid_8l,277,37,972,138,1,1,ok,,0.15608057845383883,0.01026915479451418,0.8044548034667969
6332,cylinder-bands,looped_transformer_6physical_core4x2,277,37,972,138,1,1,ok,,0.1308557204902172,0.009018095210194588,0.7845118045806885
6332,cylinder-bands,tabpfn,277,37,972,138,1,1,ok,,0.14005202241241932,0.010976656340062618,0.8005697727203369
6332,cylinder-bands,hydra,277,37,972,138,1,1,ok,,0.13912298250943422,0.017597668804228306,0.7782957553863525
6332,cylinder-bands,looped_transformer_6physical_core4x2,277,37,972,138,1,2,ok,,0.13336446229368448,0.008944826200604439,0.7845118045806885
6332,cylinder-bands,tabpfn,277,37,972,138,1,2,ok,,0.1305718021467328,0.010509319603443146,0.8005697727203369
6332,cylinder-bands,hybrid_8l,277,37,972,138,1,2,ok,,0.13381254114210606,0.010391357354819775,0.8044548034667969
6332,cylinder-bands,hydra,277,37,972,138,1,2,ok,,0.14968325849622488,0.017548556439578533,0.7782957553863525
6332,cylinder-bands,hybrid_8l,277,37,972,138,1,3,ok,,0.14591769501566887,0.010344939306378365,0.8044548034667969
6332,cylinder-bands,hydra,277,37,972,138,1,3,ok,,0.14229863788932562,0.016628562472760677,0.7782957553863525
6332,cylinder-bands,tabpfn,277,37,972,138,1,3,ok,,0.14880140777677298,0.014144186861813068,0.8005697727203369
6332,cylinder-bands,looped_transformer_6physical_core4x2,277,37,972,138,1,3,ok,,0.1381641160696745,0.009030248038470745,0.7845118045806885
6332,cylinder-bands,tabpfn,277,37,972,138,1,4,ok,,0.1359997745603323,0.01060081459581852,0.8005697727203369
6332,cylinder-bands,looped_transformer_6physical_core4x2,277,37,972,138,1,4,ok,,0.13354559522122145,0.00910562090575695,0.7845118045806885
6332,cylinder-bands,hybrid_8l,277,37,972,138,1,4,ok,,0.14310115948319435,0.01242197398096323,0.8044548034667969
6332,cylinder-bands,hydra,277,37,972,138,1,4,ok,,0.15964930038899183,0.02024236973375082,0.7782957553863525
6332,cylinder-bands,hydra,277,37,972,138,1,5,ok,,0.15301824733614922,0.01708674058318138,0.7782957553863525
6332,cylinder-bands,looped_transformer_6physical_core4x2,277,37,972,138,1,5,ok,,0.13805500883609056,0.009163420647382736,0.7845118045806885
6332,cylinder-bands,hybrid_8l,277,37,972,138,1,5,ok,,0.14839084073901176,0.010813136585056782,0.8044548034667969
6332,cylinder-bands,tabpfn,277,37,972,138,1,5,ok,,0.13465546909719706,0.010615832172334194,0.8005697727203369
6332,cylinder-bands,looped_transformer_6physical_core4x2,277,37,972,138,2,1,ok,,0.14519139751791954,0.00901980884373188,0.7290085554122925
6332,cylinder-bands,tabpfn,277,37,972,138,2,1,ok,,0.15680010244250298,0.010629989206790924,0.7556915283203125
6332,cylinder-bands,hydra,277,37,972,138,2,1,ok,,0.15751770045608282,0.01710825227200985,0.7148102521896362
6332,cylinder-bands,hybrid_8l,277,37,972,138,2,1,ok,,0.14548470452427864,0.0101691959425807,0.761566698551178
6332,cylinder-bands,hybrid_8l,277,37,972,138,2,2,ok,,0.1482322085648775,0.01041700504720211,0.761566698551178
6332,cylinder-bands,tabpfn,277,37,972,138,2,2,ok,,0.13988933339715004,0.010462150909006596,0.7556915283203125
6332,cylinder-bands,looped_transformer_6physical_core4x2,277,37,972,138,2,2,ok,,0.14950697496533394,0.008992777206003666,0.7290085554122925
6332,cylinder-bands,hydra,277,37,972,138,2,2,ok,,0.24995082803070545,0.039697447791695595,0.7148102521896362
6332,cylinder-bands,tabpfn,277,37,972,138,2,3,ok,,0.19746156595647335,0.010518938302993774,0.7556915283203125
6332,cylinder-bands,looped_transformer_6physical_core4x2,277,37,972,138,2,3,ok,,0.19400577992200851,0.009112314321100712,0.7290085554122925
6332,cylinder-bands,hybrid_8l,277,37,972,138,2,3,ok,,0.13488217815756798,0.010437394492328167,0.761566698551178
6332,cylinder-bands,hydra,277,37,972,138,2,3,ok,,0.15743243973702192,0.01692123804241419,0.7148102521896362
6332,cylinder-bands,hydra,277,37,972,138,2,4,ok,,0.15555427223443985,0.01703734789043665,0.7148102521896362
6332,cylinder-bands,tabpfn,277,37,972,138,2,4,ok,,0.1383368531242013,0.010426433756947517,0.7556915283203125
6332,cylinder-bands,hybrid_8l,277,37,972,138,2,4,ok,,0.14074021577835083,0.010163034312427044,0.761566698551178
6332,cylinder-bands,looped_transformer_6physical_core4x2,277,37,972,138,2,4,ok,,0.13861434813588858,0.00891618151217699,0.7290085554122925
6332,cylinder-bands,hydra,277,37,972,138,2,5,ok,,0.1486812699586153,0.01712129730731249,0.7148102521896362
6332,cylinder-bands,tabpfn,277,37,972,138,2,5,ok,,0.14584290236234665,0.010839755646884441,0.7556915283203125
6332,cylinder-bands,hybrid_8l,277,37,972,138,2,5,ok,,0.13904108759015799,0.010430571623146534,0.761566698551178
6332,cylinder-bands,looped_transformer_6physical_core4x2,277,37,972,138,2,5,ok,,0.1382631128653884,0.009016921743750572,0.7290085554122925
6332,cylinder-bands,hydra,277,37,972,138,3,1,ok,,0.14563068095594645,0.016780260019004345,0.7839944958686829
6332,cylinder-bands,hybrid_8l,277,37,972,138,3,1,ok,,0.13637543749064207,0.010189124383032322,0.8167851567268372
6332,cylinder-bands,tabpfn,277,37,972,138,3,1,ok,,0.13718237448483706,0.010501965880393982,0.8053199052810669
6332,cylinder-bands,looped_transformer_6physical_core4x2,277,37,972,138,3,1,ok,,0.13343091867864132,0.008888179436326027,0.788580596446991
6332,cylinder-bands,looped_transformer_6physical_core4x2,277,37,972,138,3,2,ok,,0.14223221316933632,0.009063471108675003,0.788580596446991
6332,cylinder-bands,tabpfn,277,37,972,138,3,2,ok,,0.14106449019163847,0.010508518666028976,0.8053199052810669
6332,cylinder-bands,hydra,277,37,972,138,3,2,ok,,0.1596662625670433,0.021867848932743073,0.7839944958686829
6332,cylinder-bands,hybrid_8l,277,37,972,138,3,2,ok,,0.20395112037658691,0.013506457209587097,0.8167851567268372
6332,cylinder-bands,looped_transformer_6physical_core4x2,277,37,972,138,3,3,ok,,0.15431958250701427,0.009115138091146946,0.788580596446991
6332,cylinder-bands,hybrid_8l,277,37,972,138,3,3,ok,,0.14176033716648817,0.010284083895385265,0.8167851567268372
6332,cylinder-bands,tabpfn,277,37,972,138,3,3,ok,,0.13777424674481153,0.010381166823208332,0.8053199052810669
6332,cylinder-bands,hydra,277,37,972,138,3,3,ok,,0.1508789537474513,0.01699071004986763,0.7839944958686829
6332,cylinder-bands,hybrid_8l,277,37,972,138,3,4,ok,,0.1436318838968873,0.012977434322237968,0.8167851567268372
6332,cylinder-bands,tabpfn,277,37,972,138,3,4,ok,,0.14256842900067568,0.01071152277290821,0.8053199052810669
6332,cylinder-bands,looped_transformer_6physical_core4x2,277,37,972,138,3,4,ok,,0.14265870116651058,0.009069683030247688,0.788580596446991
6332,cylinder-bands,hydra,277,37,972,138,3,4,ok,,0.15790105797350407,0.019934626296162605,0.7839944958686829
6332,cylinder-bands,looped_transformer_6physical_core4x2,277,37,972,138,3,5,ok,,0.13780145812779665,0.008911973796784878,0.788580596446991
6332,cylinder-bands,hybrid_8l,277,37,972,138,3,5,ok,,0.14460094925016165,0.01260526105761528,0.8167851567268372
6332,cylinder-bands,hydra,277,37,972,138,3,5,ok,,0.15108789037913084,0.016898995265364647,0.7839944958686829
6332,cylinder-bands,tabpfn,277,37,972,138,3,5,ok,,0.134201948530972,0.010475406423211098,0.8053199052810669
6332,cylinder-bands,hybrid_8l,277,37,972,138,4,1,ok,,0.13771510496735573,0.010162623599171638,0.8077601194381714
6332,cylinder-bands,looped_transformer_6physical_core4x2,277,37,972,138,4,1,ok,,0.13712805323302746,0.009342839941382408,0.7557319402694702
6332,cylinder-bands,hydra,277,37,972,138,4,1,ok,,0.1485088849440217,0.01687032077461481,0.7566137313842773
6332,cylinder-bands,tabpfn,277,37,972,138,4,1,ok,,0.14805205911397934,0.010590723715722561,0.7832892537117004
6332,cylinder-bands,looped_transformer_6physical_core4x2,277,37,972,138,4,2,ok,,0.14316591154783964,0.00903900433331728,0.7557319402694702
6332,cylinder-bands,hybrid_8l,277,37,972,138,4,2,ok,,0.15232820995151997,0.010423267260193825,0.8077601194381714
6332,cylinder-bands,hydra,277,37,972,138,4,2,ok,,0.14613270200788975,0.01679000910371542,0.7566137313842773
6332,cylinder-bands,tabpfn,277,37,972,138,4,2,ok,,0.14861016627401114,0.010555237531661987,0.7832892537117004
6332,cylinder-bands,hybrid_8l,277,37,972,138,4,3,ok,,0.14492036495357752,0.011259672231972218,0.8077601194381714
6332,cylinder-bands,tabpfn,277,37,972,138,4,3,ok,,0.16773597989231348,0.013373928144574165,0.7832892537117004
6332,cylinder-bands,looped_transformer_6physical_core4x2,277,37,972,138,4,3,ok,,0.22305794060230255,0.015145212411880493,0.7557319402694702
6332,cylinder-bands,hydra,277,37,972,138,4,3,ok,,0.20811519026756287,0.01699407584965229,0.7566137313842773
6332,cylinder-bands,hybrid_8l,277,37,972,138,4,4,ok,,0.15349725540727377,0.01033252477645874,0.8077601194381714
6332,cylinder-bands,hydra,277,37,972,138,4,4,ok,,0.15814977791160345,0.016678398475050926,0.7566137313842773
6332,cylinder-bands,looped_transformer_6physical_core4x2,277,37,972,138,4,4,ok,,0.1564976293593645,0.009686662815511227,0.7557319402694702
6332,cylinder-bands,tabpfn,277,37,972,138,4,4,ok,,0.14447069354355335,0.0106206014752388,0.7832892537117004
6332,cylinder-bands,hydra,277,37,972,138,4,5,ok,,0.1450317269191146,0.017012731172144413,0.7566137313842773
6332,cylinder-bands,hybrid_8l,277,37,972,138,4,5,ok,,0.1516709141433239,0.010393571108579636,0.8077601194381714
6332,cylinder-bands,looped_transformer_6physical_core4x2,277,37,972,138,4,5,ok,,0.14619476068764925,0.009173369035124779,0.7557319402694702
6332,cylinder-bands,tabpfn,277,37,972,138,4,5,ok,,0.15887603536248207,0.010591456666588783,0.7832892537117004
6332,cylinder-bands,looped_transformer_6physical_core4x2,277,37,972,138,5,1,ok,,0.1605808548629284,0.009097334928810596,0.7538290619850159
6332,cylinder-bands,hybrid_8l,277,37,972,138,5,1,ok,,0.14476231671869755,0.010360187850892544,0.7706992030143738
6332,cylinder-bands,hydra,277,37,972,138,5,1,ok,,0.15866285096853971,0.017050081863999367,0.7289677858352661
6332,cylinder-bands,tabpfn,277,37,972,138,5,1,ok,,0.14124470204114914,0.010525552555918694,0.7627081274986267
6332,cylinder-bands,looped_transformer_6physical_core4x2,277,37,972,138,5,2,ok,,0.14166239276528358,0.00908409059047699,0.7538290619850159
6332,cylinder-bands,hydra,277,37,972,138,5,2,ok,,0.14428621344268322,0.017463314346969128,0.7289677858352661
6332,cylinder-bands,tabpfn,277,37,972,138,5,2,ok,,0.14288212358951569,0.012192047201097012,0.7627081274986267
6332,cylinder-bands,hybrid_8l,277,37,972,138,5,2,ok,,0.14080479834228754,0.010354516096413136,0.7706992030143738
6332,cylinder-bands,looped_transformer_6physical_core4x2,277,37,972,138,5,3,ok,,0.15543963573873043,0.012848582118749619,0.7538290619850159
6332,cylinder-bands,hydra,277,37,972,138,5,3,ok,,0.15017671324312687,0.016984187066555023,0.7289677858352661
6332,cylinder-bands,tabpfn,277,37,972,138,5,3,ok,,0.14020811766386032,0.010545719414949417,0.7627081274986267
6332,cylinder-bands,hybrid_8l,277,37,972,138,5,3,ok,,0.14862590469419956,0.013211360201239586,0.7706992030143738
6332,cylinder-bands,tabpfn,277,37,972,138,5,4,ok,,0.13542222045361996,0.010585625655949116,0.7627081274986267
6332,cylinder-bands,hybrid_8l,277,37,972,138,5,4,ok,,0.14315433893352747,0.011794734746217728,0.7706992030143738
6332,cylinder-bands,looped_transformer_6physical_core4x2,277,37,972,138,5,4,ok,,0.13298274017870426,0.009033283218741417,0.7538290619850159
6332,cylinder-bands,hydra,277,37,972,138,5,4,ok,,0.15155135747045279,0.023172060027718544,0.7289677858352661
6332,cylinder-bands,looped_transformer_6physical_core4x2,277,37,972,138,5,5,ok,,0.13853977713733912,0.009005502797663212,0.7538290619850159
6332,cylinder-bands,tabpfn,277,37,972,138,5,5,ok,,0.14527339488267899,0.010585034266114235,0.7627081274986267
6332,cylinder-bands,hybrid_8l,277,37,972,138,5,5,ok,,0.13962837029248476,0.010317858308553696,0.7706992030143738
6332,cylinder-bands,hydra,277,37,972,138,5,5,ok,,0.15959066897630692,0.021107458509504795,0.7289677858352661
23381,dresses-sales,hydra,99,12,972,49,1,1,ok,,0.062514235265553,0.018498496152460575,0.5370370149612427
23381,dresses-sales,tabpfn,99,12,972,49,1,1,ok,,0.050220333971083164,0.008662993088364601,0.5858585834503174
23381,dresses-sales,looped_transformer_6physical_core4x2,99,12,972,49,1,1,ok,,0.053676231764256954,0.007858308032155037,0.6161616444587708
23381,dresses-sales,hybrid_8l,99,12,972,49,1,1,ok,,0.050437004305422306,0.009724223054945469,0.560606062412262
23381,dresses-sales,looped_transformer_6physical_core4x2,99,12,972,49,1,2,ok,,0.047043985687196255,0.007246688939630985,0.6161616444587708
23381,dresses-sales,hydra,99,12,972,49,1,2,ok,,0.05662491638213396,0.015891676768660545,0.5370370149612427
23381,dresses-sales,tabpfn,99,12,972,49,1,2,ok,,0.05016542971134186,0.00850010383874178,0.5858585834503174
23381,dresses-sales,hybrid_8l,99,12,972,49,1,2,ok,,0.05982380826026201,0.018033916130661964,0.560606062412262
23381,dresses-sales,looped_transformer_6physical_core4x2,99,12,972,49,1,3,ok,,0.047756655141711235,0.0072901006788015366,0.6161616444587708
23381,dresses-sales,tabpfn,99,12,972,49,1,3,ok,,0.05012397188693285,0.00867963396012783,0.5858585834503174
23381,dresses-sales,hybrid_8l,99,12,972,49,1,3,ok,,0.05108964070677757,0.010093923658132553,0.560606062412262
23381,dresses-sales,hydra,99,12,972,49,1,3,ok,,0.06830236036330462,0.016747417859733105,0.5370370149612427
23381,dresses-sales,tabpfn,99,12,972,49,1,4,ok,,0.059369828552007675,0.01718871481716633,0.5858585834503174
23381,dresses-sales,hybrid_8l,99,12,972,49,1,4,ok,,0.050305155105888844,0.009601380676031113,0.560606062412262
23381,dresses-sales,looped_transformer_6physical_core4x2,99,12,972,49,1,4,ok,,0.04720154497772455,0.007363520562648773,0.6161616444587708
23381,dresses-sales,hydra,99,12,972,49,1,4,ok,,0.056765143759548664,0.01586748193949461,0.5370370149612427
23381,dresses-sales,hydra,99,12,972,49,1,5,ok,,0.05647812969982624,0.015847292728722095,0.5370370149612427
23381,dresses-sales,hybrid_8l,99,12,972,49,1,5,ok,,0.049768418073654175,0.009409026242792606,0.560606062412262
23381,dresses-sales,looped_transformer_6physical_core4x2,99,12,972,49,1,5,ok,,0.047215220518410206,0.007291032932698727,0.6161616444587708
23381,dresses-sales,tabpfn,99,12,972,49,1,5,ok,,0.052387259900569916,0.009169531986117363,0.5858585834503174
23381,dresses-sales,hydra,99,12,972,49,2,1,ok,,0.06058805529028177,0.017385457642376423,0.442176878452301
23381,dresses-sales,tabpfn,99,12,972,49,2,1,ok,,0.054488399997353554,0.009577034041285515,0.4166666567325592
23381,dresses-sales,looped_transformer_6physical_core4x2,99,12,972,49,2,1,ok,,0.05367977824062109,0.009232129901647568,0.4098639488220215
23381,dresses-sales,hybrid_8l,99,12,972,49,2,1,ok,,0.05588639806956053,0.01078016310930252,0.40816327929496765
23381,dresses-sales,looped_transformer_6physical_core4x2,99,12,972,49,2,2,ok,,0.051194959320127964,0.007934652268886566,0.4098639488220215
23381,dresses-sales,tabpfn,99,12,972,49,2,2,ok,,0.05386954639106989,0.00918261706829071,0.4166666567325592
23381,dresses-sales,hybrid_8l,99,12,972,49,2,2,ok,,0.05441485997289419,0.010251081548631191,0.40816327929496765
23381,dresses-sales,hydra,99,12,972,49,2,2,ok,,0.056948439218103886,0.01604201178997755,0.442176878452301
23381,dresses-sales,hybrid_8l,99,12,972,49,2,3,ok,,0.05003549437969923,0.00949360616505146,0.40816327929496765
23381,dresses-sales,looped_transformer_6physical_core4x2,99,12,972,49,2,3,ok,,0.05575949791818857,0.008156542666256428,0.4098639488220215
23381,dresses-sales,tabpfn,99,12,972,49,2,3,ok,,0.05072635319083929,0.009015319868922234,0.4166666567325592
23381,dresses-sales,hydra,99,12,972,49,2,3,ok,,0.06655503064393997,0.016377928666770458,0.442176878452301
23381,dresses-sales,tabpfn,99,12,972,49,2,4,ok,,0.06005820259451866,0.009087476879358292,0.4166666567325592
23381,dresses-sales,looped_transformer_6physical_core4x2,99,12,972,49,2,4,ok,,0.04872372932732105,0.007767996750771999,0.4098639488220215
23381,dresses-sales,hybrid_8l,99,12,972,49,2,4,ok,,0.05975015740841627,0.010058816522359848,0.40816327929496765
23381,dresses-sales,hydra,99,12,972,49,2,4,ok,,0.06971816346049309,0.026968401856720448,0.442176878452301
23381,dresses-sales,tabpfn,99,12,972,49,2,5,ok,,0.051030357368290424,0.008760315366089344,0.4166666567325592
23381,dresses-sales,hybrid_8l,99,12,972,49,2,5,ok,,0.060167718678712845,0.0099793067201972,0.40816327929496765
23381,dresses-sales,looped_transformer_6physical_core4x2,99,12,972,49,2,5,ok,,0.048473925329744816,0.007856003940105438,0.4098639488220215
23381,dresses-sales,hydra,99,12,972,49,2,5,ok,,0.05791485030204058,0.016239055432379246,0.442176878452301
23381,dresses-sales,tabpfn,99,12,972,49,3,1,ok,,0.051979437470436096,0.008760427124798298,0.557823121547699
23381,dresses-sales,hybrid_8l,99,12,972,49,3,1,ok,,0.05191602651029825,0.009717781096696854,0.6088435649871826
23381,dresses-sales,hydra,99,12,972,49,3,1,ok,,0.058890278451144695,0.01611269637942314,0.5425170063972473
23381,dresses-sales,looped_transformer_6physical_core4x2,99,12,972,49,3,1,ok,,0.04922894574701786,0.007576773874461651,0.5170068144798279
23381,dresses-sales,hydra,99,12,972,49,3,2,ok,,0.058733041398227215,0.016046381555497646,0.5425170063972473
23381,dresses-sales,looped_transformer_6physical_core4x2,99,12,972,49,3,2,ok,,0.04998374544084072,0.0076065510511398315,0.5170068144798279
23381,dresses-sales,hybrid_8l,99,12,972,49,3,2,ok,,0.05214765574783087,0.009778094477951527,0.6088435649871826
23381,dresses-sales,tabpfn,99,12,972,49,3,2,ok,,0.05227242223918438,0.008752661757171154,0.557823121547699
23381,dresses-sales,hydra,99,12,972,49,3,3,ok,,0.05966867320239544,0.016399148851633072,0.5425170063972473
23381,dresses-sales,tabpfn,99,12,972,49,3,3,ok,,0.05175620224326849,0.008926231414079666,0.557823121547699
23381,dresses-sales,looped_transformer_6physical_core4x2,99,12,972,49,3,3,ok,,0.04937795829027891,0.007462287321686745,0.5170068144798279
23381,dresses-sales,hybrid_8l,99,12,972,49,3,3,ok,,0.05548814311623573,0.011544981971383095,0.6088435649871826
23381,dresses-sales,looped_transformer_6physical_core4x2,99,12,972,49,3,4,ok,,0.050600855611264706,0.007848469540476799,0.5170068144798279
23381,dresses-sales,tabpfn,99,12,972,49,3,4,ok,,0.05207848362624645,0.008811031468212605,0.557823121547699
23381,dresses-sales,hydra,99,12,972,49,3,4,ok,,0.05990555137395859,0.017141916789114475,0.5425170063972473
23381,dresses-sales,hybrid_8l,99,12,972,49,3,4,ok,,0.059974584728479385,0.009803363122045994,0.6088435649871826
23381,dresses-sales,hybrid_8l,99,12,972,49,3,5,ok,,0.051902289502322674,0.010106808505952358,0.6088435649871826
23381,dresses-sales,tabpfn,99,12,972,49,3,5,ok,,0.05138710420578718,0.009150505997240543,0.557823121547699
23381,dresses-sales,hydra,99,12,972,49,3,5,ok,,0.06918224785476923,0.017056303098797798,0.5425170063972473
23381,dresses-sales,looped_transformer_6physical_core4x2,99,12,972,49,3,5,ok,,0.0513411071151495,0.007827188819646835,0.5170068144798279
23381,dresses-sales,hybrid_8l,99,12,972,49,4,1,ok,,0.05637645721435547,0.013054111041128635,0.4421052634716034
23381,dresses-sales,looped_transformer_6physical_core4x2,99,12,972,49,4,1,ok,,0.08280172012746334,0.01086445339024067,0.45614033937454224
23381,dresses-sales,hydra,99,12,972,49,4,1,ok,,0.07741718925535679,0.02334248274564743,0.4578947424888611
23381,dresses-sales,tabpfn,99,12,972,49,4,1,ok,,0.06527401227504015,0.011999724432826042,0.4368421137332916
23381,dresses-sales,hybrid_8l,99,12,972,49,4,2,ok,,0.05457018502056599,0.01156617235392332,0.4421052634716034
23381,dresses-sales,tabpfn,99,12,972,49,4,2,ok,,0.050908857956528664,0.008933735080063343,0.4368421137332916
23381,dresses-sales,hydra,99,12,972,49,4,2,ok,,0.06815718580037355,0.020306240767240524,0.4578947424888611
23381,dresses-sales,looped_transformer_6physical_core4x2,99,12,972,49,4,2,ok,,0.05245478730648756,0.008678381331264973,0.45614033937454224
23381,dresses-sales,hybrid_8l,99,12,972,49,4,3,ok,,0.05074493773281574,0.009480390697717667,0.4421052634716034
23381,dresses-sales,tabpfn,99,12,972,49,4,3,ok,,0.05098532326519489,0.008565657772123814,0.4368421137332916
23381,dresses-sales,hydra,99,12,972,49,4,3,ok,,0.058397626504302025,0.01601897832006216,0.4578947424888611
23381,dresses-sales,looped_transformer_6physical_core4x2,99,12,972,49,4,3,ok,,0.04847588762640953,0.007362819276750088,0.45614033937454224
23381,dresses-sales,tabpfn,99,12,972,49,4,4,ok,,0.0508800633251667,0.008550618775188923,0.4368421137332916
23381,dresses-sales,hybrid_8l,99,12,972,49,4,4,ok,,0.05513422377407551,0.009718932211399078,0.4421052634716034
23381,dresses-sales,hydra,99,12,972,49,4,4,ok,,0.08708953484892845,0.023607956245541573,0.4578947424888611
23381,dresses-sales,looped_transformer_6physical_core4x2,99,12,972,49,4,4,ok,,0.05594738386571407,0.008282290771603584,0.45614033937454224
23381,dresses-sales,hydra,99,12,972,49,4,5,ok,,0.06085124332457781,0.016768568195402622,0.4578947424888611
23381,dresses-sales,looped_transformer_6physical_core4x2,99,12,972,49,4,5,ok,,0.049188307486474514,0.007317833602428436,0.45614033937454224
23381,dresses-sales,tabpfn,99,12,972,49,4,5,ok,,0.05862251203507185,0.015402300283312798,0.4368421137332916
23381,dresses-sales,hybrid_8l,99,12,972,49,4,5,ok,,0.052456870675086975,0.009721658192574978,0.4421052634716034
23381,dresses-sales,tabpfn,99,12,972,49,5,1,ok,,0.06161887850612402,0.010409721173346043,0.5488215684890747
23381,dresses-sales,hybrid_8l,99,12,972,49,5,1,ok,,0.05228404328227043,0.009681862778961658,0.5185185074806213
23381,dresses-sales,hydra,99,12,972,49,5,1,ok,,0.05864118691533804,0.016056830063462257,0.5286195278167725
23381,dresses-sales,looped_transformer_6physical_core4x2,99,12,972,49,5,1,ok,,0.04898431245237589,0.007314587011933327,0.567340075969696
23381,dresses-sales,tabpfn,99,12,972,49,5,2,ok,,0.05133937392383814,0.008645989932119846,0.5488215684890747
23381,dresses-sales,hybrid_8l,99,12,972,49,5,2,ok,,0.05178194306790829,0.00968007929623127,0.5185185074806213
23381,dresses-sales,hydra,99,12,972,49,5,2,ok,,0.058466256596148014,0.01608214806765318,0.5286195278167725
23381,dresses-sales,looped_transformer_6physical_core4x2,99,12,972,49,5,2,ok,,0.048978712409734726,0.007359924726188183,0.567340075969696
23381,dresses-sales,hydra,99,12,972,49,5,3,ok,,0.05870801396667957,0.016210921108722687,0.5286195278167725
23381,dresses-sales,hybrid_8l,99,12,972,49,5,3,ok,,0.05181579664349556,0.009696269407868385,0.5185185074806213
23381,dresses-sales,looped_transformer_6physical_core4x2,99,12,972,49,5,3,ok,,0.049219878390431404,0.007408776320517063,0.567340075969696
23381,dresses-sales,tabpfn,99,12,972,49,5,3,ok,,0.053942625410854816,0.008925719186663628,0.5488215684890747
23381,dresses-sales,tabpfn,99,12,972,49,5,4,ok,,0.05180266220122576,0.008486578240990639,0.5488215684890747
23381,dresses-sales,looped_transformer_6physical_core4x2,99,12,972,49,5,4,ok,,0.04922652058303356,0.007288959808647633,0.567340075969696
23381,dresses-sales,hydra,99,12,972,49,5,4,ok,,0.05927651096135378,0.016460414044559002,0.5286195278167725
23381,dresses-sales,hybrid_8l,99,12,972,49,5,4,ok,,0.05442413780838251,0.010091248899698257,0.5185185074806213
23381,dresses-sales,looped_transformer_6physical_core4x2,99,12,972,49,5,5,ok,,0.052484783343970776,0.0076691992580890656,0.567340075969696
23381,dresses-sales,hydra,99,12,972,49,5,5,ok,,0.059240423142910004,0.016268140636384487,0.5286195278167725
23381,dresses-sales,hybrid_8l,99,12,972,49,5,5,ok,,0.051999254152178764,0.009747576899826527,0.5185185074806213
23381,dresses-sales,tabpfn,99,12,972,49,5,5,ok,,0.051234704442322254,0.008635629899799824,0.5488215684890747
40966,MiceProtein,hybrid_8l,552,77,972,276,1,1,ok,,0.4345448585227132,0.025114700198173523,1.0
40966,MiceProtein,tabpfn,552,77,972,276,1,1,ok,,0.4310303693637252,0.03592978976666927,1.0
40966,MiceProtein,hydra,552,77,972,276,1,1,ok,,0.45236850529909134,0.03778931312263012,0.9983229637145996
40966,MiceProtein,looped_transformer_6physical_core4x2,552,77,972,276,1,1,ok,,0.5179005870595574,0.03185801487416029,0.9999811053276062
40966,MiceProtein,tabpfn,552,77,972,276,1,2,ok,,0.5049262773245573,0.036100683733820915,1.0
40966,MiceProtein,hydra,552,77,972,276,1,2,ok,,0.5201094634830952,0.0389404846355319,0.9983229637145996
40966,MiceProtein,hybrid_8l,552,77,972,276,1,2,ok,,0.4211307540535927,0.0272104199975729,1.0
40966,MiceProtein,looped_transformer_6physical_core4x2,552,77,972,276,1,2,ok,,0.6846873797476292,0.038209348917007446,0.9999811053276062
40966,MiceProtein,hybrid_8l,552,77,972,276,1,3,ok,,0.9463386666029692,0.03654300142079592,1.0
40966,MiceProtein,hydra,552,77,972,276,1,3,ok,,0.6420657727867365,0.04073955211788416,0.9983229637145996
40966,MiceProtein,looped_transformer_6physical_core4x2,552,77,972,276,1,3,ok,,0.654832910746336,0.030634387396275997,0.9999811053276062
40966,MiceProtein,tabpfn,552,77,972,276,1,3,ok,,0.48590373899787664,0.03611509036272764,1.0
40966,MiceProtein,hybrid_8l,552,77,972,276,1,4,ok,,0.5632865931838751,0.02635329682379961,1.0
40966,MiceProtein,tabpfn,552,77,972,276,1,4,ok,,0.37892184872180223,0.03599075600504875,1.0
40966,MiceProtein,hydra,552,77,972,276,1,4,ok,,0.4275886295363307,0.037746332585811615,0.9983229637145996
40966,MiceProtein,looped_transformer_6physical_core4x2,552,77,972,276,1,4,ok,,0.40094559360295534,0.03068128600716591,0.9999811053276062
40966,MiceProtein,hydra,552,77,972,276,1,5,ok,,0.4204025845974684,0.03820052184164524,0.9983229637145996
40966,MiceProtein,hybrid_8l,552,77,972,276,1,5,ok,,0.40119132958352566,0.025220509618520737,1.0
40966,MiceProtein,tabpfn,552,77,972,276,1,5,ok,,0.6521426541730762,0.03615583945065737,1.0
40966,MiceProtein,looped_transformer_6physical_core4x2,552,77,972,276,1,5,ok,,0.4490789631381631,0.030339759774506092,0.9999811053276062
40966,MiceProtein,tabpfn,552,77,972,276,2,1,ok,,0.43972278758883476,0.036330909468233585,1.0
40966,MiceProtein,hydra,552,77,972,276,2,1,ok,,0.4177216375246644,0.03770592529326677,0.998745322227478
40966,MiceProtein,hybrid_8l,552,77,972,276,2,1,ok,,0.43939971551299095,0.025214118883013725,1.0
40966,MiceProtein,looped_transformer_6physical_core4x2,552,77,972,276,2,1,ok,,0.5939039597287774,0.030704570934176445,1.0
40966,MiceProtein,looped_transformer_6physical_core4x2,552,77,972,276,2,2,ok,,0.5070348829030991,0.03049443196505308,1.0
40966,MiceProtein,tabpfn,552,77,972,276,2,2,ok,,0.4631694685667753,0.03605584893375635,1.0
40966,MiceProtein,hydra,552,77,972,276,2,2,ok,,0.4416842358186841,0.0377056747674942,0.998745322227478
40966,MiceProtein,hybrid_8l,552,77,972,276,2,2,ok,,0.5360185336321592,0.027755954302847385,1.0
40966,MiceProtein,looped_transformer_6physical_core4x2,552,77,972,276,2,3,ok,,0.4968124972656369,0.030531233176589012,1.0
40966,MiceProtein,hydra,552,77,972,276,2,3,ok,,0.38738595508039,0.037700614891946316,0.998745322227478
40966,MiceProtein,tabpfn,552,77,972,276,2,3,ok,,0.35977018531411886,0.03595843352377415,1.0
40966,MiceProtein,hybrid_8l,552,77,972,276,2,3,ok,,0.3240297641605139,0.025184973143041134,1.0
40966,MiceProtein,hydra,552,77,972,276,2,4,ok,,0.46911483258008957,0.0377719197422266,0.998745322227478
40966,MiceProtein,tabpfn,552,77,972,276,2,4,ok,,0.4403232056647539,0.03602059185504913,1.0
40966,MiceProtein,looped_transformer_6physical_core4x2,552,77,972,276,2,4,ok,,0.5206885216757655,0.030865094624459743,1.0
40966,MiceProtein,hybrid_8l,552,77,972,276,2,4,ok,,0.4916040003299713,0.025157993659377098,1.0
40966,MiceProtein,hybrid_8l,552,77,972,276,2,5,ok,,0.4758742293342948,0.025220931507647038,1.0
40966,MiceProtein,tabpfn,552,77,972,276,2,5,ok,,0.4557502642273903,0.04396979231387377,1.0
40966,MiceProtein,hydra,552,77,972,276,2,5,ok,,0.4915280258283019,0.037668765522539616,0.998745322227478
40966,MiceProtein,looped_transformer_6physical_core4x2,552,77,972,276,2,5,ok,,0.4947210242971778,0.03498004097491503,1.0
40966,MiceProtein,hydra,552,77,972,276,3,1,ok,,0.4836209360510111,0.037743667140603065,0.9987596869468689
40966,MiceProtein,hybrid_8l,552,77,972,276,3,1,ok,,0.4156609531491995,0.02511388063430786,1.0
40966,MiceProtein,tabpfn,552,77,972,276,3,1,ok,,0.7324273670092225,0.0360014857724309,1.0
40966,MiceProtein,looped_transformer_6physical_core4x2,552,77,972,276,3,1,ok,,0.5463800840079784,0.030517366714775562,1.0
40966,MiceProtein,hybrid_8l,552,77,972,276,3,2,ok,,0.41626609954982996,0.025198228657245636,1.0
40966,MiceProtein,tabpfn,552,77,972,276,3,2,ok,,0.5262517109513283,0.03603482898324728,1.0
40966,MiceProtein,hydra,552,77,972,276,3,2,ok,,0.3405850697308779,0.03772817738354206,0.9987596869468689
40966,MiceProtein,looped_transformer_6physical_core4x2,552,77,972,276,3,2,ok,,0.4231338519603014,0.030701614916324615,1.0
40966,MiceProtein,looped_transformer_6physical_core4x2,552,77,972,276,3,3,ok,,0.34664779528975487,0.030407789163291454,1.0
40966,MiceProtein,hybrid_8l,552,77,972,276,3,3,ok,,0.42201152350753546,0.02592876274138689,1.0
40966,MiceProtein,hydra,552,77,972,276,3,3,ok,,0.33849878795444965,0.037687329575419426,0.9987596869468689
40966,MiceProtein,tabpfn,552,77,972,276,3,3,ok,,0.450898140668869,0.0368372593075037,1.0
40966,MiceProtein,looped_transformer_6physical_core4x2,552,77,972,276,3,4,ok,,0.3606701819226146,0.030431113205850124,1.0
40966,MiceProtein,hydra,552,77,972,276,3,4,ok,,0.38658807426691055,0.03765974845737219,0.9987596869468689
40966,MiceProtein,tabpfn,552,77,972,276,3,4,ok,,0.4675182783976197,0.03604948706924915,1.0
40966,MiceProtein,hybrid_8l,552,77,972,276,3,4,ok,,0.3425962598994374,0.02577904984354973,1.0
40966,MiceProtein,looped_transformer_6physical_core4x2,552,77,972,276,3,5,ok,,0.31287666596472263,0.030298721976578236,1.0
40966,MiceProtein,hybrid_8l,552,77,972,276,3,5,ok,,0.3683982426300645,0.02519820909947157,1.0
40966,MiceProtein,tabpfn,552,77,972,276,3,5,ok,,0.44077360164374113,0.036018067970871925,1.0
40966,MiceProtein,hydra,552,77,972,276,3,5,ok,,0.41328791808336973,0.037651642225682735,0.9987596869468689
40966,MiceProtein,looped_transformer_6physical_core4x2,552,77,972,276,4,1,ok,,0.36666584108024836,0.030330422334372997,1.0
40966,MiceProtein,hybrid_8l,552,77,972,276,4,1,ok,,0.33137394953519106,0.025049537420272827,1.0
40966,MiceProtein,hydra,552,77,972,276,4,1,ok,,0.47182128112763166,0.03795037791132927,0.99431312084198
40966,MiceProtein,tabpfn,552,77,972,276,4,1,ok,,0.45062187872827053,0.04041259363293648,1.0
40966,MiceProtein,hybrid_8l,552,77,972,276,4,2,ok,,0.42055679950863123,0.025152582675218582,1.0
40966,MiceProtein,looped_transformer_6physical_core4x2,552,77,972,276,4,2,ok,,0.4252652283757925,0.030454397201538086,1.0
40966,MiceProtein,tabpfn,552,77,972,276,4,2,ok,,0.4639436174184084,0.036233034916222095,1.0
40966,MiceProtein,hydra,552,77,972,276,4,2,ok,,0.8378403186798096,0.04433656670153141,0.99431312084198
40966,MiceProtein,hybrid_8l,552,77,972,276,4,3,ok,,0.8358644340187311,0.02607154380530119,1.0
40966,MiceProtein,looped_transformer_6physical_core4x2,552,77,972,276,4,3,ok,,0.3512009223923087,0.030437885783612728,1.0
40966,MiceProtein,hydra,552,77,972,276,4,3,ok,,0.4752277247607708,0.0377711895853281,0.99431312084198
40966,MiceProtein,tabpfn,552,77,972,276,4,3,ok,,0.48596074990928173,0.036968257278203964,1.0
40966,MiceProtein,tabpfn,552,77,972,276,4,4,ok,,0.48587933648377657,0.036427633836865425,1.0
40966,MiceProtein,looped_transformer_6physical_core4x2,552,77,972,276,4,4,ok,,0.8515281500294805,0.03304121736437082,1.0
40966,MiceProtein,hybrid_8l,552,77,972,276,4,4,ok,,0.9681621473282576,0.034728044643998146,1.0
40966,MiceProtein,hydra,552,77,972,276,4,4,ok,,0.8920384673401713,0.03825862240046263,0.99431312084198
40966,MiceProtein,hydra,552,77,972,276,4,5,ok,,0.7726192846894264,0.03901405353099108,0.99431312084198
40966,MiceProtein,hybrid_8l,552,77,972,276,4,5,ok,,0.5174371032044291,0.026624021120369434,1.0
40966,MiceProtein,looped_transformer_6physical_core4x2,552,77,972,276,4,5,ok,,0.6959633072838187,0.03154489304870367,1.0
40966,MiceProtein,tabpfn,552,77,972,276,4,5,ok,,0.45844707544893026,0.03600683715194464,1.0
40966,MiceProtein,looped_transformer_6physical_core4x2,552,77,972,276,5,1,ok,,0.41505211032927036,0.031442780047655106,1.0
40966,MiceProtein,tabpfn,552,77,972,276,5,1,ok,,0.5206703888252378,0.036184974014759064,1.0
40966,MiceProtein,hydra,552,77,972,276,5,1,ok,,0.7431770758703351,0.04085917863994837,0.9983811378479004
40966,MiceProtein,hybrid_8l,552,77,972,276,5,1,ok,,0.7659848555922508,0.02547499258071184,1.0
40966,MiceProtein,tabpfn,552,77,972,276,5,2,ok,,0.5445160064846277,0.03967922367155552,1.0
40966,MiceProtein,hydra,552,77,972,276,5,2,ok,,0.5186829632148147,0.0403347946703434,0.9983811378479004
40966,MiceProtein,hybrid_8l,552,77,972,276,5,2,ok,,0.4823993230238557,0.025738263502717018,1.0
40966,MiceProtein,looped_transformer_6physical_core4x2,552,77,972,276,5,2,ok,,0.8834272352978587,0.033538078889250755,1.0
40966,MiceProtein,hydra,552,77,972,276,5,3,ok,,0.9170286748558283,0.041977797634899616,0.9983811378479004
40966,MiceProtein,tabpfn,552,77,972,276,5,3,ok,,0.8541569421067834,0.036110132932662964,1.0
40966,MiceProtein,hybrid_8l,552,77,972,276,5,3,ok,,0.4320933762937784,0.028547484427690506,1.0
40966,MiceProtein,looped_transformer_6physical_core4x2,552,77,972,276,5,3,ok,,0.40539329312741756,0.03028968535363674,1.0
40966,MiceProtein,looped_transformer_6physical_core4x2,552,77,972,276,5,4,ok,,0.39851701632142067,0.03045016899704933,1.0
40966,MiceProtein,hydra,552,77,972,276,5,4,ok,,0.4387461906298995,0.03937740158289671,0.9983811378479004
40966,MiceProtein,hybrid_8l,552,77,972,276,5,4,ok,,0.36495968978852034,0.025222384370863438,1.0
40966,MiceProtein,tabpfn,552,77,972,276,5,4,ok,,0.6670602606609464,0.0361002329736948,1.0
40966,MiceProtein,hybrid_8l,552,77,972,276,5,5,ok,,0.7914654919877648,0.025610199198126793,1.0
40966,MiceProtein,tabpfn,552,77,972,276,5,5,ok,,0.6218438372015953,0.03619412053376436,1.0
40966,MiceProtein,hydra,552,77,972,276,5,5,ok,,0.4667017934843898,0.03769974410533905,0.9983811378479004
40966,MiceProtein,looped_transformer_6physical_core4x2,552,77,972,276,5,5,ok,,0.5128767443820834,0.03057560697197914,1.0
40975,car,hydra,1728,6,972,512,1,1,ok,,0.20618439465761185,0.05237576737999916,0.9441826343536377
40975,car,looped_transformer_6physical_core4x2,1728,6,972,512,1,1,ok,,0.10064362268894911,0.04171392880380154,0.9830448627471924
40975,car,hybrid_8l,1728,6,972,512,1,1,ok,,0.14171921275556087,0.03506521321833134,0.9857921004295349
40975,car,tabpfn,1728,6,972,512,1,1,ok,,0.09706295002251863,0.04849472548812628,0.9893051385879517
40975,car,tabpfn,1728,6,972,512,1,2,ok,,0.08817815780639648,0.04449168220162392,0.9893051385879517
40975,car,hydra,1728,6,972,512,1,2,ok,,0.10354156419634819,0.04718250874429941,0.9441826343536377
40975,car,looped_transformer_6physical_core4x2,1728,6,972,512,1,2,ok,,0.07506989315152168,0.03575124125927687,0.9830448627471924
40975,car,hybrid_8l,1728,6,972,512,1,2,ok,,0.12424513697624207,0.029103518463671207,0.9857921004295349
40975,car,looped_transformer_6physical_core4x2,1728,6,972,512,1,3,ok,,0.07792476192116737,0.03414649236947298,0.9830448627471924
40975,car,hybrid_8l,1728,6,972,512,1,3,ok,,0.16278314776718616,0.0291656656190753,0.9857921004295349
40975,car,hydra,1728,6,972,512,1,3,ok,,0.18119287677109241,0.04401740152388811,0.9441826343536377
40975,car,tabpfn,1728,6,972,512,1,3,ok,,0.16051623411476612,0.04117514844983816,0.9893051385879517
40975,car,hybrid_8l,1728,6,972,512,1,4,ok,,0.13888739794492722,0.02911220397800207,0.9857921004295349
40975,car,looped_transformer_6physical_core4x2,1728,6,972,512,1,4,ok,,0.13201421592384577,0.034232886508107185,0.9830448627471924
40975,car,hydra,1728,6,972,512,1,4,ok,,0.14141756109893322,0.04379855841398239,0.9441826343536377
40975,car,tabpfn,1728,6,972,512,1,4,ok,,0.13913176022469997,0.040962764993309975,0.9893051385879517
40975,car,hybrid_8l,1728,6,972,512,1,5,ok,,0.1380507117137313,0.02938402071595192,0.9857921004295349
40975,car,looped_transformer_6physical_core4x2,1728,6,972,512,1,5,ok,,0.1860330868512392,0.034439085982739925,0.9830448627471924
40975,car,tabpfn,1728,6,972,512,1,5,ok,,0.33625045884400606,0.04882317781448364,0.9893051385879517
40975,car,hydra,1728,6,972,512,1,5,ok,,0.38749581668525934,0.054804589599370956,0.9441826343536377
40975,car,tabpfn,1728,6,972,512,2,1,ok,,0.3491468224674463,0.048550440929830074,0.9878180027008057
40975,car,hybrid_8l,1728,6,972,512,2,1,ok,,0.36226731911301613,0.0438343258574605,0.9934856295585632
40975,car,hydra,1728,6,972,512,2,1,ok,,0.36551874969154596,0.05581963248550892,0.950622022151947
40975,car,looped_transformer_6physical_core4x2,1728,6,972,512,2,1,ok,,0.38931209687143564,0.04097799398005009,0.9850438237190247
40975,car,hybrid_8l,1728,6,972,512,2,2,ok,,0.19357045646756887,0.03493004571646452,0.9934856295585632
40975,car,hydra,1728,6,972,512,2,2,ok,,0.16587543673813343,0.05209926329553127,0.950622022151947
40975,car,tabpfn,1728,6,972,512,2,2,ok,,0.16526624374091625,0.04863611236214638,0.9878180027008057
40975,car,looped_transformer_6physical_core4x2,1728,6,972,512,2,2,ok,,0.22402008436620235,0.041231345385313034,0.9850438237190247
40975,car,looped_transformer_6physical_core4x2,1728,6,972,512,2,3,ok,,0.22531072981655598,0.041119301691651344,0.9850438237190247
40975,car,hydra,1728,6,972,512,2,3,ok,,0.16507193446159363,0.05224104318767786,0.950622022151947
40975,car,hybrid_8l,1728,6,972,512,2,3,ok,,0.13404511474072933,0.03477070480585098,0.9934856295585632
40975,car,tabpfn,1728,6,972,512,2,3,ok,,0.14966779109090567,0.04836725443601608,0.9878180027008057
40975,car,looped_transformer_6physical_core4x2,1728,6,972,512,2,4,ok,,0.09434647299349308,0.039082854986190796,0.9850438237190247
40975,car,hydra,1728,6,972,512,2,4,ok,,0.09235225524753332,0.04968554154038429,0.950622022151947
40975,car,hybrid_8l,1728,6,972,512,2,4,ok,,0.19093752838671207,0.029885719530284405,0.9934856295585632
40975,car,tabpfn,1728,6,972,512,2,4,ok,,0.16863358300179243,0.04125726316124201,0.9878180027008057
40975,car,hybrid_8l,1728,6,972,512,2,5,ok,,0.14907945692539215,0.029833230189979076,0.9934856295585632
40975,car,looped_transformer_6physical_core4x2,1728,6,972,512,2,5,ok,,0.10222315602004528,0.03487380966544151,0.9850438237190247
40975,car,tabpfn,1728,6,972,512,2,5,ok,,0.0897600743919611,0.041181961074471474,0.9878180027008057
40975,car,hydra,1728,6,972,512,2,5,ok,,0.15593305230140686,0.04470293130725622,0.950622022151947
40975,car,tabpfn,1728,6,972,512,3,1,ok,,0.12009473517537117,0.04183060023933649,0.9831019043922424
40975,car,hybrid_8l,1728,6,972,512,3,1,ok,,0.07831733487546444,0.02974092587828636,0.9803665280342102
40975,car,hydra,1728,6,972,512,3,1,ok,,0.1478422824293375,0.04468753281980753,0.9404813051223755
40975,car,looped_transformer_6physical_core4x2,1728,6,972,512,3,1,ok,,0.12049100454896688,0.034788819029927254,0.9799423813819885
40975,car,hybrid_8l,1728,6,972,512,3,2,ok,,0.10026831179857254,0.029566855169832706,0.9803665280342102
40975,car,hydra,1728,6,972,512,3,2,ok,,0.19922813586890697,0.04469166975468397,0.9404813051223755
40975,car,looped_transformer_6physical_core4x2,1728,6,972,512,3,2,ok,,0.11039735283702612,0.0349856810644269,0.9799423813819885
40975,car,tabpfn,1728,6,972,512,3,2,ok,,0.18594739492982626,0.048311677761375904,0.9831019043922424
40975,car,tabpfn,1728,6,972,512,3,3,ok,,0.09238467738032341,0.04815447051078081,0.9831019043922424
40975,car,hydra,1728,6,972,512,3,3,ok,,0.11834986880421638,0.04377077613025904,0.9404813051223755
40975,car,hybrid_8l,1728,6,972,512,3,3,ok,,0.07052429113537073,0.029118936508893967,0.9803665280342102
40975,car,looped_transformer_6physical_core4x2,1728,6,972,512,3,3,ok,,0.07374306954443455,0.0341566214337945,0.9799423813819885
40975,car,tabpfn,1728,6,972,512,3,4,ok,,0.1585599472746253,0.04073697794228792,0.9831019043922424
40975,car,looped_transformer_6physical_core4x2,1728,6,972,512,3,4,ok,,0.12759705819189548,0.03439345955848694,0.9799423813819885
40975,car,hydra,1728,6,972,512,3,4,ok,,0.22171711176633835,0.04393706098198891,0.9404813051223755
40975,car,hybrid_8l,1728,6,972,512,3,4,ok,,0.25682446360588074,0.030824889428913593,0.9803665280342102
40975,car,looped_transformer_6physical_core4x2,1728,6,972,512,3,5,ok,,0.1336634112522006,0.03423058148473501,0.9799423813819885
40975,car,hydra,1728,6,972,512,3,5,ok,,0.1253346111625433,0.043627483770251274,0.9404813051223755
40975,car,tabpfn,1728,6,972,512,3,5,ok,,0.0844003101810813,0.04039941821247339,0.9831019043922424
40975,car,hybrid_8l,1728,6,972,512,3,5,ok,,0.08126399852335453,0.028949053958058357,0.9803665280342102
40975,car,looped_transformer_6physical_core4x2,1728,6,972,512,4,1,ok,,0.1649257279932499,0.03434447757899761,0.972712516784668
40975,car,hybrid_8l,1728,6,972,512,4,1,ok,,0.15594500489532948,0.02905846294015646,0.9686700701713562
40975,car,tabpfn,1728,6,972,512,4,1,ok,,0.16590292938053608,0.04062643740326166,0.9798450469970703
40975,car,hydra,1728,6,972,512,4,1,ok,,0.18776482809334993,0.043826750479638577,0.9397530555725098
40975,car,tabpfn,1728,6,972,512,4,2,ok,,0.15619521867483854,0.040637679398059845,0.9798450469970703
40975,car,hydra,1728,6,972,512,4,2,ok,,0.08596865087747574,0.04370702523738146,0.9397530555725098
40975,car,hybrid_8l,1728,6,972,512,4,2,ok,,0.06704618223011494,0.02895600814372301,0.9686700701713562
40975,car,looped_transformer_6physical_core4x2,1728,6,972,512,4,2,ok,,0.07591486442834139,0.034211745485663414,0.972712516784668
40975,car,hydra,1728,6,972,512,4,3,ok,,0.155307836830616,0.04389285575598478,0.9397530555725098
40975,car,hybrid_8l,1728,6,972,512,4,3,ok,,0.0871519222855568,0.02908365987241268,0.9686700701713562
40975,car,tabpfn,1728,6,972,512,4,3,ok,,0.1621429156512022,0.04057901818305254,0.9798450469970703
40975,car,looped_transformer_6physical_core4x2,1728,6,972,512,4,3,ok,,0.1487143449485302,0.03407575748860836,0.972712516784668
40975,car,looped_transformer_6physical_core4x2,1728,6,972,512,4,4,ok,,0.15185415372252464,0.03424339462071657,0.972712516784668
40975,car,hydra,1728,6,972,512,4,4,ok,,0.2762751439586282,0.0445238221436739,0.9397530555725098
40975,car,hybrid_8l,1728,6,972,512,4,4,ok,,0.13791914470493793,0.02939185407012701,0.9686700701713562
40975,car,tabpfn,1728,6,972,512,4,4,ok,,0.18918762356042862,0.04068049043416977,0.9798450469970703
40975,car,looped_transformer_6physical_core4x2,1728,6,972,512,4,5,ok,,0.17645119410008192,0.034708607010543346,0.972712516784668
40975,car,tabpfn,1728,6,972,512,4,5,ok,,0.17275807727128267,0.04070800356566906,0.9798450469970703
40975,car,hydra,1728,6,972,512,4,5,ok,,0.15446541085839272,0.0521239610388875,0.9397530555725098
40975,car,hybrid_8l,1728,6,972,512,4,5,ok,,0.13057395815849304,0.03457560483366251,0.9686700701713562
40975,car,hybrid_8l,1728,6,972,512,5,1,ok,,0.09739222377538681,0.03272668272256851,0.994560182094574
40975,car,tabpfn,1728,6,972,512,5,1,ok,,0.19562341645359993,0.0465796273201704,0.996954083442688
40975,car,hydra,1728,6,972,512,5,1,ok,,0.15773054771125317,0.04935920238494873,0.9575151801109314
40975,car,looped_transformer_6physical_core4x2,1728,6,972,512,5,1,ok,,0.1351693645119667,0.03871568851172924,0.9948248267173767
40975,car,tabpfn,1728,6,972,512,5,2,ok,,0.16311249416321516,0.041736021637916565,0.996954083442688
40975,car,hydra,1728,6,972,512,5,2,ok,,0.14800348784774542,0.045072101056575775,0.9575151801109314
40975,car,hybrid_8l,1728,6,972,512,5,2,ok,,0.13352290447801352,0.029917811043560505,0.994560182094574
40975,car,looped_transformer_6physical_core4x2,1728,6,972,512,5,2,ok,,0.1584631660953164,0.03527749516069889,0.9948248267173767
40975,car,looped_transformer_6physical_core4x2,1728,6,972,512,5,3,ok,,0.2275762129575014,0.03517377842217684,0.9948248267173767
40975,car,hydra,1728,6,972,512,5,3,ok,,0.17971601895987988,0.0450147520750761,0.9575151801109314
40975,car,tabpfn,1728,6,972,512,5,3,ok,,0.2008896740153432,0.04180943965911865,0.996954083442688
40975,car,hybrid_8l,1728,6,972,512,5,3,ok,,0.14604883547872305,0.030220924876630306,0.994560182094574
40975,car,hybrid_8l,1728,6,972,512,5,4,ok,,0.13353398628532887,0.02983137685805559,0.994560182094574
40975,car,looped_transformer_6physical_core4x2,1728,6,972,512,5,4,ok,,0.14917060919106007,0.035121629014611244,0.9948248267173767
40975,car,tabpfn,1728,6,972,512,5,4,ok,,0.1593317510560155,0.043149507604539394,0.996954083442688
40975,car,hydra,1728,6,972,512,5,4,ok,,0.17078415770083666,0.05382788926362991,0.9575151801109314
40975,car,hydra,1728,6,972,512,5,5,ok,,0.1964103076606989,0.05332759115844965,0.9575151801109314
40975,car,hybrid_8l,1728,6,972,512,5,5,ok,,0.19588976074010134,0.03480804618448019,0.994560182094574
40975,car,looped_transformer_6physical_core4x2,1728,6,972,512,5,5,ok,,0.1349202422425151,0.04091569688171148,0.9948248267173767
40975,car,tabpfn,1728,6,972,512,5,5,ok,,0.14655361231416464,0.04845893755555153,0.996954083442688
40982,steel-plates-fault,hydra,1941,27,972,512,1,1,ok,,0.2749381512403488,0.06415896210819483,0.9330435991287231
40982,steel-plates-fault,hybrid_8l,1941,27,972,512,1,1,ok,,0.26593752950429916,0.04178668651729822,0.9640443325042725
40982,steel-plates-fault,tabpfn,1941,27,972,512,1,1,ok,,0.3474785517901182,0.056868108920753,0.9664533138275146
40982,steel-plates-fault,looped_transformer_6physical_core4x2,1941,27,972,512,1,1,ok,,0.37331855669617653,0.047615619376301765,0.9661440253257751
40982,steel-plates-fault,tabpfn,1941,27,972,512,1,2,ok,,0.25511197093874216,0.056280565448105335,0.9664533138275146
40982,steel-plates-fault,hydra,1941,27,972,512,1,2,ok,,0.32118646055459976,0.06423307303339243,0.9330435991287231
40982,steel-plates-fault,looped_transformer_6physical_core4x2,1941,27,972,512,1,2,ok,,0.3055597050115466,0.04757294896990061,0.9661440253257751
40982,steel-plates-fault,hybrid_8l,1941,27,972,512,1,2,ok,,0.43457609321922064,0.04170784633606672,0.9640443325042725
40982,steel-plates-fault,looped_transformer_6physical_core4x2,1941,27,972,512,1,3,ok,,0.4606863996013999,0.047723814845085144,0.9661440253257751
40982,steel-plates-fault,hydra,1941,27,972,512,1,3,ok,,0.906523977406323,0.07967986725270748,0.9330435991287231
40982,steel-plates-fault,tabpfn,1941,27,972,512,1,3,ok,,0.721645356155932,0.05651285592466593,0.9664533138275146
40982,steel-plates-fault,hybrid_8l,1941,27,972,512,1,3,ok,,0.43316703382879496,0.04170327913016081,0.9640443325042725
40982,steel-plates-fault,tabpfn,1941,27,972,512,1,4,ok,,0.29367796424776316,0.056395092979073524,0.9664533138275146
40982,steel-plates-fault,hybrid_8l,1941,27,972,512,1,4,ok,,0.29199787229299545,0.042184299789369106,0.9640443325042725
40982,steel-plates-fault,hydra,1941,27,972,512,1,4,ok,,0.32314303796738386,0.06447683367878199,0.9330435991287231
40982,steel-plates-fault,looped_transformer_6physical_core4x2,1941,27,972,512,1,4,ok,,0.24503524880856276,0.047618113458156586,0.9661440253257751
40982,steel-plates-fault,looped_transformer_6physical_core4x2,1941,27,972,512,1,5,ok,,0.24479801021516323,0.0476441839709878,0.9661440253257751
40982,steel-plates-fault,hybrid_8l,1941,27,972,512,1,5,ok,,0.24716568645089865,0.04172199405729771,0.9640443325042725
40982,steel-plates-fault,tabpfn,1941,27,972,512,1,5,ok,,0.28269735164940357,0.05638920143246651,0.9664533138275146
40982,steel-plates-fault,hydra,1941,27,972,512,1,5,ok,,0.6270389324054122,0.06428551208227873,0.9330435991287231
40982,steel-plates-fault,tabpfn,1941,27,972,512,2,1,ok,,0.32457675505429506,0.0565085681155324,0.9585980176925659
40982,steel-plates-fault,hybrid_8l,1941,27,972,512,2,1,ok,,0.3417660715058446,0.04170309752225876,0.9541487097740173
40982,steel-plates-fault,looped_transformer_6physical_core4x2,1941,27,972,512,2,1,ok,,0.5211462145671248,0.05368850473314524,0.9542227387428284
40982,steel-plates-fault,hydra,1941,27,972,512,2,1,ok,,0.693730441853404,0.06767509318888187,0.9254529476165771
40982,steel-plates-fault,tabpfn,1941,27,972,512,2,2,ok,,0.48534727189689875,0.056455086916685104,0.9585980176925659
40982,steel-plates-fault,hybrid_8l,1941,27,972,512,2,2,ok,,0.5299347741529346,0.04369203560054302,0.9541487097740173
40982,steel-plates-fault,hydra,1941,27,972,512,2,2,ok,,0.562199030071497,0.06436531338840723,0.9254529476165771
40982,steel-plates-fault,looped_transformer_6physical_core4x2,1941,27,972,512,2,2,ok,,0.5751950526610017,0.05359041877090931,0.9542227387428284
40982,steel-plates-fault,looped_transformer_6physical_core4x2,1941,27,972,512,2,3,ok,,0.595793086104095,0.047804356552660465,0.9542227387428284
40982,steel-plates-fault,hydra,1941,27,972,512,2,3,ok,,0.5692592673003674,0.06475131399929523,0.9254529476165771
40982,steel-plates-fault,tabpfn,1941,27,972,512,2,3,ok,,0.6936439489945769,0.05651482939720154,0.9585980176925659
40982,steel-plates-fault,hybrid_8l,1941,27,972,512,2,3,ok,,0.4064457891508937,0.04191544000059366,0.9541487097740173
40982,steel-plates-fault,hydra,1941,27,972,512,2,4,ok,,0.28371401876211166,0.06422767136245966,0.9254529476165771
40982,steel-plates-fault,hybrid_8l,1941,27,972,512,2,4,ok,,0.31737866811454296,0.04163154307752848,0.9541487097740173
40982,steel-plates-fault,tabpfn,1941,27,972,512,2,4,ok,,0.2675368096679449,0.05645123869180679,0.9585980176925659
40982,steel-plates-fault,looped_transformer_6physical_core4x2,1941,27,972,512,2,4,ok,,0.2781241377815604,0.047678289003670216,0.9542227387428284
40982,steel-plates-fault,hydra,1941,27,972,512,2,5,ok,,0.268178004771471,0.06423192005604506,0.9254529476165771
40982,steel-plates-fault,hybrid_8l,1941,27,972,512,2,5,ok,,0.2808215180411935,0.041826861910521984,0.9541487097740173
40982,steel-plates-fault,looped_transformer_6physical_core4x2,1941,27,972,512,2,5,ok,,0.3071633540093899,0.04783031716942787,0.9542227387428284
40982,steel-plates-fault,tabpfn,1941,27,972,512,2,5,ok,,0.2773192347958684,0.05654047802090645,0.9585980176925659
40982,steel-plates-fault,hybrid_8l,1941,27,972,512,3,1,ok,,0.25436547584831715,0.041804609820246696,0.9374843239784241
40982,steel-plates-fault,looped_transformer_6physical_core4x2,1941,27,972,512,3,1,ok,,0.2477880548685789,0.047413808293640614,0.937771737575531
40982,steel-plates-fault,hydra,1941,27,972,512,3,1,ok,,0.31505030672997236,0.06421948689967394,0.9121869206428528
40982,steel-plates-fault,tabpfn,1941,27,972,512,3,1,ok,,0.33903593849390745,0.056413537822663784,0.9442482590675354
40982,steel-plates-fault,hydra,1941,27,972,512,3,2,ok,,0.27141610998660326,0.06420175265520811,0.9121869206428528
40982,steel-plates-fault,hybrid_8l,1941,27,972,512,3,2,ok,,0.2752820337191224,0.041747111827135086,0.9374843239784241
40982,steel-plates-fault,looped_transformer_6physical_core4x2,1941,27,972,512,3,2,ok,,0.31244249641895294,0.04755175951868296,0.937771737575531
40982,steel-plates-fault,tabpfn,1941,27,972,512,3,2,ok,,0.3133970033377409,0.056713977828621864,0.9442482590675354
40982,steel-plates-fault,hybrid_8l,1941,27,972,512,3,3,ok,,0.27831052150577307,0.04179697576910257,0.9374843239784241
40982,steel-plates-fault,tabpfn,1941,27,972,512,3,3,ok,,0.3501838892698288,0.056934294290840626,0.9442482590675354
40982,steel-plates-fault,hydra,1941,27,972,512,3,3,ok,,0.28603263199329376,0.06432608794420958,0.9121869206428528
40982,steel-plates-fault,looped_transformer_6physical_core4x2,1941,27,972,512,3,3,ok,,0.2560777608305216,0.04783801268786192,0.937771737575531
40982,steel-plates-fault,looped_transformer_6physical_core4x2,1941,27,972,512,3,4,ok,,0.2453711275011301,0.04741538129746914,0.937771737575531
40982,steel-plates-fault,hybrid_8l,1941,27,972,512,3,4,ok,,0.2523915767669678,0.041579815559089184,0.9374843239784241
40982,steel-plates-fault,hydra,1941,27,972,512,3,4,ok,,0.3443985180929303,0.06429289653897285,0.9121869206428528
40982,steel-plates-fault,tabpfn,1941,27,972,512,3,4,ok,,0.3653313862159848,0.05646481551229954,0.9442482590675354
40982,steel-plates-fault,hydra,1941,27,972,512,3,5,ok,,0.3084498615935445,0.06409953813999891,0.9121869206428528
40982,steel-plates-fault,tabpfn,1941,27,972,512,3,5,ok,,0.30084648728370667,0.05646446533501148,0.9442482590675354
40982,steel-plates-fault,looped_transformer_6physical_core4x2,1941,27,972,512,3,5,ok,,0.2981033092364669,0.047665675170719624,0.937771737575531
40982,steel-plates-fault,hybrid_8l,1941,27,972,512,3,5,ok,,0.27621091343462467,0.04184749163687229,0.9374843239784241
40982,steel-plates-fault,hydra,1941,27,972,512,4,1,ok,,0.33567238692194223,0.06675872672349215,0.9305335283279419
40982,steel-plates-fault,looped_transformer_6physical_core4x2,1941,27,972,512,4,1,ok,,0.5821236306801438,0.048527177423238754,0.9593979120254517
40982,steel-plates-fault,tabpfn,1941,27,972,512,4,1,ok,,0.6735631553456187,0.06317657046020031,0.963434100151062
40982,steel-plates-fault,hybrid_8l,1941,27,972,512,4,1,ok,,0.3524957587942481,0.04173627123236656,0.9603618383407593
40982,steel-plates-fault,hybrid_8l,1941,27,972,512,4,2,ok,,0.28218596428632736,0.04212612006813288,0.9603618383407593
40982,steel-plates-fault,looped_transformer_6physical_core4x2,1941,27,972,512,4,2,ok,,0.289947297424078,0.04759401921182871,0.9593979120254517
40982,steel-plates-fault,hydra,1941,27,972,512,4,2,ok,,0.36540275160223246,0.06538527552038431,0.9305335283279419
40982,steel-plates-fault,tabpfn,1941,27,972,512,4,2,ok,,0.27966198325157166,0.056427895091474056,0.963434100151062
40982,steel-plates-fault,looped_transformer_6physical_core4x2,1941,27,972,512,4,3,ok,,0.3169261012226343,0.047591243870556355,0.9593979120254517
40982,steel-plates-fault,hydra,1941,27,972,512,4,3,ok,,0.2678319001570344,0.06416563503444195,0.9305335283279419
40982,steel-plates-fault,tabpfn,1941,27,972,512,4,3,ok,,0.619259194470942,0.05671226419508457,0.963434100151062
40982,steel-plates-fault,hybrid_8l,1941,27,972,512,4,3,ok,,0.5697429850697517,0.044027602300047874,0.9603618383407593
40982,steel-plates-fault,looped_transformer_6physical_core4x2,1941,27,972,512,4,4,ok,,0.6155020771548152,0.047617233358323574,0.9593979120254517
40982,steel-plates-fault,hydra,1941,27,972,512,4,4,ok,,0.2676633596420288,0.06411119177937508,0.9305335283279419
40982,steel-plates-fault,hybrid_8l,1941,27,972,512,4,4,ok,,0.2442395631223917,0.04158079717308283,0.9603618383407593
40982,steel-plates-fault,tabpfn,1941,27,972,512,4,4,ok,,0.2546927072107792,0.05624120216816664,0.963434100151062
40982,steel-plates-fault,hybrid_8l,1941,27,972,512,4,5,ok,,0.21040119417011738,0.04169068485498428,0.9603618383407593
40982,steel-plates-fault,looped_transformer_6physical_core4x2,1941,27,972,512,4,5,ok,,0.17675453051924706,0.04743264336138964,0.9593979120254517
40982,steel-plates-fault,hydra,1941,27,972,512,4,5,ok,,0.1994004938751459,0.0643219007179141,0.9305335283279419
40982,steel-plates-fault,tabpfn,1941,27,972,512,4,5,ok,,0.2342447778210044,0.05633235536515713,0.963434100151062
40982,steel-plates-fault,tabpfn,1941,27,972,512,5,1,ok,,0.2047108644619584,0.05624764412641525,0.9439412951469421
40982,steel-plates-fault,looped_transformer_6physical_core4x2,1941,27,972,512,5,1,ok,,0.21587774995714426,0.04745061695575714,0.9366328120231628
40982,steel-plates-fault,hybrid_8l,1941,27,972,512,5,1,ok,,0.17660120874643326,0.04155702143907547,0.9383912682533264
40982,steel-plates-fault,hydra,1941,27,972,512,5,1,ok,,0.26466477010399103,0.06410910747945309,0.897258996963501
40982,steel-plates-fault,hybrid_8l,1941,27,972,512,5,2,ok,,0.5725839473307133,0.041907135397195816,0.9383912682533264
40982,steel-plates-fault,looped_transformer_6physical_core4x2,1941,27,972,512,5,2,ok,,0.5244444534182549,0.053684307262301445,0.9366328120231628
40982,steel-plates-fault,tabpfn,1941,27,972,512,5,2,ok,,0.3293548282235861,0.056653461419045925,0.9439412951469421
40982,steel-plates-fault,hydra,1941,27,972,512,5,2,ok,,0.3468619966879487,0.0643351161852479,0.897258996963501
40982,steel-plates-fault,hybrid_8l,1941,27,972,512,5,3,ok,,0.20747209526598454,0.041687688790261745,0.9383912682533264
40982,steel-plates-fault,tabpfn,1941,27,972,512,5,3,ok,,0.18931137956678867,0.05627039633691311,0.9439412951469421
40982,steel-plates-fault,hydra,1941,27,972,512,5,3,ok,,0.4235480921342969,0.06435994245111942,0.897258996963501
40982,steel-plates-fault,looped_transformer_6physical_core4x2,1941,27,972,512,5,3,ok,,0.5491236904636025,0.04805214703083038,0.9366328120231628
40982,steel-plates-fault,hybrid_8l,1941,27,972,512,5,4,ok,,0.3400829127058387,0.04196153860539198,0.9383912682533264
40982,steel-plates-fault,hydra,1941,27,972,512,5,4,ok,,0.3391714161261916,0.06649189162999392,0.897258996963501
40982,steel-plates-fault,looped_transformer_6physical_core4x2,1941,27,972,512,5,4,ok,,0.4997140020132065,0.047731900587677956,0.9366328120231628
40982,steel-plates-fault,tabpfn,1941,27,972,512,5,4,ok,,0.4862838964909315,0.05645027756690979,0.9439412951469421
40982,steel-plates-fault,hydra,1941,27,972,512,5,5,ok,,0.47691227309405804,0.06462379265576601,0.897258996963501
40982,steel-plates-fault,tabpfn,1941,27,972,512,5,5,ok,,0.5353696132078767,0.056508987210690975,0.9439412951469421
40982,steel-plates-fault,hybrid_8l,1941,27,972,512,5,5,ok,,0.36096236016601324,0.04467769432812929,0.9383912682533264
40982,steel-plates-fault,looped_transformer_6physical_core4x2,1941,27,972,512,5,5,ok,,0.2626770343631506,0.04749399982392788,0.9366328120231628
40994,climate-model-simulation-crashes,hybrid_8l,540,18,972,270,1,1,ok,,0.12859224434942007,0.012838892638683319,0.9406583905220032
40994,climate-model-simulation-crashes,tabpfn,540,18,972,270,1,1,ok,,0.11988397501409054,0.01706105377525091,0.9311176538467407
40994,climate-model-simulation-crashes,hydra,540,18,972,270,1,1,ok,,0.12240379117429256,0.017624640837311745,0.9322709441184998
40994,climate-model-simulation-crashes,looped_transformer_6physical_core4x2,540,18,972,270,1,1,ok,,0.1222662990912795,0.014629244804382324,0.9341580867767334
40994,climate-model-simulation-crashes,looped_transformer_6physical_core4x2,540,18,972,270,1,2,ok,,0.1279603373259306,0.014680693857371807,0.9341580867767334
40994,climate-model-simulation-crashes,hybrid_8l,540,18,972,270,1,2,ok,,0.11725228931754827,0.012833653949201107,0.9406583905220032
40994,climate-model-simulation-crashes,hydra,540,18,972,270,1,2,ok,,0.089278070256114,0.017109544947743416,0.9322709441184998
40994,climate-model-simulation-crashes,tabpfn,540,18,972,270,1,2,ok,,0.08661055844277143,0.017092794179916382,0.9311176538467407
40994,climate-model-simulation-crashes,hybrid_8l,540,18,972,270,1,3,ok,,0.10266308020800352,0.01254270225763321,0.9406583905220032
40994,climate-model-simulation-crashes,hydra,540,18,972,270,1,3,ok,,0.12302456609904766,0.01710808090865612,0.9322709441184998
40994,climate-model-simulation-crashes,looped_transformer_6physical_core4x2,540,18,972,270,1,3,ok,,0.08633672911673784,0.014434137381613255,0.9341580867767334
40994,climate-model-simulation-crashes,tabpfn,540,18,972,270,1,3,ok,,0.16785385645926,0.01719927415251732,0.9311176538467407
40994,climate-model-simulation-crashes,hydra,540,18,972,270,1,4,ok,,0.14926986955106258,0.01749943383038044,0.9322709441184998
40994,climate-model-simulation-crashes,hybrid_8l,540,18,972,270,1,4,ok,,0.14419064577668905,0.012919405475258827,0.9406583905220032
40994,climate-model-simulation-crashes,tabpfn,540,18,972,270,1,4,ok,,0.1257996428757906,0.017041626386344433,0.9311176538467407
40994,climate-model-simulation-crashes,looped_transformer_6physical_core4x2,540,18,972,270,1,4,ok,,0.12224687356501818,0.014422534964978695,0.9341580867767334
40994,climate-model-simulation-crashes,hybrid_8l,540,18,972,270,1,5,ok,,0.14017160143703222,0.01256608683615923,0.9406583905220032
40994,climate-model-simulation-crashes,looped_transformer_6physical_core4x2,540,18,972,270,1,5,ok,,0.11668967455625534,0.0144376615062356,0.9341580867767334
40994,climate-model-simulation-crashes,tabpfn,540,18,972,270,1,5,ok,,0.12149658147245646,0.017017781734466553,0.9311176538467407
40994,climate-model-simulation-crashes,hydra,540,18,972,270,1,5,ok,,0.12111959513276815,0.01711769960820675,0.9322709441184998
40994,climate-model-simulation-crashes,looped_transformer_6physical_core4x2,540,18,972,270,2,1,ok,,0.19806437194347382,0.01808009296655655,0.9376832842826843
40994,climate-model-simulation-crashes,hybrid_8l,540,18,972,270,2,1,ok,,0.24429767299443483,0.01852912362664938,0.9440982341766357
40994,climate-model-simulation-crashes,hydra,540,18,972,270,2,1,ok,,0.1636832756921649,0.020470362156629562,0.9435483813285828
40994,climate-model-simulation-crashes,tabpfn,540,18,972,270,2,1,ok,,0.1320533724501729,0.01855078525841236,0.9411656856536865
40994,climate-model-simulation-crashes,looped_transformer_6physical_core4x2,540,18,972,270,2,2,ok,,0.14937772415578365,0.014730967581272125,0.9376832842826843
40994,climate-model-simulation-crashes,tabpfn,540,18,972,270,2,2,ok,,0.12895666528493166,0.017028740607202053,0.9411656856536865
40994,climate-model-simulation-crashes,hydra,540,18,972,270,2,2,ok,,0.12303304206579924,0.01720061805099249,0.9435483813285828
40994,climate-model-simulation-crashes,hybrid_8l,540,18,972,270,2,2,ok,,0.12765328492969275,0.012748663313686848,0.9440982341766357
40994,climate-model-simulation-crashes,tabpfn,540,18,972,270,2,3,ok,,0.19480817299336195,0.017344600521028042,0.9411656856536865
40994,climate-model-simulation-crashes,hybrid_8l,540,18,972,270,2,3,ok,,0.20882466807961464,0.01865207776427269,0.9440982341766357
40994,climate-model-simulation-crashes,looped_transformer_6physical_core4x2,540,18,972,270,2,3,ok,,0.23714161571115255,0.01581869926303625,0.9376832842826843
40994,climate-model-simulation-crashes,hydra,540,18,972,270,2,3,ok,,0.23130585998296738,0.021634156815707684,0.9435483813285828
40994,climate-model-simulation-crashes,looped_transformer_6physical_core4x2,540,18,972,270,2,4,ok,,0.20877015497535467,0.016943239606916904,0.9376832842826843
40994,climate-model-simulation-crashes,hybrid_8l,540,18,972,270,2,4,ok,,0.16822748444974422,0.012992423959076405,0.9440982341766357
40994,climate-model-simulation-crashes,tabpfn,540,18,972,270,2,4,ok,,0.13642242830246687,0.017054160125553608,0.9411656856536865
40994,climate-model-simulation-crashes,hydra,540,18,972,270,2,4,ok,,0.1270685875788331,0.017193924635648727,0.9435483813285828
40994,climate-model-simulation-crashes,looped_transformer_6physical_core4x2,540,18,972,270,2,5,ok,,0.11956675536930561,0.014623564667999744,0.9376832842826843
40994,climate-model-simulation-crashes,hybrid_8l,540,18,972,270,2,5,ok,,0.1156725063920021,0.012578549794852734,0.9440982341766357
40994,climate-model-simulation-crashes,tabpfn,540,18,972,270,2,5,ok,,0.12543960101902485,0.017618820071220398,0.9411656856536865
40994,climate-model-simulation-crashes,hydra,540,18,972,270,2,5,ok,,0.1288555832579732,0.017652152106165886,0.9435483813285828
40994,climate-model-simulation-crashes,looped_transformer_6physical_core4x2,540,18,972,270,3,1,ok,,0.08118099067360163,0.014445287175476551,0.9363143444061279
40994,climate-model-simulation-crashes,hybrid_8l,540,18,972,270,3,1,ok,,0.07992420066148043,0.01244988664984703,0.9402100443840027
40994,climate-model-simulation-crashes,tabpfn,540,18,972,270,3,1,ok,,0.08521657716482878,0.017033620737493038,0.9381775259971619
40994,climate-model-simulation-crashes,hydra,540,18,972,270,3,1,ok,,0.08553975913673639,0.01737004891037941,0.9037940502166748
40994,climate-model-simulation-crashes,looped_transformer_6physical_core4x2,540,18,972,270,3,2,ok,,0.08069469965994358,0.01440076157450676,0.9363143444061279
40994,climate-model-simulation-crashes,hybrid_8l,540,18,972,270,3,2,ok,,0.12277061492204666,0.01586335338652134,0.9402100443840027
40994,climate-model-simulation-crashes,tabpfn,540,18,972,270,3,2,ok,,0.21543059218674898,0.01745667215436697,0.9381775259971619
40994,climate-model-simulation-crashes,hydra,540,18,972,270,3,2,ok,,0.14294913411140442,0.01725865714251995,0.9037940502166748
40994,climate-model-simulation-crashes,hybrid_8l,540,18,972,270,3,3,ok,,0.11945336032658815,0.012724246829748154,0.9402100443840027
40994,climate-model-simulation-crashes,looped_transformer_6physical_core4x2,540,18,972,270,3,3,ok,,0.11653307639062405,0.014477849006652832,0.9363143444061279
40994,climate-model-simulation-crashes,hydra,540,18,972,270,3,3,ok,,0.14811012148857117,0.01745923701673746,0.9037940502166748
40994,climate-model-simulation-crashes,tabpfn,540,18,972,270,3,3,ok,,0.12510472536087036,0.017386550083756447,0.9381775259971619
40994,climate-model-simulation-crashes,hydra,540,18,972,270,3,4,ok,,0.12937268242239952,0.020225167274475098,0.9037940502166748
40994,climate-model-simulation-crashes,hybrid_8l,540,18,972,270,3,4,ok,,0.11648214049637318,0.012849153019487858,0.9402100443840027
40994,climate-model-simulation-crashes,tabpfn,540,18,972,270,3,4,ok,,0.13298462610691786,0.01972356718033552,0.9381775259971619
40994,climate-model-simulation-crashes,looped_transformer_6physical_core4x2,540,18,972,270,3,4,ok,,0.12951684650033712,0.014506722800433636,0.9363143444061279
40994,climate-model-simulation-crashes,hydra,540,18,972,270,3,5,ok,,0.1216875733807683,0.01719304360449314,0.9037940502166748
40994,climate-model-simulation-crashes,tabpfn,540,18,972,270,3,5,ok,,0.11574025545269251,0.017124914564192295,0.9381775259971619
40994,climate-model-simulation-crashes,looped_transformer_6physical_core4x2,540,18,972,270,3,5,ok,,0.11235891003161669,0.014531079679727554,0.9363143444061279
40994,climate-model-simulation-crashes,hybrid_8l,540,18,972,270,3,5,ok,,0.10162565484642982,0.012743572704494,0.9402100443840027
40994,climate-model-simulation-crashes,hybrid_8l,540,18,972,270,4,1,ok,,0.1379190944135189,0.01278315857052803,0.938854992389679
40994,climate-model-simulation-crashes,tabpfn,540,18,972,270,4,1,ok,,0.1286951182410121,0.017064809799194336,0.9441056847572327
40994,climate-model-simulation-crashes,hydra,540,18,972,270,4,1,ok,,0.12362460233271122,0.01743255741894245,0.9419037699699402
40994,climate-model-simulation-crashes,looped_transformer_6physical_core4x2,540,18,972,270,4,1,ok,,0.12947652023285627,0.014620308764278889,0.9422425627708435
40994,climate-model-simulation-crashes,tabpfn,540,18,972,270,4,2,ok,,0.133374004624784,0.017466041259467602,0.9441056847572327
40994,climate-model-simulation-crashes,hydra,540,18,972,270,4,2,ok,,0.15360567346215248,0.017324591986835003,0.9419037699699402
40994,climate-model-simulation-crashes,looped_transformer_6physical_core4x2,540,18,972,270,4,2,ok,,0.11906511522829533,0.014447621069848537,0.9422425627708435
40994,climate-model-simulation-crashes,hybrid_8l,540,18,972,270,4,2,ok,,0.12057756073772907,0.012918724678456783,0.938854992389679
40994,climate-model-simulation-crashes,tabpfn,540,18,972,270,4,3,ok,,0.13009287789463997,0.020223264582455158,0.9441056847572327
40994,climate-model-simulation-crashes,looped_transformer_6physical_core4x2,540,18,972,270,4,3,ok,,0.11998100019991398,0.014466486871242523,0.9422425627708435
40994,climate-model-simulation-crashes,hydra,540,18,972,270,4,3,ok,,0.12185269594192505,0.017361782491207123,0.9419037699699402
40994,climate-model-simulation-crashes,hybrid_8l,540,18,972,270,4,3,ok,,0.13293253723531961,0.012450708076357841,0.938854992389679
40994,climate-model-simulation-crashes,tabpfn,540,18,972,270,4,4,ok,,0.11752843298017979,0.017060881480574608,0.9441056847572327
40994,climate-model-simulation-crashes,looped_transformer_6physical_core4x2,540,18,972,270,4,4,ok,,0.11562053859233856,0.014632721431553364,0.9422425627708435
40994,climate-model-simulation-crashes,hydra,540,18,972,270,4,4,ok,,0.12598691787570715,0.017555990256369114,0.9419037699699402
40994,climate-model-simulation-crashes,hybrid_8l,540,18,972,270,4,4,ok,,0.09293876681476831,0.012560036033391953,0.938854992389679
40994,climate-model-simulation-crashes,tabpfn,540,18,972,270,4,5,ok,,0.11618941649794579,0.017106950283050537,0.9441056847572327
40994,climate-model-simulation-crashes,hybrid_8l,540,18,972,270,4,5,ok,,0.09672678261995316,0.012473542243242264,0.938854992389679
40994,climate-model-simulation-crashes,hydra,540,18,972,270,4,5,ok,,0.1324615953490138,0.017304695211350918,0.9419037699699402
40994,climate-model-simulation-crashes,looped_transformer_6physical_core4x2,540,18,972,270,4,5,ok,,0.11921249330043793,0.014592375606298447,0.9422425627708435
40994,climate-model-simulation-crashes,tabpfn,540,18,972,270,5,1,ok,,0.12541782017797232,0.01702875178307295,0.9506964683532715
40994,climate-model-simulation-crashes,looped_transformer_6physical_core4x2,540,18,972,270,5,1,ok,,0.12836042512208223,0.01467666495591402,0.954362154006958
40994,climate-model-simulation-crashes,hydra,540,18,972,270,5,1,ok,,0.12245005741715431,0.01716017071157694,0.9497800469398499
40994,climate-model-simulation-crashes,hybrid_8l,540,18,972,270,5,1,ok,,0.12376091163605452,0.012893026694655418,0.9527125954627991
40994,climate-model-simulation-crashes,hybrid_8l,540,18,972,270,5,2,ok,,0.12042788695544004,0.013086091727018356,0.9527125954627991
40994,climate-model-simulation-crashes,hydra,540,18,972,270,5,2,ok,,0.14268436282873154,0.017123131081461906,0.9497800469398499
40994,climate-model-simulation-crashes,looped_transformer_6physical_core4x2,540,18,972,270,5,2,ok,,0.10238089505583048,0.014473100192844868,0.954362154006958
40994,climate-model-simulation-crashes,tabpfn,540,18,972,270,5,2,ok,,0.1231621066108346,0.01702877227216959,0.9506964683532715
40994,climate-model-simulation-crashes,hybrid_8l,540,18,972,270,5,3,ok,,0.11479816026985645,0.012769161723554134,0.9527125954627991
40994,climate-model-simulation-crashes,hydra,540,18,972,270,5,3,ok,,0.1267299558967352,0.01734765525907278,0.9497800469398499
40994,climate-model-simulation-crashes,tabpfn,540,18,972,270,5,3,ok,,0.17439087200909853,0.017327377572655678,0.9506964683532715
40994,climate-model-simulation-crashes,looped_transformer_6physical_core4x2,540,18,972,270,5,3,ok,,0.1343374690040946,0.01448891032487154,0.954362154006958
40994,climate-model-simulation-crashes,hydra,540,18,972,270,5,4,ok,,0.12784192338585854,0.017345341853797436,0.9497800469398499
40994,climate-model-simulation-crashes,looped_transformer_6physical_core4x2,540,18,972,270,5,4,ok,,0.11780974641442299,0.01464806031435728,0.954362154006958
40994,climate-model-simulation-crashes,hybrid_8l,540,18,972,270,5,4,ok,,0.08829675242304802,0.01247140672057867,0.9527125954627991
40994,climate-model-simulation-crashes,tabpfn,540,18,972,270,5,4,ok,,0.09603910055011511,0.017052057199180126,0.9506964683532715
40994,climate-model-simulation-crashes,looped_transformer_6physical_core4x2,540,18,972,270,5,5,ok,,0.09765200596302748,0.014391585253179073,0.954362154006958
40994,climate-model-simulation-crashes,tabpfn,540,18,972,270,5,5,ok,,0.12188943475484848,0.017251092940568924,0.9506964683532715
40994,climate-model-simulation-crashes,hybrid_8l,540,18,972,270,5,5,ok,,0.10115462262183428,0.012636040337383747,0.9527125954627991
40994,climate-model-simulation-crashes,hydra,540,18,972,270,5,5,ok,,0.09378969855606556,0.017059030011296272,0.9497800469398499
