did,dataset_name,model,num_samples,num_features,configured_eval_position,real_eval_position,split_number,timing_repetition,status,error,synchronized_elapsed_seconds,synchronized_model_inference_seconds,mean_metric
46905,Amazon_employee_access,hydra_small,32769,9,16384,16384,1,1,ok,,4.548036214895546,4.216319989413023,0.5588452816009521
46905,Amazon_employee_access,hybrid_8l,32769,9,16384,16384,1,1,ok,,1.991917746141553,1.6652034567669034,0.524915874004364
46905,Amazon_employee_access,tabpfn,32769,9,16384,16384,1,1,ok,,4.514203856699169,4.193122059106827,0.61738121509552
46905,Amazon_employee_access,hydra,32769,9,16384,16384,1,1,ok,,1.083252620883286,0.7614703960716724,0.5138578414916992
46905,Amazon_employee_access,hydra_small,32769,9,16384,16384,1,2,ok,,4.548602661117911,4.214794773608446,0.5588452816009521
46905,Amazon_employee_access,hybrid_8l,32769,9,16384,16384,1,2,ok,,1.9888864122331142,1.6665445184335113,0.524915874004364
46905,Amazon_employee_access,hydra,32769,9,16384,16384,1,2,ok,,1.086120686493814,0.7639215914532542,0.5138578414916992
46905,Amazon_employee_access,tabpfn,32769,9,16384,16384,1,2,ok,,4.519879122264683,4.196723314933479,0.61738121509552
46905,Amazon_employee_access,hydra_small,32769,9,16384,16384,1,3,ok,,4.542349034920335,4.21503371745348,0.5588452816009521
46905,Amazon_employee_access,hybrid_8l,32769,9,16384,16384,1,3,ok,,1.9858316173776984,1.6639348454773426,0.524915874004364
46905,Amazon_employee_access,hydra,32769,9,16384,16384,1,3,ok,,1.09685720782727,0.7653857665136456,0.5138578414916992
46905,Amazon_employee_access,tabpfn,32769,9,16384,16384,1,3,ok,,4.518798477947712,4.195395010523498,0.61738121509552
46905,Amazon_employee_access,hydra_small,32769,9,16384,16384,1,4,ok,,4.5383854899555445,4.214168139733374,0.5588452816009521
46905,Amazon_employee_access,hydra,32769,9,16384,16384,1,4,ok,,1.088709231466055,0.7641340345144272,0.5138578414916992
46905,Amazon_employee_access,hybrid_8l,32769,9,16384,16384,1,4,ok,,1.9817057410255075,1.6643110178411007,0.524915874004364
46905,Amazon_employee_access,tabpfn,32769,9,16384,16384,1,4,ok,,4.518332458101213,4.195483452640474,0.61738121509552
46905,Amazon_employee_access,hydra_small,32769,9,16384,16384,1,5,ok,,4.541200695559382,4.213855039328337,0.5588452816009521
46905,Amazon_employee_access,tabpfn,32769,9,16384,16384,1,5,ok,,4.520394176244736,4.195525582879782,0.61738121509552
46905,Amazon_employee_access,hybrid_8l,32769,9,16384,16384,1,5,ok,,1.997001531533897,1.6656064549461007,0.524915874004364
46905,Amazon_employee_access,hydra,32769,9,16384,16384,1,5,ok,,1.0895174527540803,0.7629779651761055,0.5138578414916992
46905,Amazon_employee_access,hydra_small,32769,9,16384,16384,1,6,ok,,4.560593189671636,4.21395580470562,0.5588452816009521
46905,Amazon_employee_access,hybrid_8l,32769,9,16384,16384,1,6,ok,,1.9874827591702342,1.663844095543027,0.524915874004364
46905,Amazon_employee_access,hydra,32769,9,16384,16384,1,6,ok,,1.0814929101616144,0.7604001304134727,0.5138578414916992
46905,Amazon_employee_access,tabpfn,32769,9,16384,16384,1,6,ok,,4.512165719643235,4.19046694226563,0.61738121509552
46905,Amazon_employee_access,tabpfn,32769,9,16384,16384,1,7,ok,,4.520187699235976,4.1908250115811825,0.61738121509552
46905,Amazon_employee_access,hydra_small,32769,9,16384,16384,1,7,ok,,4.6889932015910745,4.356531062163413,0.5588452816009521
46905,Amazon_employee_access,hybrid_8l,32769,9,16384,16384,1,7,ok,,1.9910954348742962,1.664993274025619,0.524915874004364
46905,Amazon_employee_access,hydra,32769,9,16384,16384,1,7,ok,,1.0911925584077835,0.7624825667589903,0.5138578414916992
46905,Amazon_employee_access,hybrid_8l,32769,9,16384,16384,1,8,ok,,2.096768606454134,1.6641328241676092,0.524915874004364
46905,Amazon_employee_access,hydra_small,32769,9,16384,16384,1,8,ok,,4.550402677617967,4.21399056352675,0.5588452816009521
46905,Amazon_employee_access,tabpfn,32769,9,16384,16384,1,8,ok,,4.518552726134658,4.191319943405688,0.61738121509552
46905,Amazon_employee_access,hydra,32769,9,16384,16384,1,8,ok,,1.0817073984071612,0.7602696847170591,0.5138578414916992
46905,Amazon_employee_access,hybrid_8l,32769,9,16384,16384,1,9,ok,,1.989101318642497,1.6673585968092084,0.524915874004364
46905,Amazon_employee_access,hydra,32769,9,16384,16384,1,9,ok,,1.0836454601958394,0.7636537551879883,0.5138578414916992
46905,Amazon_employee_access,hydra_small,32769,9,16384,16384,1,9,ok,,4.557670991867781,4.224085353314877,0.5588452816009521
46905,Amazon_employee_access,tabpfn,32769,9,16384,16384,1,9,ok,,4.5196297988295555,4.1923938896507025,0.61738121509552
46905,Amazon_employee_access,hybrid_8l,32769,9,16384,16384,1,10,ok,,1.991613870486617,1.6644852245226502,0.524915874004364
46905,Amazon_employee_access,hydra,32769,9,16384,16384,1,10,ok,,1.0854418547824025,0.7607262106612325,0.5138578414916992
46905,Amazon_employee_access,hydra_small,32769,9,16384,16384,1,10,ok,,4.536909518763423,4.212231797166169,0.5588452816009521
46905,Amazon_employee_access,tabpfn,32769,9,16384,16384,1,10,ok,,4.516014232300222,4.192225553095341,0.61738121509552
46905,Amazon_employee_access,hybrid_8l,32769,9,16384,16384,1,11,ok,,1.9859841857105494,1.6635094862431288,0.524915874004364
46905,Amazon_employee_access,hydra_small,32769,9,16384,16384,1,11,ok,,4.587239628657699,4.262879648245871,0.5588452816009521
46905,Amazon_employee_access,tabpfn,32769,9,16384,16384,1,11,ok,,4.522438365034759,4.190881078131497,0.61738121509552
46905,Amazon_employee_access,hydra,32769,9,16384,16384,1,11,ok,,1.0853990036994219,0.7631043959408998,0.5138578414916992
46905,Amazon_employee_access,hydra_small,32769,9,16384,16384,1,12,ok,,4.538588874973357,4.215139579027891,0.5588452816009521
46905,Amazon_employee_access,hydra,32769,9,16384,16384,1,12,ok,,1.0839245095849037,0.7624157024547458,0.5138578414916992
46905,Amazon_employee_access,tabpfn,32769,9,16384,16384,1,12,ok,,4.517349464818835,4.195810750126839,0.61738121509552
46905,Amazon_employee_access,hybrid_8l,32769,9,16384,16384,1,12,ok,,1.9947980856522918,1.665176184847951,0.524915874004364
46905,Amazon_employee_access,tabpfn,32769,9,16384,16384,1,13,ok,,4.5184936644509435,4.19037636462599,0.61738121509552
46905,Amazon_employee_access,hybrid_8l,32769,9,16384,16384,1,13,ok,,1.989722459577024,1.665280763991177,0.524915874004364
46905,Amazon_employee_access,hydra,32769,9,16384,16384,1,13,ok,,1.0863673686981201,0.7650037659332156,0.5138578414916992
46905,Amazon_employee_access,hydra_small,32769,9,16384,16384,1,13,ok,,4.5371888261288404,4.213932536542416,0.5588452816009521
46905,Amazon_employee_access,hybrid_8l,32769,9,16384,16384,1,14,ok,,1.9960058750584722,1.664655128493905,0.524915874004364
46905,Amazon_employee_access,tabpfn,32769,9,16384,16384,1,14,ok,,4.514468220062554,4.192505992017686,0.61738121509552
46905,Amazon_employee_access,hydra,32769,9,16384,16384,1,14,ok,,1.1324341399595141,0.7639921102672815,0.5138578414916992
46905,Amazon_employee_access,hydra_small,32769,9,16384,16384,1,14,ok,,4.537404377013445,4.214364316314459,0.5588452816009521
46905,Amazon_employee_access,hydra,32769,9,16384,16384,1,15,ok,,1.087196490727365,0.7638462139293551,0.5138578414916992
46905,Amazon_employee_access,hybrid_8l,32769,9,16384,16384,1,15,ok,,1.9872343372553587,1.664987069554627,0.524915874004364
46905,Amazon_employee_access,hydra_small,32769,9,16384,16384,1,15,ok,,4.542335981503129,4.217554681934416,0.5588452816009521
46905,Amazon_employee_access,tabpfn,32769,9,16384,16384,1,15,ok,,4.530423793010414,4.196958449669182,0.61738121509552
46905,Amazon_employee_access,hybrid_8l,32769,9,16384,16384,2,1,ok,,2.0003577414900064,1.664677713997662,0.5293704867362976
46905,Amazon_employee_access,hydra_small,32769,9,16384,16384,2,1,ok,,4.521289058029652,4.220019523985684,0.5690580010414124
46905,Amazon_employee_access,hydra,32769,9,16384,16384,2,1,ok,,1.0654130596667528,0.762804931961,0.512782871723175
46905,Amazon_employee_access,tabpfn,32769,9,16384,16384,2,1,ok,,4.491078971885145,4.19080061558634,0.6321783065795898
46905,Amazon_employee_access,hybrid_8l,32769,9,16384,16384,2,2,ok,,1.9617602163925767,1.668259970843792,0.5293704867362976
46905,Amazon_employee_access,hydra_small,32769,9,16384,16384,2,2,ok,,4.518946441821754,4.2127598924562335,0.5690580010414124
46905,Amazon_employee_access,tabpfn,32769,9,16384,16384,2,2,ok,,4.577931055799127,4.282160060480237,0.6321783065795898
46905,Amazon_employee_access,hydra,32769,9,16384,16384,2,2,ok,,1.0594863817095757,0.7638097852468491,0.512782871723175
46905,Amazon_employee_access,hybrid_8l,32769,9,16384,16384,2,3,ok,,1.9638548139482737,1.6656752852723002,0.5293704867362976
46905,Amazon_employee_access,tabpfn,32769,9,16384,16384,2,3,ok,,4.4906916208565235,4.194775749929249,0.6321783065795898
46905,Amazon_employee_access,hydra_small,32769,9,16384,16384,2,3,ok,,4.5145889688283205,4.216039688326418,0.5690580010414124
46905,Amazon_employee_access,hydra,32769,9,16384,16384,2,3,ok,,1.0611903509125113,0.7642954960465431,0.512782871723175
46905,Amazon_employee_access,hydra,32769,9,16384,16384,2,4,ok,,1.0692129703238606,0.7656537396833301,0.512782871723175
46905,Amazon_employee_access,tabpfn,32769,9,16384,16384,2,4,ok,,4.495467190630734,4.19846931938082,0.6321783065795898
46905,Amazon_employee_access,hybrid_8l,32769,9,16384,16384,2,4,ok,,1.9678888395428658,1.6663087354972959,0.5293704867362976
46905,Amazon_employee_access,hydra_small,32769,9,16384,16384,2,4,ok,,4.51573642436415,4.215418363921344,0.5690580010414124
46905,Amazon_employee_access,hydra_small,32769,9,16384,16384,2,5,ok,,4.512556571513414,4.21630172803998,0.5690580010414124
46905,Amazon_employee_access,hybrid_8l,32769,9,16384,16384,2,5,ok,,1.9613914396613836,1.66864032484591,0.5293704867362976
46905,Amazon_employee_access,hydra,32769,9,16384,16384,2,5,ok,,1.0585671830922365,0.7641654806211591,0.512782871723175
46905,Amazon_employee_access,tabpfn,32769,9,16384,16384,2,5,ok,,4.496327022090554,4.192316795699298,0.6321783065795898
46905,Amazon_employee_access,hybrid_8l,32769,9,16384,16384,2,6,ok,,1.9673481462523341,1.665975034236908,0.5293704867362976
46905,Amazon_employee_access,hydra_small,32769,9,16384,16384,2,6,ok,,4.50908602681011,4.211392158642411,0.5690580010414124
46905,Amazon_employee_access,hydra,32769,9,16384,16384,2,6,ok,,1.0597404949367046,0.7652381528168917,0.512782871723175
46905,Amazon_employee_access,tabpfn,32769,9,16384,16384,2,6,ok,,4.495269409380853,4.19975742418319,0.6321783065795898
46905,Amazon_employee_access,hydra,32769,9,16384,16384,2,7,ok,,1.0609417222440243,0.7635314390063286,0.512782871723175
46905,Amazon_employee_access,hydra_small,32769,9,16384,16384,2,7,ok,,4.510270091705024,4.212577654980123,0.5690580010414124
46905,Amazon_employee_access,hybrid_8l,32769,9,16384,16384,2,7,ok,,1.962881744839251,1.6686883168295026,0.5293704867362976
46905,Amazon_employee_access,tabpfn,32769,9,16384,16384,2,7,ok,,4.492263277061284,4.19721691403538,0.6321783065795898
46905,Amazon_employee_access,hydra,32769,9,16384,16384,2,8,ok,,1.0587742747738957,0.7641110280528665,0.512782871723175
46905,Amazon_employee_access,hybrid_8l,32769,9,16384,16384,2,8,ok,,1.9605196304619312,1.6649665953591466,0.5293704867362976
46905,Amazon_employee_access,tabpfn,32769,9,16384,16384,2,8,ok,,4.48645122628659,4.192253139801323,0.6321783065795898
46905,Amazon_employee_access,hydra_small,32769,9,16384,16384,2,8,ok,,4.556996063329279,4.210811009630561,0.5690580010414124
46905,Amazon_employee_access,tabpfn,32769,9,16384,16384,2,9,ok,,4.4881059024482965,4.193391316570342,0.6321783065795898
46905,Amazon_employee_access,hydra,32769,9,16384,16384,2,9,ok,,1.0577572593465447,0.7642717529088259,0.512782871723175
46905,Amazon_employee_access,hybrid_8l,32769,9,16384,16384,2,9,ok,,1.963596660643816,1.6639540577307343,0.5293704867362976
46905,Amazon_employee_access,hydra_small,32769,9,16384,16384,2,9,ok,,4.513384236954153,4.2143254010006785,0.5690580010414124
46905,Amazon_employee_access,hybrid_8l,32769,9,16384,16384,2,10,ok,,1.961102175526321,1.666255770251155,0.5293704867362976
46905,Amazon_employee_access,hydra,32769,9,16384,16384,2,10,ok,,1.069472105242312,0.7653614776208997,0.512782871723175
46905,Amazon_employee_access,hydra_small,32769,9,16384,16384,2,10,ok,,4.528953935019672,4.217112360522151,0.5690580010414124
46905,Amazon_employee_access,tabpfn,32769,9,16384,16384,2,10,ok,,4.496860591694713,4.1926283445209265,0.6321783065795898
46905,Amazon_employee_access,hydra_small,32769,9,16384,16384,2,11,ok,,4.541259943507612,4.213522451929748,0.5690580010414124
46905,Amazon_employee_access,tabpfn,32769,9,16384,16384,2,11,ok,,4.497723458334804,4.196302507072687,0.6321783065795898
46905,Amazon_employee_access,hybrid_8l,32769,9,16384,16384,2,11,ok,,1.9748551733791828,1.6662925211712718,0.5293704867362976
46905,Amazon_employee_access,hydra,32769,9,16384,16384,2,11,ok,,1.0617306688800454,0.7637346955016255,0.512782871723175
46905,Amazon_employee_access,hydra_small,32769,9,16384,16384,2,12,ok,,4.522189763374627,4.217216512188315,0.5690580010414124
46905,Amazon_employee_access,hybrid_8l,32769,9,16384,16384,2,12,ok,,1.9646399598568678,1.6662517534568906,0.5293704867362976
46905,Amazon_employee_access,tabpfn,32769,9,16384,16384,2,12,ok,,4.498310071416199,4.197184610180557,0.6321783065795898
46905,Amazon_employee_access,hydra,32769,9,16384,16384,2,12,ok,,1.0595361310988665,0.7645118786022067,0.512782871723175
46905,Amazon_employee_access,tabpfn,32769,9,16384,16384,2,13,ok,,4.494183843955398,4.199286843650043,0.6321783065795898
46905,Amazon_employee_access,hybrid_8l,32769,9,16384,16384,2,13,ok,,1.9717710707336664,1.6695870840921998,0.5293704867362976
46905,Amazon_employee_access,hydra_small,32769,9,16384,16384,2,13,ok,,4.517365586943924,4.218779985792935,0.5690580010414124
46905,Amazon_employee_access,hydra,32769,9,16384,16384,2,13,ok,,1.0643274700269103,0.7669715890660882,0.512782871723175
46905,Amazon_employee_access,hybrid_8l,32769,9,16384,16384,2,14,ok,,1.965455967001617,1.6674827560782433,0.5293704867362976
46905,Amazon_employee_access,hydra_small,32769,9,16384,16384,2,14,ok,,4.5108529990538955,4.211131036281586,0.5690580010414124
46905,Amazon_employee_access,hydra,32769,9,16384,16384,2,14,ok,,1.0637706751003861,0.7662713220342994,0.512782871723175
46905,Amazon_employee_access,tabpfn,32769,9,16384,16384,2,14,ok,,4.5660648150369525,4.19913799315691,0.6321783065795898
46905,Amazon_employee_access,hydra_small,32769,9,16384,16384,2,15,ok,,4.518956853076816,4.214484740048647,0.5690580010414124
46905,Amazon_employee_access,hybrid_8l,32769,9,16384,16384,2,15,ok,,1.9614755054935813,1.6683705104514956,0.5293704867362976
46905,Amazon_employee_access,hydra,32769,9,16384,16384,2,15,ok,,1.0585985146462917,0.7653788514435291,0.512782871723175
46905,Amazon_employee_access,tabpfn,32769,9,16384,16384,2,15,ok,,4.49434073548764,4.199209129437804,0.6321783065795898
46905,Amazon_employee_access,hydra_small,32769,9,16384,16384,3,1,ok,,4.531001364812255,4.219511765986681,0.5476130843162537
46905,Amazon_employee_access,hydra,32769,9,16384,16384,3,1,ok,,1.0717870742082596,0.7661228608340025,0.47899487614631653
46905,Amazon_employee_access,tabpfn,32769,9,16384,16384,3,1,ok,,4.507993242703378,4.20370439812541,0.6214547753334045
46905,Amazon_employee_access,hybrid_8l,32769,9,16384,16384,3,1,ok,,1.972796426154673,1.6686986023560166,0.5083760023117065
46905,Amazon_employee_access,hydra,32769,9,16384,16384,3,2,ok,,1.0713286455720663,0.7666146839037538,0.47899487614631653
46905,Amazon_employee_access,hybrid_8l,32769,9,16384,16384,3,2,ok,,2.046065323986113,1.6674987096339464,0.5083760023117065
46905,Amazon_employee_access,hydra_small,32769,9,16384,16384,3,2,ok,,4.529005244374275,4.214318698272109,0.5476130843162537
46905,Amazon_employee_access,tabpfn,32769,9,16384,16384,3,2,ok,,4.50868474598974,4.203044950030744,0.6214547753334045
46905,Amazon_employee_access,hydra_small,32769,9,16384,16384,3,3,ok,,4.563027105294168,4.21441774815321,0.5476130843162537
46905,Amazon_employee_access,hybrid_8l,32769,9,16384,16384,3,3,ok,,1.9737796392291784,1.6689625335857272,0.5083760023117065
46905,Amazon_employee_access,hydra,32769,9,16384,16384,3,3,ok,,1.0731609873473644,0.7652594754472375,0.47899487614631653
46905,Amazon_employee_access,tabpfn,32769,9,16384,16384,3,3,ok,,4.508299226872623,4.20155471842736,0.6214547753334045
46905,Amazon_employee_access,hydra_small,32769,9,16384,16384,3,4,ok,,4.523401188664138,4.212636073119938,0.5476130843162537
46905,Amazon_employee_access,hydra,32769,9,16384,16384,3,4,ok,,1.0719392523169518,0.7652899846434593,0.47899487614631653
46905,Amazon_employee_access,hybrid_8l,32769,9,16384,16384,3,4,ok,,1.97428435459733,1.6679773377254605,0.5083760023117065
46905,Amazon_employee_access,tabpfn,32769,9,16384,16384,3,4,ok,,4.506969688460231,4.199619714170694,0.6214547753334045
46905,Amazon_employee_access,tabpfn,32769,9,16384,16384,3,5,ok,,4.504635537043214,4.1983426455408335,0.6214547753334045
46905,Amazon_employee_access,hybrid_8l,32769,9,16384,16384,3,5,ok,,1.9732280056923628,1.6686037741601467,0.5083760023117065
46905,Amazon_employee_access,hydra,32769,9,16384,16384,3,5,ok,,1.0700877960771322,0.7655192483216524,0.47899487614631653
46905,Amazon_employee_access,hydra_small,32769,9,16384,16384,3,5,ok,,4.526865635998547,4.218601416796446,0.5476130843162537
46905,Amazon_employee_access,hydra,32769,9,16384,16384,3,6,ok,,1.0706109255552292,0.7655856646597385,0.47899487614631653
46905,Amazon_employee_access,hybrid_8l,32769,9,16384,16384,3,6,ok,,1.9841597583144903,1.669530370272696,0.5083760023117065
46905,Amazon_employee_access,tabpfn,32769,9,16384,16384,3,6,ok,,4.508417975157499,4.201975368894637,0.6214547753334045
46905,Amazon_employee_access,hydra_small,32769,9,16384,16384,3,6,ok,,4.522539600729942,4.215448024682701,0.5476130843162537
46905,Amazon_employee_access,hydra,32769,9,16384,16384,3,7,ok,,1.0847300877794623,0.7651476049795747,0.47899487614631653
46905,Amazon_employee_access,tabpfn,32769,9,16384,16384,3,7,ok,,4.500243067741394,4.195435017347336,0.6214547753334045
46905,Amazon_employee_access,hydra_small,32769,9,16384,16384,3,7,ok,,4.521146002225578,4.211264789104462,0.5476130843162537
46905,Amazon_employee_access,hybrid_8l,32769,9,16384,16384,3,7,ok,,1.9851958425715566,1.6689147558063269,0.5083760023117065
46905,Amazon_employee_access,hydra_small,32769,9,16384,16384,3,8,ok,,4.5213672909885645,4.217289695516229,0.5476130843162537
46905,Amazon_employee_access,hydra,32769,9,16384,16384,3,8,ok,,1.0658025369048119,0.7647873135283589,0.47899487614631653
46905,Amazon_employee_access,tabpfn,32769,9,16384,16384,3,8,ok,,4.504093132913113,4.198681379668415,0.6214547753334045
46905,Amazon_employee_access,hybrid_8l,32769,9,16384,16384,3,8,ok,,1.9745776345953345,1.669166101142764,0.5083760023117065
46905,Amazon_employee_access,tabpfn,32769,9,16384,16384,3,9,ok,,4.500305908732116,4.196920082904398,0.6214547753334045
46905,Amazon_employee_access,hybrid_8l,32769,9,16384,16384,3,9,ok,,1.9716919967904687,1.667299084365368,0.5083760023117065
46905,Amazon_employee_access,hydra_small,32769,9,16384,16384,3,9,ok,,4.524077007547021,4.216514789499342,0.5476130843162537
46905,Amazon_employee_access,hydra,32769,9,16384,16384,3,9,ok,,1.0679576098918915,0.7641699835658073,0.47899487614631653
46905,Amazon_employee_access,hybrid_8l,32769,9,16384,16384,3,10,ok,,1.9689896292984486,1.66733980178833,0.5083760023117065
46905,Amazon_employee_access,tabpfn,32769,9,16384,16384,3,10,ok,,4.507529185153544,4.202471242286265,0.6214547753334045
46905,Amazon_employee_access,hydra,32769,9,16384,16384,3,10,ok,,1.0733185978606343,0.765640870667994,0.47899487614631653
46905,Amazon_employee_access,hydra_small,32769,9,16384,16384,3,10,ok,,4.5215361239388585,4.213940001092851,0.5476130843162537
46905,Amazon_employee_access,hydra,32769,9,16384,16384,3,11,ok,,1.0694516422227025,0.7659530127421021,0.47899487614631653
46905,Amazon_employee_access,tabpfn,32769,9,16384,16384,3,11,ok,,4.498399268835783,4.194548873230815,0.6214547753334045
46905,Amazon_employee_access,hydra_small,32769,9,16384,16384,3,11,ok,,4.531323979608715,4.214171641506255,0.5476130843162537
46905,Amazon_employee_access,hybrid_8l,32769,9,16384,16384,3,11,ok,,1.9666027557104826,1.6645813155919313,0.5083760023117065
46905,Amazon_employee_access,hydra_small,32769,9,16384,16384,3,12,ok,,4.5276939226314425,4.222270076163113,0.5476130843162537
46905,Amazon_employee_access,tabpfn,32769,9,16384,16384,3,12,ok,,4.502100883983076,4.195547305978835,0.6214547753334045
46905,Amazon_employee_access,hybrid_8l,32769,9,16384,16384,3,12,ok,,1.9686495261266828,1.6649732189252973,0.5083760023117065
46905,Amazon_employee_access,hydra,32769,9,16384,16384,3,12,ok,,1.068736377172172,0.7626442331820726,0.47899487614631653
46905,Amazon_employee_access,tabpfn,32769,9,16384,16384,3,13,ok,,4.506788725964725,4.2009819727391005,0.6214547753334045
46905,Amazon_employee_access,hydra,32769,9,16384,16384,3,13,ok,,1.0715330662205815,0.7659612987190485,0.47899487614631653
46905,Amazon_employee_access,hybrid_8l,32769,9,16384,16384,3,13,ok,,1.970689800567925,1.6667045895010233,0.5083760023117065
46905,Amazon_employee_access,hydra_small,32769,9,16384,16384,3,13,ok,,4.520839527249336,4.215038665570319,0.5476130843162537
46905,Amazon_employee_access,hydra_small,32769,9,16384,16384,3,14,ok,,4.540232591331005,4.217627783305943,0.5476130843162537
46905,Amazon_employee_access,tabpfn,32769,9,16384,16384,3,14,ok,,4.596261145547032,4.198959193192422,0.6214547753334045
46905,Amazon_employee_access,hybrid_8l,32769,9,16384,16384,3,14,ok,,1.973888902924955,1.6669153291732073,0.5083760023117065
46905,Amazon_employee_access,hydra,32769,9,16384,16384,3,14,ok,,1.0674143359065056,0.7639549961313605,0.47899487614631653
46905,Amazon_employee_access,hydra_small,32769,9,16384,16384,3,15,ok,,4.537871276028454,4.217157014645636,0.5476130843162537
46905,Amazon_employee_access,hybrid_8l,32769,9,16384,16384,3,15,ok,,2.0106139834970236,1.6661921357735991,0.5083760023117065
46905,Amazon_employee_access,hydra,32769,9,16384,16384,3,15,ok,,1.0805358085781336,0.7639762395992875,0.47899487614631653
46905,Amazon_employee_access,tabpfn,32769,9,16384,16384,3,15,ok,,4.511042807251215,4.202288247644901,0.6214547753334045
46905,Amazon_employee_access,hydra_small,32769,9,16384,16384,4,1,ok,,4.527403655461967,4.218142562545836,0.5578819513320923
46905,Amazon_employee_access,hybrid_8l,32769,9,16384,16384,4,1,ok,,1.9758241679519415,1.6670891111716628,0.5346965789794922
46905,Amazon_employee_access,tabpfn,32769,9,16384,16384,4,1,ok,,4.754099866375327,4.201207724399865,0.6305597424507141
46905,Amazon_employee_access,hydra,32769,9,16384,16384,4,1,ok,,1.0925709214061499,0.764372662641108,0.509994626045227
46905,Amazon_employee_access,hydra_small,32769,9,16384,16384,4,2,ok,,4.551662500016391,4.243379875086248,0.5578819513320923
46905,Amazon_employee_access,hybrid_8l,32769,9,16384,16384,4,2,ok,,1.9696615124121308,1.6674461029469967,0.5346965789794922
46905,Amazon_employee_access,tabpfn,32769,9,16384,16384,4,2,ok,,4.502553787082434,4.196938920766115,0.6305597424507141
46905,Amazon_employee_access,hydra,32769,9,16384,16384,4,2,ok,,1.0716850031167269,0.7655218858271837,0.509994626045227
46905,Amazon_employee_access,hydra_small,32769,9,16384,16384,4,3,ok,,4.521804664283991,4.216359765268862,0.5578819513320923
46905,Amazon_employee_access,tabpfn,32769,9,16384,16384,4,3,ok,,4.5023678401485085,4.196873768232763,0.6305597424507141
46905,Amazon_employee_access,hybrid_8l,32769,9,16384,16384,4,3,ok,,1.9785358207300305,1.6656108442693949,0.5346965789794922
46905,Amazon_employee_access,hydra,32769,9,16384,16384,4,3,ok,,1.0766663365066051,0.7649517105892301,0.509994626045227
46905,Amazon_employee_access,hydra,32769,9,16384,16384,4,4,ok,,1.0737032080069184,0.7662517046555877,0.509994626045227
46905,Amazon_employee_access,tabpfn,32769,9,16384,16384,4,4,ok,,4.495826128870249,4.193081037141383,0.6305597424507141
46905,Amazon_employee_access,hybrid_8l,32769,9,16384,16384,4,4,ok,,1.9698446113616228,1.66557633318007,0.5346965789794922
46905,Amazon_employee_access,hydra_small,32769,9,16384,16384,4,4,ok,,4.533921767957509,4.217053107917309,0.5578819513320923
46905,Amazon_employee_access,hydra,32769,9,16384,16384,4,5,ok,,1.0708277337253094,0.7640654593706131,0.509994626045227
46905,Amazon_employee_access,tabpfn,32769,9,16384,16384,4,5,ok,,4.4958058297634125,4.192950992844999,0.6305597424507141
46905,Amazon_employee_access,hybrid_8l,32769,9,16384,16384,4,5,ok,,1.9694329714402556,1.6674375496804714,0.5346965789794922
46905,Amazon_employee_access,hydra_small,32769,9,16384,16384,4,5,ok,,4.534251471050084,4.21586637198925,0.5578819513320923
46905,Amazon_employee_access,hydra,32769,9,16384,16384,4,6,ok,,1.1292999656870961,0.7619117349386215,0.509994626045227
46905,Amazon_employee_access,hybrid_8l,32769,9,16384,16384,4,6,ok,,1.9672265173867345,1.665348093956709,0.5346965789794922
46905,Amazon_employee_access,tabpfn,32769,9,16384,16384,4,6,ok,,4.497663618065417,4.191523092798889,0.6305597424507141
46905,Amazon_employee_access,hydra_small,32769,9,16384,16384,4,6,ok,,4.521236079744995,4.214154952205718,0.5578819513320923
46905,Amazon_employee_access,tabpfn,32769,9,16384,16384,4,7,ok,,4.6480535408481956,4.3377453703433275,0.6305597424507141
46905,Amazon_employee_access,hydra,32769,9,16384,16384,4,7,ok,,1.0680270306766033,0.761759246699512,0.509994626045227
46905,Amazon_employee_access,hydra_small,32769,9,16384,16384,4,7,ok,,4.532482289709151,4.213166757486761,0.5578819513320923
46905,Amazon_employee_access,hybrid_8l,32769,9,16384,16384,4,7,ok,,1.9756831852719188,1.6650457754731178,0.5346965789794922
46905,Amazon_employee_access,hydra_small,32769,9,16384,16384,4,8,ok,,4.524043503217399,4.2158161867409945,0.5578819513320923
46905,Amazon_employee_access,tabpfn,32769,9,16384,16384,4,8,ok,,4.515047998167574,4.199822396039963,0.6305597424507141
46905,Amazon_employee_access,hybrid_8l,32769,9,16384,16384,4,8,ok,,1.9723484832793474,1.6666398420929909,0.5346965789794922
46905,Amazon_employee_access,hydra,32769,9,16384,16384,4,8,ok,,1.0674930084496737,0.7652371739968657,0.509994626045227
46905,Amazon_employee_access,hybrid_8l,32769,9,16384,16384,4,9,ok,,1.96980298217386,1.6665596570819616,0.5346965789794922
46905,Amazon_employee_access,tabpfn,32769,9,16384,16384,4,9,ok,,4.498158697038889,4.192257168702781,0.6305597424507141
46905,Amazon_employee_access,hydra,32769,9,16384,16384,4,9,ok,,1.0801910171285272,0.7654675394296646,0.509994626045227
46905,Amazon_employee_access,hydra_small,32769,9,16384,16384,4,9,ok,,4.766328802332282,4.214628810994327,0.5578819513320923
46905,Amazon_employee_access,hydra_small,32769,9,16384,16384,4,10,ok,,4.535733773373067,4.213061650283635,0.5578819513320923
46905,Amazon_employee_access,tabpfn,32769,9,16384,16384,4,10,ok,,4.5128317726776,4.202131569385529,0.6305597424507141
46905,Amazon_employee_access,hybrid_8l,32769,9,16384,16384,4,10,ok,,2.019536999054253,1.667594718746841,0.5346965789794922
46905,Amazon_employee_access,hydra,32769,9,16384,16384,4,10,ok,,1.07033662032336,0.7648447174578905,0.509994626045227
46905,Amazon_employee_access,tabpfn,32769,9,16384,16384,4,11,ok,,4.501987203024328,4.199059986509383,0.6305597424507141
46905,Amazon_employee_access,hydra,32769,9,16384,16384,4,11,ok,,1.0722486600279808,0.7645300086587667,0.509994626045227
46905,Amazon_employee_access,hybrid_8l,32769,9,16384,16384,4,11,ok,,1.9713000813499093,1.6661545522511005,0.5346965789794922
46905,Amazon_employee_access,hydra_small,32769,9,16384,16384,4,11,ok,,4.524970888160169,4.217028500512242,0.5578819513320923
46905,Amazon_employee_access,hydra,32769,9,16384,16384,4,12,ok,,1.074297142215073,0.7668118476867676,0.509994626045227
46905,Amazon_employee_access,tabpfn,32769,9,16384,16384,4,12,ok,,4.510381272062659,4.201666069217026,0.6305597424507141
46905,Amazon_employee_access,hydra_small,32769,9,16384,16384,4,12,ok,,4.524027613922954,4.213602640666068,0.5578819513320923
46905,Amazon_employee_access,hybrid_8l,32769,9,16384,16384,4,12,ok,,1.974713571369648,1.667464560829103,0.5346965789794922
46905,Amazon_employee_access,hydra,32769,9,16384,16384,4,13,ok,,1.0690306145697832,0.764712443575263,0.509994626045227
46905,Amazon_employee_access,hydra_small,32769,9,16384,16384,4,13,ok,,4.5235705235973,4.212251795455813,0.5578819513320923
46905,Amazon_employee_access,hybrid_8l,32769,9,16384,16384,4,13,ok,,1.9706347174942493,1.6664502266794443,0.5346965789794922
46905,Amazon_employee_access,tabpfn,32769,9,16384,16384,4,13,ok,,4.5057186633348465,4.200818168930709,0.6305597424507141
46905,Amazon_employee_access,hybrid_8l,32769,9,16384,16384,4,14,ok,,1.984417887404561,1.6687248386442661,0.5346965789794922
46905,Amazon_employee_access,tabpfn,32769,9,16384,16384,4,14,ok,,4.54809364490211,4.200653212144971,0.6305597424507141
46905,Amazon_employee_access,hydra_small,32769,9,16384,16384,4,14,ok,,4.542482475750148,4.2179788295179605,0.5578819513320923
46905,Amazon_employee_access,hydra,32769,9,16384,16384,4,14,ok,,1.0675028944388032,0.765070665627718,0.509994626045227
46905,Amazon_employee_access,hydra_small,32769,9,16384,16384,4,15,ok,,4.519474463537335,4.213472805917263,0.5578819513320923
46905,Amazon_employee_access,tabpfn,32769,9,16384,16384,4,15,ok,,4.506132901646197,4.199706788174808,0.6305597424507141
46905,Amazon_employee_access,hybrid_8l,32769,9,16384,16384,4,15,ok,,1.9798725927248597,1.6697708759456873,0.5346965789794922
46905,Amazon_employee_access,hydra,32769,9,16384,16384,4,15,ok,,1.091686561703682,0.7654680609703064,0.509994626045227
46905,Amazon_employee_access,hydra,32769,9,16384,16384,5,1,ok,,1.114677225239575,0.766207872889936,0.5069195032119751
46905,Amazon_employee_access,hydra_small,32769,9,16384,16384,5,1,ok,,4.532161637209356,4.215850810520351,0.5615028738975525
46905,Amazon_employee_access,hybrid_8l,32769,9,16384,16384,5,1,ok,,2.014144731685519,1.6697011115029454,0.5229266881942749
46905,Amazon_employee_access,tabpfn,32769,9,16384,16384,5,1,ok,,4.528047853149474,4.197287987917662,0.6258559226989746
46905,Amazon_employee_access,hybrid_8l,32769,9,16384,16384,5,2,ok,,2.2052356768399477,1.6685005323961377,0.5229266881942749
46905,Amazon_employee_access,hydra,32769,9,16384,16384,5,2,ok,,1.0771533772349358,0.7654150445014238,0.5069195032119751
46905,Amazon_employee_access,tabpfn,32769,9,16384,16384,5,2,ok,,4.524939780123532,4.202396692708135,0.6258559226989746
46905,Amazon_employee_access,hydra_small,32769,9,16384,16384,5,2,ok,,4.578106026165187,4.216848737560213,0.5615028738975525
46905,Amazon_employee_access,hydra_small,32769,9,16384,16384,5,3,ok,,4.5300745237618685,4.21443001832813,0.5615028738975525
46905,Amazon_employee_access,hydra,32769,9,16384,16384,5,3,ok,,1.0820316458120942,0.761867399327457,0.5069195032119751
46905,Amazon_employee_access,tabpfn,32769,9,16384,16384,5,3,ok,,4.513399642892182,4.1997982151806355,0.6258559226989746
46905,Amazon_employee_access,hybrid_8l,32769,9,16384,16384,5,3,ok,,1.981768174096942,1.6646105581894517,0.5229266881942749
46905,Amazon_employee_access,hydra,32769,9,16384,16384,5,4,ok,,1.1108139781281352,0.7615935783833265,0.5069195032119751
46905,Amazon_employee_access,hydra_small,32769,9,16384,16384,5,4,ok,,4.8604676788672805,4.215171240270138,0.5615028738975525
46905,Amazon_employee_access,hybrid_8l,32769,9,16384,16384,5,4,ok,,1.9850365119054914,1.6647755559533834,0.5229266881942749
46905,Amazon_employee_access,tabpfn,32769,9,16384,16384,5,4,ok,,4.510946661233902,4.195087043568492,0.6258559226989746
46905,Amazon_employee_access,hydra_small,32769,9,16384,16384,5,5,ok,,4.5310765113681555,4.21673849131912,0.5615028738975525
46905,Amazon_employee_access,hybrid_8l,32769,9,16384,16384,5,5,ok,,1.979770583100617,1.6688970234245062,0.5229266881942749
46905,Amazon_employee_access,hydra,32769,9,16384,16384,5,5,ok,,1.0770916128531098,0.7650437792763114,0.5069195032119751
46905,Amazon_employee_access,tabpfn,32769,9,16384,16384,5,5,ok,,4.509058829396963,4.196308804675937,0.6258559226989746
46905,Amazon_employee_access,tabpfn,32769,9,16384,16384,5,6,ok,,4.517926475964487,4.20036425627768,0.6258559226989746
46905,Amazon_employee_access,hydra,32769,9,16384,16384,5,6,ok,,1.0821560975164175,0.7646347424015403,0.5069195032119751
46905,Amazon_employee_access,hydra_small,32769,9,16384,16384,5,6,ok,,4.527514434419572,4.212682883255184,0.5615028738975525
46905,Amazon_employee_access,hybrid_8l,32769,9,16384,16384,5,6,ok,,1.9781349645927548,1.668048738501966,0.5229266881942749
46905,Amazon_employee_access,hydra_small,32769,9,16384,16384,5,7,ok,,4.568378922529519,4.214573863893747,0.5615028738975525
46905,Amazon_employee_access,hydra,32769,9,16384,16384,5,7,ok,,1.0799746196717024,0.7656483631581068,0.5069195032119751
46905,Amazon_employee_access,tabpfn,32769,9,16384,16384,5,7,ok,,4.5713281547650695,4.193864416331053,0.6258559226989746
46905,Amazon_employee_access,hybrid_8l,32769,9,16384,16384,5,7,ok,,2.009532306343317,1.6692920867353678,0.5229266881942749
46905,Amazon_employee_access,hydra_small,32769,9,16384,16384,5,8,ok,,4.551322917453945,4.212750596925616,0.5615028738975525
46905,Amazon_employee_access,hydra,32769,9,16384,16384,5,8,ok,,1.074739659205079,0.762541557662189,0.5069195032119751
46905,Amazon_employee_access,tabpfn,32769,9,16384,16384,5,8,ok,,4.50889986474067,4.194734889082611,0.6258559226989746
46905,Amazon_employee_access,hybrid_8l,32769,9,16384,16384,5,8,ok,,2.1226185970008373,1.667322738096118,0.5229266881942749
46905,Amazon_employee_access,hydra_small,32769,9,16384,16384,5,9,ok,,4.539698900654912,4.2144919680431485,0.5615028738975525
46905,Amazon_employee_access,hydra,32769,9,16384,16384,5,9,ok,,1.4545374615117908,0.7650580946356058,0.5069195032119751
46905,Amazon_employee_access,hybrid_8l,32769,9,16384,16384,5,9,ok,,1.978026196360588,1.6677858792245388,0.5229266881942749
46905,Amazon_employee_access,tabpfn,32769,9,16384,16384,5,9,ok,,4.512767960317433,4.197266687639058,0.6258559226989746
46905,Amazon_employee_access,hybrid_8l,32769,9,16384,16384,5,10,ok,,2.0460123354569077,1.6695595989003778,0.5229266881942749
46905,Amazon_employee_access,hydra_small,32769,9,16384,16384,5,10,ok,,4.532616904005408,4.214448017068207,0.5615028738975525
46905,Amazon_employee_access,hydra,32769,9,16384,16384,5,10,ok,,1.1454080250114202,0.7635995224118233,0.5069195032119751
46905,Amazon_employee_access,tabpfn,32769,9,16384,16384,5,10,ok,,4.886789109557867,4.195858865045011,0.6258559226989746
46905,Amazon_employee_access,hybrid_8l,32769,9,16384,16384,5,11,ok,,2.225286081433296,1.6641207095235586,0.5229266881942749
46905,Amazon_employee_access,hydra_small,32769,9,16384,16384,5,11,ok,,4.5840752348303795,4.217294211499393,0.5615028738975525
46905,Amazon_employee_access,hydra,32769,9,16384,16384,5,11,ok,,1.07650191988796,0.7653785422444344,0.5069195032119751
46905,Amazon_employee_access,tabpfn,32769,9,16384,16384,5,11,ok,,4.5085746282711625,4.197804850526154,0.6258559226989746
46905,Amazon_employee_access,tabpfn,32769,9,16384,16384,5,12,ok,,4.515838377177715,4.1992632718756795,0.6258559226989746
46905,Amazon_employee_access,hydra_small,32769,9,16384,16384,5,12,ok,,4.531642529182136,4.213227949105203,0.5615028738975525
46905,Amazon_employee_access,hydra,32769,9,16384,16384,5,12,ok,,1.13158714864403,0.7647989951074123,0.5069195032119751
46905,Amazon_employee_access,hybrid_8l,32769,9,16384,16384,5,12,ok,,2.056499509140849,1.6673046257346869,0.5229266881942749
46905,Amazon_employee_access,tabpfn,32769,9,16384,16384,5,13,ok,,4.509073586203158,4.196426286362112,0.6258559226989746
46905,Amazon_employee_access,hydra_small,32769,9,16384,16384,5,13,ok,,4.5295619405806065,4.2149857664480805,0.5615028738975525
46905,Amazon_employee_access,hydra,32769,9,16384,16384,5,13,ok,,1.2331495666876435,0.7657556775957346,0.5069195032119751
46905,Amazon_employee_access,hybrid_8l,32769,9,16384,16384,5,13,ok,,1.984922000207007,1.6679144389927387,0.5229266881942749
46905,Amazon_employee_access,hybrid_8l,32769,9,16384,16384,5,14,ok,,2.2429574197158217,1.6671077460050583,0.5229266881942749
46905,Amazon_employee_access,tabpfn,32769,9,16384,16384,5,14,ok,,4.580368714407086,4.2630480490624905,0.6258559226989746
46905,Amazon_employee_access,hydra_small,32769,9,16384,16384,5,14,ok,,4.673182990401983,4.2186159491539,0.5615028738975525
46905,Amazon_employee_access,hydra,32769,9,16384,16384,5,14,ok,,1.0762467179447412,0.7658395152539015,0.5069195032119751
46905,Amazon_employee_access,hydra_small,32769,9,16384,16384,5,15,ok,,4.532833270728588,4.2179666412994266,0.5615028738975525
46905,Amazon_employee_access,tabpfn,32769,9,16384,16384,5,15,ok,,4.509086119942367,4.19203064404428,0.6258559226989746
46905,Amazon_employee_access,hybrid_8l,32769,9,16384,16384,5,15,ok,,1.9767808830365539,1.6648312751203775,0.5229266881942749
46905,Amazon_employee_access,hydra,32769,9,16384,16384,5,15,ok,,1.075258637778461,0.764064340852201,0.5069195032119751
46910,bank-marketing,hydra_small,45211,13,16384,16384,1,1,ok,,4.596248573623598,4.215462802909315,0.708092451095581
46910,bank-marketing,tabpfn,45211,13,16384,16384,1,1,ok,,4.566284166648984,4.189082042314112,0.7397676110267639
46910,bank-marketing,hybrid_8l,45211,13,16384,16384,1,1,ok,,2.0404807468876243,1.664205457083881,0.6531385183334351
46910,bank-marketing,hydra,45211,13,16384,16384,1,1,ok,,1.1403398104012012,0.7658826718106866,0.5034714341163635
46910,bank-marketing,tabpfn,45211,13,16384,16384,1,2,ok,,4.564852585084736,4.188941064290702,0.7397676110267639
46910,bank-marketing,hydra,45211,13,16384,16384,1,2,ok,,1.1416637115180492,0.765325790271163,0.5034714341163635
46910,bank-marketing,hydra_small,45211,13,16384,16384,1,2,ok,,4.596184032037854,4.2178357830271125,0.708092451095581
46910,bank-marketing,hybrid_8l,45211,13,16384,16384,1,2,ok,,2.044871937483549,1.6660141814500093,0.6531385183334351
46910,bank-marketing,hydra,45211,13,16384,16384,1,3,ok,,1.142343858256936,0.7661532638594508,0.5034714341163635
46910,bank-marketing,tabpfn,45211,13,16384,16384,1,3,ok,,4.748664456419647,4.18992274068296,0.7397676110267639
46910,bank-marketing,hydra_small,45211,13,16384,16384,1,3,ok,,4.590707957744598,4.213812026195228,0.708092451095581
46910,bank-marketing,hybrid_8l,45211,13,16384,16384,1,3,ok,,2.0408120388165116,1.66730903275311,0.6531385183334351
46910,bank-marketing,hydra_small,45211,13,16384,16384,1,4,ok,,4.590243853628635,4.211823642253876,0.708092451095581
46910,bank-marketing,hydra,45211,13,16384,16384,1,4,ok,,1.1637367447838187,0.7643914977088571,0.5034714341163635
46910,bank-marketing,tabpfn,45211,13,16384,16384,1,4,ok,,4.562655268236995,4.189894555136561,0.7397676110267639
46910,bank-marketing,hybrid_8l,45211,13,16384,16384,1,4,ok,,2.0403174329549074,1.664992781355977,0.6531385183334351
46910,bank-marketing,hybrid_8l,45211,13,16384,16384,1,5,ok,,2.0430015195161104,1.6681849602609873,0.6531385183334351
46910,bank-marketing,hydra_small,45211,13,16384,16384,1,5,ok,,4.637756631709635,4.250803463160992,0.708092451095581
46910,bank-marketing,hydra,45211,13,16384,16384,1,5,ok,,1.147621564567089,0.7659339783713222,0.5034714341163635
46910,bank-marketing,tabpfn,45211,13,16384,16384,1,5,ok,,4.568649373948574,4.192453510127962,0.7397676110267639
46910,bank-marketing,tabpfn,45211,13,16384,16384,1,6,ok,,4.6576478742063046,4.191583536565304,0.7397676110267639
46910,bank-marketing,hydra,45211,13,16384,16384,1,6,ok,,1.548445419408381,0.7648365944623947,0.5034714341163635
46910,bank-marketing,hydra_small,45211,13,16384,16384,1,6,ok,,4.59238815587014,4.214599632658064,0.708092451095581
46910,bank-marketing,hybrid_8l,45211,13,16384,16384,1,6,ok,,2.2176370210945606,1.6649057185277343,0.6531385183334351
46910,bank-marketing,hybrid_8l,45211,13,16384,16384,1,7,ok,,2.0419712690636516,1.6640981631353498,0.6531385183334351
46910,bank-marketing,hydra_small,45211,13,16384,16384,1,7,ok,,4.591201038099825,4.21353555470705,0.708092451095581
46910,bank-marketing,tabpfn,45211,13,16384,16384,1,7,ok,,4.5660398146137595,4.190526718273759,0.7397676110267639
46910,bank-marketing,hydra,45211,13,16384,16384,1,7,ok,,1.1397691871970892,0.7647365564480424,0.5034714341163635
46910,bank-marketing,hybrid_8l,45211,13,16384,16384,1,8,ok,,2.0498680947348475,1.6646023718640208,0.6531385183334351
46910,bank-marketing,hydra,45211,13,16384,16384,1,8,ok,,1.1372451484203339,0.7627515001222491,0.5034714341163635
46910,bank-marketing,tabpfn,45211,13,16384,16384,1,8,ok,,4.789503791369498,4.239653910510242,0.7397676110267639
46910,bank-marketing,hydra_small,45211,13,16384,16384,1,8,ok,,4.600757461972535,4.214448781684041,0.708092451095581
46910,bank-marketing,hydra,45211,13,16384,16384,1,9,ok,,1.13977384660393,0.7664675638079643,0.5034714341163635
46910,bank-marketing,hydra_small,45211,13,16384,16384,1,9,ok,,4.585705049335957,4.2098087994381785,0.708092451095581
46910,bank-marketing,hybrid_8l,45211,13,16384,16384,1,9,ok,,2.03994857147336,1.6664378810673952,0.6531385183334351
46910,bank-marketing,tabpfn,45211,13,16384,16384,1,9,ok,,4.646287504583597,4.187372672371566,0.7397676110267639
46910,bank-marketing,tabpfn,45211,13,16384,16384,1,10,ok,,4.69613098166883,4.189148440025747,0.7397676110267639
46910,bank-marketing,hydra_small,45211,13,16384,16384,1,10,ok,,4.593434381298721,4.212696366943419,0.708092451095581
46910,bank-marketing,hybrid_8l,45211,13,16384,16384,1,10,ok,,2.142720333300531,1.6664846492931247,0.6531385183334351
46910,bank-marketing,hydra,45211,13,16384,16384,1,10,ok,,1.1821930659934878,0.7647867128252983,0.5034714341163635
46910,bank-marketing,hybrid_8l,45211,13,16384,16384,1,11,ok,,2.0594489872455597,1.6651283130049706,0.6531385183334351
46910,bank-marketing,hydra_small,45211,13,16384,16384,1,11,ok,,4.5970414346084,4.213509475812316,0.708092451095581
46910,bank-marketing,tabpfn,45211,13,16384,16384,1,11,ok,,4.566935292445123,4.186117474921048,0.7397676110267639
46910,bank-marketing,hydra,45211,13,16384,16384,1,11,ok,,1.1414250023663044,0.7647888734936714,0.5034714341163635
46910,bank-marketing,hydra,45211,13,16384,16384,1,12,ok,,1.332848104648292,0.7651079585775733,0.5034714341163635
46910,bank-marketing,hydra_small,45211,13,16384,16384,1,12,ok,,4.733083008788526,4.211574343033135,0.708092451095581
46910,bank-marketing,hybrid_8l,45211,13,16384,16384,1,12,ok,,2.040267209522426,1.6637978730723262,0.6531385183334351
46910,bank-marketing,tabpfn,45211,13,16384,16384,1,12,ok,,4.564250018447638,4.189967514015734,0.7397676110267639
46910,bank-marketing,hydra,45211,13,16384,16384,1,13,ok,,1.1850685523822904,0.7657886641100049,0.5034714341163635
46910,bank-marketing,tabpfn,45211,13,16384,16384,1,13,ok,,4.562808535061777,4.186420783400536,0.7397676110267639
46910,bank-marketing,hybrid_8l,45211,13,16384,16384,1,13,ok,,2.0372975803911686,1.6646171491593122,0.6531385183334351
46910,bank-marketing,hydra_small,45211,13,16384,16384,1,13,ok,,4.6115634655579925,4.212715187110007,0.708092451095581
46910,bank-marketing,hydra,45211,13,16384,16384,1,14,ok,,1.1364499581977725,0.763512228615582,0.5034714341163635
46910,bank-marketing,hybrid_8l,45211,13,16384,16384,1,14,ok,,2.034873808734119,1.6634744722396135,0.6531385183334351
46910,bank-marketing,tabpfn,45211,13,16384,16384,1,14,ok,,4.569958219304681,4.18995163962245,0.7397676110267639
46910,bank-marketing,hydra_small,45211,13,16384,16384,1,14,ok,,4.6495052408427,4.2148619163781404,0.708092451095581
46910,bank-marketing,hybrid_8l,45211,13,16384,16384,1,15,ok,,2.036947372369468,1.664033593609929,0.6531385183334351
46910,bank-marketing,tabpfn,45211,13,16384,16384,1,15,ok,,4.566722662188113,4.188381142914295,0.7397676110267639
46910,bank-marketing,hydra,45211,13,16384,16384,1,15,ok,,1.1423589754849672,0.7657421724870801,0.5034714341163635
46910,bank-marketing,hydra_small,45211,13,16384,16384,1,15,ok,,4.5962683241814375,4.214073623530567,0.708092451095581
46910,bank-marketing,hybrid_8l,45211,13,16384,16384,2,1,ok,,2.061323651112616,1.6658919071778655,0.6446743607521057
46910,bank-marketing,hydra,45211,13,16384,16384,2,1,ok,,1.1476073618978262,0.7622394599020481,0.4889027178287506
46910,bank-marketing,hydra_small,45211,13,16384,16384,2,1,ok,,4.668208146467805,4.270969077013433,0.6906803250312805
46910,bank-marketing,tabpfn,45211,13,16384,16384,2,1,ok,,4.574662832543254,4.1929882960394025,0.7340631484985352
46910,bank-marketing,hydra_small,45211,13,16384,16384,2,2,ok,,4.599493821151555,4.215511160902679,0.6906803250312805
46910,bank-marketing,hydra,45211,13,16384,16384,2,2,ok,,1.2216625902801752,0.7635824205353856,0.4889027178287506
46910,bank-marketing,hybrid_8l,45211,13,16384,16384,2,2,ok,,2.0404540821909904,1.6626507248729467,0.6446743607521057
46910,bank-marketing,tabpfn,45211,13,16384,16384,2,2,ok,,4.609305688180029,4.227826547808945,0.7340631484985352
46910,bank-marketing,tabpfn,45211,13,16384,16384,2,3,ok,,4.603163555264473,4.185923946090043,0.7340631484985352
46910,bank-marketing,hybrid_8l,45211,13,16384,16384,2,3,ok,,2.110480921342969,1.6673287469893694,0.6446743607521057
46910,bank-marketing,hydra,45211,13,16384,16384,2,3,ok,,1.1458379197865725,0.7650977782905102,0.4889027178287506
46910,bank-marketing,hydra_small,45211,13,16384,16384,2,3,ok,,4.59369249548763,4.2115079667419195,0.6906803250312805
46910,bank-marketing,hydra_small,45211,13,16384,16384,2,4,ok,,4.6560715790838,4.21201812569052,0.6906803250312805
46910,bank-marketing,hydra,45211,13,16384,16384,2,4,ok,,1.2700680093839765,0.7636738643050194,0.4889027178287506
46910,bank-marketing,hybrid_8l,45211,13,16384,16384,2,4,ok,,2.044260371476412,1.665423129685223,0.6446743607521057
46910,bank-marketing,tabpfn,45211,13,16384,16384,2,4,ok,,4.570767412893474,4.189462266862392,0.7340631484985352
46910,bank-marketing,hydra,45211,13,16384,16384,2,5,ok,,1.1412423765286803,0.7637762520462275,0.4889027178287506
46910,bank-marketing,hybrid_8l,45211,13,16384,16384,2,5,ok,,2.0608848901465535,1.6639453181996942,0.6446743607521057
46910,bank-marketing,hydra_small,45211,13,16384,16384,2,5,ok,,4.6003146125003695,4.213964648544788,0.6906803250312805
46910,bank-marketing,tabpfn,45211,13,16384,16384,2,5,ok,,4.573626419529319,4.188519770279527,0.7340631484985352
46910,bank-marketing,tabpfn,45211,13,16384,16384,2,6,ok,,4.581582320854068,4.186187943443656,0.7340631484985352
46910,bank-marketing,hybrid_8l,45211,13,16384,16384,2,6,ok,,2.0442379945889115,1.6648441348224878,0.6446743607521057
46910,bank-marketing,hydra,45211,13,16384,16384,2,6,ok,,1.1477859942242503,0.7651756517589092,0.4889027178287506
46910,bank-marketing,hydra_small,45211,13,16384,16384,2,6,ok,,4.667562850750983,4.213472814299166,0.6906803250312805
46910,bank-marketing,hybrid_8l,45211,13,16384,16384,2,7,ok,,2.128947013989091,1.6657943418249488,0.6446743607521057
46910,bank-marketing,hydra_small,45211,13,16384,16384,2,7,ok,,4.599713452160358,4.211954053491354,0.6906803250312805
46910,bank-marketing,hydra,45211,13,16384,16384,2,7,ok,,1.4213658636435866,0.7624732069671154,0.4889027178287506
46910,bank-marketing,tabpfn,45211,13,16384,16384,2,7,ok,,4.5734535017982125,4.185928828082979,0.7340631484985352
46910,bank-marketing,tabpfn,45211,13,16384,16384,2,8,ok,,4.567731743678451,4.190495847724378,0.7340631484985352
46910,bank-marketing,hydra_small,45211,13,16384,16384,2,8,ok,,4.5946161625906825,4.211734810844064,0.6906803250312805
46910,bank-marketing,hydra,45211,13,16384,16384,2,8,ok,,1.1446237796917558,0.7667813934385777,0.4889027178287506
46910,bank-marketing,hybrid_8l,45211,13,16384,16384,2,8,ok,,2.1225082222372293,1.6660018935799599,0.6446743607521057
46910,bank-marketing,hydra,45211,13,16384,16384,2,9,ok,,1.1853593969717622,0.7659451011568308,0.4889027178287506
46910,bank-marketing,hybrid_8l,45211,13,16384,16384,2,9,ok,,2.041379164904356,1.6659594867378473,0.6446743607521057
46910,bank-marketing,hydra_small,45211,13,16384,16384,2,9,ok,,4.594373877160251,4.212164176627994,0.6906803250312805
46910,bank-marketing,tabpfn,45211,13,16384,16384,2,9,ok,,4.566610336303711,4.188630226999521,0.7340631484985352
46910,bank-marketing,hydra_small,45211,13,16384,16384,2,10,ok,,4.595597076229751,4.214341459795833,0.6906803250312805
46910,bank-marketing,tabpfn,45211,13,16384,16384,2,10,ok,,4.571229246445,4.186039286665618,0.7340631484985352
46910,bank-marketing,hydra,45211,13,16384,16384,2,10,ok,,1.4364165924489498,0.766861074604094,0.4889027178287506
46910,bank-marketing,hybrid_8l,45211,13,16384,16384,2,10,ok,,2.049702873453498,1.6678582709282637,0.6446743607521057
46910,bank-marketing,hydra_small,45211,13,16384,16384,2,11,ok,,4.598763742484152,4.215539394877851,0.6906803250312805
46910,bank-marketing,tabpfn,45211,13,16384,16384,2,11,ok,,4.574507333338261,4.190947409719229,0.7340631484985352
46910,bank-marketing,hybrid_8l,45211,13,16384,16384,2,11,ok,,2.0479310685768723,1.6673507979139686,0.6446743607521057
46910,bank-marketing,hydra,45211,13,16384,16384,2,11,ok,,1.1989214979112148,0.7659234134480357,0.4889027178287506
46910,bank-marketing,tabpfn,45211,13,16384,16384,2,12,ok,,4.569335733540356,4.186707163229585,0.7340631484985352
46910,bank-marketing,hydra_small,45211,13,16384,16384,2,12,ok,,4.59857187513262,4.212119108997285,0.6906803250312805
46910,bank-marketing,hydra,45211,13,16384,16384,2,12,ok,,1.1429720586165786,0.7632497921586037,0.4889027178287506
46910,bank-marketing,hybrid_8l,45211,13,16384,16384,2,12,ok,,2.0456436472013593,1.66385265160352,0.6446743607521057
46910,bank-marketing,hydra,45211,13,16384,16384,2,13,ok,,1.1410339884459972,0.760728606954217,0.4889027178287506
46910,bank-marketing,hybrid_8l,45211,13,16384,16384,2,13,ok,,2.0460375174880028,1.6641214648261666,0.6446743607521057
46910,bank-marketing,hydra_small,45211,13,16384,16384,2,13,ok,,4.598093019798398,4.213836673647165,0.6906803250312805
46910,bank-marketing,tabpfn,45211,13,16384,16384,2,13,ok,,4.5665202820673585,4.186797712929547,0.7340631484985352
46910,bank-marketing,hydra,45211,13,16384,16384,2,14,ok,,1.1414994271472096,0.7636544136330485,0.4889027178287506
46910,bank-marketing,hybrid_8l,45211,13,16384,16384,2,14,ok,,2.0430799359455705,1.6660695830360055,0.6446743607521057
46910,bank-marketing,tabpfn,45211,13,16384,16384,2,14,ok,,4.575138262473047,4.189518630504608,0.7340631484985352
46910,bank-marketing,hydra_small,45211,13,16384,16384,2,14,ok,,4.625932862050831,4.215041317045689,0.6906803250312805
46910,bank-marketing,hydra_small,45211,13,16384,16384,2,15,ok,,4.5999015206471086,4.216107515618205,0.6906803250312805
46910,bank-marketing,tabpfn,45211,13,16384,16384,2,15,ok,,4.566189005970955,4.186497391201556,0.7340631484985352
46910,bank-marketing,hydra,45211,13,16384,16384,2,15,ok,,1.1453219885006547,0.7671813322231174,0.4889027178287506
46910,bank-marketing,hybrid_8l,45211,13,16384,16384,2,15,ok,,2.0487515991553664,1.6650796635076404,0.6446743607521057
46910,bank-marketing,hydra_small,45211,13,16384,16384,3,1,ok,,4.597438317723572,4.219250701367855,0.7065059542655945
46910,bank-marketing,hybrid_8l,45211,13,16384,16384,3,1,ok,,2.040198002010584,1.6668024016544223,0.6448752284049988
46910,bank-marketing,hydra,45211,13,16384,16384,3,1,ok,,1.1429540682584047,0.7660828335210681,0.48439979553222656
46910,bank-marketing,tabpfn,45211,13,16384,16384,3,1,ok,,4.615888292901218,4.187373579479754,0.7390097379684448
46910,bank-marketing,hydra,45211,13,16384,16384,3,2,ok,,1.140917613171041,0.7620754335075617,0.48439979553222656
46910,bank-marketing,hydra_small,45211,13,16384,16384,3,2,ok,,4.6844141241163015,4.212224877439439,0.7065059542655945
46910,bank-marketing,tabpfn,45211,13,16384,16384,3,2,ok,,4.640985485166311,4.186700421385467,0.7390097379684448
46910,bank-marketing,hybrid_8l,45211,13,16384,16384,3,2,ok,,2.047466545365751,1.6647819252684712,0.6448752284049988
46910,bank-marketing,hydra,45211,13,16384,16384,3,3,ok,,1.1448489362373948,0.7637757491320372,0.48439979553222656
46910,bank-marketing,hybrid_8l,45211,13,16384,16384,3,3,ok,,2.038483250886202,1.6654087360948324,0.6448752284049988
46910,bank-marketing,tabpfn,45211,13,16384,16384,3,3,ok,,4.561249396763742,4.187978831119835,0.7390097379684448
46910,bank-marketing,hydra_small,45211,13,16384,16384,3,3,ok,,4.676378437317908,4.2137604570016265,0.7065059542655945
46910,bank-marketing,tabpfn,45211,13,16384,16384,3,4,ok,,4.566281234845519,4.193026888184249,0.7390097379684448
46910,bank-marketing,hybrid_8l,45211,13,16384,16384,3,4,ok,,2.041107464581728,1.6682544071227312,0.6448752284049988
46910,bank-marketing,hydra_small,45211,13,16384,16384,3,4,ok,,4.607197905890644,4.2116999523714185,0.7065059542655945
46910,bank-marketing,hydra,45211,13,16384,16384,3,4,ok,,1.1526741404086351,0.7659665867686272,0.48439979553222656
46910,bank-marketing,tabpfn,45211,13,16384,16384,3,5,ok,,4.579806447960436,4.186747402884066,0.7390097379684448
46910,bank-marketing,hybrid_8l,45211,13,16384,16384,3,5,ok,,2.086930548772216,1.6661978894844651,0.6448752284049988
46910,bank-marketing,hydra_small,45211,13,16384,16384,3,5,ok,,4.591998075135052,4.211227827705443,0.7065059542655945
46910,bank-marketing,hydra,45211,13,16384,16384,3,5,ok,,1.1448043370619416,0.7678623404353857,0.48439979553222656
46910,bank-marketing,tabpfn,45211,13,16384,16384,3,6,ok,,4.757359785959125,4.378760159946978,0.7390097379684448
46910,bank-marketing,hybrid_8l,45211,13,16384,16384,3,6,ok,,2.0372112030163407,1.6639417130500078,0.6448752284049988
46910,bank-marketing,hydra_small,45211,13,16384,16384,3,6,ok,,4.594076213426888,4.214266384020448,0.7065059542655945
46910,bank-marketing,hydra,45211,13,16384,16384,3,6,ok,,1.22065613232553,0.7637519780546427,0.48439979553222656
46910,bank-marketing,hydra_small,45211,13,16384,16384,3,7,ok,,4.599856813438237,4.215678158216178,0.7065059542655945
46910,bank-marketing,hybrid_8l,45211,13,16384,16384,3,7,ok,,2.040036273188889,1.6646015709266067,0.6448752284049988
46910,bank-marketing,hydra,45211,13,16384,16384,3,7,ok,,1.1404570899903774,0.7651120871305466,0.48439979553222656
46910,bank-marketing,tabpfn,45211,13,16384,16384,3,7,ok,,4.647844712249935,4.186778232455254,0.7390097379684448
46910,bank-marketing,tabpfn,45211,13,16384,16384,3,8,ok,,4.567484890110791,4.186736951582134,0.7390097379684448
46910,bank-marketing,hydra,45211,13,16384,16384,3,8,ok,,1.2236502915620804,0.7617092132568359,0.48439979553222656
46910,bank-marketing,hydra_small,45211,13,16384,16384,3,8,ok,,4.608315627090633,4.224297100678086,0.7065059542655945
46910,bank-marketing,hybrid_8l,45211,13,16384,16384,3,8,ok,,2.0924929082393646,1.6653217654675245,0.6448752284049988
46910,bank-marketing,hydra_small,45211,13,16384,16384,3,9,ok,,4.59637013822794,4.214598458260298,0.7065059542655945
46910,bank-marketing,hydra,45211,13,16384,16384,3,9,ok,,1.146705636754632,0.7646623123437166,0.48439979553222656
46910,bank-marketing,tabpfn,45211,13,16384,16384,3,9,ok,,4.607536671683192,4.185017890296876,0.7390097379684448
46910,bank-marketing,hybrid_8l,45211,13,16384,16384,3,9,ok,,2.040948965586722,1.6621866635978222,0.6448752284049988
46910,bank-marketing,hybrid_8l,45211,13,16384,16384,3,10,ok,,2.0932721346616745,1.6620584418997169,0.6448752284049988
46910,bank-marketing,tabpfn,45211,13,16384,16384,3,10,ok,,4.569009049795568,4.1870593605563045,0.7390097379684448
46910,bank-marketing,hydra,45211,13,16384,16384,3,10,ok,,1.1901462050154805,0.7639742810279131,0.48439979553222656
46910,bank-marketing,hydra_small,45211,13,16384,16384,3,10,ok,,4.598105137236416,4.213842163793743,0.7065059542655945
46910,bank-marketing,hydra,45211,13,16384,16384,3,11,ok,,1.1376912975683808,0.7645457647740841,0.48439979553222656
46910,bank-marketing,tabpfn,45211,13,16384,16384,3,11,ok,,4.563037253916264,4.186481803655624,0.7390097379684448
46910,bank-marketing,hybrid_8l,45211,13,16384,16384,3,11,ok,,2.040648159570992,1.665190326049924,0.6448752284049988
46910,bank-marketing,hydra_small,45211,13,16384,16384,3,11,ok,,4.597595990635455,4.215559494681656,0.7065059542655945
46910,bank-marketing,hybrid_8l,45211,13,16384,16384,3,12,ok,,2.0427841497585177,1.6648053200915456,0.6448752284049988
46910,bank-marketing,hydra_small,45211,13,16384,16384,3,12,ok,,4.596484686248004,4.215836509130895,0.7065059542655945
46910,bank-marketing,tabpfn,45211,13,16384,16384,3,12,ok,,4.779010233469307,4.185559279285371,0.7390097379684448
46910,bank-marketing,hydra,45211,13,16384,16384,3,12,ok,,1.15152816940099,0.765363841317594,0.48439979553222656
46910,bank-marketing,hydra,45211,13,16384,16384,3,13,ok,,1.1500810170546174,0.7661592271178961,0.48439979553222656
46910,bank-marketing,tabpfn,45211,13,16384,16384,3,13,ok,,4.5616155583411455,4.184562780894339,0.7390097379684448
46910,bank-marketing,hydra_small,45211,13,16384,16384,3,13,ok,,4.593663283623755,4.215217577293515,0.7065059542655945
46910,bank-marketing,hybrid_8l,45211,13,16384,16384,3,13,ok,,2.043167369440198,1.6643473329022527,0.6448752284049988
46910,bank-marketing,tabpfn,45211,13,16384,16384,3,14,ok,,4.5836419789120555,4.1862455336377025,0.7390097379684448
46910,bank-marketing,hybrid_8l,45211,13,16384,16384,3,14,ok,,2.040527092292905,1.6646475363522768,0.6448752284049988
46910,bank-marketing,hydra,45211,13,16384,16384,3,14,ok,,1.1476391879841685,0.7624324830248952,0.48439979553222656
46910,bank-marketing,hydra_small,45211,13,16384,16384,3,14,ok,,4.59784871339798,4.213541981764138,0.7065059542655945
46910,bank-marketing,hybrid_8l,45211,13,16384,16384,3,15,ok,,2.036792892962694,1.6641972968354821,0.6448752284049988
46910,bank-marketing,hydra,45211,13,16384,16384,3,15,ok,,1.138162087649107,0.7598113296553493,0.48439979553222656
46910,bank-marketing,tabpfn,45211,13,16384,16384,3,15,ok,,4.565231976099312,4.186425692401826,0.7390097379684448
46910,bank-marketing,hydra_small,45211,13,16384,16384,3,15,ok,,4.606384781189263,4.2126980582252145,0.7065059542655945
46910,bank-marketing,hydra_small,45211,13,16384,16384,4,1,ok,,4.591730906628072,4.211897687986493,0.6984800100326538
46910,bank-marketing,tabpfn,45211,13,16384,16384,4,1,ok,,4.564552266150713,4.1866060718894005,0.7389218211174011
46910,bank-marketing,hydra,45211,13,16384,16384,4,1,ok,,1.1560765923932195,0.761603457853198,0.49667656421661377
46910,bank-marketing,hybrid_8l,45211,13,16384,16384,4,1,ok,,2.03718623239547,1.6617401828989387,0.6477334499359131
46910,bank-marketing,hybrid_8l,45211,13,16384,16384,4,2,ok,,2.0432477556169033,1.6640359424054623,0.6477334499359131
46910,bank-marketing,hydra,45211,13,16384,16384,4,2,ok,,1.14751042611897,0.7612291714176536,0.49667656421661377
46910,bank-marketing,tabpfn,45211,13,16384,16384,4,2,ok,,4.560536231845617,4.185063070617616,0.7389218211174011
46910,bank-marketing,hydra_small,45211,13,16384,16384,4,2,ok,,4.596847595646977,4.215147098526359,0.6984800100326538
46910,bank-marketing,hydra,45211,13,16384,16384,4,3,ok,,1.1384620079770684,0.7638170663267374,0.49667656421661377
46910,bank-marketing,tabpfn,45211,13,16384,16384,4,3,ok,,4.561971693299711,4.184911175630987,0.7389218211174011
46910,bank-marketing,hydra_small,45211,13,16384,16384,4,3,ok,,4.5891134068369865,4.211931098252535,0.6984800100326538
46910,bank-marketing,hybrid_8l,45211,13,16384,16384,4,3,ok,,2.056798979640007,1.6639345521107316,0.6477334499359131
46910,bank-marketing,hydra_small,45211,13,16384,16384,4,4,ok,,4.608956806361675,4.216437041759491,0.6984800100326538
46910,bank-marketing,hydra,45211,13,16384,16384,4,4,ok,,1.1425923882052302,0.7642036713659763,0.49667656421661377
46910,bank-marketing,hybrid_8l,45211,13,16384,16384,4,4,ok,,2.0432220846414566,1.6640061009675264,0.6477334499359131
46910,bank-marketing,tabpfn,45211,13,16384,16384,4,4,ok,,4.565459235571325,4.188037850894034,0.7389218211174011
46910,bank-marketing,hydra_small,45211,13,16384,16384,4,5,ok,,4.590411710552871,4.21449795179069,0.6984800100326538
46910,bank-marketing,hybrid_8l,45211,13,16384,16384,4,5,ok,,2.0462862458080053,1.6642519403249025,0.6477334499359131
46910,bank-marketing,tabpfn,45211,13,16384,16384,4,5,ok,,4.567499433644116,4.188849231228232,0.7389218211174011
46910,bank-marketing,hydra,45211,13,16384,16384,4,5,ok,,1.1394482171162963,0.763212326914072,0.49667656421661377
46910,bank-marketing,hybrid_8l,45211,13,16384,16384,4,6,ok,,2.038387095555663,1.6647706786170602,0.6477334499359131
46910,bank-marketing,tabpfn,45211,13,16384,16384,4,6,ok,,4.558080419898033,4.1857043011114,0.7389218211174011
46910,bank-marketing,hydra,45211,13,16384,16384,4,6,ok,,1.1364757474511862,0.7620596345514059,0.49667656421661377
46910,bank-marketing,hydra_small,45211,13,16384,16384,4,6,ok,,4.595919798128307,4.214737156406045,0.6984800100326538
46910,bank-marketing,tabpfn,45211,13,16384,16384,4,7,ok,,4.559462348930538,4.185641483403742,0.7389218211174011
46910,bank-marketing,hydra,45211,13,16384,16384,4,7,ok,,1.1390111651271582,0.7651148336008191,0.49667656421661377
46910,bank-marketing,hydra_small,45211,13,16384,16384,4,7,ok,,4.601421202532947,4.215015125460923,0.6984800100326538
46910,bank-marketing,hybrid_8l,45211,13,16384,16384,4,7,ok,,2.039434992708266,1.6641133725643158,0.6477334499359131
46910,bank-marketing,tabpfn,45211,13,16384,16384,4,8,ok,,4.579073845408857,4.185655522160232,0.7389218211174011
46910,bank-marketing,hydra_small,45211,13,16384,16384,4,8,ok,,4.592512058094144,4.21709294244647,0.6984800100326538
46910,bank-marketing,hydra,45211,13,16384,16384,4,8,ok,,1.1333804028108716,0.7611258821561933,0.49667656421661377
46910,bank-marketing,hybrid_8l,45211,13,16384,16384,4,8,ok,,2.0394661175087094,1.6647084644064307,0.6477334499359131
46910,bank-marketing,hydra_small,45211,13,16384,16384,4,9,ok,,4.593701329082251,4.216043051332235,0.6984800100326538
46910,bank-marketing,tabpfn,45211,13,16384,16384,4,9,ok,,4.56253120675683,4.185303062200546,0.7389218211174011
46910,bank-marketing,hydra,45211,13,16384,16384,4,9,ok,,1.144221062771976,0.7642821231856942,0.49667656421661377
46910,bank-marketing,hybrid_8l,45211,13,16384,16384,4,9,ok,,2.0349580636247993,1.6641618143767118,0.6477334499359131
46910,bank-marketing,hydra,45211,13,16384,16384,4,10,ok,,1.136815994977951,0.7649768497794867,0.49667656421661377
46910,bank-marketing,hybrid_8l,45211,13,16384,16384,4,10,ok,,2.04253660235554,1.6651881486177444,0.6477334499359131
46910,bank-marketing,hydra_small,45211,13,16384,16384,4,10,ok,,4.6346482979133725,4.2597667863592505,0.6984800100326538
46910,bank-marketing,tabpfn,45211,13,16384,16384,4,10,ok,,4.56019021756947,4.185786742717028,0.7389218211174011
46910,bank-marketing,tabpfn,45211,13,16384,16384,4,11,ok,,4.564825783483684,4.191756006330252,0.7389218211174011
46910,bank-marketing,hydra,45211,13,16384,16384,4,11,ok,,1.1324430452659726,0.760370334610343,0.49667656421661377
46910,bank-marketing,hydra_small,45211,13,16384,16384,4,11,ok,,4.594291130080819,4.210408837534487,0.6984800100326538
46910,bank-marketing,hybrid_8l,45211,13,16384,16384,4,11,ok,,2.035085044801235,1.664300394244492,0.6477334499359131
46910,bank-marketing,tabpfn,45211,13,16384,16384,4,12,ok,,4.55876896250993,4.1859591864049435,0.7389218211174011
46910,bank-marketing,hydra,45211,13,16384,16384,4,12,ok,,1.1348585849627852,0.7616126211360097,0.49667656421661377
46910,bank-marketing,hydra_small,45211,13,16384,16384,4,12,ok,,4.592403377406299,4.214908784255385,0.6984800100326538
46910,bank-marketing,hybrid_8l,45211,13,16384,16384,4,12,ok,,2.037288434803486,1.6644692486152053,0.6477334499359131
46910,bank-marketing,tabpfn,45211,13,16384,16384,4,13,ok,,4.560512146912515,4.187439591623843,0.7389218211174011
46910,bank-marketing,hybrid_8l,45211,13,16384,16384,4,13,ok,,2.0357164600864053,1.665208944119513,0.6477334499359131
46910,bank-marketing,hydra,45211,13,16384,16384,4,13,ok,,1.1404873514547944,0.7654401548206806,0.49667656421661377
46910,bank-marketing,hydra_small,45211,13,16384,16384,4,13,ok,,4.589758579619229,4.212842212058604,0.6984800100326538
46910,bank-marketing,tabpfn,45211,13,16384,16384,4,14,ok,,4.5608711102977395,4.1878902073949575,0.7389218211174011
46910,bank-marketing,hybrid_8l,45211,13,16384,16384,4,14,ok,,2.0389904472976923,1.6664723316207528,0.6477334499359131
46910,bank-marketing,hydra,45211,13,16384,16384,4,14,ok,,1.1365708047524095,0.7642759503796697,0.49667656421661377
46910,bank-marketing,hydra_small,45211,13,16384,16384,4,14,ok,,4.5915288757532835,4.211840545758605,0.6984800100326538
46910,bank-marketing,tabpfn,45211,13,16384,16384,4,15,ok,,4.559005707502365,4.1856297347694635,0.7389218211174011
46910,bank-marketing,hybrid_8l,45211,13,16384,16384,4,15,ok,,2.03978228289634,1.6656812774017453,0.6477334499359131
46910,bank-marketing,hydra,45211,13,16384,16384,4,15,ok,,1.1354347653687,0.7624288136139512,0.49667656421661377
46910,bank-marketing,hydra_small,45211,13,16384,16384,4,15,ok,,4.676451166160405,4.300016638822854,0.6984800100326538
46910,bank-marketing,hydra,45211,13,16384,16384,5,1,ok,,1.1264057820662856,0.7619058452546597,0.5024735927581787
46910,bank-marketing,tabpfn,45211,13,16384,16384,5,1,ok,,4.54778902977705,4.18473865929991,0.7352019548416138
46910,bank-marketing,hydra_small,45211,13,16384,16384,5,1,ok,,4.57826180383563,4.213409397751093,0.6999714374542236
46910,bank-marketing,hybrid_8l,45211,13,16384,16384,5,1,ok,,2.035799684934318,1.6638214085251093,0.6556112170219421
46910,bank-marketing,tabpfn,45211,13,16384,16384,5,2,ok,,4.559826775453985,4.191540324129164,0.7352019548416138
46910,bank-marketing,hydra_small,45211,13,16384,16384,5,2,ok,,4.579598154872656,4.213487504981458,0.6999714374542236
46910,bank-marketing,hydra,45211,13,16384,16384,5,2,ok,,1.1264559524133801,0.7639060262590647,0.5024735927581787
46910,bank-marketing,hybrid_8l,45211,13,16384,16384,5,2,ok,,2.033441973850131,1.6656069355085492,0.6556112170219421
46910,bank-marketing,hydra_small,45211,13,16384,16384,5,3,ok,,4.610916772857308,4.2147179916501045,0.6999714374542236
46910,bank-marketing,tabpfn,45211,13,16384,16384,5,3,ok,,4.567645682953298,4.184172377921641,0.7352019548416138
46910,bank-marketing,hydra,45211,13,16384,16384,5,3,ok,,1.12458479963243,0.7618144759908319,0.5024735927581787
46910,bank-marketing,hybrid_8l,45211,13,16384,16384,5,3,ok,,2.0278204092755914,1.6635157195851207,0.6556112170219421
46910,bank-marketing,hybrid_8l,45211,13,16384,16384,5,4,ok,,2.049453512765467,1.6637549735605717,0.6556112170219421
46910,bank-marketing,hydra_small,45211,13,16384,16384,5,4,ok,,4.634190405718982,4.210583341307938,0.6999714374542236
46910,bank-marketing,tabpfn,45211,13,16384,16384,5,4,ok,,4.589622548781335,4.186664622277021,0.7352019548416138
46910,bank-marketing,hydra,45211,13,16384,16384,5,4,ok,,1.133128508925438,0.7682316042482853,0.5024735927581787
46910,bank-marketing,hybrid_8l,45211,13,16384,16384,5,5,ok,,2.033724249340594,1.6654083980247378,0.6556112170219421
46910,bank-marketing,hydra,45211,13,16384,16384,5,5,ok,,1.127713200636208,0.7644620938226581,0.5024735927581787
46910,bank-marketing,hydra_small,45211,13,16384,16384,5,5,ok,,4.578827244229615,4.214150418527424,0.6999714374542236
46910,bank-marketing,tabpfn,45211,13,16384,16384,5,5,ok,,4.547298450022936,4.187023782171309,0.7352019548416138
46910,bank-marketing,hybrid_8l,45211,13,16384,16384,5,6,ok,,2.028490119613707,1.666208359412849,0.6556112170219421
46910,bank-marketing,hydra,45211,13,16384,16384,5,6,ok,,1.1280291303992271,0.7655540844425559,0.5024735927581787
46910,bank-marketing,tabpfn,45211,13,16384,16384,5,6,ok,,4.565628773532808,4.184642978012562,0.7352019548416138
46910,bank-marketing,hydra_small,45211,13,16384,16384,5,6,ok,,4.576310962438583,4.212532346136868,0.6999714374542236
46910,bank-marketing,hydra_small,45211,13,16384,16384,5,7,ok,,4.573971584439278,4.208872767165303,0.6999714374542236
46910,bank-marketing,hydra,45211,13,16384,16384,5,7,ok,,1.1276498064398766,0.7622963348403573,0.5024735927581787
46910,bank-marketing,hybrid_8l,45211,13,16384,16384,5,7,ok,,2.0238440027460456,1.6614982895553112,0.6556112170219421
46910,bank-marketing,tabpfn,45211,13,16384,16384,5,7,ok,,4.550777019932866,4.18701243866235,0.7352019548416138
46910,bank-marketing,hydra_small,45211,13,16384,16384,5,8,ok,,4.5781383672729135,4.214545933529735,0.6999714374542236
46910,bank-marketing,hydra,45211,13,16384,16384,5,8,ok,,1.1231945874169469,0.7626863457262516,0.5024735927581787
46910,bank-marketing,hybrid_8l,45211,13,16384,16384,5,8,ok,,2.0271550295874476,1.663797109387815,0.6556112170219421
46910,bank-marketing,tabpfn,45211,13,16384,16384,5,8,ok,,4.5442100474610925,4.18369553424418,0.7352019548416138
46910,bank-marketing,tabpfn,45211,13,16384,16384,5,9,ok,,4.554655199870467,4.18993310444057,0.7352019548416138
46910,bank-marketing,hydra_small,45211,13,16384,16384,5,9,ok,,4.581788235343993,4.21317330468446,0.6999714374542236
46910,bank-marketing,hybrid_8l,45211,13,16384,16384,5,9,ok,,2.028983909636736,1.6630883598700166,0.6556112170219421
46910,bank-marketing,hydra,45211,13,16384,16384,5,9,ok,,1.133776026777923,0.7613689219579101,0.5024735927581787
46910,bank-marketing,tabpfn,45211,13,16384,16384,5,10,ok,,4.553426901809871,4.18575716111809,0.7352019548416138
46910,bank-marketing,hydra_small,45211,13,16384,16384,5,10,ok,,4.5807729521766305,4.213667230680585,0.6999714374542236
46910,bank-marketing,hybrid_8l,45211,13,16384,16384,5,10,ok,,2.0290964478626847,1.6644410453736782,0.6556112170219421
46910,bank-marketing,hydra,45211,13,16384,16384,5,10,ok,,1.1298795379698277,0.7644126592203975,0.5024735927581787
46910,bank-marketing,hydra,45211,13,16384,16384,5,11,ok,,1.127837679348886,0.7642928939312696,0.5024735927581787
46910,bank-marketing,hybrid_8l,45211,13,16384,16384,5,11,ok,,2.027570467442274,1.6664430014789104,0.6556112170219421
46910,bank-marketing,tabpfn,45211,13,16384,16384,5,11,ok,,4.5517129972577095,4.187503489665687,0.7352019548416138
46910,bank-marketing,hydra_small,45211,13,16384,16384,5,11,ok,,4.5823669619858265,4.215247663669288,0.6999714374542236
46910,bank-marketing,hydra_small,45211,13,16384,16384,5,12,ok,,4.58759702462703,4.21185352653265,0.6999714374542236
46910,bank-marketing,tabpfn,45211,13,16384,16384,5,12,ok,,4.644206150434911,4.187774944119155,0.7352019548416138
46910,bank-marketing,hydra,45211,13,16384,16384,5,12,ok,,1.1281109312549233,0.7669805670157075,0.5024735927581787
46910,bank-marketing,hybrid_8l,45211,13,16384,16384,5,12,ok,,2.02904209215194,1.664928455837071,0.6556112170219421
46910,bank-marketing,hybrid_8l,45211,13,16384,16384,5,13,ok,,2.0337514840066433,1.6693334514275193,0.6556112170219421
46910,bank-marketing,hydra_small,45211,13,16384,16384,5,13,ok,,4.582129226066172,4.215066962875426,0.6999714374542236
46910,bank-marketing,hydra,45211,13,16384,16384,5,13,ok,,1.1402864083647728,0.7646778356283903,0.5024735927581787
46910,bank-marketing,tabpfn,45211,13,16384,16384,5,13,ok,,4.593505691736937,4.187200245447457,0.7352019548416138
46910,bank-marketing,hybrid_8l,45211,13,16384,16384,5,14,ok,,2.0295878797769547,1.6652688346803188,0.6556112170219421
46910,bank-marketing,hydra,45211,13,16384,16384,5,14,ok,,1.1301392167806625,0.7647210089489818,0.5024735927581787
46910,bank-marketing,hydra_small,45211,13,16384,16384,5,14,ok,,4.589967132546008,4.219931688159704,0.6999714374542236
46910,bank-marketing,tabpfn,45211,13,16384,16384,5,14,ok,,4.675544719211757,4.188384755514562,0.7352019548416138
46910,bank-marketing,tabpfn,45211,13,16384,16384,5,15,ok,,4.5524286748841405,4.185921281576157,0.7352019548416138
46910,bank-marketing,hydra_small,45211,13,16384,16384,5,15,ok,,4.589456655085087,4.2182759596034884,0.6999714374542236
46910,bank-marketing,hybrid_8l,45211,13,16384,16384,5,15,ok,,2.028876238502562,1.665791930630803,0.6556112170219421
46910,bank-marketing,hydra,45211,13,16384,16384,5,15,ok,,1.1426199851557612,0.7666219417005777,0.5024735927581787
46920,customer_satisfaction_in_airline,tabpfn,129487,21,16384,16384,1,1,ok,,4.804568900726736,4.187924315221608,0.9818019866943359
46920,customer_satisfaction_in_airline,hydra,129487,21,16384,16384,1,1,ok,,1.3831359334290028,0.7638746276497841,0.79240882396698
46920,customer_satisfaction_in_airline,hybrid_8l,129487,21,16384,16384,1,1,ok,,2.2855664091184735,1.6648270450532436,0.9063288569450378
46920,customer_satisfaction_in_airline,hydra_small,129487,21,16384,16384,1,1,ok,,4.832694659940898,4.2147708889096975,0.9476882219314575
46920,customer_satisfaction_in_airline,hydra_small,129487,21,16384,16384,1,2,ok,,4.8347708666697145,4.215396257117391,0.9476882219314575
46920,customer_satisfaction_in_airline,hybrid_8l,129487,21,16384,16384,1,2,ok,,2.277809708379209,1.663880224339664,0.9063288569450378
46920,customer_satisfaction_in_airline,tabpfn,129487,21,16384,16384,1,2,ok,,4.801064715720713,4.185868943110108,0.9818019866943359
46920,customer_satisfaction_in_airline,hydra,129487,21,16384,16384,1,2,ok,,1.3781982120126486,0.7638047682121396,0.79240882396698
46920,customer_satisfaction_in_airline,tabpfn,129487,21,16384,16384,1,3,ok,,4.803006027825177,4.185137870721519,0.9818019866943359
46920,customer_satisfaction_in_airline,hydra,129487,21,16384,16384,1,3,ok,,1.3846363201737404,0.7652228949591517,0.79240882396698
46920,customer_satisfaction_in_airline,hybrid_8l,129487,21,16384,16384,1,3,ok,,2.282006423920393,1.662877538241446,0.9063288569450378
46920,customer_satisfaction_in_airline,hydra_small,129487,21,16384,16384,1,3,ok,,4.843880509026349,4.214241472072899,0.9476882219314575
46920,customer_satisfaction_in_airline,hydra,129487,21,16384,16384,1,4,ok,,1.3845954649150372,0.7655895808711648,0.79240882396698
46920,customer_satisfaction_in_airline,hydra_small,129487,21,16384,16384,1,4,ok,,4.834689700044692,4.214970235712826,0.9476882219314575
46920,customer_satisfaction_in_airline,hybrid_8l,129487,21,16384,16384,1,4,ok,,2.2879675310105085,1.666624409146607,0.9063288569450378
46920,customer_satisfaction_in_airline,tabpfn,129487,21,16384,16384,1,4,ok,,4.803589056245983,4.184857371263206,0.9818019866943359
46920,customer_satisfaction_in_airline,hybrid_8l,129487,21,16384,16384,1,5,ok,,2.284718457609415,1.6657206378877163,0.9063288569450378
46920,customer_satisfaction_in_airline,hydra,129487,21,16384,16384,1,5,ok,,1.3819688213989139,0.7641788506880403,0.79240882396698
46920,customer_satisfaction_in_airline,hydra_small,129487,21,16384,16384,1,5,ok,,4.837355330586433,4.215884815901518,0.9476882219314575
46920,customer_satisfaction_in_airline,tabpfn,129487,21,16384,16384,1,5,ok,,4.80467233620584,4.186237444169819,0.9818019866943359
46920,customer_satisfaction_in_airline,hydra_small,129487,21,16384,16384,1,6,ok,,4.834018223918974,4.214705176651478,0.9476882219314575
46920,customer_satisfaction_in_airline,hydra,129487,21,16384,16384,1,6,ok,,1.4566891994327307,0.7639228366315365,0.79240882396698
46920,customer_satisfaction_in_airline,tabpfn,129487,21,16384,16384,1,6,ok,,4.804218833334744,4.186427569016814,0.9818019866943359
46920,customer_satisfaction_in_airline,hybrid_8l,129487,21,16384,16384,1,6,ok,,2.290329254232347,1.667225694283843,0.9063288569450378
46920,customer_satisfaction_in_airline,hydra_small,129487,21,16384,16384,1,7,ok,,4.831688177771866,4.216474355198443,0.9476882219314575
46920,customer_satisfaction_in_airline,hybrid_8l,129487,21,16384,16384,1,7,ok,,2.282308742403984,1.6653440715745091,0.9063288569450378
46920,customer_satisfaction_in_airline,tabpfn,129487,21,16384,16384,1,7,ok,,4.802260150201619,4.186590215191245,0.9818019866943359
46920,customer_satisfaction_in_airline,hydra,129487,21,16384,16384,1,7,ok,,1.382338878698647,0.7650944478809834,0.79240882396698
46920,customer_satisfaction_in_airline,tabpfn,129487,21,16384,16384,1,8,ok,,4.807094715535641,4.186473906971514,0.9818019866943359
46920,customer_satisfaction_in_airline,hydra,129487,21,16384,16384,1,8,ok,,1.381627380847931,0.7637455929070711,0.79240882396698
46920,customer_satisfaction_in_airline,hydra_small,129487,21,16384,16384,1,8,ok,,4.834506489336491,4.214866197668016,0.9476882219314575
46920,customer_satisfaction_in_airline,hybrid_8l,129487,21,16384,16384,1,8,ok,,2.2794034723192453,1.6633255016058683,0.9063288569450378
46920,customer_satisfaction_in_airline,hybrid_8l,129487,21,16384,16384,1,9,ok,,2.2877962524071336,1.6623621759936213,0.9063288569450378
46920,customer_satisfaction_in_airline,hydra_small,129487,21,16384,16384,1,9,ok,,4.835404874756932,4.214715918526053,0.9476882219314575
46920,customer_satisfaction_in_airline,hydra,129487,21,16384,16384,1,9,ok,,1.3854374224320054,0.7621567938476801,0.79240882396698
46920,customer_satisfaction_in_airline,tabpfn,129487,21,16384,16384,1,9,ok,,4.837028324604034,4.187078381888568,0.9818019866943359
46920,customer_satisfaction_in_airline,hydra_small,129487,21,16384,16384,1,10,ok,,4.871096108108759,4.212600776925683,0.9476882219314575
46920,customer_satisfaction_in_airline,tabpfn,129487,21,16384,16384,1,10,ok,,4.800227471627295,4.183826746419072,0.9818019866943359
46920,customer_satisfaction_in_airline,hydra,129487,21,16384,16384,1,10,ok,,1.3857334656640887,0.7646573828533292,0.79240882396698
46920,customer_satisfaction_in_airline,hybrid_8l,129487,21,16384,16384,1,10,ok,,2.285054735839367,1.6653613029047847,0.9063288569450378
46920,customer_satisfaction_in_airline,hydra_small,129487,21,16384,16384,1,11,ok,,4.8846314968541265,4.213169750757515,0.9476882219314575
46920,customer_satisfaction_in_airline,hydra,129487,21,16384,16384,1,11,ok,,1.3837381461635232,0.7656521880999207,0.79240882396698
46920,customer_satisfaction_in_airline,tabpfn,129487,21,16384,16384,1,11,ok,,4.807519474066794,4.186166096478701,0.9818019866943359
46920,customer_satisfaction_in_airline,hybrid_8l,129487,21,16384,16384,1,11,ok,,2.2855557277798653,1.6645309319719672,0.9063288569450378
46920,customer_satisfaction_in_airline,hydra,129487,21,16384,16384,1,12,ok,,1.3835628358647227,0.7661795280873775,0.79240882396698
46920,customer_satisfaction_in_airline,hydra_small,129487,21,16384,16384,1,12,ok,,4.836052903905511,4.214350112713873,0.9476882219314575
46920,customer_satisfaction_in_airline,hybrid_8l,129487,21,16384,16384,1,12,ok,,2.282313217408955,1.664595645852387,0.9063288569450378
46920,customer_satisfaction_in_airline,tabpfn,129487,21,16384,16384,1,12,ok,,4.805863204412162,4.18576112575829,0.9818019866943359
46920,customer_satisfaction_in_airline,hydra_small,129487,21,16384,16384,1,13,ok,,4.8373657669872046,4.217597581446171,0.9476882219314575
46920,customer_satisfaction_in_airline,hydra,129487,21,16384,16384,1,13,ok,,1.3831014344468713,0.7652903143316507,0.79240882396698
46920,customer_satisfaction_in_airline,tabpfn,129487,21,16384,16384,1,13,ok,,4.8123017270118,4.186912490986288,0.9818019866943359
46920,customer_satisfaction_in_airline,hybrid_8l,129487,21,16384,16384,1,13,ok,,2.3209373047575355,1.665912444703281,0.9063288569450378
46920,customer_satisfaction_in_airline,hybrid_8l,129487,21,16384,16384,1,14,ok,,2.2793019181117415,1.666984104551375,0.9063288569450378
46920,customer_satisfaction_in_airline,hydra_small,129487,21,16384,16384,1,14,ok,,4.8411670261994,4.216808723285794,0.9476882219314575
46920,customer_satisfaction_in_airline,tabpfn,129487,21,16384,16384,1,14,ok,,4.802570489235222,4.187002267688513,0.9818019866943359
46920,customer_satisfaction_in_airline,hydra,129487,21,16384,16384,1,14,ok,,1.3806068310514092,0.7652997244149446,0.79240882396698
46920,customer_satisfaction_in_airline,tabpfn,129487,21,16384,16384,1,15,ok,,4.803519028238952,4.186429604887962,0.9818019866943359
46920,customer_satisfaction_in_airline,hydra_small,129487,21,16384,16384,1,15,ok,,4.866782803088427,4.214583835564554,0.9476882219314575
46920,customer_satisfaction_in_airline,hybrid_8l,129487,21,16384,16384,1,15,ok,,2.280672679655254,1.6646789107471704,0.9063288569450378
46920,customer_satisfaction_in_airline,hydra,129487,21,16384,16384,1,15,ok,,1.3857328640297055,0.7660459792241454,0.79240882396698
46920,customer_satisfaction_in_airline,tabpfn,129487,21,16384,16384,2,1,ok,,4.807530513033271,4.185115460306406,0.9831897020339966
46920,customer_satisfaction_in_airline,hydra,129487,21,16384,16384,2,1,ok,,1.418629757128656,0.7646208200603724,0.818716824054718
46920,customer_satisfaction_in_airline,hybrid_8l,129487,21,16384,16384,2,1,ok,,2.2918476928025484,1.6664840932935476,0.9052249193191528
46920,customer_satisfaction_in_airline,hydra_small,129487,21,16384,16384,2,1,ok,,4.845176408067346,4.21476049721241,0.9472197890281677
46920,customer_satisfaction_in_airline,hydra,129487,21,16384,16384,2,2,ok,,1.6974111758172512,0.7657282175496221,0.818716824054718
46920,customer_satisfaction_in_airline,hybrid_8l,129487,21,16384,16384,2,2,ok,,2.2841768814250827,1.6635119644924998,0.9052249193191528
46920,customer_satisfaction_in_airline,tabpfn,129487,21,16384,16384,2,2,ok,,4.899599585682154,4.188200953416526,0.9831897020339966
46920,customer_satisfaction_in_airline,hydra_small,129487,21,16384,16384,2,2,ok,,4.922130120918155,4.213032848201692,0.9472197890281677
46920,customer_satisfaction_in_airline,tabpfn,129487,21,16384,16384,2,3,ok,,4.816480040550232,4.190569514408708,0.9831897020339966
46920,customer_satisfaction_in_airline,hybrid_8l,129487,21,16384,16384,2,3,ok,,2.292794390581548,1.669175986200571,0.9052249193191528
46920,customer_satisfaction_in_airline,hydra,129487,21,16384,16384,2,3,ok,,1.3892524763941765,0.7666232362389565,0.818716824054718
46920,customer_satisfaction_in_airline,hydra_small,129487,21,16384,16384,2,3,ok,,4.837077206000686,4.2133715050294995,0.9472197890281677
46920,customer_satisfaction_in_airline,tabpfn,129487,21,16384,16384,2,4,ok,,4.813750796020031,4.187316495925188,0.9831897020339966
46920,customer_satisfaction_in_airline,hydra_small,129487,21,16384,16384,2,4,ok,,4.847427608445287,4.216157296672463,0.9472197890281677
46920,customer_satisfaction_in_airline,hydra,129487,21,16384,16384,2,4,ok,,1.3838781174272299,0.7653796896338463,0.818716824054718
46920,customer_satisfaction_in_airline,hybrid_8l,129487,21,16384,16384,2,4,ok,,2.282664163969457,1.6635970007628202,0.9052249193191528
46920,customer_satisfaction_in_airline,hydra,129487,21,16384,16384,2,5,ok,,1.3839006703346968,0.7664180379360914,0.818716824054718
46920,customer_satisfaction_in_airline,tabpfn,129487,21,16384,16384,2,5,ok,,4.804560370743275,4.188121506944299,0.9831897020339966
46920,customer_satisfaction_in_airline,hydra_small,129487,21,16384,16384,2,5,ok,,4.840912822633982,4.214630080386996,0.9472197890281677
46920,customer_satisfaction_in_airline,hybrid_8l,129487,21,16384,16384,2,5,ok,,2.281488819979131,1.664354918524623,0.9052249193191528
46920,customer_satisfaction_in_airline,hydra_small,129487,21,16384,16384,2,6,ok,,4.835290414281189,4.215827038511634,0.9472197890281677
46920,customer_satisfaction_in_airline,hydra,129487,21,16384,16384,2,6,ok,,1.3827120494097471,0.7673964435234666,0.818716824054718
46920,customer_satisfaction_in_airline,tabpfn,129487,21,16384,16384,2,6,ok,,4.808413799852133,4.192363258451223,0.9831897020339966
46920,customer_satisfaction_in_airline,hybrid_8l,129487,21,16384,16384,2,6,ok,,2.281367301940918,1.6651624087244272,0.9052249193191528
46920,customer_satisfaction_in_airline,hydra,129487,21,16384,16384,2,7,ok,,1.3841558154672384,0.7651832504197955,0.818716824054718
46920,customer_satisfaction_in_airline,tabpfn,129487,21,16384,16384,2,7,ok,,4.806855750270188,4.18672267626971,0.9831897020339966
46920,customer_satisfaction_in_airline,hybrid_8l,129487,21,16384,16384,2,7,ok,,2.2830023113638163,1.6631213938817382,0.9052249193191528
46920,customer_satisfaction_in_airline,hydra_small,129487,21,16384,16384,2,7,ok,,4.84018565621227,4.2129815854132175,0.9472197890281677
46920,customer_satisfaction_in_airline,hybrid_8l,129487,21,16384,16384,2,8,ok,,2.2850183825939894,1.6668302724137902,0.9052249193191528
46920,customer_satisfaction_in_airline,hydra_small,129487,21,16384,16384,2,8,ok,,4.840620221570134,4.214923137798905,0.9472197890281677
46920,customer_satisfaction_in_airline,hydra,129487,21,16384,16384,2,8,ok,,1.3854752881452441,0.7671691039577127,0.818716824054718
46920,customer_satisfaction_in_airline,tabpfn,129487,21,16384,16384,2,8,ok,,4.803277448751032,4.184852851554751,0.9831897020339966
46920,customer_satisfaction_in_airline,tabpfn,129487,21,16384,16384,2,9,ok,,4.8132071336731315,4.186364275403321,0.9831897020339966
46920,customer_satisfaction_in_airline,hybrid_8l,129487,21,16384,16384,2,9,ok,,2.3027210235595703,1.6661183554679155,0.9052249193191528
46920,customer_satisfaction_in_airline,hydra,129487,21,16384,16384,2,9,ok,,1.383497322909534,0.7656133864074945,0.818716824054718
46920,customer_satisfaction_in_airline,hydra_small,129487,21,16384,16384,2,9,ok,,4.838031005114317,4.2178242690861225,0.9472197890281677
46920,customer_satisfaction_in_airline,hydra,129487,21,16384,16384,2,10,ok,,1.392952425405383,0.7639919864013791,0.818716824054718
46920,customer_satisfaction_in_airline,tabpfn,129487,21,16384,16384,2,10,ok,,4.887008374556899,4.185219121165574,0.9831897020339966
46920,customer_satisfaction_in_airline,hybrid_8l,129487,21,16384,16384,2,10,ok,,2.283818273805082,1.6661023767665029,0.9052249193191528
46920,customer_satisfaction_in_airline,hydra_small,129487,21,16384,16384,2,10,ok,,4.834257249720395,4.214280568994582,0.9472197890281677
46920,customer_satisfaction_in_airline,hydra,129487,21,16384,16384,2,11,ok,,1.3866893015801907,0.7660829080268741,0.818716824054718
46920,customer_satisfaction_in_airline,tabpfn,129487,21,16384,16384,2,11,ok,,4.803438215516508,4.184891032986343,0.9831897020339966
46920,customer_satisfaction_in_airline,hybrid_8l,129487,21,16384,16384,2,11,ok,,2.2884129406884313,1.6656393809244037,0.9052249193191528
46920,customer_satisfaction_in_airline,hydra_small,129487,21,16384,16384,2,11,ok,,4.86856253631413,4.218337930738926,0.9472197890281677
46920,customer_satisfaction_in_airline,tabpfn,129487,21,16384,16384,2,12,ok,,4.808496182784438,4.188836431130767,0.9831897020339966
46920,customer_satisfaction_in_airline,hydra,129487,21,16384,16384,2,12,ok,,1.3827988123521209,0.7646652422845364,0.818716824054718
46920,customer_satisfaction_in_airline,hybrid_8l,129487,21,16384,16384,2,12,ok,,2.2812102176249027,1.6655016308650374,0.9052249193191528
46920,customer_satisfaction_in_airline,hydra_small,129487,21,16384,16384,2,12,ok,,4.839743182994425,4.214977507479489,0.9472197890281677
46920,customer_satisfaction_in_airline,tabpfn,129487,21,16384,16384,2,13,ok,,4.814420942217112,4.188956633210182,0.9831897020339966
46920,customer_satisfaction_in_airline,hydra,129487,21,16384,16384,2,13,ok,,1.384745391085744,0.7636440675705671,0.818716824054718
46920,customer_satisfaction_in_airline,hybrid_8l,129487,21,16384,16384,2,13,ok,,2.2843616902828217,1.664920943789184,0.9052249193191528
46920,customer_satisfaction_in_airline,hydra_small,129487,21,16384,16384,2,13,ok,,4.845195406116545,4.216297381557524,0.9472197890281677
46920,customer_satisfaction_in_airline,tabpfn,129487,21,16384,16384,2,14,ok,,4.813667429611087,4.188747470267117,0.9831897020339966
46920,customer_satisfaction_in_airline,hydra_small,129487,21,16384,16384,2,14,ok,,4.871081450022757,4.2151064882054925,0.9472197890281677
46920,customer_satisfaction_in_airline,hydra,129487,21,16384,16384,2,14,ok,,1.3889690861105919,0.7649456653743982,0.818716824054718
46920,customer_satisfaction_in_airline,hybrid_8l,129487,21,16384,16384,2,14,ok,,2.3393971165642142,1.6661694208160043,0.9052249193191528
46920,customer_satisfaction_in_airline,hybrid_8l,129487,21,16384,16384,2,15,ok,,2.284745952114463,1.664119066670537,0.9052249193191528
46920,customer_satisfaction_in_airline,tabpfn,129487,21,16384,16384,2,15,ok,,4.805202416144311,4.185827913694084,0.9831897020339966
46920,customer_satisfaction_in_airline,hydra,129487,21,16384,16384,2,15,ok,,1.3933889893814921,0.7645522207021713,0.818716824054718
46920,customer_satisfaction_in_airline,hydra_small,129487,21,16384,16384,2,15,ok,,4.849060677923262,4.215454743243754,0.9472197890281677
46920,customer_satisfaction_in_airline,tabpfn,129487,21,16384,16384,3,1,ok,,4.821895795874298,4.187692600302398,0.982693076133728
46920,customer_satisfaction_in_airline,hybrid_8l,129487,21,16384,16384,3,1,ok,,2.3034766791388392,1.668795428238809,0.9123643040657043
46920,customer_satisfaction_in_airline,hydra,129487,21,16384,16384,3,1,ok,,1.400128548964858,0.7654488710686564,0.8207892179489136
46920,customer_satisfaction_in_airline,hydra_small,129487,21,16384,16384,3,1,ok,,4.851406294852495,4.214080603793263,0.946458637714386
46920,customer_satisfaction_in_airline,hydra,129487,21,16384,16384,3,2,ok,,1.3972604861482978,0.7662693550810218,0.8207892179489136
46920,customer_satisfaction_in_airline,tabpfn,129487,21,16384,16384,3,2,ok,,4.8208510195836425,4.187325227074325,0.982693076133728
46920,customer_satisfaction_in_airline,hybrid_8l,129487,21,16384,16384,3,2,ok,,2.29507770948112,1.6637419052422047,0.9123643040657043
46920,customer_satisfaction_in_airline,hydra_small,129487,21,16384,16384,3,2,ok,,4.845890570431948,4.210394152440131,0.946458637714386
46920,customer_satisfaction_in_airline,hybrid_8l,129487,21,16384,16384,3,3,ok,,2.2974433535709977,1.6635778350755572,0.9123643040657043
46920,customer_satisfaction_in_airline,tabpfn,129487,21,16384,16384,3,3,ok,,4.824239213950932,4.190682501532137,0.982693076133728
46920,customer_satisfaction_in_airline,hydra,129487,21,16384,16384,3,3,ok,,1.40007349755615,0.7656570170074701,0.8207892179489136
46920,customer_satisfaction_in_airline,hydra_small,129487,21,16384,16384,3,3,ok,,4.85284352581948,4.218427946791053,0.946458637714386
46920,customer_satisfaction_in_airline,tabpfn,129487,21,16384,16384,3,4,ok,,4.830538691952825,4.188671954907477,0.982693076133728
46920,customer_satisfaction_in_airline,hydra_small,129487,21,16384,16384,3,4,ok,,4.847548899240792,4.211265679448843,0.946458637714386
46920,customer_satisfaction_in_airline,hydra,129487,21,16384,16384,3,4,ok,,1.41083649918437,0.7640772145241499,0.8207892179489136
46920,customer_satisfaction_in_airline,hybrid_8l,129487,21,16384,16384,3,4,ok,,2.2950806794688106,1.6630198899656534,0.9123643040657043
46920,customer_satisfaction_in_airline,hydra_small,129487,21,16384,16384,3,5,ok,,4.850632882677019,4.213108394294977,0.946458637714386
46920,customer_satisfaction_in_airline,tabpfn,129487,21,16384,16384,3,5,ok,,4.820276674814522,4.189148453064263,0.982693076133728
46920,customer_satisfaction_in_airline,hydra,129487,21,16384,16384,3,5,ok,,1.406810193322599,0.765888205729425,0.8207892179489136
46920,customer_satisfaction_in_airline,hybrid_8l,129487,21,16384,16384,3,5,ok,,2.372303670272231,1.6671128561720252,0.9123643040657043
46920,customer_satisfaction_in_airline,hydra_small,129487,21,16384,16384,3,6,ok,,4.869770713150501,4.217538770288229,0.946458637714386
46920,customer_satisfaction_in_airline,hydra,129487,21,16384,16384,3,6,ok,,1.3986290441825986,0.7646602187305689,0.8207892179489136
46920,customer_satisfaction_in_airline,hybrid_8l,129487,21,16384,16384,3,6,ok,,2.2997823618352413,1.667249164544046,0.9123643040657043
46920,customer_satisfaction_in_airline,tabpfn,129487,21,16384,16384,3,6,ok,,4.823362926952541,4.186599839478731,0.982693076133728
46920,customer_satisfaction_in_airline,hydra,129487,21,16384,16384,3,7,ok,,1.4005763130262494,0.76569854747504,0.8207892179489136
46920,customer_satisfaction_in_airline,hydra_small,129487,21,16384,16384,3,7,ok,,4.854842196218669,4.216367453336716,0.946458637714386
46920,customer_satisfaction_in_airline,tabpfn,129487,21,16384,16384,3,7,ok,,4.83221007976681,4.1856995560228825,0.982693076133728
46920,customer_satisfaction_in_airline,hybrid_8l,129487,21,16384,16384,3,7,ok,,2.2997460830956697,1.6663079941645265,0.9123643040657043
46920,customer_satisfaction_in_airline,hydra,129487,21,16384,16384,3,8,ok,,1.40391958784312,0.7640151493251324,0.8207892179489136
46920,customer_satisfaction_in_airline,hybrid_8l,129487,21,16384,16384,3,8,ok,,2.2986560091376305,1.6651062071323395,0.9123643040657043
46920,customer_satisfaction_in_airline,tabpfn,129487,21,16384,16384,3,8,ok,,4.825542140752077,4.192130050621927,0.982693076133728
46920,customer_satisfaction_in_airline,hydra_small,129487,21,16384,16384,3,8,ok,,4.857394586317241,4.216356057673693,0.946458637714386
46920,customer_satisfaction_in_airline,tabpfn,129487,21,16384,16384,3,9,ok,,4.91593636572361,4.190155861899257,0.982693076133728
46920,customer_satisfaction_in_airline,hydra,129487,21,16384,16384,3,9,ok,,1.3970706844702363,0.7664634762331843,0.8207892179489136
46920,customer_satisfaction_in_airline,hybrid_8l,129487,21,16384,16384,3,9,ok,,2.2973589040338993,1.6657562302425504,0.9123643040657043
46920,customer_satisfaction_in_airline,hydra_small,129487,21,16384,16384,3,9,ok,,4.855493367649615,4.216134540736675,0.946458637714386
46920,customer_satisfaction_in_airline,hybrid_8l,129487,21,16384,16384,3,10,ok,,2.2966459840536118,1.6648399448022246,0.9123643040657043
46920,customer_satisfaction_in_airline,tabpfn,129487,21,16384,16384,3,10,ok,,4.825130367651582,4.187970736064017,0.982693076133728
46920,customer_satisfaction_in_airline,hydra_small,129487,21,16384,16384,3,10,ok,,4.849818469956517,4.212865689769387,0.946458637714386
46920,customer_satisfaction_in_airline,hydra,129487,21,16384,16384,3,10,ok,,1.3997851591557264,0.7643972234800458,0.8207892179489136
46920,customer_satisfaction_in_airline,hydra_small,129487,21,16384,16384,3,11,ok,,4.852661938406527,4.210696722380817,0.946458637714386
46920,customer_satisfaction_in_airline,hydra,129487,21,16384,16384,3,11,ok,,1.4161488898098469,0.7636675518006086,0.8207892179489136
46920,customer_satisfaction_in_airline,hybrid_8l,129487,21,16384,16384,3,11,ok,,2.297083063982427,1.6649103201925755,0.9123643040657043
46920,customer_satisfaction_in_airline,tabpfn,129487,21,16384,16384,3,11,ok,,4.819915411993861,4.18697315081954,0.982693076133728
46920,customer_satisfaction_in_airline,tabpfn,129487,21,16384,16384,3,12,ok,,4.823951128870249,4.189615276642144,0.982693076133728
46920,customer_satisfaction_in_airline,hydra,129487,21,16384,16384,3,12,ok,,1.399473650380969,0.7674679923802614,0.8207892179489136
46920,customer_satisfaction_in_airline,hydra_small,129487,21,16384,16384,3,12,ok,,4.85078105982393,4.2152193346992135,0.946458637714386
46920,customer_satisfaction_in_airline,hybrid_8l,129487,21,16384,16384,3,12,ok,,2.297837905585766,1.6646828912198544,0.9123643040657043
46920,customer_satisfaction_in_airline,hydra_small,129487,21,16384,16384,3,13,ok,,4.851511085405946,4.21501287445426,0.946458637714386
46920,customer_satisfaction_in_airline,tabpfn,129487,21,16384,16384,3,13,ok,,4.820046556182206,4.186641446314752,0.982693076133728
46920,customer_satisfaction_in_airline,hybrid_8l,129487,21,16384,16384,3,13,ok,,2.2991924937814474,1.6659286618232727,0.9123643040657043
46920,customer_satisfaction_in_airline,hydra,129487,21,16384,16384,3,13,ok,,1.4082953939214349,0.7658932087942958,0.8207892179489136
46920,customer_satisfaction_in_airline,hybrid_8l,129487,21,16384,16384,3,14,ok,,2.2997602997347713,1.6684423247352242,0.9123643040657043
46920,customer_satisfaction_in_airline,hydra_small,129487,21,16384,16384,3,14,ok,,4.849900466389954,4.214613462798297,0.946458637714386
46920,customer_satisfaction_in_airline,hydra,129487,21,16384,16384,3,14,ok,,1.3993249898776412,0.7670232700183988,0.8207892179489136
46920,customer_satisfaction_in_airline,tabpfn,129487,21,16384,16384,3,14,ok,,4.823419278487563,4.1859665010124445,0.982693076133728
46920,customer_satisfaction_in_airline,tabpfn,129487,21,16384,16384,3,15,ok,,4.959298443980515,4.187952965497971,0.982693076133728
46920,customer_satisfaction_in_airline,hydra_small,129487,21,16384,16384,3,15,ok,,4.897564670071006,4.215328388847411,0.946458637714386
46920,customer_satisfaction_in_airline,hydra,129487,21,16384,16384,3,15,ok,,1.4006448611617088,0.7674412131309509,0.8207892179489136
46920,customer_satisfaction_in_airline,hybrid_8l,129487,21,16384,16384,3,15,ok,,2.2976238448172808,1.6671685725450516,0.9123643040657043
46920,customer_satisfaction_in_airline,hydra,129487,21,16384,16384,4,1,ok,,1.3851923467591405,0.7665703324601054,0.8190419673919678
46920,customer_satisfaction_in_airline,hydra_small,129487,21,16384,16384,4,1,ok,,4.843914872966707,4.219324422068894,0.9441217184066772
46920,customer_satisfaction_in_airline,tabpfn,129487,21,16384,16384,4,1,ok,,4.822977998293936,4.190130373463035,0.9821600317955017
46920,customer_satisfaction_in_airline,hybrid_8l,129487,21,16384,16384,4,1,ok,,2.3088033366948366,1.6664725756272674,0.9106894135475159
46920,customer_satisfaction_in_airline,tabpfn,129487,21,16384,16384,4,2,ok,,4.820225514471531,4.188602330163121,0.9821600317955017
46920,customer_satisfaction_in_airline,hydra_small,129487,21,16384,16384,4,2,ok,,4.836370603181422,4.21254822704941,0.9441217184066772
46920,customer_satisfaction_in_airline,hydra,129487,21,16384,16384,4,2,ok,,1.378209087997675,0.7613366087898612,0.8190419673919678
46920,customer_satisfaction_in_airline,hybrid_8l,129487,21,16384,16384,4,2,ok,,2.2762213703244925,1.6633223686367273,0.9106894135475159
46920,customer_satisfaction_in_airline,tabpfn,129487,21,16384,16384,4,3,ok,,4.800552297383547,4.1878112042322755,0.9821600317955017
46920,customer_satisfaction_in_airline,hybrid_8l,129487,21,16384,16384,4,3,ok,,2.2751294523477554,1.6645621480420232,0.9106894135475159
46920,customer_satisfaction_in_airline,hydra,129487,21,16384,16384,4,3,ok,,1.3768116226419806,0.7613019645214081,0.8190419673919678
46920,customer_satisfaction_in_airline,hydra_small,129487,21,16384,16384,4,3,ok,,4.832242895849049,4.211737263016403,0.9441217184066772
46920,customer_satisfaction_in_airline,hydra_small,129487,21,16384,16384,4,4,ok,,4.825605573132634,4.210597485303879,0.9441217184066772
46920,customer_satisfaction_in_airline,hybrid_8l,129487,21,16384,16384,4,4,ok,,2.277110816910863,1.6655339784920216,0.9106894135475159
46920,customer_satisfaction_in_airline,hydra,129487,21,16384,16384,4,4,ok,,1.3852229481562972,0.7640595678240061,0.8190419673919678
46920,customer_satisfaction_in_airline,tabpfn,129487,21,16384,16384,4,4,ok,,4.798869593068957,4.185177076607943,0.9821600317955017
46920,customer_satisfaction_in_airline,hydra,129487,21,16384,16384,4,5,ok,,1.3759857583791018,0.7612360389903188,0.8190419673919678
46920,customer_satisfaction_in_airline,hydra_small,129487,21,16384,16384,4,5,ok,,4.832751274108887,4.214464774355292,0.9441217184066772
46920,customer_satisfaction_in_airline,tabpfn,129487,21,16384,16384,4,5,ok,,4.807735321111977,4.189736486412585,0.9821600317955017
46920,customer_satisfaction_in_airline,hybrid_8l,129487,21,16384,16384,4,5,ok,,2.2789373993873596,1.6637106761336327,0.9106894135475159
46920,customer_satisfaction_in_airline,hybrid_8l,129487,21,16384,16384,4,6,ok,,2.2868886031210423,1.6628596149384975,0.9106894135475159
46920,customer_satisfaction_in_airline,tabpfn,129487,21,16384,16384,4,6,ok,,4.8038783967494965,4.1854997323825955,0.9821600317955017
46920,customer_satisfaction_in_airline,hydra,129487,21,16384,16384,4,6,ok,,1.3782631643116474,0.7627162933349609,0.8190419673919678
46920,customer_satisfaction_in_airline,hydra_small,129487,21,16384,16384,4,6,ok,,4.825093970634043,4.209400223568082,0.9441217184066772
46920,customer_satisfaction_in_airline,hydra,129487,21,16384,16384,4,7,ok,,1.3750429023057222,0.7593168737366796,0.8190419673919678
46920,customer_satisfaction_in_airline,hybrid_8l,129487,21,16384,16384,4,7,ok,,2.2767888512462378,1.6628699749708176,0.9106894135475159
46920,customer_satisfaction_in_airline,hydra_small,129487,21,16384,16384,4,7,ok,,4.829577676020563,4.212357404641807,0.9441217184066772
46920,customer_satisfaction_in_airline,tabpfn,129487,21,16384,16384,4,7,ok,,4.852210997603834,4.186469421721995,0.9821600317955017
46920,customer_satisfaction_in_airline,hydra_small,129487,21,16384,16384,4,8,ok,,4.872283005155623,4.2139960722997785,0.9441217184066772
46920,customer_satisfaction_in_airline,hydra,129487,21,16384,16384,4,8,ok,,1.3899984676390886,0.765037402510643,0.8190419673919678
46920,customer_satisfaction_in_airline,hybrid_8l,129487,21,16384,16384,4,8,ok,,2.344141973182559,1.6650434024631977,0.9106894135475159
46920,customer_satisfaction_in_airline,tabpfn,129487,21,16384,16384,4,8,ok,,4.846207475289702,4.2280741250142455,0.9821600317955017
46920,customer_satisfaction_in_airline,tabpfn,129487,21,16384,16384,4,9,ok,,4.805995173752308,4.190952378325164,0.9821600317955017
46920,customer_satisfaction_in_airline,hybrid_8l,129487,21,16384,16384,4,9,ok,,2.278066173195839,1.6653536325320601,0.9106894135475159
46920,customer_satisfaction_in_airline,hydra,129487,21,16384,16384,4,9,ok,,1.3774734903126955,0.7636270904913545,0.8190419673919678
46920,customer_satisfaction_in_airline,hydra_small,129487,21,16384,16384,4,9,ok,,4.827918238006532,4.212039698846638,0.9441217184066772
46920,customer_satisfaction_in_airline,hybrid_8l,129487,21,16384,16384,4,10,ok,,2.2795331925153732,1.6638237042352557,0.9106894135475159
46920,customer_satisfaction_in_airline,tabpfn,129487,21,16384,16384,4,10,ok,,4.803705848753452,4.18738414067775,0.9821600317955017
46920,customer_satisfaction_in_airline,hydra,129487,21,16384,16384,4,10,ok,,1.3792361803352833,0.7635900005698204,0.8190419673919678
46920,customer_satisfaction_in_airline,hydra_small,129487,21,16384,16384,4,10,ok,,4.864189626649022,4.2154517052695155,0.9441217184066772
46920,customer_satisfaction_in_airline,hybrid_8l,129487,21,16384,16384,4,11,ok,,2.3022003266960382,1.665590412914753,0.9106894135475159
46920,customer_satisfaction_in_airline,hydra,129487,21,16384,16384,4,11,ok,,1.3810293274000287,0.7647263836115599,0.8190419673919678
46920,customer_satisfaction_in_airline,hydra_small,129487,21,16384,16384,4,11,ok,,4.833613725379109,4.216434936970472,0.9441217184066772
46920,customer_satisfaction_in_airline,tabpfn,129487,21,16384,16384,4,11,ok,,4.801304759457707,4.186007854528725,0.9821600317955017
46920,customer_satisfaction_in_airline,tabpfn,129487,21,16384,16384,4,12,ok,,4.809081851504743,4.19032571464777,0.9821600317955017
46920,customer_satisfaction_in_airline,hydra,129487,21,16384,16384,4,12,ok,,1.4157935082912445,0.7620588075369596,0.8190419673919678
46920,customer_satisfaction_in_airline,hybrid_8l,129487,21,16384,16384,4,12,ok,,2.2804654203355312,1.6650714445859194,0.9106894135475159
46920,customer_satisfaction_in_airline,hydra_small,129487,21,16384,16384,4,12,ok,,4.827638336457312,4.21283922996372,0.9441217184066772
46920,customer_satisfaction_in_airline,hydra,129487,21,16384,16384,4,13,ok,,1.381918016821146,0.7626835079863667,0.8190419673919678
46920,customer_satisfaction_in_airline,hybrid_8l,129487,21,16384,16384,4,13,ok,,2.291614394634962,1.6654901392757893,0.9106894135475159
46920,customer_satisfaction_in_airline,tabpfn,129487,21,16384,16384,4,13,ok,,4.803925364278257,4.184344430454075,0.9821600317955017
46920,customer_satisfaction_in_airline,hydra_small,129487,21,16384,16384,4,13,ok,,4.832623337395489,4.212466796860099,0.9441217184066772
46920,customer_satisfaction_in_airline,hydra,129487,21,16384,16384,4,14,ok,,1.3758316999301314,0.7624936401844025,0.8190419673919678
46920,customer_satisfaction_in_airline,hybrid_8l,129487,21,16384,16384,4,14,ok,,2.2775449519976974,1.6646510139107704,0.9106894135475159
46920,customer_satisfaction_in_airline,hydra_small,129487,21,16384,16384,4,14,ok,,4.880698520690203,4.21455630287528,0.9441217184066772
46920,customer_satisfaction_in_airline,tabpfn,129487,21,16384,16384,4,14,ok,,4.802909170277417,4.186361380852759,0.9821600317955017
46920,customer_satisfaction_in_airline,hydra,129487,21,16384,16384,4,15,ok,,1.5759057560935616,0.7652684319764376,0.8190419673919678
46920,customer_satisfaction_in_airline,tabpfn,129487,21,16384,16384,4,15,ok,,4.890977584756911,4.187475374899805,0.9821600317955017
46920,customer_satisfaction_in_airline,hybrid_8l,129487,21,16384,16384,4,15,ok,,2.2897221986204386,1.6644174410030246,0.9106894135475159
46920,customer_satisfaction_in_airline,hydra_small,129487,21,16384,16384,4,15,ok,,4.834616549313068,4.216267693787813,0.9441217184066772
46920,customer_satisfaction_in_airline,tabpfn,129487,21,16384,16384,5,1,ok,,4.8110138000920415,4.189046639949083,0.9828726649284363
46920,customer_satisfaction_in_airline,hydra_small,129487,21,16384,16384,5,1,ok,,4.8417123863473535,4.212993073277175,0.9453651309013367
46920,customer_satisfaction_in_airline,hydra,129487,21,16384,16384,5,1,ok,,1.4039559215307236,0.7650306802242994,0.7823826670646667
46920,customer_satisfaction_in_airline,hybrid_8l,129487,21,16384,16384,5,1,ok,,2.28517728112638,1.6665400443598628,0.9088471531867981
46920,customer_satisfaction_in_airline,hydra,129487,21,16384,16384,5,2,ok,,1.3922150703147054,0.7642985517159104,0.7823826670646667
46920,customer_satisfaction_in_airline,hybrid_8l,129487,21,16384,16384,5,2,ok,,2.280953482724726,1.663738121278584,0.9088471531867981
46920,customer_satisfaction_in_airline,tabpfn,129487,21,16384,16384,5,2,ok,,4.806275310926139,4.1876794239506125,0.9828726649284363
46920,customer_satisfaction_in_airline,hydra_small,129487,21,16384,16384,5,2,ok,,4.835737112909555,4.213345255702734,0.9453651309013367
46920,customer_satisfaction_in_airline,hydra,129487,21,16384,16384,5,3,ok,,1.3839506581425667,0.7648645965382457,0.7823826670646667
46920,customer_satisfaction_in_airline,tabpfn,129487,21,16384,16384,5,3,ok,,4.808762892149389,4.188193200156093,0.9828726649284363
46920,customer_satisfaction_in_airline,hybrid_8l,129487,21,16384,16384,5,3,ok,,2.2819008324295282,1.6645017703995109,0.9088471531867981
46920,customer_satisfaction_in_airline,hydra_small,129487,21,16384,16384,5,3,ok,,4.8403607262298465,4.212797896005213,0.9453651309013367
46920,customer_satisfaction_in_airline,tabpfn,129487,21,16384,16384,5,4,ok,,4.831651299260557,4.187881961464882,0.9828726649284363
46920,customer_satisfaction_in_airline,hydra_small,129487,21,16384,16384,5,4,ok,,4.861122088506818,4.213742050342262,0.9453651309013367
46920,customer_satisfaction_in_airline,hybrid_8l,129487,21,16384,16384,5,4,ok,,2.331097542308271,1.6639222959056497,0.9088471531867981
46920,customer_satisfaction_in_airline,hydra,129487,21,16384,16384,5,4,ok,,1.4208034295588732,0.763724897056818,0.7823826670646667
46920,customer_satisfaction_in_airline,hydra_small,129487,21,16384,16384,5,5,ok,,4.901096812449396,4.213794449344277,0.9453651309013367
46920,customer_satisfaction_in_airline,hydra,129487,21,16384,16384,5,5,ok,,1.3917154371738434,0.765709194354713,0.7823826670646667
46920,customer_satisfaction_in_airline,tabpfn,129487,21,16384,16384,5,5,ok,,4.804989282973111,4.1868764674291015,0.9828726649284363
46920,customer_satisfaction_in_airline,hybrid_8l,129487,21,16384,16384,5,5,ok,,2.2826020987704396,1.6643783254548907,0.9088471531867981
46920,customer_satisfaction_in_airline,tabpfn,129487,21,16384,16384,5,6,ok,,4.805637332610786,4.185983689501882,0.9828726649284363
46920,customer_satisfaction_in_airline,hydra,129487,21,16384,16384,5,6,ok,,1.385280141606927,0.7659216215834022,0.7823826670646667
46920,customer_satisfaction_in_airline,hydra_small,129487,21,16384,16384,5,6,ok,,4.84407689422369,4.217546984553337,0.9453651309013367
46920,customer_satisfaction_in_airline,hybrid_8l,129487,21,16384,16384,5,6,ok,,2.2851214660331607,1.6660427767783403,0.9088471531867981
46920,customer_satisfaction_in_airline,hydra,129487,21,16384,16384,5,7,ok,,1.3810026505962014,0.7624100930988789,0.7823826670646667
46920,customer_satisfaction_in_airline,hydra_small,129487,21,16384,16384,5,7,ok,,4.834289173595607,4.213092252612114,0.9453651309013367
46920,customer_satisfaction_in_airline,tabpfn,129487,21,16384,16384,5,7,ok,,4.806288905441761,4.187777072191238,0.9828726649284363
46920,customer_satisfaction_in_airline,hybrid_8l,129487,21,16384,16384,5,7,ok,,2.281320156529546,1.6663795243948698,0.9088471531867981
46920,customer_satisfaction_in_airline,hybrid_8l,129487,21,16384,16384,5,8,ok,,2.282406353391707,1.6659385161474347,0.9088471531867981
46920,customer_satisfaction_in_airline,hydra_small,129487,21,16384,16384,5,8,ok,,4.846430492587388,4.216890458017588,0.9453651309013367
46920,customer_satisfaction_in_airline,hydra,129487,21,16384,16384,5,8,ok,,1.3819154454395175,0.7652000710368156,0.7823826670646667
46920,customer_satisfaction_in_airline,tabpfn,129487,21,16384,16384,5,8,ok,,4.806434091180563,4.1894480446353555,0.9828726649284363
46920,customer_satisfaction_in_airline,tabpfn,129487,21,16384,16384,5,9,ok,,4.80867228936404,4.190587262623012,0.9828726649284363
46920,customer_satisfaction_in_airline,hybrid_8l,129487,21,16384,16384,5,9,ok,,2.289114762097597,1.6667911559343338,0.9088471531867981
46920,customer_satisfaction_in_airline,hydra,129487,21,16384,16384,5,9,ok,,1.3871504543349147,0.7667333018034697,0.7823826670646667
46920,customer_satisfaction_in_airline,hydra_small,129487,21,16384,16384,5,9,ok,,4.844698021188378,4.216375390067697,0.9453651309013367
46920,customer_satisfaction_in_airline,tabpfn,129487,21,16384,16384,5,10,ok,,4.810583108104765,4.189071282744408,0.9828726649284363
46920,customer_satisfaction_in_airline,hybrid_8l,129487,21,16384,16384,5,10,ok,,2.285777342505753,1.6673739785328507,0.9088471531867981
46920,customer_satisfaction_in_airline,hydra,129487,21,16384,16384,5,10,ok,,1.3858606424182653,0.7665419839322567,0.7823826670646667
46920,customer_satisfaction_in_airline,hydra_small,129487,21,16384,16384,5,10,ok,,4.8390907645225525,4.215483572334051,0.9453651309013367
46920,customer_satisfaction_in_airline,hybrid_8l,129487,21,16384,16384,5,11,ok,,2.2864093901589513,1.6671837912872434,0.9088471531867981
46920,customer_satisfaction_in_airline,tabpfn,129487,21,16384,16384,5,11,ok,,4.866342204622924,4.194582301191986,0.9828726649284363
46920,customer_satisfaction_in_airline,hydra_small,129487,21,16384,16384,5,11,ok,,4.83696049079299,4.214853662997484,0.9453651309013367
46920,customer_satisfaction_in_airline,hydra,129487,21,16384,16384,5,11,ok,,1.385623930953443,0.765140731818974,0.7823826670646667
46920,customer_satisfaction_in_airline,hydra_small,129487,21,16384,16384,5,12,ok,,4.84618659876287,4.21489639300853,0.9453651309013367
46920,customer_satisfaction_in_airline,hydra,129487,21,16384,16384,5,12,ok,,1.386451224796474,0.7654728591442108,0.7823826670646667
46920,customer_satisfaction_in_airline,tabpfn,129487,21,16384,16384,5,12,ok,,4.809058411978185,4.189370231702924,0.9828726649284363
46920,customer_satisfaction_in_airline,hybrid_8l,129487,21,16384,16384,5,12,ok,,2.287221043370664,1.6669111251831055,0.9088471531867981
46920,customer_satisfaction_in_airline,tabpfn,129487,21,16384,16384,5,13,ok,,4.9684940399602056,4.189883049577475,0.9828726649284363
46920,customer_satisfaction_in_airline,hydra_small,129487,21,16384,16384,5,13,ok,,4.841915492899716,4.215414837934077,0.9453651309013367
46920,customer_satisfaction_in_airline,hydra,129487,21,16384,16384,5,13,ok,,1.3849754752591252,0.7658587442710996,0.7823826670646667
46920,customer_satisfaction_in_airline,hybrid_8l,129487,21,16384,16384,5,13,ok,,2.282734015956521,1.6662239329889417,0.9088471531867981
46920,customer_satisfaction_in_airline,tabpfn,129487,21,16384,16384,5,14,ok,,4.809316134080291,4.190753864124417,0.9828726649284363
46920,customer_satisfaction_in_airline,hydra_small,129487,21,16384,16384,5,14,ok,,4.949484177865088,4.326385363936424,0.9453651309013367
46920,customer_satisfaction_in_airline,hybrid_8l,129487,21,16384,16384,5,14,ok,,2.29238956887275,1.6688061468303204,0.9088471531867981
46920,customer_satisfaction_in_airline,hydra,129487,21,16384,16384,5,14,ok,,1.3865803983062506,0.7656445931643248,0.7823826670646667
46920,customer_satisfaction_in_airline,hydra,129487,21,16384,16384,5,15,ok,,1.3940655598416924,0.7665531625971198,0.7823826670646667
46920,customer_satisfaction_in_airline,hydra_small,129487,21,16384,16384,5,15,ok,,4.888231794349849,4.215964565984905,0.9453651309013367
46920,customer_satisfaction_in_airline,hybrid_8l,129487,21,16384,16384,5,15,ok,,2.28370129596442,1.665169377811253,0.9088471531867981
46920,customer_satisfaction_in_airline,tabpfn,129487,21,16384,16384,5,15,ok,,4.813154350034893,4.191960530355573,0.9828726649284363
46922,Diabetes130US,hybrid_8l,917,47,16384,458,1,1,ok,,0.1389908129349351,0.015431058593094349,0.5359025001525879
46922,Diabetes130US,tabpfn,917,47,16384,458,1,1,ok,,0.14434767328202724,0.02261282689869404,0.5786671042442322
46922,Diabetes130US,hydra_small,917,47,16384,458,1,1,ok,,0.23248261213302612,0.10751917958259583,0.5711462497711182
46922,Diabetes130US,hydra,917,47,16384,458,1,1,ok,,0.14189453423023224,0.021033866330981255,0.5159749388694763
46922,Diabetes130US,hybrid_8l,917,47,16384,458,1,2,ok,,0.13518311828374863,0.014807136729359627,0.5359025001525879
46922,Diabetes130US,tabpfn,917,47,16384,458,1,2,ok,,0.14313062652945518,0.021397804841399193,0.5786671042442322
46922,Diabetes130US,hydra_small,917,47,16384,458,1,2,ok,,0.23052468243986368,0.10717230197042227,0.5711462497711182
46922,Diabetes130US,hydra,917,47,16384,458,1,2,ok,,0.141918258741498,0.02117759734392166,0.5159749388694763
46922,Diabetes130US,hydra,917,47,16384,458,1,3,ok,,0.14186048042029142,0.02104203961789608,0.5159749388694763
46922,Diabetes130US,hybrid_8l,917,47,16384,458,1,3,ok,,0.13484008703380823,0.014789804816246033,0.5359025001525879
46922,Diabetes130US,hydra_small,917,47,16384,458,1,3,ok,,0.2304564630612731,0.10744619090110064,0.5711462497711182
46922,Diabetes130US,tabpfn,917,47,16384,458,1,3,ok,,0.14227303117513657,0.02139335684478283,0.5786671042442322
46922,Diabetes130US,hydra_small,917,47,16384,458,1,4,ok,,0.2304018698632717,0.10764448717236519,0.5711462497711182
46922,Diabetes130US,tabpfn,917,47,16384,458,1,4,ok,,0.144221524707973,0.021852427162230015,0.5786671042442322
46922,Diabetes130US,hydra,917,47,16384,458,1,4,ok,,0.14189872331917286,0.021347318775951862,0.5159749388694763
46922,Diabetes130US,hybrid_8l,917,47,16384,458,1,4,ok,,0.13332956470549107,0.014741403050720692,0.5359025001525879
46922,Diabetes130US,tabpfn,917,47,16384,458,1,5,ok,,0.14169846288859844,0.021918601356446743,0.5786671042442322
46922,Diabetes130US,hydra_small,917,47,16384,458,1,5,ok,,0.22938733734190464,0.10760144516825676,0.5711462497711182
46922,Diabetes130US,hybrid_8l,917,47,16384,458,1,5,ok,,0.13440227694809437,0.014704924076795578,0.5359025001525879
46922,Diabetes130US,hydra,917,47,16384,458,1,5,ok,,0.14086873084306717,0.020931772887706757,0.5159749388694763
46922,Diabetes130US,hydra_small,917,47,16384,458,1,6,ok,,0.22930456139147282,0.10763478744775057,0.5711462497711182
46922,Diabetes130US,hybrid_8l,917,47,16384,458,1,6,ok,,0.1341577237471938,0.014784704893827438,0.5359025001525879
46922,Diabetes130US,tabpfn,917,47,16384,458,1,6,ok,,0.14094572607427835,0.02145439200103283,0.5786671042442322
46922,Diabetes130US,hydra,917,47,16384,458,1,6,ok,,0.14026865363121033,0.02101549133658409,0.5159749388694763
46922,Diabetes130US,tabpfn,917,47,16384,458,1,7,ok,,0.14066774025559425,0.02146143652498722,0.5786671042442322
46922,Diabetes130US,hydra,917,47,16384,458,1,7,ok,,0.14032161328941584,0.021034165285527706,0.5159749388694763
46922,Diabetes130US,hybrid_8l,917,47,16384,458,1,7,ok,,0.1336258566007018,0.014739267528057098,0.5359025001525879
46922,Diabetes130US,hydra_small,917,47,16384,458,1,7,ok,,0.228780597448349,0.10764990746974945,0.5711462497711182
46922,Diabetes130US,tabpfn,917,47,16384,458,1,8,ok,,0.14137491956353188,0.021534472703933716,0.5786671042442322
46922,Diabetes130US,hybrid_8l,917,47,16384,458,1,8,ok,,0.13311201333999634,0.014750498346984386,0.5359025001525879
46922,Diabetes130US,hydra,917,47,16384,458,1,8,ok,,0.13996740244328976,0.021007506176829338,0.5159749388694763
46922,Diabetes130US,hydra_small,917,47,16384,458,1,8,ok,,0.22924141120165586,0.10761472024023533,0.5711462497711182
46922,Diabetes130US,hybrid_8l,917,47,16384,458,1,9,ok,,0.13345869071781635,0.014689554460346699,0.5359025001525879
46922,Diabetes130US,tabpfn,917,47,16384,458,1,9,ok,,0.14119014982134104,0.021399538032710552,0.5786671042442322
46922,Diabetes130US,hydra,917,47,16384,458,1,9,ok,,0.14052536990493536,0.02117069438099861,0.5159749388694763
46922,Diabetes130US,hydra_small,917,47,16384,458,1,9,ok,,0.23022809997200966,0.10746579803526402,0.5711462497711182
46922,Diabetes130US,hydra_small,917,47,16384,458,1,10,ok,,0.2294888086616993,0.10728410445153713,0.5711462497711182
46922,Diabetes130US,hybrid_8l,917,47,16384,458,1,10,ok,,0.13459708727896214,0.014815832488238811,0.5359025001525879
46922,Diabetes130US,hydra,917,47,16384,458,1,10,ok,,0.1452284613624215,0.021011482924222946,0.5159749388694763
46922,Diabetes130US,tabpfn,917,47,16384,458,1,10,ok,,0.1421561799943447,0.02165217697620392,0.5786671042442322
46922,Diabetes130US,hydra_small,917,47,16384,458,1,11,ok,,0.2305049942806363,0.10759858973324299,0.5711462497711182
46922,Diabetes130US,tabpfn,917,47,16384,458,1,11,ok,,0.14281793404370546,0.02145890984684229,0.5786671042442322
46922,Diabetes130US,hybrid_8l,917,47,16384,458,1,11,ok,,0.1363616893067956,0.014851640909910202,0.5359025001525879
46922,Diabetes130US,hydra,917,47,16384,458,1,11,ok,,0.14248057547956705,0.021199609152972698,0.5159749388694763
46922,Diabetes130US,tabpfn,917,47,16384,458,1,12,ok,,0.14236188866198063,0.02144193835556507,0.5786671042442322
46922,Diabetes130US,hydra,917,47,16384,458,1,12,ok,,0.14140730071812868,0.02107471227645874,0.5159749388694763
46922,Diabetes130US,hybrid_8l,917,47,16384,458,1,12,ok,,0.13557217456400394,0.014808009378612041,0.5359025001525879
46922,Diabetes130US,hydra_small,917,47,16384,458,1,12,ok,,0.26357584819197655,0.10764504782855511,0.5711462497711182
46922,Diabetes130US,hydra_small,917,47,16384,458,1,13,ok,,0.2295762738212943,0.10719538573175669,0.5711462497711182
46922,Diabetes130US,tabpfn,917,47,16384,458,1,13,ok,,0.14244824275374413,0.02140996791422367,0.5786671042442322
46922,Diabetes130US,hybrid_8l,917,47,16384,458,1,13,ok,,0.13441638462245464,0.01482632290571928,0.5359025001525879
46922,Diabetes130US,hydra,917,47,16384,458,1,13,ok,,0.1429526088759303,0.021596821956336498,0.5159749388694763
46922,Diabetes130US,hydra,917,47,16384,458,1,14,ok,,0.14188230969011784,0.020984130911529064,0.5159749388694763
46922,Diabetes130US,tabpfn,917,47,16384,458,1,14,ok,,0.1421752367168665,0.02148313634097576,0.5786671042442322
46922,Diabetes130US,hybrid_8l,917,47,16384,458,1,14,ok,,0.1348111927509308,0.014787781052291393,0.5359025001525879
46922,Diabetes130US,hydra_small,917,47,16384,458,1,14,ok,,0.23008648212999105,0.10723519138991833,0.5711462497711182
46922,Diabetes130US,hybrid_8l,917,47,16384,458,1,15,ok,,0.13553600572049618,0.014992347918450832,0.5359025001525879
46922,Diabetes130US,hydra_small,917,47,16384,458,1,15,ok,,0.23765716701745987,0.10788327921181917,0.5711462497711182
46922,Diabetes130US,hydra,917,47,16384,458,1,15,ok,,0.14271571952849627,0.021383377723395824,0.5159749388694763
46922,Diabetes130US,tabpfn,917,47,16384,458,1,15,ok,,0.14290116168558598,0.021695158444344997,0.5786671042442322
46922,Diabetes130US,hydra,917,47,16384,458,2,1,ok,,0.1448263991624117,0.021044034510850906,0.5252050161361694
46922,Diabetes130US,hydra_small,917,47,16384,458,2,1,ok,,0.23397729359567165,0.10719350166618824,0.5455971360206604
46922,Diabetes130US,tabpfn,917,47,16384,458,2,1,ok,,0.14635492488741875,0.021431378088891506,0.5738324522972107
46922,Diabetes130US,hybrid_8l,917,47,16384,458,2,1,ok,,0.13880422804504633,0.014770337380468845,0.548235297203064
46922,Diabetes130US,hybrid_8l,917,47,16384,458,2,2,ok,,0.13838123716413975,0.014703860506415367,0.548235297203064
46922,Diabetes130US,hydra,917,47,16384,458,2,2,ok,,0.14505550358444452,0.020983689464628696,0.5252050161361694
46922,Diabetes130US,hydra_small,917,47,16384,458,2,2,ok,,0.23485685978084803,0.10737292189151049,0.5455971360206604
46922,Diabetes130US,tabpfn,917,47,16384,458,2,2,ok,,0.14716265629976988,0.02140797395259142,0.5738324522972107
46922,Diabetes130US,hybrid_8l,917,47,16384,458,2,3,ok,,0.13884536642581224,0.014791707508265972,0.548235297203064
46922,Diabetes130US,hydra,917,47,16384,458,2,3,ok,,0.14577892422676086,0.020993128418922424,0.5252050161361694
46922,Diabetes130US,hydra_small,917,47,16384,458,2,3,ok,,0.23416729364544153,0.10715436842292547,0.5455971360206604
46922,Diabetes130US,tabpfn,917,47,16384,458,2,3,ok,,0.14590798877179623,0.021354111842811108,0.5738324522972107
46922,Diabetes130US,hydra_small,917,47,16384,458,2,4,ok,,0.23344943299889565,0.10725561995059252,0.5455971360206604
46922,Diabetes130US,hydra,917,47,16384,458,2,4,ok,,0.14556331560015678,0.02101859636604786,0.5252050161361694
46922,Diabetes130US,hybrid_8l,917,47,16384,458,2,4,ok,,0.1381793236359954,0.01474021002650261,0.548235297203064
46922,Diabetes130US,tabpfn,917,47,16384,458,2,4,ok,,0.14614086970686913,0.02146216668188572,0.5738324522972107
46922,Diabetes130US,tabpfn,917,47,16384,458,2,5,ok,,0.14984667114913464,0.021652557887136936,0.5738324522972107
46922,Diabetes130US,hydra_small,917,47,16384,458,2,5,ok,,0.23398883361369371,0.10719205904752016,0.5455971360206604
46922,Diabetes130US,hybrid_8l,917,47,16384,458,2,5,ok,,0.13838146720081568,0.01482695434242487,0.548235297203064
46922,Diabetes130US,hydra,917,47,16384,458,2,5,ok,,0.1451216284185648,0.021132432855665684,0.5252050161361694
46922,Diabetes130US,hydra,917,47,16384,458,2,6,ok,,0.14461868535727262,0.02097268868237734,0.5252050161361694
46922,Diabetes130US,hydra_small,917,47,16384,458,2,6,ok,,0.23483310360461473,0.1076192781329155,0.5455971360206604
46922,Diabetes130US,hybrid_8l,917,47,16384,458,2,6,ok,,0.13810292910784483,0.014802438206970692,0.548235297203064
46922,Diabetes130US,tabpfn,917,47,16384,458,2,6,ok,,0.14548747055232525,0.02152239065617323,0.5738324522972107
46922,Diabetes130US,hybrid_8l,917,47,16384,458,2,7,ok,,0.13789247069507837,0.014808017760515213,0.548235297203064
46922,Diabetes130US,tabpfn,917,47,16384,458,2,7,ok,,0.14546076022088528,0.021383517421782017,0.5738324522972107
46922,Diabetes130US,hydra_small,917,47,16384,458,2,7,ok,,0.2344053741544485,0.10756736062467098,0.5455971360206604
46922,Diabetes130US,hydra,917,47,16384,458,2,7,ok,,0.14535968843847513,0.02102108020335436,0.5252050161361694
46922,Diabetes130US,tabpfn,917,47,16384,458,2,8,ok,,0.14688269514590502,0.02148532122373581,0.5738324522972107
46922,Diabetes130US,hydra_small,917,47,16384,458,2,8,ok,,0.2342238798737526,0.10743540991097689,0.5455971360206604
46922,Diabetes130US,hybrid_8l,917,47,16384,458,2,8,ok,,0.1624987842515111,0.014860017225146294,0.548235297203064
46922,Diabetes130US,hydra,917,47,16384,458,2,8,ok,,0.17510634288191795,0.02125142700970173,0.5252050161361694
46922,Diabetes130US,hydra,917,47,16384,458,2,9,ok,,0.14507404807955027,0.021008698269724846,0.5252050161361694
46922,Diabetes130US,hybrid_8l,917,47,16384,458,2,9,ok,,0.13817113917320967,0.014745449647307396,0.548235297203064
46922,Diabetes130US,hydra_small,917,47,16384,458,2,9,ok,,0.2339682662859559,0.10762505047023296,0.5455971360206604
46922,Diabetes130US,tabpfn,917,47,16384,458,2,9,ok,,0.16268823482096195,0.021639803424477577,0.5738324522972107
46922,Diabetes130US,hydra_small,917,47,16384,458,2,10,ok,,0.23379462584853172,0.10716529749333858,0.5455971360206604
46922,Diabetes130US,hydra,917,47,16384,458,2,10,ok,,0.14529153984040022,0.02106103766709566,0.5252050161361694
46922,Diabetes130US,hybrid_8l,917,47,16384,458,2,10,ok,,0.1383227864280343,0.01473406795412302,0.548235297203064
46922,Diabetes130US,tabpfn,917,47,16384,458,2,10,ok,,0.14526584185659885,0.02145000360906124,0.5738324522972107
46922,Diabetes130US,hybrid_8l,917,47,16384,458,2,11,ok,,0.14083934389054775,0.016447534784674644,0.548235297203064
46922,Diabetes130US,hydra,917,47,16384,458,2,11,ok,,0.1478545069694519,0.023559831082820892,0.5252050161361694
46922,Diabetes130US,tabpfn,917,47,16384,458,2,11,ok,,0.16288225166499615,0.024839586578309536,0.5738324522972107
46922,Diabetes130US,hydra_small,917,47,16384,458,2,11,ok,,0.2558477530255914,0.12901941686868668,0.5455971360206604
46922,Diabetes130US,hybrid_8l,917,47,16384,458,2,12,ok,,0.13832770474255085,0.014735611155629158,0.548235297203064
46922,Diabetes130US,hydra_small,917,47,16384,458,2,12,ok,,0.23384937085211277,0.10729833040386438,0.5455971360206604
46922,Diabetes130US,tabpfn,917,47,16384,458,2,12,ok,,0.16464967001229525,0.021483587101101875,0.5738324522972107
46922,Diabetes130US,hydra,917,47,16384,458,2,12,ok,,0.14517341554164886,0.020989189855754375,0.5252050161361694
46922,Diabetes130US,hydra_small,917,47,16384,458,2,13,ok,,0.23407510854303837,0.10747957415878773,0.5455971360206604
46922,Diabetes130US,tabpfn,917,47,16384,458,2,13,ok,,0.14705214649438858,0.021487594582140446,0.5738324522972107
46922,Diabetes130US,hydra,917,47,16384,458,2,13,ok,,0.1460809763520956,0.021075833588838577,0.5252050161361694
46922,Diabetes130US,hybrid_8l,917,47,16384,458,2,13,ok,,0.13906903006136417,0.015083991922438145,0.548235297203064
46922,Diabetes130US,tabpfn,917,47,16384,458,2,14,ok,,0.16825943905860186,0.021646475419402122,0.5738324522972107
46922,Diabetes130US,hybrid_8l,917,47,16384,458,2,14,ok,,0.13969253096729517,0.015046419575810432,0.548235297203064
46922,Diabetes130US,hydra_small,917,47,16384,458,2,14,ok,,0.23490406852215528,0.10763048008084297,0.5455971360206604
46922,Diabetes130US,hydra,917,47,16384,458,2,14,ok,,0.14748180005699396,0.022294703871011734,0.5252050161361694
46922,Diabetes130US,hydra,917,47,16384,458,2,15,ok,,0.16232270002365112,0.022499131970107555,0.5252050161361694
46922,Diabetes130US,tabpfn,917,47,16384,458,2,15,ok,,0.14993272349238396,0.021474690176546574,0.5738324522972107
46922,Diabetes130US,hybrid_8l,917,47,16384,458,2,15,ok,,0.14070397801697254,0.01636525895446539,0.548235297203064
46922,Diabetes130US,hydra_small,917,47,16384,458,2,15,ok,,0.23390887305140495,0.10749777778983116,0.5455971360206604
46922,Diabetes130US,hydra_small,917,47,16384,458,3,1,ok,,0.24256971385329962,0.10720349010080099,0.5503556728363037
46922,Diabetes130US,hydra,917,47,16384,458,3,1,ok,,0.14808589406311512,0.021054383367300034,0.5765752196311951
46922,Diabetes130US,hybrid_8l,917,47,16384,458,3,1,ok,,0.13757609017193317,0.014750178903341293,0.5497967600822449
46922,Diabetes130US,tabpfn,917,47,16384,458,3,1,ok,,0.14491738099604845,0.021431388333439827,0.550000011920929
46922,Diabetes130US,hydra,917,47,16384,458,3,2,ok,,0.14401955995708704,0.020970826037228107,0.5765752196311951
46922,Diabetes130US,hydra_small,917,47,16384,458,3,2,ok,,0.23349185194820166,0.10768363066017628,0.5503556728363037
46922,Diabetes130US,hybrid_8l,917,47,16384,458,3,2,ok,,0.137896035797894,0.014811735600233078,0.5497967600822449
46922,Diabetes130US,tabpfn,917,47,16384,458,3,2,ok,,0.14562321919947863,0.02146010287106037,0.550000011920929
46922,Diabetes130US,hydra_small,917,47,16384,458,3,3,ok,,0.23379024770110846,0.10759962070733309,0.5503556728363037
46922,Diabetes130US,hydra,917,47,16384,458,3,3,ok,,0.16150300856679678,0.021786130033433437,0.5765752196311951
46922,Diabetes130US,hybrid_8l,917,47,16384,458,3,3,ok,,0.14178279228508472,0.01573949307203293,0.5497967600822449
46922,Diabetes130US,tabpfn,917,47,16384,458,3,3,ok,,0.14619802683591843,0.02154547441750765,0.550000011920929
46922,Diabetes130US,hydra_small,917,47,16384,458,3,4,ok,,0.2335555125027895,0.10720566473901272,0.5503556728363037
46922,Diabetes130US,hybrid_8l,917,47,16384,458,3,4,ok,,0.14571132510900497,0.014837274327874184,0.5497967600822449
46922,Diabetes130US,tabpfn,917,47,16384,458,3,4,ok,,0.1463458063080907,0.021675892174243927,0.550000011920929
46922,Diabetes130US,hydra,917,47,16384,458,3,4,ok,,0.1461426019668579,0.021741686388850212,0.5765752196311951
46922,Diabetes130US,hybrid_8l,917,47,16384,458,3,5,ok,,0.13869644235819578,0.01490981224924326,0.5497967600822449
46922,Diabetes130US,hydra_small,917,47,16384,458,3,5,ok,,0.23602879978716373,0.10813360195606947,0.5503556728363037
46922,Diabetes130US,hydra,917,47,16384,458,3,5,ok,,0.145567842759192,0.0211069043725729,0.5765752196311951
46922,Diabetes130US,tabpfn,917,47,16384,458,3,5,ok,,0.146797813475132,0.02160480711609125,0.550000011920929
46922,Diabetes130US,hydra,917,47,16384,458,3,6,ok,,0.14630683418363333,0.021630055271089077,0.5765752196311951
46922,Diabetes130US,tabpfn,917,47,16384,458,3,6,ok,,0.1476264139637351,0.021729924716055393,0.550000011920929
46922,Diabetes130US,hydra_small,917,47,16384,458,3,6,ok,,0.28552168793976307,0.10751808620989323,0.5503556728363037
46922,Diabetes130US,hybrid_8l,917,47,16384,458,3,6,ok,,0.14921606611460447,0.014968772418797016,0.5497967600822449
46922,Diabetes130US,hybrid_8l,917,47,16384,458,3,7,ok,,0.1382035594433546,0.01501273550093174,0.5497967600822449
46922,Diabetes130US,hydra,917,47,16384,458,3,7,ok,,0.14547667000442743,0.021052480675280094,0.5765752196311951
46922,Diabetes130US,tabpfn,917,47,16384,458,3,7,ok,,0.146594668738544,0.02176470961421728,0.550000011920929
46922,Diabetes130US,hydra_small,917,47,16384,458,3,7,ok,,0.23578472714871168,0.10746205970644951,0.5503556728363037
46922,Diabetes130US,hydra,917,47,16384,458,3,8,ok,,0.14558308199048042,0.02102731354534626,0.5765752196311951
46922,Diabetes130US,hybrid_8l,917,47,16384,458,3,8,ok,,0.14312074705958366,0.015624545514583588,0.5497967600822449
46922,Diabetes130US,tabpfn,917,47,16384,458,3,8,ok,,0.14923037309199572,0.02435938734561205,0.550000011920929
46922,Diabetes130US,hydra_small,917,47,16384,458,3,8,ok,,0.2903082389384508,0.12841348722577095,0.5503556728363037
46922,Diabetes130US,hybrid_8l,917,47,16384,458,3,9,ok,,0.13938797358423471,0.014920913614332676,0.5497967600822449
46922,Diabetes130US,tabpfn,917,47,16384,458,3,9,ok,,0.14592506922781467,0.02145063504576683,0.550000011920929
46922,Diabetes130US,hydra_small,917,47,16384,458,3,9,ok,,0.2343412321060896,0.10768042411655188,0.5503556728363037
46922,Diabetes130US,hydra,917,47,16384,458,3,9,ok,,0.14662186056375504,0.02105592656880617,0.5765752196311951
46922,Diabetes130US,hybrid_8l,917,47,16384,458,3,10,ok,,0.13782663457095623,0.014800112694501877,0.5497967600822449
46922,Diabetes130US,hydra,917,47,16384,458,3,10,ok,,0.14594027772545815,0.021017945371568203,0.5765752196311951
46922,Diabetes130US,hydra_small,917,47,16384,458,3,10,ok,,0.2331411074846983,0.10750610381364822,0.5503556728363037
46922,Diabetes130US,tabpfn,917,47,16384,458,3,10,ok,,0.1450307760387659,0.02140744309872389,0.550000011920929
46922,Diabetes130US,hydra,917,47,16384,458,3,11,ok,,0.14381954073905945,0.02101992815732956,0.5765752196311951
46922,Diabetes130US,hybrid_8l,917,47,16384,458,3,11,ok,,0.1376308538019657,0.014719289727509022,0.5497967600822449
46922,Diabetes130US,tabpfn,917,47,16384,458,3,11,ok,,0.14564819633960724,0.021486532874405384,0.550000011920929
46922,Diabetes130US,hydra_small,917,47,16384,458,3,11,ok,,0.23347442969679832,0.10728013515472412,0.5503556728363037
46922,Diabetes130US,hydra,917,47,16384,458,3,12,ok,,0.14489872474223375,0.020998437888920307,0.5765752196311951
46922,Diabetes130US,hydra_small,917,47,16384,458,3,12,ok,,0.246916139498353,0.10744326375424862,0.5503556728363037
46922,Diabetes130US,hybrid_8l,917,47,16384,458,3,12,ok,,0.137489166110754,0.014738336205482483,0.5497967600822449
46922,Diabetes130US,tabpfn,917,47,16384,458,3,12,ok,,0.17472396790981293,0.021544992923736572,0.550000011920929
46922,Diabetes130US,hydra_small,917,47,16384,458,3,13,ok,,0.27679862082004547,0.1072776410728693,0.5503556728363037
46922,Diabetes130US,tabpfn,917,47,16384,458,3,13,ok,,0.16729171480983496,0.021492313593626022,0.550000011920929
46922,Diabetes130US,hydra,917,47,16384,458,3,13,ok,,0.14392509125173092,0.0211030263453722,0.5765752196311951
46922,Diabetes130US,hybrid_8l,917,47,16384,458,3,13,ok,,0.13711324241012335,0.014717847108840942,0.5497967600822449
46922,Diabetes130US,hybrid_8l,917,47,16384,458,3,14,ok,,0.13719268422573805,0.014793310314416885,0.5497967600822449
46922,Diabetes130US,hydra_small,917,47,16384,458,3,14,ok,,0.23283316381275654,0.1071920283138752,0.5503556728363037
46922,Diabetes130US,tabpfn,917,47,16384,458,3,14,ok,,0.14415135886520147,0.02138577215373516,0.550000011920929
46922,Diabetes130US,hydra,917,47,16384,458,3,14,ok,,0.1433131704106927,0.02102823555469513,0.5765752196311951
46922,Diabetes130US,tabpfn,917,47,16384,458,3,15,ok,,0.14467638451606035,0.021390731446444988,0.550000011920929
46922,Diabetes130US,hydra,917,47,16384,458,3,15,ok,,0.14329144917428493,0.020981645211577415,0.5765752196311951
46922,Diabetes130US,hybrid_8l,917,47,16384,458,3,15,ok,,0.14392880722880363,0.014698470011353493,0.5497967600822449
46922,Diabetes130US,hydra_small,917,47,16384,458,3,15,ok,,0.23217794205993414,0.1072237677872181,0.5503556728363037
46922,Diabetes130US,hybrid_8l,917,47,16384,458,4,1,ok,,0.13803970906883478,0.014764134772121906,0.5101674795150757
46922,Diabetes130US,hydra_small,917,47,16384,458,4,1,ok,,0.23340652976185083,0.10719130747020245,0.5318182110786438
46922,Diabetes130US,hydra,917,47,16384,458,4,1,ok,,0.14892927277833223,0.021002224646508694,0.5279306173324585
46922,Diabetes130US,tabpfn,917,47,16384,458,4,1,ok,,0.14570813905447721,0.0215919716283679,0.5519737005233765
46922,Diabetes130US,tabpfn,917,47,16384,458,4,2,ok,,0.1456032395362854,0.021577725186944008,0.5519737005233765
46922,Diabetes130US,hydra_small,917,47,16384,458,4,2,ok,,0.24755937699228525,0.12150334473699331,0.5318182110786438
46922,Diabetes130US,hydra,917,47,16384,458,4,2,ok,,0.15868255216628313,0.021033072844147682,0.5279306173324585
46922,Diabetes130US,hybrid_8l,917,47,16384,458,4,2,ok,,0.1384495235979557,0.014696366153657436,0.5101674795150757
46922,Diabetes130US,hydra_small,917,47,16384,458,4,3,ok,,0.23360977601259947,0.10716427490115166,0.5318182110786438
46922,Diabetes130US,tabpfn,917,47,16384,458,4,3,ok,,0.15046221762895584,0.021576793864369392,0.5519737005233765
46922,Diabetes130US,hydra,917,47,16384,458,4,3,ok,,0.14563884772360325,0.021021893247961998,0.5279306173324585
46922,Diabetes130US,hybrid_8l,917,47,16384,458,4,3,ok,,0.13811642304062843,0.014774524606764317,0.5101674795150757
46922,Diabetes130US,hydra,917,47,16384,458,4,4,ok,,0.14522169716656208,0.021015730686485767,0.5279306173324585
46922,Diabetes130US,hybrid_8l,917,47,16384,458,4,4,ok,,0.13812492974102497,0.014708749949932098,0.5101674795150757
46922,Diabetes130US,tabpfn,917,47,16384,458,4,4,ok,,0.14592002984136343,0.02145735640078783,0.5519737005233765
46922,Diabetes130US,hydra_small,917,47,16384,458,4,4,ok,,0.2333831861615181,0.10722213517874479,0.5318182110786438
46922,Diabetes130US,tabpfn,917,47,16384,458,4,5,ok,,0.1456803446635604,0.021411309950053692,0.5519737005233765
46922,Diabetes130US,hybrid_8l,917,47,16384,458,4,5,ok,,0.13828472327440977,0.014818166382610798,0.5101674795150757
46922,Diabetes130US,hydra,917,47,16384,458,4,5,ok,,0.14509166032075882,0.020954043604433537,0.5279306173324585
46922,Diabetes130US,hydra_small,917,47,16384,458,4,5,ok,,0.23877527192234993,0.10772153083235025,0.5318182110786438
46922,Diabetes130US,hybrid_8l,917,47,16384,458,4,6,ok,,0.137475217692554,0.014731683768332005,0.5101674795150757
46922,Diabetes130US,hydra_small,917,47,16384,458,4,6,ok,,0.2397219967097044,0.10735774226486683,0.5318182110786438
46922,Diabetes130US,tabpfn,917,47,16384,458,4,6,ok,,0.14523712638765574,0.021433082409203053,0.5519737005233765
46922,Diabetes130US,hydra,917,47,16384,458,4,6,ok,,0.14516323618590832,0.02106193918734789,0.5279306173324585
46922,Diabetes130US,hydra,917,47,16384,458,4,7,ok,,0.1513533154502511,0.021119858138263226,0.5279306173324585
46922,Diabetes130US,hydra_small,917,47,16384,458,4,7,ok,,0.2353710513561964,0.10736222099512815,0.5318182110786438
46922,Diabetes130US,tabpfn,917,47,16384,458,4,7,ok,,0.1460883691906929,0.021567526273429394,0.5519737005233765
46922,Diabetes130US,hybrid_8l,917,47,16384,458,4,7,ok,,0.13826631754636765,0.01478948350995779,0.5101674795150757
46922,Diabetes130US,hybrid_8l,917,47,16384,458,4,8,ok,,0.13848471269011497,0.014686116948723793,0.5101674795150757
46922,Diabetes130US,hydra_small,917,47,16384,458,4,8,ok,,0.2332548527047038,0.10721089411526918,0.5318182110786438
46922,Diabetes130US,tabpfn,917,47,16384,458,4,8,ok,,0.14579103514552116,0.021418103016912937,0.5519737005233765
46922,Diabetes130US,hydra,917,47,16384,458,4,8,ok,,0.14525135327130556,0.020983219146728516,0.5279306173324585
46922,Diabetes130US,hybrid_8l,917,47,16384,458,4,9,ok,,0.13876605406403542,0.014698329381644726,0.5101674795150757
46922,Diabetes130US,hydra,917,47,16384,458,4,9,ok,,0.14610691275447607,0.02095287200063467,0.5279306173324585
46922,Diabetes130US,hydra_small,917,47,16384,458,4,9,ok,,0.23597861360758543,0.10730614420026541,0.5318182110786438
46922,Diabetes130US,tabpfn,917,47,16384,458,4,9,ok,,0.17629205901175737,0.02140717301517725,0.5519737005233765
46922,Diabetes130US,hydra_small,917,47,16384,458,4,10,ok,,0.26455529127269983,0.10758932121098042,0.5318182110786438
46922,Diabetes130US,hybrid_8l,917,47,16384,458,4,10,ok,,0.1819565324112773,0.014923095703125,0.5101674795150757
46922,Diabetes130US,tabpfn,917,47,16384,458,4,10,ok,,0.17643300630152225,0.021455593407154083,0.5519737005233765
46922,Diabetes130US,hydra,917,47,16384,458,4,10,ok,,0.14520080760121346,0.021142260171473026,0.5279306173324585
46922,Diabetes130US,hydra,917,47,16384,458,4,11,ok,,0.14471281226724386,0.020945247262716293,0.5279306173324585
46922,Diabetes130US,hydra_small,917,47,16384,458,4,11,ok,,0.2338999854400754,0.10721752606332302,0.5318182110786438
46922,Diabetes130US,tabpfn,917,47,16384,458,4,11,ok,,0.15871892124414444,0.021406611427664757,0.5519737005233765
46922,Diabetes130US,hybrid_8l,917,47,16384,458,4,11,ok,,0.13970009423792362,0.014960386790335178,0.5101674795150757
46922,Diabetes130US,hydra,917,47,16384,458,4,12,ok,,0.14597152825444937,0.020959745161235332,0.5279306173324585
46922,Diabetes130US,hydra_small,917,47,16384,458,4,12,ok,,0.2336709713563323,0.10721805691719055,0.5318182110786438
46922,Diabetes130US,hybrid_8l,917,47,16384,458,4,12,ok,,0.13935745507478714,0.01473238505423069,0.5101674795150757
46922,Diabetes130US,tabpfn,917,47,16384,458,4,12,ok,,0.14686506148427725,0.021529444493353367,0.5519737005233765
46922,Diabetes130US,hybrid_8l,917,47,16384,458,4,13,ok,,0.13882813230156898,0.01476597785949707,0.5101674795150757
46922,Diabetes130US,tabpfn,917,47,16384,458,4,13,ok,,0.14581272564828396,0.021506580524146557,0.5519737005233765
46922,Diabetes130US,hydra_small,917,47,16384,458,4,13,ok,,0.2339801760390401,0.10719980206340551,0.5318182110786438
46922,Diabetes130US,hydra,917,47,16384,458,4,13,ok,,0.14548548590391874,0.021046378649771214,0.5279306173324585
46922,Diabetes130US,hydra,917,47,16384,458,4,14,ok,,0.14523015171289444,0.02113698050379753,0.5279306173324585
46922,Diabetes130US,hydra_small,917,47,16384,458,4,14,ok,,0.23486031405627728,0.10720888990908861,0.5318182110786438
46922,Diabetes130US,tabpfn,917,47,16384,458,4,14,ok,,0.14616962242871523,0.021437039598822594,0.5519737005233765
46922,Diabetes130US,hybrid_8l,917,47,16384,458,4,14,ok,,0.13860794436186552,0.014752032235264778,0.5101674795150757
46922,Diabetes130US,hybrid_8l,917,47,16384,458,4,15,ok,,0.13879428803920746,0.014742192812263966,0.5101674795150757
46922,Diabetes130US,hydra_small,917,47,16384,458,4,15,ok,,0.23524501267820597,0.10722240526229143,0.5318182110786438
46922,Diabetes130US,hydra,917,47,16384,458,4,15,ok,,0.14623991586267948,0.021004208363592625,0.5279306173324585
46922,Diabetes130US,tabpfn,917,47,16384,458,4,15,ok,,0.14692766964435577,0.02140922751277685,0.5519737005233765
46922,Diabetes130US,hybrid_8l,917,47,16384,458,5,1,ok,,0.1388289239257574,0.014788291417062283,0.5048254132270813
46922,Diabetes130US,hydra,917,47,16384,458,5,1,ok,,0.14519627764821053,0.02094996441155672,0.49008598923683167
46922,Diabetes130US,tabpfn,917,47,16384,458,5,1,ok,,0.14573608990758657,0.021408173255622387,0.5347136855125427
46922,Diabetes130US,hydra_small,917,47,16384,458,5,1,ok,,0.23297643475234509,0.1072098109871149,0.5232496857643127
46922,Diabetes130US,tabpfn,917,47,16384,458,5,2,ok,,0.14520404301583767,0.021387726068496704,0.5347136855125427
46922,Diabetes130US,hydra,917,47,16384,458,5,2,ok,,0.14399523194879293,0.02101971860975027,0.49008598923683167
46922,Diabetes130US,hybrid_8l,917,47,16384,458,5,2,ok,,0.13794770371168852,0.01471676491200924,0.5048254132270813
46922,Diabetes130US,hydra_small,917,47,16384,458,5,2,ok,,0.23300796281546354,0.10717960447072983,0.5232496857643127
46922,Diabetes130US,tabpfn,917,47,16384,458,5,3,ok,,0.14508958533406258,0.021377875469624996,0.5347136855125427
46922,Diabetes130US,hydra_small,917,47,16384,458,5,3,ok,,0.2736352542415261,0.1072274949401617,0.5232496857643127
46922,Diabetes130US,hybrid_8l,917,47,16384,458,5,3,ok,,0.1896576341241598,0.01494828425347805,0.5048254132270813
46922,Diabetes130US,hydra,917,47,16384,458,5,3,ok,,0.14384933561086655,0.02094880398362875,0.49008598923683167
46922,Diabetes130US,tabpfn,917,47,16384,458,5,4,ok,,0.14467238634824753,0.02161022648215294,0.5347136855125427
46922,Diabetes130US,hydra,917,47,16384,458,5,4,ok,,0.14386399276554585,0.02098285872489214,0.49008598923683167
46922,Diabetes130US,hydra_small,917,47,16384,458,5,4,ok,,0.23227540589869022,0.10722312610596418,0.5232496857643127
46922,Diabetes130US,hybrid_8l,917,47,16384,458,5,4,ok,,0.13736664317548275,0.014741301536560059,0.5048254132270813
46922,Diabetes130US,hydra,917,47,16384,458,5,5,ok,,0.14423213060945272,0.02097655739635229,0.49008598923683167
46922,Diabetes130US,hydra_small,917,47,16384,458,5,5,ok,,0.23312796093523502,0.10720720700919628,0.5232496857643127
46922,Diabetes130US,tabpfn,917,47,16384,458,5,5,ok,,0.14548563584685326,0.021408425644040108,0.5347136855125427
46922,Diabetes130US,hybrid_8l,917,47,16384,458,5,5,ok,,0.13771567400544882,0.014794303104281425,0.5048254132270813
46922,Diabetes130US,hydra,917,47,16384,458,5,6,ok,,0.1446287129074335,0.020933765918016434,0.49008598923683167
46922,Diabetes130US,hydra_small,917,47,16384,458,5,6,ok,,0.23324562422931194,0.10732624121010303,0.5232496857643127
46922,Diabetes130US,hybrid_8l,917,47,16384,458,5,6,ok,,0.1384238563477993,0.014745199121534824,0.5048254132270813
46922,Diabetes130US,tabpfn,917,47,16384,458,5,6,ok,,0.1466863015666604,0.0213934862986207,0.5347136855125427
46922,Diabetes130US,hybrid_8l,917,47,16384,458,5,7,ok,,0.13882177975028753,0.014777961187064648,0.5048254132270813
46922,Diabetes130US,hydra_small,917,47,16384,458,5,7,ok,,0.2332701599225402,0.10728644579648972,0.5232496857643127
46922,Diabetes130US,hydra,917,47,16384,458,5,7,ok,,0.14507458824664354,0.02096504531800747,0.49008598923683167
46922,Diabetes130US,tabpfn,917,47,16384,458,5,7,ok,,0.14550615567713976,0.021564921364188194,0.5347136855125427
46922,Diabetes130US,hydra_small,917,47,16384,458,5,8,ok,,0.23302066791802645,0.10715650115162134,0.5232496857643127
46922,Diabetes130US,tabpfn,917,47,16384,458,5,8,ok,,0.1454071681946516,0.021427319385111332,0.5347136855125427
46922,Diabetes130US,hydra,917,47,16384,458,5,8,ok,,0.14482438284903765,0.02102424670010805,0.49008598923683167
46922,Diabetes130US,hybrid_8l,917,47,16384,458,5,8,ok,,0.13803627248853445,0.014739397913217545,0.5048254132270813
46922,Diabetes130US,hydra,917,47,16384,458,5,9,ok,,0.1455464605242014,0.02096631657332182,0.49008598923683167
46922,Diabetes130US,tabpfn,917,47,16384,458,5,9,ok,,0.14547863323241472,0.0214087450876832,0.5347136855125427
46922,Diabetes130US,hydra_small,917,47,16384,458,5,9,ok,,0.23296372033655643,0.10721428040415049,0.5232496857643127
46922,Diabetes130US,hybrid_8l,917,47,16384,458,5,9,ok,,0.137919370085001,0.014722376130521297,0.5048254132270813
46922,Diabetes130US,hydra,917,47,16384,458,5,10,ok,,0.1446329802274704,0.021265123039484024,0.49008598923683167
46922,Diabetes130US,tabpfn,917,47,16384,458,5,10,ok,,0.14492000453174114,0.021509005688130856,0.5347136855125427
46922,Diabetes130US,hybrid_8l,917,47,16384,458,5,10,ok,,0.13786013703793287,0.0150218540802598,0.5048254132270813
46922,Diabetes130US,hydra_small,917,47,16384,458,5,10,ok,,0.23375537898391485,0.10748469270765781,0.5232496857643127
46922,Diabetes130US,hydra_small,917,47,16384,458,5,11,ok,,0.23434103932231665,0.10845614224672318,0.5232496857643127
46922,Diabetes130US,tabpfn,917,47,16384,458,5,11,ok,,0.14638993982225657,0.021868946962058544,0.5347136855125427
46922,Diabetes130US,hybrid_8l,917,47,16384,458,5,11,ok,,0.14069366548210382,0.015850353054702282,0.5048254132270813
46922,Diabetes130US,hydra,917,47,16384,458,5,11,ok,,0.14976964239031076,0.022665065713226795,0.49008598923683167
46922,Diabetes130US,tabpfn,917,47,16384,458,5,12,ok,,0.14921199716627598,0.02450883947312832,0.5347136855125427
46922,Diabetes130US,hydra_small,917,47,16384,458,5,12,ok,,0.24991366639733315,0.1238085413351655,0.5232496857643127
46922,Diabetes130US,hybrid_8l,917,47,16384,458,5,12,ok,,0.13828986044973135,0.014869184233248234,0.5048254132270813
46922,Diabetes130US,hydra,917,47,16384,458,5,12,ok,,0.14546790253371,0.02098663430660963,0.49008598923683167
46922,Diabetes130US,tabpfn,917,47,16384,458,5,13,ok,,0.14539068657904863,0.021628291346132755,0.5347136855125427
46922,Diabetes130US,hybrid_8l,917,47,16384,458,5,13,ok,,0.13837359007447958,0.014828195795416832,0.5048254132270813
46922,Diabetes130US,hydra,917,47,16384,458,5,13,ok,,0.14450484793633223,0.02100351732224226,0.49008598923683167
46922,Diabetes130US,hydra_small,917,47,16384,458,5,13,ok,,0.23307835683226585,0.10719652567058802,0.5232496857643127
46922,Diabetes130US,hydra,917,47,16384,458,5,14,ok,,0.14365256298333406,0.02095133811235428,0.49008598923683167
46922,Diabetes130US,tabpfn,917,47,16384,458,5,14,ok,,0.1455753557384014,0.02143068704754114,0.5347136855125427
46922,Diabetes130US,hybrid_8l,917,47,16384,458,5,14,ok,,0.13759102765470743,0.014788080006837845,0.5048254132270813
46922,Diabetes130US,hydra_small,917,47,16384,458,5,14,ok,,0.23351013474166393,0.10736555606126785,0.5232496857643127
46922,Diabetes130US,hydra,917,47,16384,458,5,15,ok,,0.14444342255592346,0.02095367293804884,0.49008598923683167
46922,Diabetes130US,tabpfn,917,47,16384,458,5,15,ok,,0.14488704223185778,0.021500147879123688,0.5347136855125427
46922,Diabetes130US,hybrid_8l,917,47,16384,458,5,15,ok,,0.13724067341536283,0.014762712642550468,0.5048254132270813
46922,Diabetes130US,hydra_small,917,47,16384,458,5,15,ok,,0.2326448243111372,0.10725051816552877,0.5232496857643127
46929,GiveMeSomeCredit,hydra,120269,10,16384,16384,1,1,ok,,1.0466836439445615,0.764329238794744,0.5106136202812195
46929,GiveMeSomeCredit,tabpfn,120269,10,16384,16384,1,1,ok,,4.463286110199988,4.180104308761656,0.8436916470527649
46929,GiveMeSomeCredit,hybrid_8l,120269,10,16384,16384,1,1,ok,,1.9457203214988112,1.6625454733148217,0.7836177945137024
46929,GiveMeSomeCredit,hydra_small,120269,10,16384,16384,1,1,ok,,4.498270587064326,4.212471407838166,0.7765495181083679
46929,GiveMeSomeCredit,hybrid_8l,120269,10,16384,16384,1,2,ok,,1.9461346520110965,1.6626007054001093,0.7836177945137024
46929,GiveMeSomeCredit,tabpfn,120269,10,16384,16384,1,2,ok,,4.470447256229818,4.186378004960716,0.8436916470527649
46929,GiveMeSomeCredit,hydra,120269,10,16384,16384,1,2,ok,,1.0475274845957756,0.7617506682872772,0.5106136202812195
46929,GiveMeSomeCredit,hydra_small,120269,10,16384,16384,1,2,ok,,4.5053449319675565,4.215610436163843,0.7765495181083679
46929,GiveMeSomeCredit,hybrid_8l,120269,10,16384,16384,1,3,ok,,1.9482188522815704,1.6645593075081706,0.7836177945137024
46929,GiveMeSomeCredit,hydra_small,120269,10,16384,16384,1,3,ok,,4.499873364344239,4.212577437981963,0.7765495181083679
46929,GiveMeSomeCredit,tabpfn,120269,10,16384,16384,1,3,ok,,4.496942533180118,4.182772126980126,0.8436916470527649
46929,GiveMeSomeCredit,hydra,120269,10,16384,16384,1,3,ok,,1.0454040952026844,0.7626092210412025,0.5106136202812195
46929,GiveMeSomeCredit,hydra,120269,10,16384,16384,1,4,ok,,1.0448646433651447,0.7612091572955251,0.5106136202812195
46929,GiveMeSomeCredit,hybrid_8l,120269,10,16384,16384,1,4,ok,,1.9505162769928575,1.6639482025057077,0.7836177945137024
46929,GiveMeSomeCredit,hydra_small,120269,10,16384,16384,1,4,ok,,4.500451868399978,4.213791470043361,0.7765495181083679
46929,GiveMeSomeCredit,tabpfn,120269,10,16384,16384,1,4,ok,,4.470953869633377,4.187198534607887,0.8436916470527649
46929,GiveMeSomeCredit,hydra,120269,10,16384,16384,1,5,ok,,1.0623528342694044,0.7633733041584492,0.5106136202812195
46929,GiveMeSomeCredit,hydra_small,120269,10,16384,16384,1,5,ok,,4.501117713749409,4.214736122637987,0.7765495181083679
46929,GiveMeSomeCredit,tabpfn,120269,10,16384,16384,1,5,ok,,4.5082146236673,4.192816966213286,0.8436916470527649
46929,GiveMeSomeCredit,hybrid_8l,120269,10,16384,16384,1,5,ok,,1.9585454547777772,1.6652451269328594,0.7836177945137024
46929,GiveMeSomeCredit,hybrid_8l,120269,10,16384,16384,1,6,ok,,1.9469925351440907,1.6642405427992344,0.7836177945137024
46929,GiveMeSomeCredit,tabpfn,120269,10,16384,16384,1,6,ok,,4.472992543131113,4.186984291300178,0.8436916470527649
46929,GiveMeSomeCredit,hydra,120269,10,16384,16384,1,6,ok,,1.0492292614653707,0.7649019258096814,0.5106136202812195
46929,GiveMeSomeCredit,hydra_small,120269,10,16384,16384,1,6,ok,,4.501755283214152,4.214377437718213,0.7765495181083679
46929,GiveMeSomeCredit,hydra_small,120269,10,16384,16384,1,7,ok,,4.501220532692969,4.214076750911772,0.7765495181083679
46929,GiveMeSomeCredit,hybrid_8l,120269,10,16384,16384,1,7,ok,,1.9502751929685473,1.6665921984240413,0.7836177945137024
46929,GiveMeSomeCredit,tabpfn,120269,10,16384,16384,1,7,ok,,4.482241461984813,4.19811147172004,0.8436916470527649
46929,GiveMeSomeCredit,hydra,120269,10,16384,16384,1,7,ok,,1.052087533287704,0.7675961470231414,0.5106136202812195
46929,GiveMeSomeCredit,tabpfn,120269,10,16384,16384,1,8,ok,,4.477403748780489,4.191830111667514,0.8436916470527649
46929,GiveMeSomeCredit,hybrid_8l,120269,10,16384,16384,1,8,ok,,1.955448918044567,1.6651086006313562,0.7836177945137024
46929,GiveMeSomeCredit,hydra,120269,10,16384,16384,1,8,ok,,1.0521593559533358,0.7666934039443731,0.5106136202812195
46929,GiveMeSomeCredit,hydra_small,120269,10,16384,16384,1,8,ok,,4.507792715914547,4.214914119802415,0.7765495181083679
46929,GiveMeSomeCredit,hydra,120269,10,16384,16384,1,9,ok,,1.048886101692915,0.7651565400883555,0.5106136202812195
46929,GiveMeSomeCredit,hybrid_8l,120269,10,16384,16384,1,9,ok,,1.9504788862541318,1.6659655114635825,0.7836177945137024
46929,GiveMeSomeCredit,tabpfn,120269,10,16384,16384,1,9,ok,,4.47403306979686,4.190534717403352,0.8436916470527649
46929,GiveMeSomeCredit,hydra_small,120269,10,16384,16384,1,9,ok,,4.502951365895569,4.2130687376484275,0.7765495181083679
46929,GiveMeSomeCredit,hybrid_8l,120269,10,16384,16384,1,10,ok,,1.9480077465996146,1.6667324975132942,0.7836177945137024
46929,GiveMeSomeCredit,hydra_small,120269,10,16384,16384,1,10,ok,,4.4983410919085145,4.213987770490348,0.7765495181083679
46929,GiveMeSomeCredit,tabpfn,120269,10,16384,16384,1,10,ok,,4.477638088166714,4.196072367951274,0.8436916470527649
46929,GiveMeSomeCredit,hydra,120269,10,16384,16384,1,10,ok,,1.0466284155845642,0.7663622703403234,0.5106136202812195
46929,GiveMeSomeCredit,hydra_small,120269,10,16384,16384,1,11,ok,,4.498716648668051,4.217174575664103,0.7765495181083679
46929,GiveMeSomeCredit,tabpfn,120269,10,16384,16384,1,11,ok,,4.476672664284706,4.195744735188782,0.8436916470527649
46929,GiveMeSomeCredit,hydra,120269,10,16384,16384,1,11,ok,,1.0446122027933598,0.7649116888642311,0.5106136202812195
46929,GiveMeSomeCredit,hybrid_8l,120269,10,16384,16384,1,11,ok,,1.9508715402334929,1.6699293339625,0.7836177945137024
46929,GiveMeSomeCredit,tabpfn,120269,10,16384,16384,1,12,ok,,4.479942640289664,4.198616256937385,0.8436916470527649
46929,GiveMeSomeCredit,hydra_small,120269,10,16384,16384,1,12,ok,,4.502090889960527,4.219149907119572,0.7765495181083679
46929,GiveMeSomeCredit,hydra,120269,10,16384,16384,1,12,ok,,1.0460995370522141,0.7655844306573272,0.5106136202812195
46929,GiveMeSomeCredit,hybrid_8l,120269,10,16384,16384,1,12,ok,,1.9481775583699346,1.667967651039362,0.7836177945137024
46929,GiveMeSomeCredit,tabpfn,120269,10,16384,16384,1,13,ok,,4.474091598764062,4.192364196293056,0.8436916470527649
46929,GiveMeSomeCredit,hybrid_8l,120269,10,16384,16384,1,13,ok,,1.9496834678575397,1.6686225375160575,0.7836177945137024
46929,GiveMeSomeCredit,hydra_small,120269,10,16384,16384,1,13,ok,,4.496796821244061,4.214043654501438,0.7765495181083679
46929,GiveMeSomeCredit,hydra,120269,10,16384,16384,1,13,ok,,1.0474798893555999,0.7665359918028116,0.5106136202812195
46929,GiveMeSomeCredit,hydra,120269,10,16384,16384,1,14,ok,,1.0448885979130864,0.7643401101231575,0.5106136202812195
46929,GiveMeSomeCredit,hydra_small,120269,10,16384,16384,1,14,ok,,4.501464736647904,4.218658370897174,0.7765495181083679
46929,GiveMeSomeCredit,hybrid_8l,120269,10,16384,16384,1,14,ok,,1.949340920895338,1.6680533438920975,0.7836177945137024
46929,GiveMeSomeCredit,tabpfn,120269,10,16384,16384,1,14,ok,,4.477989960461855,4.195602918975055,0.8436916470527649
46929,GiveMeSomeCredit,hydra,120269,10,16384,16384,1,15,ok,,1.0531184282153845,0.765799873508513,0.5106136202812195
46929,GiveMeSomeCredit,tabpfn,120269,10,16384,16384,1,15,ok,,4.4738432466983795,4.192747010849416,0.8436916470527649
46929,GiveMeSomeCredit,hydra_small,120269,10,16384,16384,1,15,ok,,4.502417772077024,4.2177015179768205,0.7765495181083679
46929,GiveMeSomeCredit,hybrid_8l,120269,10,16384,16384,1,15,ok,,1.9483123840764165,1.667429062537849,0.7836177945137024
46929,GiveMeSomeCredit,tabpfn,120269,10,16384,16384,2,1,ok,,4.491225057281554,4.197966237552464,0.8496960401535034
46929,GiveMeSomeCredit,hydra,120269,10,16384,16384,2,1,ok,,1.059800854884088,0.766636866144836,0.5249460339546204
46929,GiveMeSomeCredit,hybrid_8l,120269,10,16384,16384,2,1,ok,,1.9636612916365266,1.6700855530798435,0.7916791439056396
46929,GiveMeSomeCredit,hydra_small,120269,10,16384,16384,2,1,ok,,4.517389222048223,4.222037047147751,0.7780167460441589
46929,GiveMeSomeCredit,tabpfn,120269,10,16384,16384,2,2,ok,,4.48868000973016,4.196256935596466,0.8496960401535034
46929,GiveMeSomeCredit,hydra,120269,10,16384,16384,2,2,ok,,1.0582358054816723,0.7656597327440977,0.5249460339546204
46929,GiveMeSomeCredit,hydra_small,120269,10,16384,16384,2,2,ok,,4.5207930486649275,4.2172683496028185,0.7780167460441589
46929,GiveMeSomeCredit,hybrid_8l,120269,10,16384,16384,2,2,ok,,1.9624733729287982,1.667356445454061,0.7916791439056396
46929,GiveMeSomeCredit,tabpfn,120269,10,16384,16384,2,3,ok,,4.4907712284475565,4.196693028323352,0.8496960401535034
46929,GiveMeSomeCredit,hydra_small,120269,10,16384,16384,2,3,ok,,4.508780295029283,4.214319249615073,0.7780167460441589
46929,GiveMeSomeCredit,hydra,120269,10,16384,16384,2,3,ok,,1.0682784700766206,0.7667275005951524,0.5249460339546204
46929,GiveMeSomeCredit,hybrid_8l,120269,10,16384,16384,2,3,ok,,1.9623985644429922,1.6685711406171322,0.7916791439056396
46929,GiveMeSomeCredit,hydra_small,120269,10,16384,16384,2,4,ok,,4.509479672648013,4.215614576824009,0.7780167460441589
46929,GiveMeSomeCredit,hybrid_8l,120269,10,16384,16384,2,4,ok,,1.9597285827621818,1.6673176037147641,0.7916791439056396
46929,GiveMeSomeCredit,tabpfn,120269,10,16384,16384,2,4,ok,,4.490338425152004,4.194870105013251,0.8496960401535034
46929,GiveMeSomeCredit,hydra,120269,10,16384,16384,2,4,ok,,1.0685448599979281,0.76453104801476,0.5249460339546204
46929,GiveMeSomeCredit,hybrid_8l,120269,10,16384,16384,2,5,ok,,1.9628014015033841,1.668661406263709,0.7916791439056396
46929,GiveMeSomeCredit,tabpfn,120269,10,16384,16384,2,5,ok,,4.487533674575388,4.19452858902514,0.8496960401535034
46929,GiveMeSomeCredit,hydra,120269,10,16384,16384,2,5,ok,,1.0551534658297896,0.7651122361421585,0.5249460339546204
46929,GiveMeSomeCredit,hydra_small,120269,10,16384,16384,2,5,ok,,4.5121621415019035,4.219586641527712,0.7780167460441589
46929,GiveMeSomeCredit,hydra_small,120269,10,16384,16384,2,6,ok,,4.508373589254916,4.215985493734479,0.7780167460441589
46929,GiveMeSomeCredit,hydra,120269,10,16384,16384,2,6,ok,,1.0588838616386056,0.7657754020765424,0.5249460339546204
46929,GiveMeSomeCredit,tabpfn,120269,10,16384,16384,2,6,ok,,4.491300023160875,4.198380220681429,0.8496960401535034
46929,GiveMeSomeCredit,hybrid_8l,120269,10,16384,16384,2,6,ok,,1.9624739596620202,1.6687431018799543,0.7916791439056396
46929,GiveMeSomeCredit,hydra_small,120269,10,16384,16384,2,7,ok,,4.535229540430009,4.21760852728039,0.7780167460441589
46929,GiveMeSomeCredit,hydra,120269,10,16384,16384,2,7,ok,,1.0589084550738335,0.7658019997179508,0.5249460339546204
46929,GiveMeSomeCredit,hybrid_8l,120269,10,16384,16384,2,7,ok,,1.962100738659501,1.6698817862197757,0.7916791439056396
46929,GiveMeSomeCredit,tabpfn,120269,10,16384,16384,2,7,ok,,4.490545919165015,4.19631028547883,0.8496960401535034
46929,GiveMeSomeCredit,hybrid_8l,120269,10,16384,16384,2,8,ok,,1.96859510242939,1.6679109605029225,0.7916791439056396
46929,GiveMeSomeCredit,hydra,120269,10,16384,16384,2,8,ok,,1.0619316203519702,0.7637510513886809,0.5249460339546204
46929,GiveMeSomeCredit,tabpfn,120269,10,16384,16384,2,8,ok,,4.490419761277735,4.1974298395216465,0.8496960401535034
46929,GiveMeSomeCredit,hydra_small,120269,10,16384,16384,2,8,ok,,4.519445823505521,4.213800062425435,0.7780167460441589
46929,GiveMeSomeCredit,hydra_small,120269,10,16384,16384,2,9,ok,,4.515470696613193,4.217866122722626,0.7780167460441589
46929,GiveMeSomeCredit,hydra,120269,10,16384,16384,2,9,ok,,1.0599596500396729,0.7658135779201984,0.5249460339546204
46929,GiveMeSomeCredit,hybrid_8l,120269,10,16384,16384,2,9,ok,,1.961354786530137,1.669246643781662,0.7916791439056396
46929,GiveMeSomeCredit,tabpfn,120269,10,16384,16384,2,9,ok,,4.490845461376011,4.197483556345105,0.8496960401535034
46929,GiveMeSomeCredit,hydra,120269,10,16384,16384,2,10,ok,,1.0571858724579215,0.7648432478308678,0.5249460339546204
46929,GiveMeSomeCredit,tabpfn,120269,10,16384,16384,2,10,ok,,4.486551880836487,4.19332542270422,0.8496960401535034
46929,GiveMeSomeCredit,hydra_small,120269,10,16384,16384,2,10,ok,,4.512004662305117,4.216130405664444,0.7780167460441589
46929,GiveMeSomeCredit,hybrid_8l,120269,10,16384,16384,2,10,ok,,1.9591521341353655,1.6679183319211006,0.7916791439056396
46929,GiveMeSomeCredit,hydra,120269,10,16384,16384,2,11,ok,,1.1120363753288984,0.765752368606627,0.5249460339546204
46929,GiveMeSomeCredit,tabpfn,120269,10,16384,16384,2,11,ok,,4.485824360512197,4.19142715446651,0.8496960401535034
46929,GiveMeSomeCredit,hydra_small,120269,10,16384,16384,2,11,ok,,4.6442744536325336,4.213385835289955,0.7780167460441589
46929,GiveMeSomeCredit,hybrid_8l,120269,10,16384,16384,2,11,ok,,1.9622723208740354,1.668637178838253,0.7916791439056396
46929,GiveMeSomeCredit,hybrid_8l,120269,10,16384,16384,2,12,ok,,2.09699166379869,1.6674732929095626,0.7916791439056396
46929,GiveMeSomeCredit,hydra,120269,10,16384,16384,2,12,ok,,1.0573499482125044,0.7655095057561994,0.5249460339546204
46929,GiveMeSomeCredit,hydra_small,120269,10,16384,16384,2,12,ok,,4.512127484194934,4.216404755599797,0.7780167460441589
46929,GiveMeSomeCredit,tabpfn,120269,10,16384,16384,2,12,ok,,4.489698854275048,4.1934750666841865,0.8496960401535034
46929,GiveMeSomeCredit,hydra,120269,10,16384,16384,2,13,ok,,1.1664578635245562,0.7650200566276908,0.5249460339546204
46929,GiveMeSomeCredit,hybrid_8l,120269,10,16384,16384,2,13,ok,,1.9643182810395956,1.6676488211378455,0.7916791439056396
46929,GiveMeSomeCredit,tabpfn,120269,10,16384,16384,2,13,ok,,4.50581990275532,4.192771066911519,0.8496960401535034
46929,GiveMeSomeCredit,hydra_small,120269,10,16384,16384,2,13,ok,,4.511756003834307,4.21379931550473,0.7780167460441589
46929,GiveMeSomeCredit,hydra,120269,10,16384,16384,2,14,ok,,1.0584017354995012,0.7645166628062725,0.5249460339546204
46929,GiveMeSomeCredit,hybrid_8l,120269,10,16384,16384,2,14,ok,,1.959129094146192,1.6668545613065362,0.7916791439056396
46929,GiveMeSomeCredit,hydra_small,120269,10,16384,16384,2,14,ok,,4.51315713301301,4.216720012947917,0.7780167460441589
46929,GiveMeSomeCredit,tabpfn,120269,10,16384,16384,2,14,ok,,4.497887797653675,4.195264486595988,0.8496960401535034
46929,GiveMeSomeCredit,hydra_small,120269,10,16384,16384,2,15,ok,,4.512272880412638,4.214566414244473,0.7780167460441589
46929,GiveMeSomeCredit,hybrid_8l,120269,10,16384,16384,2,15,ok,,1.9595858650282025,1.6666373359039426,0.7916791439056396
46929,GiveMeSomeCredit,tabpfn,120269,10,16384,16384,2,15,ok,,4.537834954448044,4.19802560005337,0.8496960401535034
46929,GiveMeSomeCredit,hydra,120269,10,16384,16384,2,15,ok,,1.0703725023195148,0.7653263211250305,0.5249460339546204
46929,GiveMeSomeCredit,tabpfn,120269,10,16384,16384,3,1,ok,,4.613535911776125,4.199536547996104,0.8457385301589966
46929,GiveMeSomeCredit,hydra,120269,10,16384,16384,3,1,ok,,1.0723931891843677,0.7656425898894668,0.49785473942756653
46929,GiveMeSomeCredit,hybrid_8l,120269,10,16384,16384,3,1,ok,,1.9741853205487132,1.6699039600789547,0.7839460372924805
46929,GiveMeSomeCredit,hydra_small,120269,10,16384,16384,3,1,ok,,4.517039101570845,4.218293610960245,0.7901530265808105
46929,GiveMeSomeCredit,hydra_small,120269,10,16384,16384,3,2,ok,,4.5123849511146545,4.2152229100465775,0.7901530265808105
46929,GiveMeSomeCredit,hybrid_8l,120269,10,16384,16384,3,2,ok,,1.9687714902684093,1.6700589712709188,0.7839460372924805
46929,GiveMeSomeCredit,hydra,120269,10,16384,16384,3,2,ok,,1.0605485551059246,0.7666296577081084,0.49785473942756653
46929,GiveMeSomeCredit,tabpfn,120269,10,16384,16384,3,2,ok,,4.489490697160363,4.193415234796703,0.8457385301589966
46929,GiveMeSomeCredit,hybrid_8l,120269,10,16384,16384,3,3,ok,,1.9671701425686479,1.670011737383902,0.7839460372924805
46929,GiveMeSomeCredit,hydra,120269,10,16384,16384,3,3,ok,,1.1126076690852642,0.7651854092255235,0.49785473942756653
46929,GiveMeSomeCredit,tabpfn,120269,10,16384,16384,3,3,ok,,4.492774712853134,4.195841395296156,0.8457385301589966
46929,GiveMeSomeCredit,hydra_small,120269,10,16384,16384,3,3,ok,,4.516334666870534,4.218616032972932,0.7901530265808105
46929,GiveMeSomeCredit,tabpfn,120269,10,16384,16384,3,4,ok,,4.488417008891702,4.193022347986698,0.8457385301589966
46929,GiveMeSomeCredit,hydra,120269,10,16384,16384,3,4,ok,,1.0727627035230398,0.7662145989015698,0.49785473942756653
46929,GiveMeSomeCredit,hydra_small,120269,10,16384,16384,3,4,ok,,4.569824475795031,4.218129743821919,0.7901530265808105
46929,GiveMeSomeCredit,hybrid_8l,120269,10,16384,16384,3,4,ok,,1.9636534815654159,1.6669701086357236,0.7839460372924805
46929,GiveMeSomeCredit,hydra_small,120269,10,16384,16384,3,5,ok,,4.5147376991808414,4.215200278908014,0.7901530265808105
46929,GiveMeSomeCredit,tabpfn,120269,10,16384,16384,3,5,ok,,4.497088885866106,4.200375396758318,0.8457385301589966
46929,GiveMeSomeCredit,hydra,120269,10,16384,16384,3,5,ok,,1.0710591915994883,0.7663751607760787,0.49785473942756653
46929,GiveMeSomeCredit,hybrid_8l,120269,10,16384,16384,3,5,ok,,1.961859899573028,1.6658346438780427,0.7839460372924805
46929,GiveMeSomeCredit,hydra,120269,10,16384,16384,3,6,ok,,1.0626202719286084,0.7653815373778343,0.49785473942756653
46929,GiveMeSomeCredit,tabpfn,120269,10,16384,16384,3,6,ok,,4.490797018632293,4.195369265973568,0.8457385301589966
46929,GiveMeSomeCredit,hybrid_8l,120269,10,16384,16384,3,6,ok,,1.964234366081655,1.6690205074846745,0.7839460372924805
46929,GiveMeSomeCredit,hydra_small,120269,10,16384,16384,3,6,ok,,4.513445266522467,4.215060479938984,0.7901530265808105
46929,GiveMeSomeCredit,hybrid_8l,120269,10,16384,16384,3,7,ok,,1.9641222609207034,1.6689504534006119,0.7839460372924805
46929,GiveMeSomeCredit,hydra_small,120269,10,16384,16384,3,7,ok,,4.51469063013792,4.215932507999241,0.7901530265808105
46929,GiveMeSomeCredit,tabpfn,120269,10,16384,16384,3,7,ok,,4.491944319568574,4.196290689520538,0.8457385301589966
46929,GiveMeSomeCredit,hydra,120269,10,16384,16384,3,7,ok,,1.0590771054849029,0.7636613557115197,0.49785473942756653
46929,GiveMeSomeCredit,tabpfn,120269,10,16384,16384,3,8,ok,,4.489654607139528,4.194146293215454,0.8457385301589966
46929,GiveMeSomeCredit,hydra_small,120269,10,16384,16384,3,8,ok,,4.512499707750976,4.216202218085527,0.7901530265808105
46929,GiveMeSomeCredit,hydra,120269,10,16384,16384,3,8,ok,,1.0566388927400112,0.7639235714450479,0.49785473942756653
46929,GiveMeSomeCredit,hybrid_8l,120269,10,16384,16384,3,8,ok,,1.9627875750884414,1.6674293065443635,0.7839460372924805
46929,GiveMeSomeCredit,hybrid_8l,120269,10,16384,16384,3,9,ok,,1.964146127924323,1.6669835010543466,0.7839460372924805
46929,GiveMeSomeCredit,tabpfn,120269,10,16384,16384,3,9,ok,,4.503140508197248,4.199519854038954,0.8457385301589966
46929,GiveMeSomeCredit,hydra_small,120269,10,16384,16384,3,9,ok,,4.518997670151293,4.219959117472172,0.7901530265808105
46929,GiveMeSomeCredit,hydra,120269,10,16384,16384,3,9,ok,,1.059125061146915,0.7635713219642639,0.49785473942756653
46929,GiveMeSomeCredit,hybrid_8l,120269,10,16384,16384,3,10,ok,,1.967514917254448,1.6697970386594534,0.7839460372924805
46929,GiveMeSomeCredit,hydra,120269,10,16384,16384,3,10,ok,,1.1103019854053855,0.7653800584375858,0.49785473942756653
46929,GiveMeSomeCredit,hydra_small,120269,10,16384,16384,3,10,ok,,4.514406914822757,4.216623320244253,0.7901530265808105
46929,GiveMeSomeCredit,tabpfn,120269,10,16384,16384,3,10,ok,,4.492163278162479,4.192967407405376,0.8457385301589966
46929,GiveMeSomeCredit,hybrid_8l,120269,10,16384,16384,3,11,ok,,2.003341884352267,1.6685756705701351,0.7839460372924805
46929,GiveMeSomeCredit,hydra_small,120269,10,16384,16384,3,11,ok,,4.519068390130997,4.21421782579273,0.7901530265808105
46929,GiveMeSomeCredit,tabpfn,120269,10,16384,16384,3,11,ok,,4.49180256575346,4.195578218437731,0.8457385301589966
46929,GiveMeSomeCredit,hydra,120269,10,16384,16384,3,11,ok,,1.06302141956985,0.7644449044018984,0.49785473942756653
46929,GiveMeSomeCredit,hybrid_8l,120269,10,16384,16384,3,12,ok,,1.963571579195559,1.6679405141621828,0.7839460372924805
46929,GiveMeSomeCredit,tabpfn,120269,10,16384,16384,3,12,ok,,4.495145846158266,4.196519635617733,0.8457385301589966
46929,GiveMeSomeCredit,hydra,120269,10,16384,16384,3,12,ok,,1.0612889677286148,0.7651391187682748,0.49785473942756653
46929,GiveMeSomeCredit,hydra_small,120269,10,16384,16384,3,12,ok,,4.59601416438818,4.297754460014403,0.7901530265808105
46929,GiveMeSomeCredit,hydra_small,120269,10,16384,16384,3,13,ok,,4.5166026735678315,4.217224488966167,0.7901530265808105
46929,GiveMeSomeCredit,hydra,120269,10,16384,16384,3,13,ok,,1.0609393324702978,0.7650983994826674,0.49785473942756653
46929,GiveMeSomeCredit,hybrid_8l,120269,10,16384,16384,3,13,ok,,1.9640650786459446,1.6686713742092252,0.7839460372924805
46929,GiveMeSomeCredit,tabpfn,120269,10,16384,16384,3,13,ok,,4.49430092331022,4.1991201136261225,0.8457385301589966
46929,GiveMeSomeCredit,hydra,120269,10,16384,16384,3,14,ok,,1.0611380776390433,0.7663886239752173,0.49785473942756653
46929,GiveMeSomeCredit,hybrid_8l,120269,10,16384,16384,3,14,ok,,1.9643425028771162,1.6684816936030984,0.7839460372924805
46929,GiveMeSomeCredit,hydra_small,120269,10,16384,16384,3,14,ok,,4.51901210937649,4.218452516943216,0.7901530265808105
46929,GiveMeSomeCredit,tabpfn,120269,10,16384,16384,3,14,ok,,4.491095393896103,4.196336282417178,0.8457385301589966
46929,GiveMeSomeCredit,tabpfn,120269,10,16384,16384,3,15,ok,,4.4904692228883505,4.1937318835407495,0.8457385301589966
46929,GiveMeSomeCredit,hydra,120269,10,16384,16384,3,15,ok,,1.0635176338255405,0.7642708299681544,0.49785473942756653
46929,GiveMeSomeCredit,hybrid_8l,120269,10,16384,16384,3,15,ok,,1.995029179379344,1.6683722026646137,0.7839460372924805
46929,GiveMeSomeCredit,hydra_small,120269,10,16384,16384,3,15,ok,,4.5129481088370085,4.214484870433807,0.7901530265808105
46929,GiveMeSomeCredit,hydra,120269,10,16384,16384,4,1,ok,,1.0526567148044705,0.7649441557005048,0.5035079717636108
46929,GiveMeSomeCredit,hydra_small,120269,10,16384,16384,4,1,ok,,4.529693251475692,4.233588642440736,0.7924838662147522
46929,GiveMeSomeCredit,tabpfn,120269,10,16384,16384,4,1,ok,,4.513568178750575,4.193318400532007,0.8534674048423767
46929,GiveMeSomeCredit,hybrid_8l,120269,10,16384,16384,4,1,ok,,2.024777247570455,1.6669896394014359,0.796938955783844
46929,GiveMeSomeCredit,hydra_small,120269,10,16384,16384,4,2,ok,,4.548288286663592,4.214302075095475,0.7924838662147522
46929,GiveMeSomeCredit,tabpfn,120269,10,16384,16384,4,2,ok,,4.504823952913284,4.213928773999214,0.8534674048423767
46929,GiveMeSomeCredit,hybrid_8l,120269,10,16384,16384,4,2,ok,,1.9771155612543225,1.6684936853125691,0.796938955783844
46929,GiveMeSomeCredit,hydra,120269,10,16384,16384,4,2,ok,,1.4887069817632437,0.7667788788676262,0.5035079717636108
46929,GiveMeSomeCredit,hybrid_8l,120269,10,16384,16384,4,3,ok,,2.204208504408598,1.6683459347113967,0.796938955783844
46929,GiveMeSomeCredit,tabpfn,120269,10,16384,16384,4,3,ok,,4.482925606891513,4.195013280957937,0.8534674048423767
46929,GiveMeSomeCredit,hydra_small,120269,10,16384,16384,4,3,ok,,4.504211846739054,4.215853383764625,0.7924838662147522
46929,GiveMeSomeCredit,hydra,120269,10,16384,16384,4,3,ok,,1.0592088643461466,0.765846841968596,0.5035079717636108
46929,GiveMeSomeCredit,tabpfn,120269,10,16384,16384,4,4,ok,,4.483069294132292,4.195727979764342,0.8534674048423767
46929,GiveMeSomeCredit,hydra,120269,10,16384,16384,4,4,ok,,1.1008102428168058,0.7650872217491269,0.5035079717636108
46929,GiveMeSomeCredit,hydra_small,120269,10,16384,16384,4,4,ok,,4.505113145336509,4.218182569369674,0.7924838662147522
46929,GiveMeSomeCredit,hybrid_8l,120269,10,16384,16384,4,4,ok,,1.9543931242078543,1.6682747453451157,0.796938955783844
46929,GiveMeSomeCredit,hybrid_8l,120269,10,16384,16384,4,5,ok,,2.115386890247464,1.6698064170777798,0.796938955783844
46929,GiveMeSomeCredit,tabpfn,120269,10,16384,16384,4,5,ok,,4.4804378701373935,4.195847577415407,0.8534674048423767
46929,GiveMeSomeCredit,hydra,120269,10,16384,16384,4,5,ok,,1.0498766796663404,0.7666655909270048,0.5035079717636108
46929,GiveMeSomeCredit,hydra_small,120269,10,16384,16384,4,5,ok,,4.5029724426567554,4.215578167699277,0.7924838662147522
46929,GiveMeSomeCredit,hydra,120269,10,16384,16384,4,6,ok,,1.0513575347140431,0.7668895348906517,0.5035079717636108
46929,GiveMeSomeCredit,tabpfn,120269,10,16384,16384,4,6,ok,,4.476816053502262,4.191164469346404,0.8534674048423767
46929,GiveMeSomeCredit,hybrid_8l,120269,10,16384,16384,4,6,ok,,1.952787215821445,1.6658753659576178,0.796938955783844
46929,GiveMeSomeCredit,hydra_small,120269,10,16384,16384,4,6,ok,,4.502898336388171,4.215409924276173,0.7924838662147522
46929,GiveMeSomeCredit,hydra,120269,10,16384,16384,4,7,ok,,1.0530737852677703,0.7661278005689383,0.5035079717636108
46929,GiveMeSomeCredit,tabpfn,120269,10,16384,16384,4,7,ok,,4.482767632231116,4.194812485948205,0.8534674048423767
46929,GiveMeSomeCredit,hydra_small,120269,10,16384,16384,4,7,ok,,4.505445926450193,4.216912316158414,0.7924838662147522
46929,GiveMeSomeCredit,hybrid_8l,120269,10,16384,16384,4,7,ok,,1.9544300846755505,1.667705520056188,0.796938955783844
46929,GiveMeSomeCredit,hydra,120269,10,16384,16384,4,8,ok,,1.0536965234205127,0.7662178203463554,0.5035079717636108
46929,GiveMeSomeCredit,hybrid_8l,120269,10,16384,16384,4,8,ok,,1.962582429870963,1.6678326008841395,0.796938955783844
46929,GiveMeSomeCredit,hydra_small,120269,10,16384,16384,4,8,ok,,4.505146484822035,4.215200807899237,0.7924838662147522
46929,GiveMeSomeCredit,tabpfn,120269,10,16384,16384,4,8,ok,,4.481060618534684,4.192764688283205,0.8534674048423767
46929,GiveMeSomeCredit,tabpfn,120269,10,16384,16384,4,9,ok,,4.574470145627856,4.197549659758806,0.8534674048423767
46929,GiveMeSomeCredit,hydra,120269,10,16384,16384,4,9,ok,,1.2893089354038239,0.7664978494867682,0.5035079717636108
46929,GiveMeSomeCredit,hydra_small,120269,10,16384,16384,4,9,ok,,4.503876401111484,4.214680264703929,0.7924838662147522
46929,GiveMeSomeCredit,hybrid_8l,120269,10,16384,16384,4,9,ok,,1.9526755660772324,1.6660185502842069,0.796938955783844
46929,GiveMeSomeCredit,tabpfn,120269,10,16384,16384,4,10,ok,,4.4945321241393685,4.195240288972855,0.8534674048423767
46929,GiveMeSomeCredit,hybrid_8l,120269,10,16384,16384,4,10,ok,,1.9532833648845553,1.6681320015341043,0.796938955783844
46929,GiveMeSomeCredit,hydra,120269,10,16384,16384,4,10,ok,,1.0500789657235146,0.7645377237349749,0.5035079717636108
46929,GiveMeSomeCredit,hydra_small,120269,10,16384,16384,4,10,ok,,4.508174608461559,4.219019940122962,0.7924838662147522
46929,GiveMeSomeCredit,hydra,120269,10,16384,16384,4,11,ok,,1.062036881223321,0.7660123584792018,0.5035079717636108
46929,GiveMeSomeCredit,hybrid_8l,120269,10,16384,16384,4,11,ok,,1.9567590588703752,1.6669465051963925,0.796938955783844
46929,GiveMeSomeCredit,hydra_small,120269,10,16384,16384,4,11,ok,,4.506894299760461,4.2158817406743765,0.7924838662147522
46929,GiveMeSomeCredit,tabpfn,120269,10,16384,16384,4,11,ok,,4.563839207403362,4.197468412108719,0.8534674048423767
46929,GiveMeSomeCredit,hybrid_8l,120269,10,16384,16384,4,12,ok,,1.9549641264602542,1.6679785680025816,0.796938955783844
46929,GiveMeSomeCredit,tabpfn,120269,10,16384,16384,4,12,ok,,4.4865770898759365,4.1992541225627065,0.8534674048423767
46929,GiveMeSomeCredit,hydra,120269,10,16384,16384,4,12,ok,,1.0527494326233864,0.7658374244347215,0.5035079717636108
46929,GiveMeSomeCredit,hydra_small,120269,10,16384,16384,4,12,ok,,4.512170547619462,4.219806139357388,0.7924838662147522
46929,GiveMeSomeCredit,hydra_small,120269,10,16384,16384,4,13,ok,,4.625645319931209,4.217975158244371,0.7924838662147522
46929,GiveMeSomeCredit,hybrid_8l,120269,10,16384,16384,4,13,ok,,1.9598055463284254,1.6698230700567365,0.796938955783844
46929,GiveMeSomeCredit,hydra,120269,10,16384,16384,4,13,ok,,1.0507499622181058,0.7650713520124555,0.5035079717636108
46929,GiveMeSomeCredit,tabpfn,120269,10,16384,16384,4,13,ok,,4.483715600334108,4.196361094713211,0.8534674048423767
46929,GiveMeSomeCredit,hydra,120269,10,16384,16384,4,14,ok,,1.054108776152134,0.7667968105524778,0.5035079717636108
46929,GiveMeSomeCredit,hydra_small,120269,10,16384,16384,4,14,ok,,4.50704431720078,4.2193127470090985,0.7924838662147522
46929,GiveMeSomeCredit,tabpfn,120269,10,16384,16384,4,14,ok,,4.497404841706157,4.194822223857045,0.8534674048423767
46929,GiveMeSomeCredit,hybrid_8l,120269,10,16384,16384,4,14,ok,,1.9560807552188635,1.6693008476868272,0.796938955783844
46929,GiveMeSomeCredit,tabpfn,120269,10,16384,16384,4,15,ok,,4.481507428921759,4.195737395435572,0.8534674048423767
46929,GiveMeSomeCredit,hybrid_8l,120269,10,16384,16384,4,15,ok,,1.9565296042710543,1.6702698236331344,0.796938955783844
46929,GiveMeSomeCredit,hydra,120269,10,16384,16384,4,15,ok,,1.0524431597441435,0.7663601925596595,0.5035079717636108
46929,GiveMeSomeCredit,hydra_small,120269,10,16384,16384,4,15,ok,,4.506408494897187,4.216879218816757,0.7924838662147522
46929,GiveMeSomeCredit,hybrid_8l,120269,10,16384,16384,5,1,ok,,1.962944165803492,1.6687152655795217,0.7882295846939087
46929,GiveMeSomeCredit,hydra,120269,10,16384,16384,5,1,ok,,1.0611317493021488,0.766125357709825,0.5100287795066833
46929,GiveMeSomeCredit,tabpfn,120269,10,16384,16384,5,1,ok,,4.493497239425778,4.197720056399703,0.8493698239326477
46929,GiveMeSomeCredit,hydra_small,120269,10,16384,16384,5,1,ok,,4.67680333647877,4.2171498173847795,0.7868804335594177
46929,GiveMeSomeCredit,hybrid_8l,120269,10,16384,16384,5,2,ok,,2.3140189172700047,1.6698106806725264,0.7882295846939087
46929,GiveMeSomeCredit,hydra_small,120269,10,16384,16384,5,2,ok,,4.521671304479241,4.215207223780453,0.7868804335594177
46929,GiveMeSomeCredit,hydra,120269,10,16384,16384,5,2,ok,,1.9324204614385962,0.7648094119504094,0.5100287795066833
46929,GiveMeSomeCredit,tabpfn,120269,10,16384,16384,5,2,ok,,4.493473267182708,4.198054221458733,0.8493698239326477
46929,GiveMeSomeCredit,hydra_small,120269,10,16384,16384,5,3,ok,,4.774686973541975,4.217342924326658,0.7868804335594177
46929,GiveMeSomeCredit,hydra,120269,10,16384,16384,5,3,ok,,1.0617891428992152,0.7666306318715215,0.5100287795066833
46929,GiveMeSomeCredit,tabpfn,120269,10,16384,16384,5,3,ok,,4.495412947610021,4.199185801669955,0.8493698239326477
46929,GiveMeSomeCredit,hybrid_8l,120269,10,16384,16384,5,3,ok,,1.9644598327577114,1.6687139282003045,0.7882295846939087
46929,GiveMeSomeCredit,hydra_small,120269,10,16384,16384,5,4,ok,,4.519712173379958,4.22058424167335,0.7868804335594177
46929,GiveMeSomeCredit,tabpfn,120269,10,16384,16384,5,4,ok,,5.112703156657517,4.191813220269978,0.8493698239326477
46929,GiveMeSomeCredit,hydra,120269,10,16384,16384,5,4,ok,,1.162480004131794,0.765490310266614,0.5100287795066833
46929,GiveMeSomeCredit,hybrid_8l,120269,10,16384,16384,5,4,ok,,2.007236445322633,1.6691975416615605,0.7882295846939087
46929,GiveMeSomeCredit,hybrid_8l,120269,10,16384,16384,5,5,ok,,1.9654760556295514,1.6692867213860154,0.7882295846939087
46929,GiveMeSomeCredit,tabpfn,120269,10,16384,16384,5,5,ok,,4.49543833732605,4.197467839345336,0.8493698239326477
46929,GiveMeSomeCredit,hydra_small,120269,10,16384,16384,5,5,ok,,5.185036537237465,4.214763266965747,0.7868804335594177
46929,GiveMeSomeCredit,hydra,120269,10,16384,16384,5,5,ok,,1.0596502078697085,0.7659306637942791,0.5100287795066833
46929,GiveMeSomeCredit,hydra,120269,10,16384,16384,5,6,ok,,1.0626498106867075,0.7663669101893902,0.5100287795066833
46929,GiveMeSomeCredit,tabpfn,120269,10,16384,16384,5,6,ok,,4.884310215711594,4.198263413272798,0.8493698239326477
46929,GiveMeSomeCredit,hybrid_8l,120269,10,16384,16384,5,6,ok,,2.7159155337139964,1.6680846512317657,0.7882295846939087
46929,GiveMeSomeCredit,hydra_small,120269,10,16384,16384,5,6,ok,,4.5152541836723685,4.216121424920857,0.7868804335594177
46929,GiveMeSomeCredit,hydra,120269,10,16384,16384,5,7,ok,,1.0620394134894013,0.7642192300409079,0.5100287795066833
46929,GiveMeSomeCredit,hybrid_8l,120269,10,16384,16384,5,7,ok,,2.270055588334799,1.6694338163360953,0.7882295846939087
46929,GiveMeSomeCredit,hydra_small,120269,10,16384,16384,5,7,ok,,4.5164604764431715,4.218613772653043,0.7868804335594177
46929,GiveMeSomeCredit,tabpfn,120269,10,16384,16384,5,7,ok,,4.491689412854612,4.192273166961968,0.8493698239326477
46929,GiveMeSomeCredit,hydra_small,120269,10,16384,16384,5,8,ok,,4.964780927635729,4.216485859826207,0.7868804335594177
46929,GiveMeSomeCredit,tabpfn,120269,10,16384,16384,5,8,ok,,4.4935491336509585,4.195818620733917,0.8493698239326477
46929,GiveMeSomeCredit,hybrid_8l,120269,10,16384,16384,5,8,ok,,1.9629583870992064,1.6689995108172297,0.7882295846939087
46929,GiveMeSomeCredit,hydra,120269,10,16384,16384,5,8,ok,,1.06174430064857,0.7654853379353881,0.5100287795066833
46929,GiveMeSomeCredit,hydra,120269,10,16384,16384,5,9,ok,,1.0649498850107193,0.7664201892912388,0.5100287795066833
46929,GiveMeSomeCredit,tabpfn,120269,10,16384,16384,5,9,ok,,5.532421916723251,4.19728469569236,0.8493698239326477
46929,GiveMeSomeCredit,hybrid_8l,120269,10,16384,16384,5,9,ok,,2.6988190142437816,1.6698818523436785,0.7882295846939087
46929,GiveMeSomeCredit,hydra_small,120269,10,16384,16384,5,9,ok,,4.592582018114626,4.219120633788407,0.7868804335594177
46929,GiveMeSomeCredit,hydra_small,120269,10,16384,16384,5,10,ok,,4.519392859190702,4.220016368664801,0.7868804335594177
46929,GiveMeSomeCredit,hybrid_8l,120269,10,16384,16384,5,10,ok,,1.9868247406557202,1.6696084113791585,0.7882295846939087
46929,GiveMeSomeCredit,tabpfn,120269,10,16384,16384,5,10,ok,,4.492119053378701,4.196666697971523,0.8493698239326477
46929,GiveMeSomeCredit,hydra,120269,10,16384,16384,5,10,ok,,1.0616004075855017,0.7666949778795242,0.5100287795066833
46929,GiveMeSomeCredit,hybrid_8l,120269,10,16384,16384,5,11,ok,,1.9648451767861843,1.6708455039188266,0.7882295846939087
46929,GiveMeSomeCredit,hydra,120269,10,16384,16384,5,11,ok,,1.063200468197465,0.7671222481876612,0.5100287795066833
46929,GiveMeSomeCredit,tabpfn,120269,10,16384,16384,5,11,ok,,4.491888933815062,4.196025401353836,0.8493698239326477
46929,GiveMeSomeCredit,hydra_small,120269,10,16384,16384,5,11,ok,,4.519593372009695,4.217992218211293,0.7868804335594177
46929,GiveMeSomeCredit,tabpfn,120269,10,16384,16384,5,12,ok,,4.520197815261781,4.197333897463977,0.8493698239326477
46929,GiveMeSomeCredit,hybrid_8l,120269,10,16384,16384,5,12,ok,,1.9658143511041999,1.6687903283163905,0.7882295846939087
46929,GiveMeSomeCredit,hydra,120269,10,16384,16384,5,12,ok,,1.0590561451390386,0.7657906645908952,0.5100287795066833
46929,GiveMeSomeCredit,hydra_small,120269,10,16384,16384,5,12,ok,,4.51528350263834,4.21585900336504,0.7868804335594177
46929,GiveMeSomeCredit,tabpfn,120269,10,16384,16384,5,13,ok,,4.501249291934073,4.197172488085926,0.8493698239326477
46929,GiveMeSomeCredit,hydra,120269,10,16384,16384,5,13,ok,,1.0604552244767547,0.764705877751112,0.5100287795066833
46929,GiveMeSomeCredit,hybrid_8l,120269,10,16384,16384,5,13,ok,,1.9597917590290308,1.6665696101263165,0.7882295846939087
46929,GiveMeSomeCredit,hydra_small,120269,10,16384,16384,5,13,ok,,4.516448836773634,4.2189530516043305,0.7868804335594177
46929,GiveMeSomeCredit,hydra_small,120269,10,16384,16384,5,14,ok,,4.5148933585733175,4.2173151364549994,0.7868804335594177
46929,GiveMeSomeCredit,tabpfn,120269,10,16384,16384,5,14,ok,,4.492617392912507,4.197111927904189,0.8493698239326477
46929,GiveMeSomeCredit,hydra,120269,10,16384,16384,5,14,ok,,1.0576148312538862,0.7638656757771969,0.5100287795066833
46929,GiveMeSomeCredit,hybrid_8l,120269,10,16384,16384,5,14,ok,,1.9643732570111752,1.6682529775425792,0.7882295846939087
46929,GiveMeSomeCredit,tabpfn,120269,10,16384,16384,5,15,ok,,4.5341451009735465,4.196761793456972,0.8493698239326477
46929,GiveMeSomeCredit,hydra,120269,10,16384,16384,5,15,ok,,1.0616602562367916,0.7663721637800336,0.5100287795066833
46929,GiveMeSomeCredit,hydra_small,120269,10,16384,16384,5,15,ok,,4.519795892760158,4.21858228277415,0.7868804335594177
46929,GiveMeSomeCredit,hybrid_8l,120269,10,16384,16384,5,15,ok,,1.964371521025896,1.6695293737575412,0.7882295846939087
46955,SDSS17,hydra_small,78053,11,16384,16384,1,1,ok,,6.757579114288092,6.395040308125317,0.9833891987800598
46955,SDSS17,tabpfn,78053,11,16384,16384,1,1,ok,,6.699215614236891,6.336149739101529,0.9947656989097595
46955,SDSS17,hydra,78053,11,16384,16384,1,1,ok,,1.5660294285044074,1.181369859725237,0.6041744351387024
46955,SDSS17,hybrid_8l,78053,11,16384,16384,1,1,ok,,4.188161109574139,2.5247689466923475,0.980385959148407
46955,SDSS17,hydra_small,78053,11,16384,16384,1,2,ok,,7.327152518555522,6.393294593319297,0.9833891987800598
46955,SDSS17,hydra,78053,11,16384,16384,1,2,ok,,1.538604968227446,1.1792203560471535,0.6041744351387024
46955,SDSS17,tabpfn,78053,11,16384,16384,1,2,ok,,6.695298123173416,6.333964680321515,0.9947656989097595
46955,SDSS17,hybrid_8l,78053,11,16384,16384,1,2,ok,,2.8848586194217205,2.525628110393882,0.980385959148407
46955,SDSS17,tabpfn,78053,11,16384,16384,1,3,ok,,6.698073398321867,6.3377761682495475,0.9947656989097595
46955,SDSS17,hydra_small,78053,11,16384,16384,1,3,ok,,6.77576925046742,6.395202317275107,0.9833891987800598
46955,SDSS17,hybrid_8l,78053,11,16384,16384,1,3,ok,,4.105492926202714,2.5252101561054587,0.980385959148407
46955,SDSS17,hydra,78053,11,16384,16384,1,3,ok,,2.816122505813837,1.1797774005681276,0.6041744351387024
46955,SDSS17,hybrid_8l,78053,11,16384,16384,1,4,ok,,2.8876046277582645,2.5244231335818768,0.980385959148407
46955,SDSS17,hydra,78053,11,16384,16384,1,4,ok,,1.540764476172626,1.1814600974321365,0.6041744351387024
46955,SDSS17,hydra_small,78053,11,16384,16384,1,4,ok,,6.7732951464131474,6.407201234251261,0.9833891987800598
46955,SDSS17,tabpfn,78053,11,16384,16384,1,4,ok,,6.8088884791359305,6.335568763315678,0.9947656989097595
46955,SDSS17,hydra_small,78053,11,16384,16384,1,5,ok,,6.759784922935069,6.394734368659556,0.9833891987800598
46955,SDSS17,tabpfn,78053,11,16384,16384,1,5,ok,,6.725349588319659,6.339847154915333,0.9947656989097595
46955,SDSS17,hydra,78053,11,16384,16384,1,5,ok,,1.5562678053975105,1.1784300049766898,0.6041744351387024
46955,SDSS17,hybrid_8l,78053,11,16384,16384,1,5,ok,,2.8979507852345705,2.5279416851699352,0.980385959148407
46955,SDSS17,hydra_small,78053,11,16384,16384,1,6,ok,,6.760461889207363,6.3975234273821115,0.9833891987800598
46955,SDSS17,tabpfn,78053,11,16384,16384,1,6,ok,,7.115073903463781,6.336805025115609,0.9947656989097595
46955,SDSS17,hybrid_8l,78053,11,16384,16384,1,6,ok,,3.086106225848198,2.5274995267391205,0.980385959148407
46955,SDSS17,hydra,78053,11,16384,16384,1,6,ok,,2.2005752455443144,1.178467895835638,0.6041744351387024
46955,SDSS17,hydra_small,78053,11,16384,16384,1,7,ok,,6.7837403658777475,6.395160673186183,0.9833891987800598
46955,SDSS17,hybrid_8l,78053,11,16384,16384,1,7,ok,,3.477411770261824,2.5263938196003437,0.980385959148407
46955,SDSS17,hydra,78053,11,16384,16384,1,7,ok,,1.634367112070322,1.180139030329883,0.6041744351387024
46955,SDSS17,tabpfn,78053,11,16384,16384,1,7,ok,,6.954880748875439,6.335641552694142,0.9947656989097595
46955,SDSS17,tabpfn,78053,11,16384,16384,1,8,ok,,6.9412987139075994,6.33762439712882,0.9947656989097595
46955,SDSS17,hydra,78053,11,16384,16384,1,8,ok,,1.5612893858924508,1.1795184444636106,0.6041744351387024
46955,SDSS17,hybrid_8l,78053,11,16384,16384,1,8,ok,,3.701493158005178,2.5265277391299605,0.980385959148407
46955,SDSS17,hydra_small,78053,11,16384,16384,1,8,ok,,6.774001163430512,6.389898233115673,0.9833891987800598
46955,SDSS17,hydra_small,78053,11,16384,16384,1,9,ok,,7.158092679455876,6.392025711946189,0.9833891987800598
46955,SDSS17,hybrid_8l,78053,11,16384,16384,1,9,ok,,3.293673169799149,2.5253171138465405,0.980385959148407
46955,SDSS17,hydra,78053,11,16384,16384,1,9,ok,,1.8185830786824226,1.1803235886618495,0.6041744351387024
46955,SDSS17,tabpfn,78053,11,16384,16384,1,9,ok,,6.693894887343049,6.334557778201997,0.9947656989097595
46955,SDSS17,hybrid_8l,78053,11,16384,16384,1,10,ok,,2.899890648201108,2.5273871645331383,0.980385959148407
46955,SDSS17,tabpfn,78053,11,16384,16384,1,10,ok,,6.69687529001385,6.3364177187904716,0.9947656989097595
46955,SDSS17,hydra_small,78053,11,16384,16384,1,10,ok,,6.757143783383071,6.396026672795415,0.9833891987800598
46955,SDSS17,hydra,78053,11,16384,16384,1,10,ok,,1.5397286135703325,1.1801008144393563,0.6041744351387024
46955,SDSS17,hybrid_8l,78053,11,16384,16384,1,11,ok,,2.8836083272472024,2.5243923291563988,0.980385959148407
46955,SDSS17,hydra,78053,11,16384,16384,1,11,ok,,1.5372980684041977,1.1788480998948216,0.6041744351387024
46955,SDSS17,hydra_small,78053,11,16384,16384,1,11,ok,,6.790449691936374,6.39356510527432,0.9833891987800598
46955,SDSS17,tabpfn,78053,11,16384,16384,1,11,ok,,6.893112857826054,6.336401861160994,0.9947656989097595
46955,SDSS17,tabpfn,78053,11,16384,16384,1,12,ok,,7.9319531843066216,6.344410853460431,0.9947656989097595
46955,SDSS17,hybrid_8l,78053,11,16384,16384,1,12,ok,,3.8134536566212773,2.526311691850424,0.980385959148407
46955,SDSS17,hydra,78053,11,16384,16384,1,12,ok,,1.5378575874492526,1.1782871764153242,0.6041744351387024
46955,SDSS17,hydra_small,78053,11,16384,16384,1,12,ok,,6.756141433492303,6.394073971547186,0.9833891987800598
46955,SDSS17,hydra_small,78053,11,16384,16384,1,13,ok,,7.048936486244202,6.396393084898591,0.9833891987800598
46955,SDSS17,tabpfn,78053,11,16384,16384,1,13,ok,,6.696483440697193,6.335133749060333,0.9947656989097595
46955,SDSS17,hybrid_8l,78053,11,16384,16384,1,13,ok,,2.8964072801172733,2.5251655280590057,0.980385959148407
46955,SDSS17,hydra,78053,11,16384,16384,1,13,ok,,1.5932213691994548,1.2077320525422692,0.6041744351387024
46955,SDSS17,hydra,78053,11,16384,16384,1,14,ok,,1.9510689731687307,1.1803292455151677,0.6041744351387024
46955,SDSS17,tabpfn,78053,11,16384,16384,1,14,ok,,6.695426975376904,6.334531225264072,0.9947656989097595
46955,SDSS17,hydra_small,78053,11,16384,16384,1,14,ok,,6.757507752627134,6.392376457341015,0.9833891987800598
46955,SDSS17,hybrid_8l,78053,11,16384,16384,1,14,ok,,3.1550163440406322,2.52514851372689,0.980385959148407
46955,SDSS17,hydra_small,78053,11,16384,16384,1,15,ok,,7.149865538813174,6.395597938448191,0.9833891987800598
46955,SDSS17,hydra,78053,11,16384,16384,1,15,ok,,1.5386293549090624,1.17929120734334,0.6041744351387024
46955,SDSS17,hybrid_8l,78053,11,16384,16384,1,15,ok,,2.912631214596331,2.526377370581031,0.980385959148407
46955,SDSS17,tabpfn,78053,11,16384,16384,1,15,ok,,6.713329886086285,6.335054659284651,0.9947656989097595
46955,SDSS17,tabpfn,78053,11,16384,16384,2,1,ok,,6.740647290833294,6.335641339421272,0.9946923851966858
46955,SDSS17,hydra_small,78053,11,16384,16384,2,1,ok,,7.454471813514829,6.395503863692284,0.9825809001922607
46955,SDSS17,hybrid_8l,78053,11,16384,16384,2,1,ok,,2.9312948621809483,2.5275422362610698,0.9806736707687378
46955,SDSS17,hydra,78053,11,16384,16384,2,1,ok,,1.5653104847297072,1.1784498421475291,0.6011831760406494
46955,SDSS17,hydra,78053,11,16384,16384,2,2,ok,,1.58057982288301,1.179176519624889,0.6011831760406494
46955,SDSS17,hydra_small,78053,11,16384,16384,2,2,ok,,8.075290193781257,6.392594077624381,0.9825809001922607
46955,SDSS17,tabpfn,78053,11,16384,16384,2,2,ok,,6.785681435838342,6.334187658503652,0.9946923851966858
46955,SDSS17,hybrid_8l,78053,11,16384,16384,2,2,ok,,2.913847633637488,2.525514993816614,0.9806736707687378
46955,SDSS17,tabpfn,78053,11,16384,16384,2,3,ok,,6.714051541872323,6.333428387530148,0.9946923851966858
46955,SDSS17,hydra,78053,11,16384,16384,2,3,ok,,1.5574630852788687,1.1788498079404235,0.6011831760406494
46955,SDSS17,hydra_small,78053,11,16384,16384,2,3,ok,,6.777628354728222,6.396258304826915,0.9825809001922607
46955,SDSS17,hybrid_8l,78053,11,16384,16384,2,3,ok,,2.9039444690570235,2.5260855928063393,0.9806736707687378
46955,SDSS17,hydra,78053,11,16384,16384,2,4,ok,,1.5574896149337292,1.1788237988948822,0.6011831760406494
46955,SDSS17,hydra_small,78053,11,16384,16384,2,4,ok,,6.779533159919083,6.397581008262932,0.9825809001922607
46955,SDSS17,tabpfn,78053,11,16384,16384,2,4,ok,,6.847976642660797,6.341972479596734,0.9946923851966858
46955,SDSS17,hybrid_8l,78053,11,16384,16384,2,4,ok,,2.9066035263240337,2.5270724715664983,0.9806736707687378
46955,SDSS17,tabpfn,78053,11,16384,16384,2,5,ok,,6.724305692128837,6.33309343457222,0.9946923851966858
46955,SDSS17,hybrid_8l,78053,11,16384,16384,2,5,ok,,2.905870486050844,2.52478139847517,0.9806736707687378
46955,SDSS17,hydra_small,78053,11,16384,16384,2,5,ok,,6.795824591070414,6.393610038794577,0.9825809001922607
46955,SDSS17,hydra,78053,11,16384,16384,2,5,ok,,2.584010785445571,1.1793005410581827,0.6011831760406494
46955,SDSS17,hydra_small,78053,11,16384,16384,2,6,ok,,7.188889133743942,6.38923910446465,0.9825809001922607
46955,SDSS17,tabpfn,78053,11,16384,16384,2,6,ok,,7.8802313301712275,6.332884333096445,0.9946923851966858
46955,SDSS17,hydra,78053,11,16384,16384,2,6,ok,,2.2677312763407826,1.177863186225295,0.6011831760406494
46955,SDSS17,hybrid_8l,78053,11,16384,16384,2,6,ok,,2.9049229184165597,2.5247214632108808,0.9806736707687378
46955,SDSS17,tabpfn,78053,11,16384,16384,2,7,ok,,6.71467187255621,6.335064371116459,0.9946923851966858
46955,SDSS17,hybrid_8l,78053,11,16384,16384,2,7,ok,,2.930125537328422,2.526825238019228,0.9806736707687378
46955,SDSS17,hydra_small,78053,11,16384,16384,2,7,ok,,7.251261288300157,6.391962398774922,0.9825809001922607
46955,SDSS17,hydra,78053,11,16384,16384,2,7,ok,,1.5585501100867987,1.1803151508793235,0.6011831760406494
46955,SDSS17,hydra_small,78053,11,16384,16384,2,8,ok,,6.801753243431449,6.393840395845473,0.9825809001922607
46955,SDSS17,hybrid_8l,78053,11,16384,16384,2,8,ok,,3.8328804271295667,2.524924796074629,0.9806736707687378
46955,SDSS17,tabpfn,78053,11,16384,16384,2,8,ok,,6.714222333393991,6.3334573013707995,0.9946923851966858
46955,SDSS17,hydra,78053,11,16384,16384,2,8,ok,,1.558434760197997,1.1786237359046936,0.6011831760406494
46955,SDSS17,hydra_small,78053,11,16384,16384,2,9,ok,,7.197178706526756,6.394166691228747,0.9825809001922607
46955,SDSS17,hydra,78053,11,16384,16384,2,9,ok,,2.2122347680851817,1.1793447015807033,0.6011831760406494
46955,SDSS17,tabpfn,78053,11,16384,16384,2,9,ok,,6.712630464695394,6.332845518365502,0.9946923851966858
46955,SDSS17,hybrid_8l,78053,11,16384,16384,2,9,ok,,2.931050685234368,2.526968836784363,0.9806736707687378
46955,SDSS17,hydra,78053,11,16384,16384,2,10,ok,,2.441840812563896,1.1793645797297359,0.6011831760406494
46955,SDSS17,hybrid_8l,78053,11,16384,16384,2,10,ok,,2.903226438909769,2.522907662205398,0.9806736707687378
46955,SDSS17,hydra_small,78053,11,16384,16384,2,10,ok,,7.1959420489147305,6.390491394326091,0.9825809001922607
46955,SDSS17,tabpfn,78053,11,16384,16384,2,10,ok,,6.7306322967633605,6.332953609526157,0.9946923851966858
46955,SDSS17,hydra,78053,11,16384,16384,2,11,ok,,1.9785581305623055,1.178867457434535,0.6011831760406494
46955,SDSS17,tabpfn,78053,11,16384,16384,2,11,ok,,7.556137137115002,6.331028691492975,0.9946923851966858
46955,SDSS17,hydra_small,78053,11,16384,16384,2,11,ok,,7.316569546237588,6.3892175843939185,0.9825809001922607
46955,SDSS17,hybrid_8l,78053,11,16384,16384,2,11,ok,,2.905408510006964,2.5258098477497697,0.9806736707687378
46955,SDSS17,tabpfn,78053,11,16384,16384,2,12,ok,,6.808363682590425,6.428398155607283,0.9946923851966858
46955,SDSS17,hydra_small,78053,11,16384,16384,2,12,ok,,6.796309443190694,6.393208744935691,0.9825809001922607
46955,SDSS17,hydra,78053,11,16384,16384,2,12,ok,,2.855615640990436,1.179656439460814,0.6011831760406494
46955,SDSS17,hybrid_8l,78053,11,16384,16384,2,12,ok,,4.212467707693577,2.523960934020579,0.9806736707687378
46955,SDSS17,hydra,78053,11,16384,16384,2,13,ok,,1.7053728587925434,1.1778827793896198,0.6011831760406494
46955,SDSS17,hydra_small,78053,11,16384,16384,2,13,ok,,6.774989548139274,6.391673534177244,0.9825809001922607
46955,SDSS17,tabpfn,78053,11,16384,16384,2,13,ok,,6.733515890315175,6.33091028034687,0.9946923851966858
46955,SDSS17,hybrid_8l,78053,11,16384,16384,2,13,ok,,3.7228252636268735,2.5254610646516085,0.9806736707687378
46955,SDSS17,hybrid_8l,78053,11,16384,16384,2,14,ok,,2.906182514503598,2.5251104198396206,0.9806736707687378
46955,SDSS17,tabpfn,78053,11,16384,16384,2,14,ok,,7.3724362244829535,6.332238433882594,0.9946923851966858
46955,SDSS17,hydra_small,78053,11,16384,16384,2,14,ok,,6.779104749672115,6.39621396176517,0.9825809001922607
46955,SDSS17,hydra,78053,11,16384,16384,2,14,ok,,1.6975244376808405,1.1814297987148166,0.6011831760406494
46955,SDSS17,hydra,78053,11,16384,16384,2,15,ok,,1.5766786709427834,1.1794158332049847,0.6011831760406494
46955,SDSS17,hybrid_8l,78053,11,16384,16384,2,15,ok,,2.9068840323016047,2.5256423885002732,0.9806736707687378
46955,SDSS17,tabpfn,78053,11,16384,16384,2,15,ok,,6.730240389704704,6.3342931335791945,0.9946923851966858
46955,SDSS17,hydra_small,78053,11,16384,16384,2,15,ok,,6.77185831964016,6.38748225569725,0.9825809001922607
46955,SDSS17,tabpfn,78053,11,16384,16384,3,1,ok,,6.709701764397323,6.3360349126160145,0.9945262670516968
46955,SDSS17,hybrid_8l,78053,11,16384,16384,3,1,ok,,2.8958286438137293,2.5241482267156243,0.9789895415306091
46955,SDSS17,hydra_small,78053,11,16384,16384,3,1,ok,,6.7819398157298565,6.392152332700789,0.9811639785766602
46955,SDSS17,hydra,78053,11,16384,16384,3,1,ok,,1.5869165863841772,1.1800992470234632,0.61586594581604
46955,SDSS17,tabpfn,78053,11,16384,16384,3,2,ok,,6.716089114546776,6.33578878454864,0.9945262670516968
46955,SDSS17,hybrid_8l,78053,11,16384,16384,3,2,ok,,2.8950907550752163,2.5246982872486115,0.9789895415306091
46955,SDSS17,hydra_small,78053,11,16384,16384,3,2,ok,,6.76763681601733,6.3932413328439,0.9811639785766602
46955,SDSS17,hydra,78053,11,16384,16384,3,2,ok,,1.552079793997109,1.1794790606945753,0.61586594581604
46955,SDSS17,tabpfn,78053,11,16384,16384,3,3,ok,,6.735482795163989,6.3381182653829455,0.9945262670516968
46955,SDSS17,hybrid_8l,78053,11,16384,16384,3,3,ok,,4.202466660179198,2.525317097082734,0.9789895415306091
46955,SDSS17,hydra,78053,11,16384,16384,3,3,ok,,2.7175275813788176,1.1793673997744918,0.61586594581604
46955,SDSS17,hydra_small,78053,11,16384,16384,3,3,ok,,6.787738988175988,6.3896886287257075,0.9811639785766602
46955,SDSS17,tabpfn,78053,11,16384,16384,3,4,ok,,6.71196666918695,6.331851730123162,0.9945262670516968
46955,SDSS17,hybrid_8l,78053,11,16384,16384,3,4,ok,,3.0696744713932276,2.525648063980043,0.9789895415306091
46955,SDSS17,hydra,78053,11,16384,16384,3,4,ok,,1.5612100819125772,1.1804966693744063,0.61586594581604
46955,SDSS17,hydra_small,78053,11,16384,16384,3,4,ok,,6.776642752811313,6.39392364025116,0.9811639785766602
46955,SDSS17,tabpfn,78053,11,16384,16384,3,5,ok,,6.710301952436566,6.336604882963002,0.9945262670516968
46955,SDSS17,hybrid_8l,78053,11,16384,16384,3,5,ok,,2.896493099629879,2.524626227095723,0.9789895415306091
46955,SDSS17,hydra_small,78053,11,16384,16384,3,5,ok,,6.765101824887097,6.392026472836733,0.9811639785766602
46955,SDSS17,hydra,78053,11,16384,16384,3,5,ok,,1.5496386075392365,1.1798124024644494,0.61586594581604
46955,SDSS17,hybrid_8l,78053,11,16384,16384,3,6,ok,,2.8958323756232858,2.52437780611217,0.9789895415306091
46955,SDSS17,tabpfn,78053,11,16384,16384,3,6,ok,,6.705667949281633,6.333089669235051,0.9945262670516968
46955,SDSS17,hydra,78053,11,16384,16384,3,6,ok,,1.5884499894455075,1.1793662859126925,0.61586594581604
46955,SDSS17,hydra_small,78053,11,16384,16384,3,6,ok,,6.769335414282978,6.3933852864429355,0.9811639785766602
46955,SDSS17,tabpfn,78053,11,16384,16384,3,7,ok,,6.7287364434450865,6.332854773849249,0.9945262670516968
46955,SDSS17,hybrid_8l,78053,11,16384,16384,3,7,ok,,2.9552217051386833,2.526012181304395,0.9789895415306091
46955,SDSS17,hydra_small,78053,11,16384,16384,3,7,ok,,6.773256730288267,6.390776000916958,0.9811639785766602
46955,SDSS17,hydra,78053,11,16384,16384,3,7,ok,,1.5503082647919655,1.1793638309463859,0.61586594581604
46955,SDSS17,hydra,78053,11,16384,16384,3,8,ok,,1.5487110689282417,1.1783233201131225,0.61586594581604
46955,SDSS17,hybrid_8l,78053,11,16384,16384,3,8,ok,,3.002670389600098,2.524993170052767,0.9789895415306091
46955,SDSS17,hydra_small,78053,11,16384,16384,3,8,ok,,6.7753855446353555,6.392937735654414,0.9811639785766602
46955,SDSS17,tabpfn,78053,11,16384,16384,3,8,ok,,6.703444331884384,6.331770827062428,0.9945262670516968
46955,SDSS17,hybrid_8l,78053,11,16384,16384,3,9,ok,,2.9176678135991096,2.523702945560217,0.9789895415306091
46955,SDSS17,tabpfn,78053,11,16384,16384,3,9,ok,,6.7061621295288205,6.335796732455492,0.9945262670516968
46955,SDSS17,hydra,78053,11,16384,16384,3,9,ok,,1.5481757437810302,1.1789754536002874,0.61586594581604
46955,SDSS17,hydra_small,78053,11,16384,16384,3,9,ok,,6.779924911446869,6.394214221276343,0.9811639785766602
46955,SDSS17,hybrid_8l,78053,11,16384,16384,3,10,ok,,2.9184337137266994,2.523919314146042,0.9789895415306091
46955,SDSS17,tabpfn,78053,11,16384,16384,3,10,ok,,8.00087183341384,6.330906497314572,0.9945262670516968
46955,SDSS17,hydra,78053,11,16384,16384,3,10,ok,,2.213317034766078,1.1784927695989609,0.61586594581604
46955,SDSS17,hydra_small,78053,11,16384,16384,3,10,ok,,6.765641677193344,6.3898971900343895,0.9811639785766602
46955,SDSS17,hydra,78053,11,16384,16384,3,11,ok,,1.569503660313785,1.1797167472541332,0.61586594581604
46955,SDSS17,hybrid_8l,78053,11,16384,16384,3,11,ok,,2.8990901159122586,2.524762281216681,0.9789895415306091
46955,SDSS17,hydra_small,78053,11,16384,16384,3,11,ok,,6.787934983149171,6.390120171010494,0.9811639785766602
46955,SDSS17,tabpfn,78053,11,16384,16384,3,11,ok,,6.7893665647134185,6.329795057885349,0.9945262670516968
46955,SDSS17,hydra_small,78053,11,16384,16384,3,12,ok,,6.79297402035445,6.38596904464066,0.9811639785766602
46955,SDSS17,hybrid_8l,78053,11,16384,16384,3,12,ok,,3.9266737895086408,2.524612955749035,0.9789895415306091
46955,SDSS17,tabpfn,78053,11,16384,16384,3,12,ok,,6.704060181975365,6.3321237582713366,0.9945262670516968
46955,SDSS17,hydra,78053,11,16384,16384,3,12,ok,,1.5757321706041694,1.1802391977980733,0.61586594581604
46955,SDSS17,hybrid_8l,78053,11,16384,16384,3,13,ok,,2.9015563651919365,2.525400227867067,0.9789895415306091
46955,SDSS17,tabpfn,78053,11,16384,16384,3,13,ok,,6.704762630164623,6.33479780331254,0.9945262670516968
46955,SDSS17,hydra_small,78053,11,16384,16384,3,13,ok,,6.782513788901269,6.396796466782689,0.9811639785766602
46955,SDSS17,hydra,78053,11,16384,16384,3,13,ok,,1.5510368524119258,1.180515181273222,0.61586594581604
46955,SDSS17,hydra,78053,11,16384,16384,3,14,ok,,1.5536721460521221,1.1812572861090302,0.61586594581604
46955,SDSS17,hydra_small,78053,11,16384,16384,3,14,ok,,6.765483511611819,6.390507850795984,0.9811639785766602
46955,SDSS17,hybrid_8l,78053,11,16384,16384,3,14,ok,,2.913645158521831,2.5250263893976808,0.9789895415306091
46955,SDSS17,tabpfn,78053,11,16384,16384,3,14,ok,,7.317710232920945,6.3278792053461075,0.9945262670516968
46955,SDSS17,hydra_small,78053,11,16384,16384,3,15,ok,,6.77339362539351,6.392644610255957,0.9811639785766602
46955,SDSS17,hydra,78053,11,16384,16384,3,15,ok,,1.5487115206196904,1.1798169808462262,0.61586594581604
46955,SDSS17,hybrid_8l,78053,11,16384,16384,3,15,ok,,2.9212789330631495,2.5249408585950732,0.9789895415306091
46955,SDSS17,tabpfn,78053,11,16384,16384,3,15,ok,,6.720934953540564,6.328223237767816,0.9945262670516968
46955,SDSS17,hydra,78053,11,16384,16384,4,1,ok,,1.9627650761976838,1.1787049733102322,0.6053299307823181
46955,SDSS17,tabpfn,78053,11,16384,16384,4,1,ok,,6.722917114384472,6.333845981396735,0.9946061968803406
46955,SDSS17,hydra_small,78053,11,16384,16384,4,1,ok,,6.760158544406295,6.3911094181239605,0.9827167987823486
46955,SDSS17,hybrid_8l,78053,11,16384,16384,4,1,ok,,2.8934502005577087,2.526075104251504,0.9799912571907043
46955,SDSS17,hydra_small,78053,11,16384,16384,4,2,ok,,6.772775301709771,6.391425442881882,0.9827167987823486
46955,SDSS17,hybrid_8l,78053,11,16384,16384,4,2,ok,,2.916882202960551,2.5244414331391454,0.9799912571907043
46955,SDSS17,hydra,78053,11,16384,16384,4,2,ok,,1.929677540436387,1.1801832020282745,0.6053299307823181
46955,SDSS17,tabpfn,78053,11,16384,16384,4,2,ok,,6.698517209850252,6.332091208547354,0.9946061968803406
46955,SDSS17,hybrid_8l,78053,11,16384,16384,4,3,ok,,2.8929841117933393,2.526218826882541,0.9799912571907043
46955,SDSS17,hydra,78053,11,16384,16384,4,3,ok,,1.5442561553791165,1.179712207056582,0.6053299307823181
46955,SDSS17,tabpfn,78053,11,16384,16384,4,3,ok,,6.7221984984353185,6.331905152648687,0.9946061968803406
46955,SDSS17,hydra_small,78053,11,16384,16384,4,3,ok,,6.7563410103321075,6.38966419827193,0.9827167987823486
46955,SDSS17,hybrid_8l,78053,11,16384,16384,4,4,ok,,2.9008741062134504,2.5243178997188807,0.9799912571907043
46955,SDSS17,hydra,78053,11,16384,16384,4,4,ok,,1.5441731428727508,1.1788192875683308,0.6053299307823181
46955,SDSS17,hydra_small,78053,11,16384,16384,4,4,ok,,6.7634563790634274,6.394200338982046,0.9827167987823486
46955,SDSS17,tabpfn,78053,11,16384,16384,4,4,ok,,6.699192747473717,6.332888048142195,0.9946061968803406
46955,SDSS17,hydra,78053,11,16384,16384,4,5,ok,,1.5457095252349973,1.1799363819882274,0.6053299307823181
46955,SDSS17,hybrid_8l,78053,11,16384,16384,4,5,ok,,2.887497295625508,2.5227171033620834,0.9799912571907043
46955,SDSS17,tabpfn,78053,11,16384,16384,4,5,ok,,6.700072611682117,6.33319241926074,0.9946061968803406
46955,SDSS17,hydra_small,78053,11,16384,16384,4,5,ok,,6.776067773811519,6.3929549707099795,0.9827167987823486
46955,SDSS17,hydra,78053,11,16384,16384,4,6,ok,,1.5464396821334958,1.1774883354082704,0.6053299307823181
46955,SDSS17,hydra_small,78053,11,16384,16384,4,6,ok,,6.771578044630587,6.388623992912471,0.9827167987823486
46955,SDSS17,tabpfn,78053,11,16384,16384,4,6,ok,,6.706823673099279,6.334859766997397,0.9946061968803406
46955,SDSS17,hybrid_8l,78053,11,16384,16384,4,6,ok,,2.8952564392238855,2.526098808273673,0.9799912571907043
46955,SDSS17,tabpfn,78053,11,16384,16384,4,7,ok,,6.70326822809875,6.332582603208721,0.9946061968803406
46955,SDSS17,hydra_small,78053,11,16384,16384,4,7,ok,,6.7717190477997065,6.390399006195366,0.9827167987823486
46955,SDSS17,hybrid_8l,78053,11,16384,16384,4,7,ok,,2.892942788079381,2.52429966814816,0.9799912571907043
46955,SDSS17,hydra,78053,11,16384,16384,4,7,ok,,1.5468625575304031,1.1789982253685594,0.6053299307823181
46955,SDSS17,tabpfn,78053,11,16384,16384,4,8,ok,,6.705765675753355,6.336634561419487,0.9946061968803406
46955,SDSS17,hybrid_8l,78053,11,16384,16384,4,8,ok,,2.894081328995526,2.525743095204234,0.9799912571907043
46955,SDSS17,hydra,78053,11,16384,16384,4,8,ok,,1.5819438016042113,1.1798764541745186,0.6053299307823181
46955,SDSS17,hydra_small,78053,11,16384,16384,4,8,ok,,6.754633340984583,6.384282354265451,0.9827167987823486
46955,SDSS17,tabpfn,78053,11,16384,16384,4,9,ok,,6.709802847355604,6.3326349556446075,0.9946061968803406
46955,SDSS17,hydra,78053,11,16384,16384,4,9,ok,,1.5453862696886063,1.1767053753137589,0.6053299307823181
46955,SDSS17,hybrid_8l,78053,11,16384,16384,4,9,ok,,2.8971269838511944,2.524548163637519,0.9799912571907043
46955,SDSS17,hydra_small,78053,11,16384,16384,4,9,ok,,6.778048620559275,6.387532832100987,0.9827167987823486
46955,SDSS17,hydra,78053,11,16384,16384,4,10,ok,,1.5566865047439933,1.1784637123346329,0.6053299307823181
46955,SDSS17,tabpfn,78053,11,16384,16384,4,10,ok,,6.804647551849484,6.330363626591861,0.9946061968803406
46955,SDSS17,hybrid_8l,78053,11,16384,16384,4,10,ok,,2.9115457106381655,2.524368042126298,0.9799912571907043
46955,SDSS17,hydra_small,78053,11,16384,16384,4,10,ok,,6.774007295258343,6.38993663340807,0.9827167987823486
46955,SDSS17,hydra_small,78053,11,16384,16384,4,11,ok,,6.762206279672682,6.389398030936718,0.9827167987823486
46955,SDSS17,hybrid_8l,78053,11,16384,16384,4,11,ok,,2.892783327959478,2.524949732236564,0.9799912571907043
46955,SDSS17,hydra,78053,11,16384,16384,4,11,ok,,1.5741737186908722,1.180183794349432,0.6053299307823181
46955,SDSS17,tabpfn,78053,11,16384,16384,4,11,ok,,6.824231408536434,6.454865098930895,0.9946061968803406
46955,SDSS17,hydra,78053,11,16384,16384,4,12,ok,,1.5454481076449156,1.1779238265007734,0.6053299307823181
46955,SDSS17,hydra_small,78053,11,16384,16384,4,12,ok,,6.7735444232821465,6.390945473685861,0.9827167987823486
46955,SDSS17,tabpfn,78053,11,16384,16384,4,12,ok,,6.704390097409487,6.33436624892056,0.9946061968803406
46955,SDSS17,hybrid_8l,78053,11,16384,16384,4,12,ok,,2.892193390056491,2.5254501067101955,0.9799912571907043
46955,SDSS17,hybrid_8l,78053,11,16384,16384,4,13,ok,,2.891463831998408,2.5240438347682357,0.9799912571907043
46955,SDSS17,hydra,78053,11,16384,16384,4,13,ok,,1.5450529623776674,1.178522750735283,0.6053299307823181
46955,SDSS17,tabpfn,78053,11,16384,16384,4,13,ok,,6.730922154150903,6.336351042613387,0.9946061968803406
46955,SDSS17,hydra_small,78053,11,16384,16384,4,13,ok,,6.898629340343177,6.390668077394366,0.9827167987823486
46955,SDSS17,tabpfn,78053,11,16384,16384,4,14,ok,,6.702002474106848,6.33204113971442,0.9946061968803406
46955,SDSS17,hydra_small,78053,11,16384,16384,4,14,ok,,6.835998199880123,6.389202072285116,0.9827167987823486
46955,SDSS17,hybrid_8l,78053,11,16384,16384,4,14,ok,,2.892512222751975,2.524303326383233,0.9799912571907043
46955,SDSS17,hydra,78053,11,16384,16384,4,14,ok,,1.5456620743498206,1.1786767160519958,0.6053299307823181
46955,SDSS17,hydra,78053,11,16384,16384,4,15,ok,,1.5553025472909212,1.1791375800967216,0.6053299307823181
46955,SDSS17,hydra_small,78053,11,16384,16384,4,15,ok,,6.765709988772869,6.393299171701074,0.9827167987823486
46955,SDSS17,tabpfn,78053,11,16384,16384,4,15,ok,,6.700347342528403,6.331722096540034,0.9946061968803406
46955,SDSS17,hybrid_8l,78053,11,16384,16384,4,15,ok,,2.9139079032465816,2.52328718919307,0.9799912571907043
46955,SDSS17,tabpfn,78053,11,16384,16384,5,1,ok,,6.730402710847557,6.3345149690285325,0.9957026243209839
46955,SDSS17,hydra_small,78053,11,16384,16384,5,1,ok,,6.7860316298902035,6.393666229210794,0.9841450452804565
46955,SDSS17,hydra,78053,11,16384,16384,5,1,ok,,1.5687463525682688,1.1776158502325416,0.6074788570404053
46955,SDSS17,hybrid_8l,78053,11,16384,16384,5,1,ok,,3.2512831017374992,2.5230908524245024,0.9817082285881042
46955,SDSS17,hybrid_8l,78053,11,16384,16384,5,2,ok,,2.8818503450602293,2.5246132584288716,0.9817082285881042
46955,SDSS17,hydra,78053,11,16384,16384,5,2,ok,,1.5661647655069828,1.1789639862254262,0.6074788570404053
46955,SDSS17,hydra_small,78053,11,16384,16384,5,2,ok,,8.047229809686542,6.388082177378237,0.9841450452804565
46955,SDSS17,tabpfn,78053,11,16384,16384,5,2,ok,,7.0610695239156485,6.328333415091038,0.9957026243209839
46955,SDSS17,hydra,78053,11,16384,16384,5,3,ok,,1.5394153101369739,1.1799554415047169,0.6074788570404053
46955,SDSS17,hybrid_8l,78053,11,16384,16384,5,3,ok,,2.9030047794803977,2.523468847386539,0.9817082285881042
46955,SDSS17,tabpfn,78053,11,16384,16384,5,3,ok,,6.979872791096568,6.327578446827829,0.9957026243209839
46955,SDSS17,hydra_small,78053,11,16384,16384,5,3,ok,,6.76989905256778,6.389552753418684,0.9841450452804565
46955,SDSS17,hydra,78053,11,16384,16384,5,4,ok,,1.5358133455738425,1.1792735056951642,0.6074788570404053
46955,SDSS17,hybrid_8l,78053,11,16384,16384,5,4,ok,,2.881762313656509,2.5238666152581573,0.9817082285881042
46955,SDSS17,tabpfn,78053,11,16384,16384,5,4,ok,,6.801203729584813,6.330480200238526,0.9957026243209839
46955,SDSS17,hydra_small,78053,11,16384,16384,5,4,ok,,6.7844443237409,6.388625072315335,0.9841450452804565
46955,SDSS17,hybrid_8l,78053,11,16384,16384,5,5,ok,,2.989088537171483,2.5228769835084677,0.9817082285881042
46955,SDSS17,hydra,78053,11,16384,16384,5,5,ok,,1.5356590328738093,1.1796523509547114,0.6074788570404053
46955,SDSS17,hydra_small,78053,11,16384,16384,5,5,ok,,6.751631326973438,6.391188431531191,0.9841450452804565
46955,SDSS17,tabpfn,78053,11,16384,16384,5,5,ok,,6.691585797816515,6.332573323510587,0.9957026243209839
46955,SDSS17,tabpfn,78053,11,16384,16384,5,6,ok,,6.6899443017318845,6.331067671999335,0.9957026243209839
46955,SDSS17,hydra,78053,11,16384,16384,5,6,ok,,1.5378993162885308,1.1797487121075392,0.6074788570404053
46955,SDSS17,hydra_small,78053,11,16384,16384,5,6,ok,,6.7746968334540725,6.393694007769227,0.9841450452804565
46955,SDSS17,hybrid_8l,78053,11,16384,16384,5,6,ok,,3.3540799329057336,2.523348110727966,0.9817082285881042
46955,SDSS17,hybrid_8l,78053,11,16384,16384,5,7,ok,,2.8847475247457623,2.526431744918227,0.9817082285881042
46955,SDSS17,hydra_small,78053,11,16384,16384,5,7,ok,,6.819576730951667,6.458127895370126,0.9841450452804565
46955,SDSS17,hydra,78053,11,16384,16384,5,7,ok,,1.538704621605575,1.179148000665009,0.6074788570404053
46955,SDSS17,tabpfn,78053,11,16384,16384,5,7,ok,,7.293066535145044,6.538114069029689,0.9957026243209839
46955,SDSS17,hybrid_8l,78053,11,16384,16384,5,8,ok,,2.905698820017278,2.523922383785248,0.9817082285881042
46955,SDSS17,tabpfn,78053,11,16384,16384,5,8,ok,,6.785602273419499,6.329343454912305,0.9957026243209839
46955,SDSS17,hydra_small,78053,11,16384,16384,5,8,ok,,6.746234276331961,6.386292193084955,0.9841450452804565
46955,SDSS17,hydra,78053,11,16384,16384,5,8,ok,,1.557913071475923,1.178157763555646,0.6074788570404053
46955,SDSS17,hybrid_8l,78053,11,16384,16384,5,9,ok,,2.9480953300371766,2.523795895278454,0.9817082285881042
46955,SDSS17,tabpfn,78053,11,16384,16384,5,9,ok,,6.767796533182263,6.332270980812609,0.9957026243209839
46955,SDSS17,hydra_small,78053,11,16384,16384,5,9,ok,,6.769756877794862,6.410479883663356,0.9841450452804565
46955,SDSS17,hydra,78053,11,16384,16384,5,9,ok,,2.145385453477502,1.1800678484141827,0.6074788570404053
46955,SDSS17,tabpfn,78053,11,16384,16384,5,10,ok,,6.710133601911366,6.328532064333558,0.9957026243209839
46955,SDSS17,hydra,78053,11,16384,16384,5,10,ok,,1.8736564675346017,1.1791766211390495,0.6074788570404053
46955,SDSS17,hybrid_8l,78053,11,16384,16384,5,10,ok,,2.9188642650842667,2.52339319139719,0.9817082285881042
46955,SDSS17,hydra_small,78053,11,16384,16384,5,10,ok,,6.947204485535622,6.392080078832805,0.9841450452804565
46955,SDSS17,hydra_small,78053,11,16384,16384,5,11,ok,,6.777254858985543,6.392601947300136,0.9841450452804565
46955,SDSS17,tabpfn,78053,11,16384,16384,5,11,ok,,7.4814220713451505,6.373748324811459,0.9957026243209839
46955,SDSS17,hybrid_8l,78053,11,16384,16384,5,11,ok,,2.91471943911165,2.524547050707042,0.9817082285881042
46955,SDSS17,hydra,78053,11,16384,16384,5,11,ok,,1.5668608536943793,1.179448314011097,0.6074788570404053
46955,SDSS17,hydra_small,78053,11,16384,16384,5,12,ok,,6.754480984993279,6.393244954757392,0.9841450452804565
46955,SDSS17,hybrid_8l,78053,11,16384,16384,5,12,ok,,2.881920902058482,2.5238995710387826,0.9817082285881042
46955,SDSS17,tabpfn,78053,11,16384,16384,5,12,ok,,6.904525771737099,6.33064335398376,0.9957026243209839
46955,SDSS17,hydra,78053,11,16384,16384,5,12,ok,,1.5462473798543215,1.1795945363119245,0.6074788570404053
46955,SDSS17,hybrid_8l,78053,11,16384,16384,5,13,ok,,2.882384467869997,2.5248659988865256,0.9817082285881042
46955,SDSS17,tabpfn,78053,11,16384,16384,5,13,ok,,6.692541586235166,6.333895140327513,0.9957026243209839
46955,SDSS17,hydra_small,78053,11,16384,16384,5,13,ok,,6.788229672238231,6.391576725058258,0.9841450452804565
46955,SDSS17,hydra,78053,11,16384,16384,5,13,ok,,1.7058747513219714,1.1785705517977476,0.6074788570404053
46955,SDSS17,hybrid_8l,78053,11,16384,16384,5,14,ok,,2.8846697378903627,2.526133700273931,0.9817082285881042
46955,SDSS17,hydra,78053,11,16384,16384,5,14,ok,,1.5344406887888908,1.1778669888153672,0.6074788570404053
46955,SDSS17,tabpfn,78053,11,16384,16384,5,14,ok,,6.6913929199799895,6.33150767441839,0.9957026243209839
46955,SDSS17,hydra_small,78053,11,16384,16384,5,14,ok,,6.7498113894835114,6.389912579208612,0.9841450452804565
46955,SDSS17,hydra_small,78053,11,16384,16384,5,15,ok,,6.774762267246842,6.390122355893254,0.9841450452804565
46955,SDSS17,hydra,78053,11,16384,16384,5,15,ok,,1.539072130806744,1.1796266874298453,0.6074788570404053
46955,SDSS17,tabpfn,78053,11,16384,16384,5,15,ok,,6.689734957180917,6.33223420009017,0.9957026243209839
46955,SDSS17,hybrid_8l,78053,11,16384,16384,5,15,ok,,2.997789228335023,2.5257135927677155,0.9817082285881042
